# Blender 4.2.23 LTS
# www.blender.org
mtllib output.mtl
o Race_Car_Model
v -0.247768 0.123542 0.224208
v -0.186902 0.275305 -0.075443
v -0.193637 0.274305 -0.103763
v -0.189242 0.275106 -0.026198
v -0.183557 0.277315 -0.042137
v -0.182346 0.275920 -0.104057
v -0.170564 0.276970 -0.025507
v -0.175627 0.275593 -0.101605
v -0.165774 0.276577 -0.095762
v -0.187962 0.274258 -0.097632
v -0.194242 0.275395 -0.058776
v -0.194895 0.275404 -0.014571
v -0.199156 0.273787 -0.054520
v -0.199651 0.272349 -0.100239
v -0.207133 0.271270 -0.101006
v -0.199769 0.274085 -0.005024
v -0.203820 0.273638 -0.030623
v -0.211459 0.270671 -0.102196
v -0.221269 0.268969 -0.104665
v -0.215725 0.269937 -0.083697
v -0.220834 0.270412 -0.065187
v -0.211641 0.271797 -0.072574
v -0.195384 0.274127 0.027451
v -0.200923 0.272586 0.052707
v -0.207025 0.272382 -0.016810
v -0.211264 0.272518 -0.002161
v -0.215790 0.270883 -0.030550
v -0.221631 0.270850 -0.013983
v -0.225530 0.268476 -0.062568
v -0.228640 0.267009 -0.101341
v -0.241742 0.264502 -0.104577
v -0.234713 0.265743 -0.096492
v -0.239601 0.266279 -0.060236
v -0.235431 0.267155 -0.055794
v -0.230742 0.269109 -0.049027
v -0.236686 0.267244 -0.013133
v -0.239627 0.266828 -0.008881
v -0.231287 0.268823 -0.001512
v -0.244500 0.264918 -0.011972
v -0.248623 0.262898 -0.099461
v -0.253705 0.263421 -0.050492
v -0.254984 0.262543 -0.087451
v -0.259515 0.260496 -0.100992
v -0.258760 0.261653 -0.063090
v -0.264457 0.260073 -0.102340
v -0.264240 0.261406 -0.051975
v -0.252901 0.263119 0.010876
v -0.258143 0.261449 -0.008916
v -0.270117 0.259968 -0.110376
v -0.268518 0.258726 -0.097412
v -0.269209 0.259617 -0.049727
v -0.264911 0.260733 0.008954
v -0.270829 0.258755 0.002592
v -0.281088 0.259105 -0.113928
v -0.280146 0.257226 -0.100012
v -0.286082 0.255426 -0.096851
v -0.292749 0.254968 -0.102604
v -0.275453 0.259571 -0.040664
v -0.280120 0.258577 -0.057835
v -0.287369 0.256936 -0.047534
v -0.293771 0.255889 -0.078352
v -0.302005 0.255270 -0.055202
v -0.305823 0.253008 -0.107631
v -0.306440 0.254192 -0.052679
v -0.312028 0.253344 -0.075439
v -0.319298 0.251284 -0.117092
v -0.297434 0.256560 -0.025469
v -0.305678 0.254585 -0.000585
v -0.300895 0.254909 0.022599
v -0.287019 0.256521 0.011527
v -0.284346 0.257862 -0.013394
v -0.319598 0.253386 -0.065091
v -0.325092 0.249807 -0.114524
v -0.276456 0.258425 0.013773
v -0.280426 0.256111 0.052455
v -0.270601 0.256296 0.064994
v -0.305095 0.252577 0.057517
v -0.301850 0.252248 0.074461
v -0.262595 0.255758 0.108497
v -0.258097 0.258669 0.060317
v -0.257737 0.256250 0.106986
v -0.273089 0.254775 0.115697
v -0.266997 0.254431 0.106978
v -0.276055 0.253135 0.107449
v -0.288095 0.251760 0.090911
v -0.283761 0.250914 0.112341
v -0.292666 0.249554 0.113062
v -0.300302 0.248243 0.119188
v -0.292795 0.253964 0.059414
v -0.296865 0.252775 0.064850
v -0.304348 0.247612 0.116892
v -0.309635 0.246776 0.121765
v -0.309747 0.249808 0.087865
v -0.309904 0.253637 0.028437
v -0.314999 0.245388 0.116693
v -0.323116 0.243648 0.127209
v -0.324273 0.245357 0.100872
v -0.332451 0.244076 0.099783
v -0.333288 0.241562 0.129945
v -0.320670 0.247639 0.086333
v -0.237288 0.266049 0.030571
v -0.241952 0.264890 0.042323
v -0.232915 0.267124 0.043136
v -0.226050 0.267226 0.047556
v -0.225655 0.268673 0.009834
v -0.343909 0.248820 -0.131229
v -0.332194 0.248574 -0.113245
v -0.332410 0.249592 -0.085634
v -0.309227 0.254603 -0.003340
v -0.313209 0.253847 -0.021510
v -0.246364 0.262568 0.050143
v -0.252737 0.261049 0.068840
v -0.295070 0.257311 -0.116280
v -0.246352 0.259515 0.107866
v -0.251368 0.258597 0.108249
v -0.324335 0.251148 -0.037738
v -0.319614 0.253837 -0.025547
v -0.331718 0.251003 -0.027515
v -0.242863 0.261752 0.096563
v -0.237098 0.261997 0.100531
v -0.224309 0.264295 0.103666
v -0.233852 0.264773 0.078397
v -0.213079 0.267004 0.105692
v -0.211615 0.268523 0.090806
v -0.227580 0.264230 0.092330
v -0.220720 0.267395 0.088741
v -0.206652 0.267478 0.101696
v -0.202189 0.268785 0.104838
v -0.337144 0.248093 -0.064518
v -0.339417 0.246155 -0.112000
v -0.350786 0.243248 -0.081336
v -0.351296 0.242755 -0.116735
v -0.357077 0.242245 -0.110662
v -0.356227 0.242748 -0.076420
v -0.364732 0.243081 -0.127113
v -0.360608 0.244717 -0.133544
v -0.388318 0.242154 -0.149423
v -0.392265 0.240604 -0.127404
v -0.412736 0.238737 -0.136795
v -0.404898 0.241386 -0.161662
v -0.428914 0.238573 -0.157546
v -0.431210 0.237580 -0.138746
v -0.451695 0.236450 -0.158853
v -0.418871 0.239747 -0.169149
v -0.434899 0.237806 -0.189540
v -0.423532 0.239672 -0.187005
v -0.391711 0.246580 -0.171960
v -0.471236 0.235674 -0.184716
v -0.449300 0.236126 -0.114976
v -0.477573 0.234002 -0.142150
v -0.502775 0.232935 -0.174921
v -0.503471 0.231618 -0.139534
v -0.523230 0.229389 -0.152968
v -0.523607 0.230308 -0.173230
v -0.466701 0.234240 -0.044742
v -0.447368 0.236399 -0.045066
v -0.436527 0.237202 -0.089818
v -0.409190 0.240046 -0.046264
v -0.390031 0.241546 -0.087199
v -0.365342 0.243554 -0.086866
v -0.365174 0.243285 -0.016024
v -0.477861 0.232278 -0.002514
v -0.437237 0.236822 -0.011544
v -0.422081 0.237149 0.027024
v -0.392117 0.240666 -0.002742
v -0.452882 0.233739 0.038669
v -0.475024 0.231728 0.024790
v -0.503441 0.230543 -0.057932
v -0.521661 0.229000 -0.118078
v -0.479612 0.230993 0.038699
v -0.505969 0.229722 0.009213
v -0.518034 0.229322 -0.048504
v -0.466188 0.231027 0.057064
v -0.404335 0.238036 0.042181
v -0.361131 0.241268 0.046292
v -0.435513 0.233113 0.061259
v -0.389816 0.237856 0.053652
v -0.377243 0.238359 0.065727
v -0.396397 0.235227 0.067392
v -0.390343 0.234788 0.083951
v -0.407282 0.233422 0.077550
v -0.460154 0.230630 0.073581
v -0.502810 0.228756 0.049381
v -0.502015 0.228048 0.067835
v -0.359954 0.238532 0.108327
v -0.350629 0.241804 0.042553
v -0.373995 0.234858 0.137317
v -0.388959 0.233037 0.132076
v -0.385962 0.232786 0.150274
v -0.369566 0.235657 0.145113
v -0.408645 0.232224 0.123347
v -0.412232 0.231347 0.128610
v -0.401526 0.228848 0.153038
v -0.409498 0.229045 0.134760
v -0.348777 0.237549 0.127118
v -0.505162 0.234089 -0.184683
v -0.417167 0.228629 0.148254
v -0.521202 0.234636 -0.201532
v -0.461541 0.237339 -0.204625
v -0.529132 0.233602 -0.186419
v -0.536074 0.232436 -0.187453
v -0.514417 0.229773 0.017625
v -0.517839 0.229858 0.032811
v -0.524037 0.229654 -0.022392
v -0.519897 0.227780 0.054164
v -0.516764 0.226348 0.089450
v -0.420455 0.227418 0.156508
v -0.470366 0.228488 0.127801
v -0.436055 0.230025 0.130148
v -0.436734 0.228918 0.156969
v -0.428991 0.229573 0.149324
v -0.450942 0.227073 0.198810
v -0.496744 0.226494 0.149858
v -0.512207 0.225655 0.157078
v -0.427842 0.228323 0.173138
v -0.430244 0.228416 0.181466
v -0.424352 0.227489 0.197052
v -0.434231 0.227507 0.209339
v -0.510936 0.225096 0.206844
v -0.421962 0.237878 -0.198848
v -0.403720 0.233130 0.167569
v -0.423893 0.237493 -0.209487
v -0.354610 0.242952 -0.006060
v -0.349967 0.243761 -0.012860
v -0.338143 0.239735 0.128893
v -0.343874 0.240799 0.097318
v -0.336758 0.243012 0.082148
v -0.339171 0.244745 0.043099
v -0.344660 0.244005 0.036175
v -0.343633 0.246141 -0.010173
v -0.337986 0.247431 -0.012550
v -0.324964 0.249408 0.020957
v -0.334062 0.247765 0.034048
v -0.532863 0.230316 -0.169864
v -0.536102 0.230156 -0.176167
v -0.347680 0.255154 -0.163689
v -0.354715 0.253791 -0.158178
v -0.305544 0.263473 -0.146503
v -0.307379 0.262869 -0.156429
v -0.291300 0.266238 -0.146815
v -0.267403 0.269542 -0.150972
v -0.215978 0.270375 0.033445
v -0.220961 0.270178 0.037084
v -0.423380 0.228765 0.188778
v -0.373744 0.240689 0.170892
v -0.340603 0.248610 0.155916
v -0.325464 0.251688 0.159591
v -0.313580 0.254300 0.150472
v -0.261911 0.265644 0.141319
v -0.271211 0.262994 0.136973
v -0.189176 0.273154 0.049671
v -0.195873 0.269498 0.102483
v -0.188283 0.270680 0.103462
v -0.312694 0.251667 0.040599
v -0.319389 0.251314 0.037563
v -0.207944 0.279426 -0.139481
v -0.245643 0.273248 -0.133912
v -0.197462 0.281354 -0.131081
v -0.213901 0.276384 -0.119488
v -0.174853 0.284505 -0.124190
v -0.148923 0.286833 -0.131496
v -0.151727 0.286814 -0.123614
v -0.161562 0.284009 -0.113545
v -0.152052 0.285516 -0.108692
v -0.137190 0.290788 -0.122253
v -0.276344 0.267083 -0.134968
v -0.129028 0.292116 -0.136677
v -0.129017 0.292210 -0.112080
v -0.115812 0.293117 -0.133926
v -0.138921 0.292052 -0.018231
v -0.125591 0.293193 -0.006011
v -0.135036 0.292071 0.035751
v -0.141238 0.290903 0.014659
v -0.097743 0.294032 -0.031890
v -0.115891 0.293084 0.039095
v -0.100320 0.293932 0.015885
v -0.045743 0.294971 -0.004703
v -0.082432 0.293683 -0.097730
v -0.035852 0.294909 -0.057713
v -0.023843 0.295460 -0.098548
v -0.033823 0.295644 -0.017838
v -0.024818 0.296712 -0.127063
v 0.000618 0.298377 -0.100583
v -0.009464 0.296952 -0.073813
v 0.004786 0.299309 -0.063630
v -0.026216 0.296767 -0.137065
v -0.001932 0.299078 -0.136182
v -0.030044 0.295024 -0.066701
v 0.017696 0.299359 -0.114820
v -0.122331 0.291544 0.115742
v -0.111823 0.292139 0.117485
v -0.136727 0.290332 0.080481
v -0.131876 0.290244 0.121785
v -0.077663 0.293494 0.063885
v -0.050673 0.294145 0.048151
v -0.046875 0.293838 0.112869
v -0.125152 0.291978 0.134784
v -0.111024 0.293665 0.133248
v -0.014061 0.296499 0.009353
v -0.034538 0.295239 0.017533
v -0.035404 0.294555 0.086485
v -0.029998 0.295965 0.046039
v -0.012819 0.297008 -0.015131
v 0.000417 0.298847 0.019492
v 0.007607 0.299704 -0.019271
v 0.010540 0.299737 0.038596
v -0.009395 0.298361 0.031430
v -0.028084 0.296431 0.081353
v -0.004930 0.298586 0.078869
v -0.029965 0.296487 0.031634
v -0.007986 0.297610 0.090612
v -0.022085 0.295108 0.100390
v -0.025383 0.294496 0.114572
v -0.042241 0.295828 0.133294
v 0.004751 0.297619 0.118125
v 0.011066 0.299486 0.077007
v -0.018032 0.297111 0.137087
v 0.006255 0.299600 0.137281
v -0.074443 0.294095 0.138297
v 0.020443 0.299941 -0.035334
v 0.018590 0.297954 0.110000
v 0.019117 0.298160 0.131567
v 0.021560 0.299715 0.019436
v 0.023902 0.298434 0.077674
v 0.000990 0.300000 -0.034069
v -0.025705 0.297827 -0.022376
v -0.007841 0.299342 -0.054518
v -0.029772 0.297306 -0.055439
v -0.410341 0.228512 0.193036
v -0.145971 0.287587 -0.106757
v -0.206595 0.270417 0.042724
v -0.325902 0.257934 -0.143805
v -0.297395 0.260111 -0.127109
v -0.183480 0.276763 0.017305
v -0.180677 0.272257 0.101935
v -0.169083 0.273047 0.090164
v -0.167094 0.274412 0.099943
v -0.170054 0.275921 0.032802
v -0.237235 0.269510 0.130873
v -0.203555 0.275636 0.129508
v -0.200335 0.275952 0.134217
v -0.253996 0.266760 0.143106
v -0.156052 0.282489 0.128719
v -0.161921 0.281119 0.119684
v -0.153737 0.282820 0.113142
v -0.144159 0.286011 0.113775
v -0.141975 0.285860 0.123178
v -0.150920 0.285264 0.092701
v -0.152636 0.287097 0.020551
v -0.146571 0.288768 -0.002868
v -0.152380 0.287611 -0.032241
v -0.305794 0.253930 0.161278
v -0.535419 0.230106 -0.045677
v -0.532967 0.230552 -0.029803
v -0.536993 0.231308 0.006704
v -0.532990 0.232534 0.030389
v -0.530931 0.230245 0.046819
v -0.360058 0.251467 -0.173705
v -0.380751 0.226326 0.201397
v -0.163796 0.278792 -0.103631
v -0.167086 0.277171 0.030150
v -0.188838 0.279312 -0.112982
v -0.392258 0.225859 0.211938
v -0.354730 0.224980 0.203685
v -0.117196 0.291840 0.138389
v -0.534865 0.229915 0.051820
v -0.530368 0.229379 0.087171
v -0.525633 0.228535 0.148287
v -0.191384 0.275897 0.138604
v -0.194878 0.274350 0.115512
v -0.379153 0.228616 0.195541
v -0.452272 0.226177 0.212086
v -0.400916 0.236450 -0.203645
v -0.166461 0.278839 -0.007707
v -0.166664 0.277563 -0.060458
v -0.363155 0.223816 0.213861
v -0.365694 0.240563 0.175242
v -0.221482 0.272276 -0.111046
v -0.144874 0.282194 0.133968
v -0.237014 0.268335 0.144673
v -0.234442 0.267913 0.121931
v 0.026224 0.299260 -0.033035
v -0.275390 0.262964 -0.121199
v -0.162896 0.276032 0.095808
v -0.320636 0.251756 0.147592
v -0.296583 0.255423 0.135531
v -0.339292 0.243439 0.141073
v -0.155516 0.283923 -0.140442
v -0.141113 0.286626 -0.140334
v -0.136295 0.285831 0.132374
v 0.004763 0.298173 -0.141089
v -0.354670 0.243586 0.152213
v -0.352959 0.230811 -0.209776
v 0.024190 0.296944 0.113568
v -0.529465 0.228908 0.206627
v -0.523335 0.228048 0.205068
v -0.533348 0.228069 0.203591
v -0.240975 0.272693 -0.150084
v -0.167924 0.277567 0.111218
v -0.400632 0.239381 -0.193349
v -0.328809 0.221402 0.207823
v -0.537393 0.228585 0.050724
v -0.313873 0.225430 -0.212147
v 0.014250 0.297833 0.139651
v -0.290749 0.221991 -0.207353
v -0.258251 0.217098 -0.218910
v -0.251850 0.216200 -0.210293
v -0.237442 0.214554 -0.207914
v -0.238159 0.216707 -0.198432
v -0.234710 0.216993 -0.199673
v -0.282073 0.221128 -0.205409
v -0.259341 0.217648 -0.199758
v -0.273993 0.220321 -0.197676
v -0.196442 0.208092 -0.222781
v -0.194109 0.209151 -0.216797
v -0.173641 0.208198 -0.217548
v -0.378211 0.235451 -0.202398
v -0.218328 0.213050 -0.209738
v -0.537969 0.228707 -0.027679
v -0.260186 0.262703 0.151341
v -0.357516 0.228668 0.196913
v -0.257932 0.219341 -0.193295
v 0.029818 0.297258 -0.088282
v -0.342670 0.251382 -0.177148
v -0.275634 0.222843 -0.190491
v -0.507734 0.232882 -0.207620
v -0.139564 0.282048 -0.147608
v -0.419368 0.235347 -0.214177
v -0.157337 0.281315 0.073643
v -0.316101 0.219755 0.207675
v -0.309152 0.221157 0.201207
v -0.302210 0.217251 0.213721
v -0.284042 0.216056 0.201647
v -0.238455 0.210674 0.214454
v -0.241753 0.212367 0.200535
v -0.216904 0.210762 0.204931
v -0.203346 0.208710 0.212619
v -0.208331 0.210330 0.204186
v -0.190336 0.208402 0.207933
v -0.172116 0.204746 0.216057
v -0.195623 0.210119 0.203106
v -0.243048 0.210418 0.216456
v -0.179083 0.208582 0.206053
v -0.297786 0.219110 0.198410
v -0.267343 0.217018 0.194207
v -0.286529 0.217427 0.198457
v -0.222938 0.212141 0.201446
v -0.171975 0.207380 0.210604
v -0.174858 0.274380 0.144708
v 0.001252 0.297423 0.140625
v -0.240528 0.215204 0.193734
v -0.234715 0.215128 0.197167
v 0.031325 0.296004 0.076685
v 0.035554 0.294473 0.084187
v 0.038603 0.294249 0.060050
v 0.024922 0.295951 0.133840
v -0.155630 0.204443 0.215350
v -0.014875 0.295238 0.140891
v -0.330367 0.242390 0.177019
v -0.203866 0.270926 0.145102
v -0.144968 0.274916 0.146888
v -0.133746 0.282255 0.139969
v -0.336918 0.224152 0.203637
v -0.322636 0.224598 0.201174
v -0.184248 0.209786 0.204522
v -0.535336 0.225056 0.206842
v -0.271578 0.224015 0.183516
v -0.280353 0.223501 0.185580
v -0.237760 0.263436 0.151620
v -0.311172 0.243571 0.175341
v -0.539626 0.229023 -0.187956
v -0.257648 0.219924 0.188952
v -0.265496 0.223065 0.181535
v -0.260291 0.225696 0.177933
v -0.261716 0.231932 0.168244
v -0.221811 0.221695 0.189933
v -0.290759 0.228252 0.184100
v -0.253668 0.231287 0.176992
v -0.132116 0.279014 0.143997
v -0.121180 0.281135 0.142990
v -0.156015 0.269585 0.152540
v -0.164390 0.269157 0.151560
v -0.184680 0.267907 0.150701
v -0.204211 0.266885 0.150143
v -0.212230 0.265206 0.151088
v -0.283154 0.230517 0.177025
v -0.288450 0.230723 0.177410
v -0.286339 0.236175 0.169134
v -0.280089 0.236074 0.171066
v -0.242245 0.226668 0.180171
v -0.537076 0.225997 0.140221
v -0.182505 0.218356 0.194665
v -0.211393 0.226037 0.185334
v -0.302780 0.242944 0.174495
v -0.251093 0.259046 0.155900
v -0.226923 0.224629 0.187175
v -0.204987 0.219497 0.195710
v -0.297697 0.227608 0.187368
v -0.217710 0.235603 0.176973
v -0.214532 0.236511 0.176251
v -0.237691 0.233434 0.177179
v -0.157473 0.258046 0.164352
v -0.310161 0.227631 0.193513
v -0.164329 0.255252 0.165419
v -0.165377 0.241601 0.179521
v -0.221066 0.235514 0.173263
v -0.122294 0.274617 0.148553
v -0.267713 0.236401 0.170965
v -0.093862 0.200235 0.200287
v -0.110490 0.200569 0.211538
v -0.071289 0.200323 0.214008
v -0.103757 0.200384 0.202472
v -0.118210 0.199310 0.218397
v -0.020167 0.200647 0.208695
v 0.046574 0.200004 0.216386
v 0.035516 0.200673 0.209084
v 0.079078 0.200783 0.215709
v 0.064506 0.202146 0.206168
v 0.072031 0.203685 0.206287
v 0.079332 0.202921 0.211860
v 0.092258 0.203212 0.214236
v 0.105286 0.200950 0.216514
v -0.067636 0.202804 0.199859
v -0.113788 0.203473 0.208408
v -0.104906 0.203161 0.198629
v -0.022911 0.202503 0.205921
v 0.006274 0.203351 0.206479
v -0.107293 0.198722 0.218951
v -0.099841 0.196237 0.220823
v -0.120165 0.203199 0.214233
v -0.093876 0.204678 0.196011
v -0.011359 0.213730 0.197597
v -0.036188 0.209283 0.199018
v 0.031850 0.219267 0.195013
v 0.025939 0.231983 0.185024
v -0.010554 0.237437 0.179661
v 0.001913 0.255370 0.165518
v -0.031322 0.260263 0.160673
v 0.041611 0.245502 0.174220
v 0.008781 0.278033 0.146243
v 0.052309 0.227932 0.187817
v -0.033137 0.281148 0.143494
v -0.126794 0.211077 0.208741
v -0.042675 0.228357 0.185155
v 0.003113 0.284248 0.141931
v -0.089839 0.214978 0.188877
v -0.148345 0.234222 0.188159
v -0.132124 0.231795 0.190152
v -0.172750 0.213817 0.205757
v -0.166419 0.221883 0.198860
v -0.123220 0.232220 0.189259
v -0.125731 0.252070 0.170392
v -0.071334 0.278328 0.143167
v -0.074440 0.257237 0.160061
v -0.112380 0.276034 0.143504
v -0.067575 0.226880 0.184326
v -0.061031 0.215681 0.192718
v -0.105599 0.281180 0.140091
v -0.088629 0.241383 0.170554
v -0.101237 0.241667 0.169420
v -0.112102 0.242695 0.169290
v -0.104934 0.226503 0.180557
v -0.120010 0.260779 0.160777
v -0.118367 0.231346 0.187090
v 0.013800 0.278919 0.146565
v -0.178212 0.221869 0.196137
v -0.036908 0.285487 0.141184
v -0.170580 0.232686 0.185809
v -0.177245 0.230982 0.187477
v -0.176444 0.242572 0.175783
v 0.062069 0.218958 0.195706
v -0.114726 0.265560 0.152344
v -0.112293 0.226826 0.182682
v 0.083973 0.208121 0.210283
v 0.055453 0.243425 0.183753
v 0.017232 0.284669 0.146660
v 0.021424 0.286738 0.146421
v 0.022905 0.290791 0.142831
v 0.013768 0.293797 0.142310
v 0.006727 0.292309 0.142109
v 0.074903 0.209949 0.206091
v -0.119441 0.286242 0.140489
v -0.099758 0.289400 0.140304
v -0.182285 0.242807 0.172915
v -0.176551 0.254792 0.163117
v -0.181132 0.260513 0.155815
v -0.168138 0.261414 0.156745
v -0.187213 0.257434 0.160365
v -0.191754 0.262612 0.154316
v -0.199973 0.263683 0.152588
v -0.196296 0.250791 0.161191
v -0.202798 0.237616 0.178177
v -0.191209 0.250872 0.165630
v -0.187289 0.227867 0.188642
v -0.191259 0.223443 0.192258
v -0.207474 0.261726 0.153926
v -0.207291 0.238430 0.176510
v -0.168702 0.251864 0.162986
v -0.209807 0.254680 0.157038
v -0.215990 0.255716 0.159227
v -0.210652 0.244764 0.164114
v -0.222613 0.264010 0.151579
v -0.236933 0.255059 0.157989
v -0.228551 0.256643 0.158003
v -0.226492 0.250153 0.162796
v -0.221155 0.248750 0.161100
v -0.224395 0.235232 0.176187
v -0.242286 0.250788 0.158911
v -0.241823 0.242770 0.162669
v -0.168800 0.244177 0.169566
v 0.053397 0.241375 0.183717
v -0.195626 0.226179 0.185508
v -0.194077 0.239977 0.171965
v -0.246037 0.250242 0.161107
v -0.254723 0.249894 0.160879
v -0.258174 0.257857 0.156147
v -0.254228 0.239934 0.169403
v -0.246000 0.237470 0.170694
v -0.265381 0.250460 0.161263
v -0.281671 0.246222 0.164723
v -0.260861 0.239924 0.162164
v -0.182650 0.225136 0.187517
v -0.110779 0.208662 0.198129
v -0.241780 0.232871 0.171640
v -0.398254 0.071709 0.056503
v -0.398385 0.071866 -0.059889
v -0.392614 0.070233 0.012100
v -0.423753 0.074266 -0.058267
v -0.422885 0.073998 0.060757
v -0.435157 0.074682 0.054970
v -0.434566 0.074883 -0.058381
v -0.392713 0.070528 -0.057459
v -0.395704 0.072239 0.070276
v -0.393340 0.070542 0.061336
v -0.420982 0.075378 0.105168
v -0.396194 0.072616 0.103000
v -0.434382 0.075240 0.102044
v -0.424819 0.075392 0.111957
v -0.435204 0.076920 0.118657
v -0.426415 0.077222 0.142564
v -0.434414 0.077358 0.144677
v -0.437588 0.077722 0.132752
v -0.438675 0.077138 0.105604
v -0.394657 0.069991 -0.062273
v -0.420979 0.072770 -0.062009
v -0.391914 0.070654 0.103742
v -0.390577 0.069946 0.074564
v -0.438822 0.076709 -0.003448
v -0.437913 0.076666 -0.066096
v -0.433332 0.072971 -0.062230
v -0.440012 0.079578 0.117991
v -0.430017 0.080452 0.152011
v -0.424551 0.078213 0.151622
v -0.445468 0.083873 0.149664
v -0.446179 0.085141 0.159994
v -0.449715 0.087616 0.171675
v -0.445225 0.086536 0.168622
v -0.447617 0.086911 0.191819
v -0.451921 0.088432 0.202520
v -0.446866 0.088659 0.203791
v -0.471744 0.098982 0.187658
v -0.457929 0.091926 0.154995
v -0.460298 0.093741 0.107027
v -0.495984 0.112085 0.142579
v -0.444373 0.083323 0.114853
v -0.468171 0.097347 0.202780
v -0.495537 0.112164 0.197538
v -0.512329 0.120352 0.128509
v -0.464761 0.095835 0.100645
v -0.513478 0.122094 0.196584
v -0.534560 0.132108 0.181607
v -0.533920 0.132403 0.194638
v -0.423778 0.075517 0.145044
v -0.445156 0.082792 0.102199
v -0.455734 0.091091 0.094733
v -0.472304 0.099570 0.077721
v -0.457484 0.091097 -0.015314
v -0.458405 0.092059 0.057563
v -0.498656 0.112309 0.064276
v -0.520374 0.122134 0.030765
v -0.475586 0.100418 0.003400
v -0.504075 0.114113 -0.007398
v -0.523474 0.122976 -0.008607
v -0.528071 0.128379 0.128742
v -0.528976 0.127450 0.056727
v -0.535292 0.129360 0.027083
v -0.535613 0.128924 -0.013426
v -0.537890 0.131660 0.085612
v -0.532583 0.128802 -0.064289
v -0.519884 0.122832 -0.092404
v -0.530652 0.128804 -0.125929
v -0.508276 0.116640 -0.050108
v -0.541953 0.132432 -0.057767
v -0.482880 0.104438 -0.085239
v -0.494158 0.109936 -0.154750
v -0.505771 0.116317 -0.185397
v -0.536955 0.132257 -0.142720
v -0.483900 0.104506 -0.187126
v -0.457187 0.091478 -0.093489
v -0.456691 0.091045 -0.069450
v -0.443674 0.084435 -0.096785
v -0.465171 0.094932 -0.103696
v -0.477088 0.101045 -0.156678
v -0.454138 0.088573 -0.160000
v -0.534407 0.131929 -0.184785
v -0.478339 0.101092 -0.164127
v -0.473323 0.099400 -0.201441
v -0.491271 0.107729 -0.191680
v -0.449062 0.085403 -0.105584
v -0.446903 0.084282 -0.139240
v -0.445084 0.083155 -0.114973
v -0.447863 0.085495 -0.153002
v -0.452710 0.087425 -0.185009
v -0.457082 0.090131 -0.199748
v -0.498329 0.112791 -0.196779
v -0.540616 0.130237 -0.004433
v -0.444239 0.083242 -0.057384
v -0.441620 0.083020 -0.145362
v -0.444464 0.082284 -0.005982
v -0.439504 0.079175 -0.132361
v -0.445316 0.083199 0.051147
v -0.443439 0.082099 0.095258
v -0.455795 0.091180 -0.207036
v -0.439719 0.077888 -0.103907
v -0.440079 0.080997 -0.121009
v -0.438395 0.080446 -0.113526
v -0.390395 0.068174 0.024453
v -0.524420 0.129873 0.201429
v -0.452427 0.090877 0.208940
v -0.434462 0.076218 -0.105419
v -0.437970 0.077602 -0.097736
v -0.434137 0.075193 -0.079666
v -0.423291 0.074661 -0.104931
v -0.482374 0.107655 0.205383
v -0.536915 0.134644 0.171172
v -0.417300 0.073436 0.107941
v -0.421186 0.072108 -0.108400
v -0.418550 0.074140 -0.083582
v -0.403202 0.072378 -0.082110
v -0.396534 0.071054 -0.100370
v -0.392497 0.069670 -0.086080
v -0.391586 0.067467 -0.101147
v -0.413040 0.072488 -0.079002
v -0.390592 0.068137 -0.058092
v -0.390418 0.066844 0.059889
v -0.429495 0.081144 -0.115235
v -0.474411 0.103050 -0.206768
v -0.386910 0.061390 -0.099901
v -0.380113 0.057862 -0.100174
v -0.382323 0.057997 -0.083877
v -0.387703 0.061640 -0.084276
v -0.368726 0.055652 -0.103962
v -0.351910 0.055028 -0.097877
v -0.382972 0.057309 -0.072097
v -0.391674 0.059528 -0.074358
v -0.389058 0.059299 -0.069803
v -0.382929 0.059131 -0.058712
v -0.407573 0.061488 -0.072354
v -0.391811 0.061420 -0.079976
v -0.318539 0.052522 -0.096638
v -0.307760 0.052397 -0.072451
v -0.368274 0.056936 -0.065322
v -0.374759 0.058618 -0.059907
v -0.282158 0.051098 -0.104633
v -0.269620 0.050064 -0.079488
v -0.318936 0.054410 -0.066100
v -0.379379 0.059307 0.003104
v -0.383707 0.059679 0.017750
v -0.386933 0.061259 0.022938
v -0.381041 0.058595 0.051922
v -0.387568 0.062063 -0.058495
v -0.384115 0.058927 0.058926
v -0.373540 0.057310 0.059840
v -0.389400 0.061696 -0.064900
v -0.380830 0.058418 0.075799
v -0.386591 0.061851 0.073500
v -0.379814 0.057975 0.101223
v -0.387965 0.061987 0.060121
v -0.388580 0.062909 0.014191
v -0.354188 0.056023 0.077623
v -0.339832 0.054456 0.095303
v -0.352578 0.055727 0.057398
v -0.311864 0.053338 0.070372
v -0.265987 0.050464 0.060909
v -0.270605 0.050889 0.087510
v -0.318089 0.053166 0.096279
v -0.293332 0.052476 0.056877
v -0.266682 0.051151 0.056055
v -0.290994 0.052683 0.102345
v -0.373469 0.058819 0.033439
v -0.363451 0.058222 0.049351
v -0.268834 0.051090 -0.073145
v -0.268089 0.051143 -0.095348
v -0.374280 0.059519 0.007456
v -0.372819 0.059503 -0.006494
v -0.368788 0.059279 0.019298
v -0.361941 0.054857 0.008455
v -0.365810 0.055734 -0.016039
v -0.358772 0.055899 0.027294
v -0.365925 0.059987 0.032339
v -0.351748 0.054871 0.032715
v -0.359370 0.054678 -0.030998
v -0.358937 0.059224 0.037074
v -0.349629 0.053926 0.023013
v -0.367833 0.059839 -0.030374
v -0.333841 0.053730 0.035432
v -0.357123 0.054795 -0.002549
v -0.367493 0.060296 -0.050114
v -0.350702 0.059422 0.045542
v -0.319085 0.053098 0.023408
v -0.330368 0.055146 0.042279
v -0.361211 0.060576 -0.044004
v -0.359920 0.062178 -0.052849
v -0.349187 0.061698 -0.055120
v -0.346693 0.055075 -0.048294
v -0.348201 0.053698 -0.034673
v -0.354165 0.054851 -0.016561
v -0.326371 0.053301 -0.045477
v -0.316708 0.053175 -0.037976
v -0.348262 0.061162 -0.058971
v -0.336858 0.059423 -0.057329
v -0.326988 0.059323 -0.060643
v -0.323820 0.059223 -0.057614
v -0.323807 0.054257 0.018670
v -0.316939 0.054776 0.012683
v -0.310087 0.053763 0.013635
v -0.312327 0.055085 -0.004571
v -0.302312 0.053270 -0.019710
v -0.323528 0.059163 0.001905
v -0.312538 0.055143 -0.018002
v -0.321261 0.060480 -0.007707
v -0.321170 0.059938 -0.016218
v -0.320688 0.054666 -0.029829
v -0.331752 0.059199 0.008370
v -0.341543 0.060164 0.001366
v -0.335322 0.060328 -0.019530
v -0.333807 0.054988 -0.030950
v -0.343587 0.054446 0.018443
v -0.301771 0.053972 0.007911
v -0.304058 0.053837 -0.038911
v -0.325447 0.055320 -0.052812
v -0.313641 0.054395 0.031490
v -0.265328 0.051342 0.090806
v -0.275233 0.052860 0.097692
v -0.276198 0.053439 0.105824
v -0.315563 0.052081 0.101435
v -0.345203 0.054580 -0.027952
v -0.339080 0.052297 0.099719
v -0.345463 0.059720 -0.007517
v -0.334597 0.057080 0.051555
v -0.331972 0.057646 0.047478
v -0.321094 0.058311 0.046909
v -0.309607 0.058224 0.047986
v -0.296358 0.058792 0.038887
v -0.293761 0.058452 0.043818
v -0.362402 0.059718 -0.060086
v -0.407975 0.062503 -0.067881
v -0.437165 0.082041 0.155181
v -0.285714 0.060047 0.036451
v -0.280555 0.059311 0.041539
v -0.265481 0.057500 0.042663
v -0.265007 0.057576 0.038744
v -0.319627 0.049452 -0.107584
v -0.340481 0.050920 -0.106602
v -0.261199 0.050956 0.060400
v -0.303995 0.057804 0.036898
v -0.315766 0.057979 0.040502
v -0.286709 0.057995 0.025696
v -0.268942 0.051950 0.027817
v -0.272260 0.052310 0.020643
v -0.267586 0.051094 -0.009866
v -0.271907 0.052117 -0.036362
v -0.282277 0.058854 0.007401
v -0.275701 0.054357 0.011637
v -0.265001 0.051729 -0.039088
v -0.279599 0.058855 -0.001865
v -0.279482 0.059706 -0.018173
v -0.283025 0.061601 -0.019449
v -0.283241 0.061107 -0.031743
v -0.286800 0.061853 -0.037175
v -0.264585 0.051770 0.021783
v -0.275388 0.054431 -0.021458
v -0.276471 0.054899 -0.039048
v -0.297743 0.056866 0.015948
v -0.270247 0.054357 -0.043859
v -0.272497 0.051960 -0.104119
v -0.283033 0.062690 -0.040068
v -0.262069 0.051881 0.071270
v -0.266768 0.053943 0.033344
v -0.288985 0.057916 -0.012732
v -0.263310 0.054050 0.048955
v -0.447114 0.091483 0.210945
v -0.296870 0.054296 -0.023372
v -0.262431 0.052005 0.001596
v -0.343134 0.059295 -0.017053
v -0.309874 0.061411 -0.058884
v -0.350375 0.056267 0.003199
v -0.435032 0.087659 -0.157293
v -0.435320 0.097936 -0.187575
v -0.428265 0.059567 -0.067636
v -0.428508 0.060555 -0.072281
v -0.429251 0.061341 -0.062823
v -0.393302 0.069193 0.107114
v -0.279277 0.064275 -0.045790
v -0.298016 0.054725 -0.064789
v -0.311577 0.056483 -0.049589
v -0.298756 0.049722 0.108657
v -0.433773 0.072892 -0.073510
v -0.388263 0.063095 0.104398
v -0.248789 0.056502 0.056420
v -0.249095 0.057056 0.048631
v -0.230825 0.058462 0.056944
v -0.225920 0.059224 0.051846
v -0.223099 0.060376 0.042748
v -0.182351 0.059367 0.042169
v -0.154585 0.058563 0.045110
v -0.169283 0.058756 0.050037
v -0.147024 0.055965 0.046748
v -0.229501 0.061518 0.040039
v -0.244367 0.060009 0.063237
v -0.231847 0.061055 0.062218
v -0.256341 0.061851 0.035212
v -0.331866 0.049708 0.102105
v -0.227601 0.066390 0.032801
v -0.269807 0.056485 0.101408
v -0.252660 0.055404 0.061545
v -0.260103 0.054205 -0.037346
v -0.262036 0.053130 0.090239
v -0.258799 0.055033 0.014016
v -0.427108 0.082806 0.154413
v -0.259713 0.055685 0.077233
v -0.177289 0.052058 0.037392
v -0.538749 0.209822 0.060504
v -0.537449 0.192053 0.024257
v -0.537538 0.194621 0.046947
v -0.540212 0.218658 0.013088
v -0.540245 0.218749 0.029199
v -0.536837 0.190863 0.008802
v -0.534498 0.178872 0.031469
v -0.535551 0.184425 0.056427
v -0.535169 0.176168 0.050720
v -0.532082 0.164584 0.034103
v -0.530708 0.157404 0.047472
v -0.530520 0.153072 0.031351
v -0.531889 0.172731 0.073194
v -0.530246 0.157902 0.075490
v -0.530426 0.169509 0.102149
v -0.529939 0.149091 0.085271
v -0.529344 0.151687 0.108300
v -0.531256 0.171882 0.111155
v -0.530254 0.162361 0.134905
v -0.530576 0.170478 0.145140
v -0.533904 0.190655 0.132314
v -0.536487 0.201346 0.110626
v -0.535295 0.192428 0.092481
v -0.537946 0.219679 0.133339
v -0.536607 0.205624 0.138631
v -0.533369 0.187425 0.153426
v -0.530826 0.177658 0.159659
v -0.535841 0.206121 0.159844
v -0.533062 0.185215 0.173155
v -0.537590 0.222213 0.154483
v -0.528593 0.167916 0.177317
v -0.528788 0.161666 0.176522
v -0.527564 0.150980 0.202299
v -0.529543 0.169207 0.201358
v -0.532150 0.182279 0.199943
v -0.535693 0.209962 0.201441
v -0.536145 0.221993 0.203693
v -0.529996 0.177416 0.206726
v -0.539893 0.223690 0.029956
v -0.530004 0.168789 0.027035
v -0.532553 0.178825 0.000714
v -0.531691 0.175027 -0.054892
v -0.530329 0.169624 -0.039597
v -0.529612 0.163748 -0.049687
v -0.529222 0.161406 0.004809
v -0.528522 0.160741 0.024240
v -0.536307 0.187626 -0.052854
v -0.538392 0.200542 -0.049273
v -0.536181 0.184664 -0.065760
v -0.534056 0.178108 -0.058888
v -0.529840 0.153464 -0.027084
v -0.541386 0.219103 -0.120122
v -0.539825 0.207952 -0.103369
v -0.537073 0.184575 -0.158812
v -0.541727 0.215222 -0.166100
v -0.534907 0.169175 -0.118898
v -0.534502 0.167478 -0.142202
v -0.533775 0.167152 -0.157586
v -0.537724 0.183782 -0.181048
v -0.534867 0.167318 -0.177025
v -0.535387 0.173258 -0.186350
v -0.532746 0.152727 -0.145122
v -0.532000 0.156526 -0.058283
v -0.533113 0.152486 -0.172195
v -0.532556 0.153258 -0.196931
v -0.537407 0.180081 -0.195546
v -0.541401 0.213127 -0.192436
v -0.540526 0.211965 -0.200469
v -0.531537 0.150276 -0.049606
v -0.541643 0.222043 -0.186188
v -0.536153 0.178040 -0.201690
v -0.540642 0.221946 -0.199157
v -0.530015 0.152034 0.026182
v -0.533978 0.148228 -0.190959
v -0.525727 0.149755 0.206699
v -0.531838 0.148268 0.020425
v -0.540611 0.225584 -0.172144
v -0.529309 0.146001 0.199007
v -0.539155 0.228673 0.021070
v -0.537133 0.230857 0.035250
v -0.535567 0.137880 0.189095
v -0.535170 0.135112 0.198206
v -0.538583 0.135482 0.109990
v -0.538901 0.132806 0.091652
v -0.541012 0.136110 0.062675
v -0.543611 0.134380 0.023146
v -0.544157 0.131831 -0.007877
v -0.544142 0.136354 -0.010744
v -0.543111 0.135452 -0.070040
v -0.541417 0.138451 -0.111613
v -0.541392 0.134576 -0.109639
v -0.539728 0.138145 -0.171765
v -0.537359 0.134478 -0.187182
v -0.537537 0.138889 -0.195286
v -0.536428 0.144581 -0.190912
v -0.537577 0.138399 0.102274
v -0.532028 0.146165 0.069455
v -0.538891 0.139733 0.043994
v -0.538741 0.228628 -0.177650
v -0.533881 0.147275 -0.077020
v -0.533995 0.133145 -0.193526
v -0.538814 0.141813 -0.075564
v -0.538835 0.141175 -0.004513
v 0.542623 0.106813 -0.014287
v 0.543928 0.120570 -0.024039
v 0.542961 0.118836 0.092850
v 0.541285 0.101836 0.109359
v 0.540031 0.092708 0.115943
v 0.540215 0.090823 -0.021660
v 0.539880 0.086239 0.061300
v 0.539942 0.086462 -0.028828
v 0.543416 0.115341 0.121037
v 0.539374 0.087444 0.130620
v 0.540319 0.093074 0.129347
v 0.539887 0.081120 0.135822
v 0.540725 0.096976 0.159566
v 0.538262 0.088899 0.156633
v 0.538304 0.080319 0.156694
v 0.538048 0.077406 0.148149
v 0.540418 0.079495 0.096565
v 0.543721 0.100627 0.122116
v 0.542855 0.100599 0.138632
v 0.542250 0.107384 0.161733
v 0.543010 0.108864 0.147230
v 0.544157 0.116149 0.162213
v 0.542466 0.122531 0.108547
v 0.540784 0.081236 0.042526
v 0.540460 0.078894 -0.000948
v 0.540818 0.104524 -0.133299
v 0.542414 0.119065 -0.145836
v 0.539056 0.091537 -0.144421
v 0.538714 0.086535 -0.142520
v 0.537869 0.088884 -0.181376
v 0.540661 0.101671 -0.186644
v 0.541557 0.102512 -0.157418
v 0.542499 0.117704 -0.186771
v 0.542654 0.103014 -0.145118
v 0.538303 0.081629 -0.180297
v 0.540098 0.081399 -0.092453
v 0.541015 0.116437 -0.191514
v 0.541431 0.122105 -0.184561
v 0.538082 0.077294 -0.094542
v 0.538355 0.076758 0.097004
v 0.540716 0.125152 -0.136344
v 0.534940 0.088510 0.161842
v 0.539038 0.121889 -0.190172
v 0.540192 0.116741 0.166747
v -0.318235 0.014641 0.111401
v -0.355261 0.013526 0.111530
v -0.338713 0.037294 0.110070
v -0.306936 0.044353 0.109819
v -0.325355 0.009312 0.112460
v -0.283751 0.041110 0.110805
v -0.296069 0.019689 0.112902
v -0.282025 0.030165 0.112879
v -0.275617 0.050303 0.109591
v -0.338046 0.041495 0.108837
v -0.388022 0.055072 0.108273
v -0.381267 0.025068 0.111257
v -0.358511 0.049262 0.108121
v -0.398452 0.056451 0.108687
v -0.402059 0.046184 0.110762
v -0.414175 0.069696 0.109410
v -0.343341 0.005218 0.114273
v -0.367697 0.011117 0.114027
v -0.265306 0.053067 0.111783
v -0.402660 0.072773 0.106579
v -0.386545 0.020139 0.115018
v -0.385239 0.059256 0.105810
v -0.378734 0.055907 0.105923
v -0.411969 0.051242 0.114108
v -0.278510 0.025900 0.116933
v -0.395750 0.026444 0.116822
v -0.268648 0.056503 0.106841
v -0.372749 0.035771 -0.106716
v -0.373629 0.023041 -0.107435
v -0.345014 0.022168 -0.108382
v -0.350046 0.012430 -0.108795
v -0.347815 0.038810 -0.108789
v -0.350708 0.048074 -0.108243
v -0.383735 0.054403 -0.106083
v -0.402757 0.049458 -0.106110
v -0.394480 0.029576 -0.108479
v -0.406432 0.067510 -0.104520
v -0.396756 0.068958 -0.104203
v -0.369877 0.012693 -0.109569
v -0.414293 0.070207 -0.105465
v -0.298763 0.047249 -0.109820
v -0.283271 0.036559 -0.110531
v -0.315634 0.012884 -0.110576
v -0.278920 0.046493 -0.110157
v -0.295303 0.018983 -0.112471
v -0.265744 0.050673 -0.112101
v -0.272218 0.050559 -0.109103
v -0.344022 0.006357 -0.111215
v -0.414181 0.056252 -0.108040
v -0.406257 0.039477 -0.109582
v -0.307598 0.010324 -0.113653
v -0.323996 0.005446 -0.113944
v -0.408664 0.073007 -0.101458
v -0.268111 0.038780 -0.116202
v -0.293851 0.015765 -0.115406
v -0.385304 0.058731 -0.104307
v -0.257555 0.054740 -0.115928
v -0.375251 0.011106 -0.112844
v -0.358681 0.004606 -0.115148
v -0.283034 0.017863 0.198941
v -0.276546 0.023607 0.140425
v -0.275690 0.024028 0.214615
v -0.271658 0.028476 0.127842
v -0.269548 0.030025 0.216405
v -0.261574 0.040140 0.167140
v -0.262037 0.039352 0.215876
v -0.262260 0.040173 0.129508
v -0.284437 0.017291 0.136009
v -0.271440 0.028903 0.224582
v -0.265992 0.037569 0.120265
v -0.253773 0.053344 0.139180
v -0.255991 0.049078 0.215282
v -0.263089 0.040470 0.227717
v -0.254221 0.053339 0.159917
v -0.252277 0.057467 0.128523
v -0.250887 0.060257 0.172635
v -0.255850 0.051665 0.227522
v -0.256870 0.053626 0.119661
v -0.284141 0.017848 0.222762
v -0.286042 0.017989 0.120802
v -0.281512 0.022287 0.230465
v -0.293909 0.011112 0.214092
v -0.294370 0.010843 0.158243
v -0.295337 0.011291 0.126295
v -0.270296 0.033464 0.230831
v -0.295776 0.011255 0.225104
v -0.244108 0.058611 0.156586
v -0.248052 0.057073 0.136924
v -0.301558 0.007483 0.193613
v -0.249390 0.064962 0.213492
v -0.250980 0.061003 0.188639
v -0.247018 0.070938 0.180755
v -0.249602 0.067461 0.224632
v -0.308071 0.005269 0.139725
v -0.295478 0.014226 0.231688
v -0.305580 0.008132 0.119086
v -0.310793 0.004582 0.220460
v -0.311248 0.005222 0.124515
v -0.311529 0.003923 0.179479
v -0.313340 0.006303 0.230400
v -0.302264 0.012376 0.114677
v -0.262013 0.047937 0.116324
v -0.273810 0.032422 0.115679
v -0.320189 0.001897 0.184835
v -0.321815 0.002239 0.132470
v -0.325336 0.001480 0.220450
v -0.322035 0.003751 0.228262
v -0.326020 0.003299 0.118327
v -0.330382 0.000544 0.179831
v -0.332065 0.001179 0.133134
v -0.246853 0.075482 0.188570
v -0.244423 0.081547 0.186305
v -0.340667 0.001974 0.121991
v -0.341688 0.000704 0.214922
v -0.323594 0.005930 0.114968
v -0.342014 0.000454 0.179974
v -0.343724 0.000944 0.138084
v -0.334257 0.004063 0.231318
v -0.346718 0.001964 0.223830
v -0.350895 0.001260 0.186615
v -0.355172 0.002106 0.144982
v -0.303110 0.015546 0.236163
v -0.284882 0.026057 0.235819
v -0.246458 0.079905 0.217772
v -0.245641 0.087017 0.192326
v -0.233289 0.069075 0.170832
v -0.244593 0.102239 0.196011
v -0.241392 0.100028 0.190650
v -0.240092 0.105302 0.194433
v -0.246112 0.102803 0.206507
v -0.247428 0.094380 0.226192
v -0.251359 0.087726 0.233187
v -0.250365 0.115883 0.221155
v 0.169847 0.056688 0.056027
v 0.073905 0.054375 0.055992
v 0.124139 0.063681 0.054271
v 0.187086 0.067554 0.053821
v 0.198589 0.052620 0.055883
v 0.205590 0.067179 0.054132
v 0.223921 0.048503 0.055505
v -0.002759 0.059337 0.054067
v -0.085690 0.050356 0.056157
v -0.071465 0.047658 0.058375
v 0.220447 0.045760 0.058292
v 0.231416 0.044945 0.055087
v 0.201452 0.070071 0.051662
v -0.283648 0.018588 -0.129565
v -0.292760 0.012394 -0.138286
v -0.284196 0.017855 -0.173206
v -0.275362 0.025549 -0.128687
v -0.276144 0.024688 -0.172396
v -0.269358 0.031616 -0.169125
v -0.268968 0.032365 -0.130080
v -0.296879 0.010085 -0.172774
v -0.284754 0.019288 -0.119619
v -0.273446 0.029290 -0.119562
v -0.301459 0.008050 -0.140203
v -0.296014 0.011593 -0.121312
v -0.307325 0.006802 -0.120557
v -0.310501 0.004713 -0.137711
v -0.294965 0.012408 -0.209864
v -0.284403 0.019102 -0.209953
v -0.276120 0.026189 -0.211496
v -0.285069 0.020233 -0.223315
v -0.297022 0.012455 -0.221065
v -0.309410 0.005849 -0.206421
v -0.311458 0.004441 -0.169852
v -0.276705 0.028358 -0.227174
v -0.296644 0.014774 -0.229158
v -0.313364 0.006082 -0.221948
v -0.270017 0.032924 -0.215846
v -0.268286 0.038006 -0.227294
v -0.322010 0.001896 -0.149266
v -0.322008 0.002707 -0.121531
v -0.324561 0.002088 -0.194950
v -0.315465 0.007276 -0.227785
v -0.328095 0.002920 -0.222008
v -0.336708 0.000000 -0.145356
v -0.338266 0.000621 -0.124946
v -0.339839 0.001048 -0.196809
v -0.346578 0.002029 -0.215965
v -0.350018 0.000590 -0.175259
v -0.339493 0.002476 -0.116536
v -0.341885 0.003918 -0.227436
v -0.351350 0.000859 -0.130391
v -0.328384 0.006897 -0.231547
v -0.348867 0.001844 -0.119340
v -0.359412 0.002570 -0.193948
v -0.358331 0.004173 -0.219849
v -0.360863 0.002550 -0.126952
v -0.360181 0.002137 -0.164691
v -0.370232 0.004861 -0.169381
v -0.350171 0.006677 -0.231064
v -0.368962 0.007128 -0.219023
v -0.373283 0.007747 -0.118098
v -0.375024 0.011720 -0.227556
v -0.262969 0.041679 -0.121406
v -0.263417 0.041754 -0.217471
v -0.262891 0.040160 -0.172964
v -0.259903 0.044279 -0.138987
v -0.278904 0.028831 -0.113968
v -0.275042 0.035545 -0.233345
v -0.256409 0.050585 -0.172503
v -0.253848 0.050691 -0.141321
v -0.251317 0.051349 -0.153767
v -0.247323 0.053889 -0.143627
v -0.232273 0.056267 -0.155063
v -0.235386 0.055445 -0.164424
v -0.253220 0.052101 -0.168328
v -0.252954 0.054504 -0.176892
v -0.254514 0.054592 -0.128270
v -0.244846 0.057731 -0.134730
v -0.249326 0.056723 -0.120914
v -0.240131 0.057988 -0.142908
v -0.245265 0.059814 -0.123881
v -0.254243 0.055613 -0.181626
v -0.248606 0.059764 -0.115409
v -0.248890 0.058710 -0.178057
v -0.255403 0.059557 -0.110006
v -0.230552 0.061832 -0.170668
v -0.229874 0.061830 -0.150299
v -0.266313 0.055080 -0.105640
v -0.267015 0.054955 -0.102412
v -0.263508 0.054764 -0.093319
v -0.263418 0.051907 -0.077369
v -0.261571 0.054996 -0.082726
v -0.255905 0.053840 -0.203626
v -0.256313 0.056140 -0.223296
v -0.239599 0.068099 -0.134654
v -0.229845 0.070847 -0.140079
v -0.260977 0.066652 -0.103940
v -0.260551 0.059702 -0.071193
v -0.265783 0.055611 -0.068721
v -0.258760 0.059265 -0.064926
v -0.257252 0.057840 -0.060804
v -0.253248 0.067351 -0.068304
v -0.284961 0.051594 -0.070454
v -0.251815 0.067309 -0.219420
v -0.255529 0.061960 -0.228569
v -0.258318 0.070210 -0.090804
v -0.257121 0.070838 -0.102489
v -0.248289 0.074409 -0.190503
v -0.249152 0.066521 -0.181657
v -0.246162 0.075453 -0.185098
v -0.250538 0.077887 -0.226793
v -0.245172 0.085815 -0.191362
v -0.245865 0.095137 -0.208485
v -0.248198 0.081443 -0.210644
v -0.245121 0.109307 -0.216663
v 0.151097 0.068425 -0.008286
v 0.151164 0.060733 -0.010132
v 0.175284 0.069620 -0.008320
v 0.127300 0.067895 -0.008894
v 0.123921 0.057582 -0.012124
v 0.152512 0.056477 -0.012058
v 0.114667 0.066102 -0.007853
v 0.117299 0.055691 -0.011692
v 0.102527 0.055537 -0.011037
v 0.189081 0.070607 -0.008605
v 0.211598 0.060930 -0.009669
v 0.220984 0.066626 -0.010043
v 0.092524 0.066054 -0.009503
v 0.213694 0.056891 -0.012083
v 0.083902 0.060611 -0.014470
v 0.076693 0.065781 -0.010677
v 0.092556 0.054380 -0.015812
v 0.222670 0.070355 -0.006597
v 0.102963 0.051999 -0.014747
v 0.123805 0.054466 -0.015573
v 0.064316 0.062011 -0.017007
v 0.052067 0.055191 -0.016191
v 0.044221 0.060500 -0.017771
v 0.038839 0.061471 -0.019183
v 0.046579 0.052204 -0.021102
v 0.058165 0.052524 -0.020930
v 0.019388 0.058669 -0.020442
v 0.002636 0.058545 -0.017001
v -0.003236 0.058309 -0.018737
v 0.213998 0.054354 -0.015367
v 0.039392 0.056814 -0.025490
v -0.020871 0.064258 -0.023103
v -0.224876 0.067718 -0.134853
v -0.226318 0.059894 -0.147158
v -0.226108 0.062205 -0.121766
v -0.226314 0.050437 -0.110232
v -0.226480 0.048433 -0.153922
v -0.225947 0.045427 -0.125219
v -0.226682 0.066830 -0.109848
v -0.226359 0.051014 -0.097033
v -0.225702 0.066500 -0.088170
v -0.226058 0.059795 -0.066088
v -0.225782 0.045973 -0.070282
v -0.225856 0.045459 -0.100893
v -0.225401 0.071002 -0.136041
v -0.227516 0.066435 -0.146849
v -0.226350 0.059203 -0.174913
v -0.227280 0.061706 -0.171238
v -0.226328 0.048250 -0.227143
v -0.225837 0.058041 -0.221397
v -0.225137 0.045158 -0.163774
v -0.228166 0.069967 -0.106524
v -0.223625 0.063898 -0.180182
v -0.223642 0.045286 -0.110013
v -0.222079 0.067453 -0.178650
v -0.219917 0.069738 -0.192135
v -0.217279 0.068598 -0.201971
v -0.204905 0.067462 -0.219720
v -0.221872 0.057755 -0.227643
v -0.223523 0.042584 -0.102247
v -0.244599 0.070556 -0.075668
v -0.255228 0.071421 -0.094119
v -0.236401 0.070766 -0.109900
v -0.229880 0.069407 -0.076585
v -0.254109 0.070290 -0.077543
v -0.233941 0.068399 -0.066851
v -0.244476 0.068788 -0.067839
v -0.227350 0.067602 -0.069346
v -0.245750 0.070364 -0.108982
v -0.239507 0.070373 -0.117368
v -0.229329 0.072137 -0.134276
v -0.237417 0.070523 -0.130196
v -0.257631 0.067467 -0.073922
v -0.242299 0.067851 -0.121104
v -0.247075 0.067716 -0.112414
v -0.252517 0.061688 -0.063683
v 0.385674 0.068640 -0.120035
v 0.391498 0.068320 -0.087173
v 0.388776 0.066892 0.001832
v 0.377881 0.068407 -0.020788
v 0.374662 0.069501 -0.097389
v 0.365195 0.068788 -0.047129
v 0.338104 0.067582 -0.077060
v 0.338738 0.067245 -0.024147
v 0.366651 0.069661 -0.106064
v 0.302800 0.066886 -0.018837
v 0.298424 0.067183 -0.055855
v 0.345376 0.067860 -0.009960
v 0.307235 0.067005 -0.086768
v 0.369731 0.069000 -0.011157
v 0.295008 0.065861 -0.020670
v 0.307882 0.066710 0.022157
v 0.332363 0.068176 -0.128713
v 0.320906 0.067693 -0.105015
v 0.312154 0.067165 -0.126166
v 0.320469 0.067292 -0.137768
v 0.321628 0.067441 -0.148288
v 0.292234 0.067298 -0.103083
v 0.290704 0.066920 -0.126736
v 0.286188 0.066347 -0.121782
v 0.312550 0.066210 -0.147633
v 0.368510 0.069686 -0.143777
v 0.309912 0.066825 -0.174186
v 0.361860 0.069218 -0.162279
v 0.321374 0.066780 -0.182405
v 0.390095 0.069376 -0.140252
v 0.379665 0.069786 -0.167940
v 0.321678 0.066488 -0.197357
v 0.388666 0.069668 -0.185470
v 0.389581 0.070580 -0.168040
v 0.301067 0.065828 -0.154002
v 0.301162 0.065975 -0.163278
v 0.313692 0.067219 -0.188689
v 0.306940 0.067211 -0.187038
v 0.296346 0.064690 -0.146879
v 0.291340 0.066088 -0.093305
v 0.413864 0.070743 -0.198597
v 0.403681 0.071057 -0.177526
v 0.303928 0.066068 0.047122
v 0.294467 0.066278 -0.003323
v 0.344849 0.067421 0.044315
v 0.364123 0.068277 0.060527
v 0.348241 0.067229 0.067669
v 0.316257 0.065934 0.057500
v 0.380046 0.068571 0.070021
v 0.340523 0.067193 0.093992
v 0.309944 0.065849 0.087489
v 0.296561 0.064912 0.089829
v 0.294321 0.064565 0.061192
v 0.302821 0.065502 -0.185482
v 0.288976 0.065884 0.099680
v 0.389610 0.067257 0.058407
v 0.298043 0.065467 -0.085437
v 0.292528 0.065995 -0.058452
v 0.395428 0.072417 -0.158349
v 0.374300 0.069070 0.120928
v 0.354276 0.067891 0.142719
v 0.381933 0.069001 0.100041
v 0.290552 0.066070 0.119664
v 0.325460 0.067161 0.132300
v 0.327207 0.067237 0.162316
v 0.315792 0.066741 0.161254
v 0.308332 0.065455 0.136764
v 0.318168 0.067520 0.171151
v 0.389237 0.068660 0.133288
v 0.388235 0.070194 0.155980
v 0.354633 0.068257 0.171127
v 0.392442 0.070412 0.165321
v 0.329991 0.067212 0.188778
v 0.356751 0.068678 0.189220
v 0.395300 0.071229 0.148070
v 0.391828 0.068102 0.103320
v 0.430370 0.071869 0.156243
v 0.307911 0.065363 0.163359
v 0.431522 0.071665 0.167595
v 0.473140 0.073868 0.150291
v 0.449620 0.073719 0.140597
v 0.476469 0.073991 0.165438
v 0.432563 0.072314 0.176391
v 0.483648 0.073977 0.142760
v 0.477308 0.074352 0.135789
v 0.418354 0.072340 0.130137
v 0.449006 0.073626 0.107160
v 0.398058 0.072008 0.124208
v 0.400447 0.071612 0.102620
v 0.415071 0.071772 0.104036
v 0.469904 0.076264 0.123603
v 0.462608 0.075016 0.079800
v 0.498920 0.075200 0.163282
v 0.497089 0.074830 0.140319
v 0.483065 0.073429 0.120605
v 0.519627 0.076048 0.151299
v 0.509255 0.076180 0.125991
v 0.534974 0.076512 0.154411
v 0.533559 0.076314 0.131238
v 0.503542 0.076361 0.090771
v 0.484856 0.073719 0.086273
v 0.478540 0.073963 0.084323
v 0.506029 0.076164 0.075544
v 0.517000 0.078760 0.090618
v 0.393491 0.068112 0.065719
v 0.396660 0.070620 0.100221
v 0.480638 0.072812 0.074731
v 0.492572 0.072840 0.075139
v 0.479497 0.073932 0.063525
v 0.492126 0.074892 0.063238
v 0.485603 0.074098 0.057370
v 0.488625 0.075318 -0.172254
v 0.415289 0.073293 -0.160110
v 0.473959 0.075313 -0.165582
v 0.478372 0.074683 -0.190728
v 0.489045 0.075205 -0.186489
v 0.418461 0.073013 -0.134808
v 0.407378 0.072857 -0.121736
v 0.415781 0.072777 -0.102625
v 0.478275 0.074956 -0.161531
v 0.482381 0.074620 -0.155461
v 0.519269 0.077188 -0.184678
v 0.517174 0.077175 -0.169939
v 0.534395 0.077077 -0.170361
v 0.534653 0.077875 -0.182478
v 0.534058 0.077322 -0.161440
v 0.397010 0.071708 -0.086726
v 0.411125 0.071652 -0.053156
v 0.512143 0.078847 -0.153399
v 0.524756 0.078026 -0.147643
v 0.515541 0.079352 -0.127258
v 0.489703 0.074975 -0.087495
v 0.445956 0.074735 -0.129306
v 0.433524 0.073883 -0.101295
v 0.451468 0.073801 -0.042799
v 0.436988 0.072695 0.002301
v 0.411448 0.071431 0.000683
v 0.399700 0.071184 -0.006625
v 0.463707 0.074985 -0.015486
v 0.457938 0.075226 -0.120048
v 0.447938 0.075278 -0.152260
v 0.464274 0.075475 -0.084596
v 0.447463 0.074775 -0.161243
v 0.470832 0.077994 -0.151659
v 0.396204 0.070501 0.000284
v 0.470944 0.076423 0.007793
v 0.470154 0.077049 -0.099704
v 0.472843 0.076030 0.075103
v 0.473058 0.076821 -0.114808
v 0.392658 0.067911 -0.010690
v 0.516821 0.078676 0.075701
v 0.517462 0.079245 0.054366
v 0.535909 0.076314 0.052136
v 0.469459 0.074641 0.171324
v 0.503605 0.077419 -0.188721
v 0.512255 0.078633 0.011756
v 0.437891 0.073010 -0.199133
v 0.335259 0.069261 0.196313
v 0.328490 0.068001 0.192646
v 0.476497 0.074898 -0.004399
v 0.285331 0.065437 -0.107918
v 0.382553 0.070152 -0.206112
v 0.304066 0.064156 0.176115
v 0.291158 0.063197 -0.085820
v 0.311092 0.063101 -0.137462
v 0.288149 0.064650 -0.136418
v 0.283551 0.063432 -0.143074
v 0.535246 0.078213 0.160016
v 0.381308 0.071047 0.188845
v 0.537966 0.079059 -0.167382
v 0.292281 0.063153 0.086827
v 0.289479 0.062831 0.092057
v 0.291024 0.063463 0.044763
v 0.289996 0.063436 -0.022436
v 0.284762 0.063161 0.096212
v 0.288772 0.063551 -0.062188
v 0.306624 0.071817 -0.196270
v 0.288853 0.060581 0.054306
v 0.485558 0.078246 -0.194190
v 0.427924 0.074927 0.181099
v 0.316348 0.071654 0.177363
v 0.287316 0.061118 -0.088056
v 0.287917 0.061581 -0.072340
v 0.275820 0.056578 -0.140692
v 0.310116 0.072022 0.178781
v 0.287010 0.064042 -0.100574
v 0.269532 0.049085 -0.145013
v 0.270270 0.048232 0.095752
v 0.315183 0.087307 0.193747
v 0.311520 0.087531 0.195224
v 0.276279 0.055062 -0.107773
v 0.281907 0.051898 0.053214
v 0.281455 0.049455 0.085123
v 0.280004 0.050467 -0.023500
v 0.280721 0.052864 -0.064501
v 0.280851 0.052414 -0.080173
v 0.280861 0.054216 -0.099770
v 0.277058 0.047292 0.090379
v -0.143707 0.045540 -0.059256
v -0.147379 0.049374 -0.041784
v -0.146278 0.053665 -0.056867
v -0.144301 0.042540 -0.043533
v -0.149158 0.055126 -0.050924
v -0.145797 0.043406 -0.015572
v -0.149319 0.050385 -0.038384
v -0.150609 0.052246 -0.045032
v -0.141509 0.040750 -0.040125
v -0.140301 0.042183 -0.053897
v -0.141701 0.042886 -0.064766
v -0.153950 0.048220 -0.015113
v -0.150802 0.042814 -0.002707
v -0.155732 0.047679 -0.004026
v -0.153909 0.048038 0.009182
v -0.160256 0.049738 -0.002719
v -0.140152 0.041256 -0.011986
v -0.145084 0.041031 -0.001430
v -0.156971 0.049777 0.020620
v -0.159396 0.049939 -0.020099
v -0.146289 0.042647 0.003635
v -0.165426 0.057250 -0.054443
v -0.164831 0.056650 -0.049616
v -0.203828 0.059237 -0.050927
v -0.195252 0.058865 -0.054444
v -0.222983 0.058689 -0.058233
v -0.240900 0.057090 -0.056408
v -0.242806 0.056914 -0.050029
v -0.260811 0.056998 -0.056491
v -0.260554 0.058521 -0.047746
v -0.256759 0.058606 -0.044512
v -0.227800 0.059881 -0.061514
v -0.229357 0.059148 -0.043654
v -0.226632 0.059321 -0.041480
v -0.269552 0.061215 -0.050720
v -0.268360 0.059868 -0.047532
v -0.265248 0.055536 -0.061401
v -0.272048 0.056540 -0.059049
v -0.276470 0.058229 -0.066887
v -0.220031 0.057555 -0.046458
v -0.173414 0.056267 -0.057941
v -0.281960 0.061812 -0.063186
v -0.276551 0.066363 -0.049601
v -0.253435 0.061207 -0.040113
v -0.254278 0.063115 -0.030885
v -0.248358 0.066348 -0.027335
v -0.240533 0.067608 -0.031930
v -0.249631 0.066623 -0.004089
v -0.242475 0.068624 -0.003525
v -0.240735 0.068058 0.010283
v -0.230894 0.066328 0.009359
v -0.232682 0.068406 0.026981
v -0.241524 0.068686 0.027241
v -0.234994 0.067632 0.032868
v -0.249282 0.066429 0.009985
v -0.234265 0.065762 -0.037187
v -0.251248 0.066393 0.030604
v -0.281700 0.067659 -0.056895
v -0.282020 0.068854 -0.052923
v -0.283711 0.066247 -0.046202
v -0.253413 0.062636 0.037920
v -0.293626 0.062596 -0.056327
v -0.290527 0.064778 -0.050969
v -0.297002 0.061007 -0.046095
v -0.304101 0.063760 -0.055103
v -0.293123 0.058568 -0.034953
v -0.253880 0.063599 0.009894
v -0.312029 0.061175 -0.055975
v -0.260324 0.054470 0.029116
v -0.107705 0.044994 0.134390
v -0.105519 0.047427 0.129470
v -0.118479 0.047134 0.122849
v -0.114685 0.048368 0.104355
v -0.134268 0.050535 0.110520
v -0.131025 0.052241 0.101393
v -0.140085 0.052431 0.101743
v -0.153158 0.054783 0.099948
v -0.108816 0.049045 0.107878
v -0.102480 0.048377 0.112305
v -0.069600 0.049081 0.111709
v -0.021546 0.050251 0.109850
v -0.065318 0.048606 0.125583
v -0.030270 0.051078 0.101182
v -0.064123 0.050679 0.105087
v -0.047328 0.051122 0.096322
v -0.029431 0.051368 0.094315
v -0.059840 0.048670 0.141542
v -0.029847 0.049472 0.172310
v 0.002964 0.050364 0.189305
v 0.014165 0.051685 0.134695
v -0.009354 0.051423 0.109579
v 0.008141 0.052380 0.109068
v -0.029174 0.048532 0.201123
v -0.071408 0.048439 0.151031
v 0.042267 0.052101 0.124665
v 0.062174 0.052996 0.109698
v 0.060619 0.054034 0.095459
v 0.031266 0.053523 0.096321
v 0.026701 0.051500 0.164438
v 0.062507 0.052464 0.185870
v -0.066567 0.051160 0.094317
v 0.001417 0.054147 0.099284
v -0.013893 0.054391 0.095296
v -0.014417 0.054667 0.099581
v -0.066855 0.048334 0.174278
v -0.095545 0.048004 0.152638
v -0.107125 0.047576 0.180165
v -0.106855 0.046743 0.192870
v -0.135199 0.047711 0.179460
v -0.128234 0.047924 0.170180
v 0.024555 0.050141 0.207807
v 0.066110 0.052160 0.192640
v 0.103794 0.052120 0.205839
v -0.096091 0.045888 0.209804
v -0.042570 0.047424 0.210617
v 0.092824 0.052604 0.191100
v 0.103680 0.052771 0.186498
v -0.137967 0.044980 0.194230
v 0.090548 0.054122 0.182668
v 0.101962 0.052951 0.177317
v 0.156246 0.053557 0.193760
v 0.138913 0.053693 0.187000
v 0.158827 0.053592 0.205727
v 0.157179 0.054982 0.173510
v 0.135974 0.055525 0.173893
v 0.167812 0.055136 0.193813
v 0.116713 0.055312 0.176863
v 0.108798 0.054938 0.171082
v 0.134449 0.055372 0.142237
v 0.108638 0.055176 0.109482
v 0.136161 0.055728 0.112114
v 0.105237 0.053884 0.170890
v 0.151859 0.055111 0.134142
v 0.155806 0.055687 0.096403
v 0.169413 0.055813 0.097106
v 0.169578 0.055189 0.134650
v 0.174887 0.055433 0.183307
v 0.109111 0.055744 0.095076
v 0.129245 0.056523 0.095801
v 0.184857 0.054735 0.123112
v 0.181482 0.054861 0.094701
v 0.205604 0.055743 0.117998
v 0.211672 0.055672 0.099052
v 0.177093 0.054553 0.134008
v 0.182982 0.053841 0.127347
v 0.220133 0.054499 0.099350
v 0.095529 0.054285 0.171993
v 0.070421 0.054548 0.182964
v 0.092766 0.054254 0.154310
v 0.093187 0.054553 0.105973
v 0.074079 0.055237 0.103118
v 0.067515 0.054769 0.106751
v 0.068256 0.055646 0.095321
v 0.093160 0.056190 0.096012
v 0.101076 0.052432 0.158112
v 0.000028 0.049804 0.211490
v 0.216243 0.054580 0.095178
v -0.140266 0.045714 0.171637
v -0.077585 0.052627 0.102383
v -0.095674 0.053619 0.097363
v -0.097724 0.053417 0.103870
v -0.102959 0.052583 0.094966
v -0.105329 0.052183 0.103065
v 0.041728 0.052630 0.093514
v 0.101355 0.053371 0.096187
v -0.178966 0.052384 0.097583
v -0.179116 0.052651 0.100668
v -0.174076 0.052114 0.104384
v 0.220204 0.053988 0.117549
v 0.099326 0.052291 0.108661
v 0.103299 0.052642 0.109159
v 0.178165 0.054626 0.193219
v -0.066740 0.048169 0.214079
v -0.066806 0.047618 0.129891
v 0.173375 0.057342 0.196412
v -0.151853 0.052227 0.104492
v -0.139314 0.047545 0.111040
v 0.065062 0.050471 0.088609
v 0.107390 0.051768 0.088075
v 0.094468 0.052128 0.090472
v 0.011064 0.048559 0.061686
v 0.004137 0.048238 0.086432
v -0.056069 0.046467 0.086028
v -0.106709 0.044757 0.088593
v 0.094945 0.051371 0.062189
v 0.135282 0.052285 0.060635
v 0.172771 0.052575 0.089306
v 0.173514 0.052547 0.060947
v 0.066843 0.051278 0.058306
v -0.068139 0.046959 0.090760
v 0.200120 0.048247 0.087937
v 0.228945 0.043472 0.061605
v 0.234162 0.042311 0.087929
v 0.237213 0.042208 0.060194
v 0.247999 0.041018 0.087563
v 0.266121 0.040655 0.060444
v 0.267277 0.040596 0.088285
v 0.266745 0.041995 0.040826
v 0.238192 0.043040 0.041477
v 0.236118 0.042989 -0.011189
v 0.266046 0.042122 -0.001125
v 0.251571 0.042054 -0.019402
v 0.263970 0.041866 -0.026892
v 0.235422 0.043368 0.052605
v 0.236197 0.043543 -0.066804
v 0.263476 0.042691 -0.065223
v 0.268862 0.043021 -0.064678
v 0.261885 0.041768 -0.074942
v 0.231793 0.043454 -0.074346
v 0.255053 0.041252 -0.094998
v 0.267632 0.042082 -0.097621
v 0.229127 0.043756 -0.098988
v 0.271208 0.042764 0.045628
v 0.190399 0.050240 -0.097362
v 0.188956 0.050677 -0.071847
v 0.172137 0.052257 -0.100116
v 0.164389 0.052819 -0.070833
v 0.157888 0.052885 -0.100284
v 0.137128 0.052730 -0.071507
v 0.108354 0.053266 -0.068141
v 0.194070 0.050413 -0.101180
v 0.098012 0.051940 -0.100178
v 0.091574 0.052097 -0.070093
v 0.057583 0.050948 -0.097805
v 0.051377 0.050964 -0.069579
v -0.006599 0.049514 -0.070161
v -0.021205 0.048580 -0.099533
v -0.045943 0.047924 -0.071155
v -0.083739 0.046776 -0.069955
v -0.106681 0.045439 -0.095905
v -0.103442 0.046212 -0.102050
v -0.114017 0.044218 -0.099127
v -0.114946 0.043931 -0.075689
v -0.138930 0.043674 -0.077484
v -0.161591 0.043175 -0.098770
v -0.147690 0.043501 -0.066430
v -0.177129 0.043130 -0.094674
v -0.195768 0.042379 -0.102380
v -0.219947 0.041589 -0.069029
v -0.219431 0.041647 -0.101812
v -0.121664 0.042376 -0.064512
v -0.124274 0.041980 -0.052011
v -0.121520 0.040930 -0.020390
v -0.122099 0.042099 -0.004164
v -0.117973 0.042921 -0.053452
v 0.235201 0.044314 -0.104664
v -0.033301 0.049392 -0.067406
v -0.013479 0.048814 0.090174
v 0.023698 0.049717 0.090134
v 0.236531 0.044087 0.094655
v 0.256891 0.043624 0.094947
v 0.259125 0.043604 0.118232
v 0.235898 0.043969 0.118692
v 0.264675 0.044685 0.095808
v 0.267246 0.045929 0.121670
v 0.230449 0.045386 0.120061
v 0.230546 0.045684 0.094521
v 0.221052 0.046163 0.091693
v 0.257795 0.044006 -0.105014
v 0.246564 0.043975 -0.137882
v 0.236283 0.044101 -0.138709
v 0.259788 0.044522 -0.141313
v 0.264397 0.045016 -0.106051
v 0.230640 0.045543 -0.104184
v 0.230177 0.045660 -0.139801
v 0.061683 0.052441 -0.102647
v -0.114678 0.042369 0.086384
v 0.046751 0.051779 -0.066862
v 0.051498 0.051230 -0.021344
v 0.055809 0.051931 -0.043469
v 0.057485 0.052375 -0.066871
v 0.253147 0.042633 0.122127
v 0.264290 0.042301 0.124077
v 0.172033 0.053941 0.057917
v 0.231522 0.045028 -0.067194
v 0.224795 0.046159 -0.069747
v 0.176041 0.052443 -0.069673
v -0.219158 0.044223 -0.110256
v -0.223630 0.042798 -0.068387
v -0.166926 0.044833 -0.102867
v -0.082836 0.048424 -0.106487
v -0.109828 0.047135 -0.106478
v -0.109328 0.046679 -0.113096
v -0.050576 0.048568 -0.113090
v -0.110153 0.047060 -0.164292
v -0.094032 0.047954 -0.202526
v -0.045196 0.048755 -0.130662
v -0.111522 0.047675 -0.198401
v -0.104123 0.047583 -0.221150
v -0.119661 0.048003 -0.223580
v -0.121783 0.048106 -0.203408
v -0.140626 0.046812 -0.224631
v -0.138555 0.047209 -0.207104
v -0.137635 0.048455 -0.189417
v -0.120374 0.049029 -0.188550
v -0.135809 0.048664 -0.150363
v -0.118318 0.048951 -0.151966
v -0.138023 0.048419 -0.137750
v -0.117765 0.049297 -0.130778
v 0.004388 0.051191 -0.111370
v 0.060367 0.053111 -0.137829
v 0.003982 0.051352 -0.224458
v 0.015258 0.051994 -0.202806
v 0.061107 0.053698 -0.198225
v -0.043622 0.049568 -0.192193
v 0.065747 0.053401 -0.220544
v 0.060486 0.053232 -0.108996
v 0.009856 0.052049 -0.105635
v 0.074725 0.054113 -0.225253
v -0.151333 0.045355 -0.223720
v -0.146960 0.050445 -0.125790
v -0.116034 0.050879 -0.109703
v -0.145142 0.050095 -0.108213
v -0.161247 0.051131 -0.127100
v -0.161373 0.050307 -0.107696
v -0.139755 0.048068 -0.160873
v -0.169876 0.052446 -0.129426
v 0.066198 0.054047 -0.208330
v 0.084282 0.054212 -0.209727
v 0.106562 0.054163 -0.224308
v 0.105589 0.054540 -0.204348
v 0.096489 0.054577 -0.202832
v 0.134548 0.055370 -0.203453
v 0.150227 0.054969 -0.222509
v 0.163917 0.056009 -0.205275
v 0.161833 0.055651 -0.193076
v 0.100695 0.053375 -0.172856
v 0.173093 0.056497 -0.182984
v 0.161386 0.056025 -0.167829
v 0.126050 0.056995 -0.191830
v 0.110051 0.056405 -0.193222
v 0.115909 0.056728 -0.167247
v 0.142108 0.056086 -0.157500
v 0.119124 0.056412 -0.122915
v 0.126072 0.056034 -0.105977
v 0.153872 0.055843 -0.128803
v 0.152690 0.056114 -0.107030
v 0.173906 0.054938 -0.131491
v 0.179153 0.055098 -0.106171
v 0.112880 0.056608 -0.107935
v 0.196616 0.056276 -0.141969
v 0.110054 0.055859 -0.119058
v 0.194718 0.056535 -0.109006
v 0.215818 0.055626 -0.128882
v 0.216178 0.055408 -0.106534
v 0.195853 0.054649 -0.104939
v 0.213836 0.054954 -0.142480
v -0.149501 0.045168 -0.186270
v -0.179531 0.045028 -0.225222
v -0.193666 0.043823 -0.169448
v -0.221308 0.043249 -0.172929
v -0.221333 0.043671 -0.223500
v -0.164269 0.044766 -0.160581
v -0.147536 0.045403 -0.159320
v -0.185674 0.043484 -0.153732
v -0.218556 0.041976 -0.148125
v -0.194527 0.042901 -0.145626
v -0.218642 0.041841 -0.120264
v -0.197391 0.043129 -0.121314
v -0.223242 0.042374 -0.123326
v -0.173257 0.052369 -0.109043
v -0.186329 0.052969 -0.109167
v -0.177577 0.052808 -0.131995
v -0.186109 0.052242 -0.128382
v 0.105488 0.053188 -0.102526
v 0.099524 0.052879 -0.105911
v -0.195920 0.045258 -0.109951
v 0.087378 0.056433 -0.198484
v 0.077661 0.056367 -0.197255
v 0.092416 0.055853 -0.185091
v 0.080620 0.055379 -0.151750
v 0.068144 0.055922 -0.191831
v 0.090835 0.055294 -0.125622
v 0.067882 0.055396 -0.106397
v 0.092402 0.055557 -0.106042
v -0.171922 0.041119 -0.146897
v 0.220656 0.054093 -0.137156
v -0.145803 0.048874 -0.132257
v -0.163644 0.049591 -0.134705
v 0.221164 0.054229 -0.109808
v -0.159627 0.041866 -0.149244
v -0.162060 0.042483 -0.141193
v -0.147650 0.043398 -0.144179
v -0.120591 0.049927 -0.106399
v 0.172586 0.057883 -0.199177
v -0.224278 0.044828 -0.227499
v -0.122834 0.045062 -0.102273
v -0.188787 0.045230 -0.137975
v -0.115772 0.042479 0.054242
v -0.143888 0.042021 0.061221
v -0.147497 0.041915 0.086986
v -0.139570 0.042355 0.054198
v -0.219523 0.038818 0.088190
v -0.218971 0.039085 0.062968
v -0.174955 0.041069 0.090255
v -0.118838 0.043033 0.090228
v -0.140103 0.040122 0.046714
v -0.125697 0.038456 0.039448
v -0.138220 0.038407 0.036036
v -0.125832 0.038173 0.029953
v -0.118129 0.039523 0.037623
v -0.138521 0.040294 0.026090
v -0.113030 0.043638 0.052284
v -0.143190 0.043230 0.057377
v -0.220025 0.040243 0.092359
v -0.180060 0.043626 -0.141419
v -0.057894 0.050139 -0.225344
v 0.274516 0.043387 0.086027
v -0.124626 0.040626 0.023408
v -0.111628 0.047195 0.003585
v 0.196328 0.054342 -0.147025
v -0.224047 0.040558 0.090303
v -0.110842 0.045549 0.093038
v -0.183526 0.049940 -0.135558
v -0.107505 0.048014 0.055838
v 0.041679 0.054366 -0.034108
v 0.041795 0.053847 -0.062162
v 0.026972 0.053704 -0.033683
v 0.027998 0.053275 -0.064271
v 0.017811 0.054867 -0.062374
v 0.016304 0.055793 -0.033451
v -0.007698 0.055122 -0.062814
v -0.007260 0.056139 -0.046582
v 0.006759 0.057500 -0.028206
v -0.017371 0.053125 -0.063164
v -0.005639 0.058288 -0.033618
v 0.000469 0.056525 -0.021479
v 0.028280 0.056179 -0.024859
v -0.017062 0.052757 -0.035424
v -0.045905 0.051885 -0.033773
v -0.045585 0.052160 -0.063052
v -0.095777 0.051591 -0.045138
v -0.092278 0.051376 -0.059521
v -0.096586 0.050851 -0.032384
v -0.105436 0.052028 -0.059900
v -0.066993 0.051857 -0.030596
v -0.090402 0.049944 -0.064438
v -0.096782 0.052006 -0.028684
v 0.273575 0.045405 -0.065831
v 0.224320 0.046356 -0.102392
v 0.193421 0.051333 0.092136
v -0.016718 0.054983 -0.030944
v 0.171615 0.055184 -0.064763
v 0.146590 0.055810 -0.063248
v 0.173171 0.056206 -0.041744
v 0.145566 0.055605 -0.038882
v 0.134903 0.056269 -0.041190
v 0.132911 0.055988 -0.063488
v 0.145293 0.056674 -0.030711
v 0.169863 0.056732 -0.030784
v 0.121528 0.058519 -0.041664
v 0.118555 0.058270 -0.046623
v 0.111266 0.058985 -0.061007
v 0.109776 0.058642 -0.046699
v 0.098752 0.056284 -0.062900
v 0.100542 0.056754 -0.042284
v 0.078040 0.056533 -0.045743
v 0.079764 0.056062 -0.063841
v 0.062179 0.055903 -0.039892
v 0.062020 0.055176 -0.063695
v 0.088132 0.058634 -0.032138
v 0.077045 0.059110 -0.032788
v 0.074471 0.058926 -0.022873
v 0.064460 0.057642 -0.022576
v 0.095129 0.056993 -0.031604
v 0.123116 0.059847 -0.032560
v 0.085807 0.056756 -0.022887
v 0.082206 0.058136 -0.018639
v 0.110939 0.057406 -0.064901
v 0.097846 0.051087 -0.022229
v 0.116665 0.050978 -0.020006
v 0.115467 0.053626 -0.039395
v 0.103558 0.053632 -0.035407
v -0.130902 0.043209 -0.000014
v -0.190943 0.045385 -0.105908
v -0.103946 0.047063 0.092073
v 0.266228 0.047951 -0.141120
v -0.011224 0.051228 -0.066943
v -0.175852 0.050189 -0.136429
v 0.268847 0.047676 -0.107319
v 0.120529 0.054341 -0.026890
v 0.123807 0.053259 -0.019907
v 0.126386 0.053937 -0.024698
v 0.162117 0.052638 -0.020447
v 0.161811 0.053934 -0.026457
v 0.216349 0.053770 -0.020056
v 0.212989 0.054112 -0.024259
v 0.163698 0.054223 -0.014832
v 0.222924 0.058211 -0.013464
v 0.177110 0.056610 -0.029255
v 0.225061 0.057146 -0.011905
v 0.218703 0.052253 -0.144200
v 0.275573 0.045362 0.050884
v 0.272823 0.045297 -0.098666
v -0.011317 0.062877 -0.019450
v -0.191878 0.043202 0.095103
v 0.174874 0.059733 0.201019
v 0.215100 0.056708 -0.027965
v 0.225649 0.044057 -0.145792
v -0.115565 0.047395 0.017107
v -0.112617 0.048321 0.010672
v -0.136683 0.048932 0.011340
v -0.135557 0.048224 0.005855
v -0.148830 0.047359 0.011795
v -0.148703 0.051329 0.035912
v -0.166635 0.050374 0.033187
v -0.198939 0.050372 0.016351
v -0.196691 0.050653 0.031090
v -0.218308 0.050080 0.031127
v -0.195158 0.050606 -0.020084
v -0.219669 0.050362 -0.023359
v -0.217366 0.050819 -0.037498
v -0.192979 0.051245 -0.038310
v -0.220081 0.051942 -0.041599
v -0.223512 0.051776 0.025743
v -0.178296 0.049451 -0.104376
v -0.014696 0.053047 -0.227541
v 0.181326 0.052251 0.133905
v 0.179820 0.052509 0.148429
v -0.191993 0.048136 -0.111888
v 0.095326 0.056661 -0.227457
v 0.245563 0.038041 -0.146363
v 0.258532 0.042110 -0.145615
v 0.234788 0.039119 -0.146346
v -0.200730 0.047205 -0.228476
v -0.144739 0.045908 0.052933
v 0.169116 0.059447 -0.206243
v 0.161693 0.058790 -0.219059
v 0.219841 0.051589 0.122222
v -0.180740 0.049566 0.104266
v 0.026031 0.051677 0.212257
v -0.216408 0.054135 -0.044457
v -0.215578 0.053963 0.038111
v -0.148882 0.055569 0.040254
v 0.193774 0.041723 0.133581
v 0.193372 0.039875 0.142884
v 0.203982 0.034695 0.134575
v 0.200567 0.034476 0.148460
v 0.207756 0.030720 0.145320
v 0.216575 0.028211 0.139382
v 0.218579 0.026650 0.149077
v 0.228894 0.025897 0.135224
v 0.231020 0.024395 0.146597
v 0.244608 0.024972 0.137264
v 0.244727 0.023867 0.151875
v 0.237132 0.023675 0.197925
v 0.249004 0.023863 0.180997
v 0.252620 0.024569 0.201648
v 0.239817 0.024612 0.207751
v 0.225105 0.024905 0.204516
v 0.260475 0.026764 0.139743
v 0.213446 0.027979 0.200526
v 0.247987 0.026768 0.131936
v 0.210071 0.031282 0.210969
v 0.265602 0.031404 0.130704
v 0.201224 0.033922 0.201768
v 0.191261 0.040829 0.182248
v 0.203534 0.038276 0.128771
v 0.220906 0.031871 0.215694
v 0.184568 0.047216 0.150395
v 0.184712 0.047153 0.195486
v 0.184508 0.048719 0.206487
v 0.180953 0.055310 0.210978
v -0.218949 0.044327 0.096138
v -0.219103 0.044214 0.102748
v -0.191807 0.042302 0.102664
v -0.187202 0.045065 0.097615
v -0.186676 0.042513 0.103966
v -0.219381 0.059078 0.040290
v 0.230962 0.039213 0.124444
v 0.231763 0.042725 0.122933
v 0.195162 0.052190 0.123668
v 0.216052 0.035149 0.126386
v 0.237206 0.031910 0.126798
v 0.253486 0.031007 0.127795
v 0.270176 0.038427 0.126803
v 0.276850 0.051260 0.124227
v 0.230570 0.028937 0.129309
v 0.285700 0.063432 0.122087
v 0.215587 0.055149 0.119722
v 0.277238 0.054784 0.122103
v 0.215713 0.030336 0.132315
v 0.288334 0.047621 -0.176724
v 0.291594 0.053602 -0.223661
v 0.293187 0.053664 -0.183303
v 0.281963 0.043553 -0.221681
v 0.281343 0.041119 -0.178363
v 0.274507 0.037428 -0.215850
v 0.300361 0.066927 -0.219604
v 0.302264 0.069345 -0.199027
v 0.297176 0.059379 -0.183355
v 0.292756 0.053122 -0.161822
v 0.284128 0.044233 -0.159652
v 0.273837 0.035708 -0.165549
v 0.282146 0.046668 -0.230264
v 0.298064 0.063719 -0.155772
v 0.298783 0.068224 -0.228531
v 0.305637 0.077356 -0.203959
v 0.291243 0.055014 -0.153202
v 0.303886 0.076557 -0.222678
v 0.274684 0.039296 -0.227535
v 0.277221 0.040859 -0.153338
v 0.267380 0.033374 -0.215655
v 0.268069 0.032422 -0.168752
v 0.261887 0.032412 -0.226337
v 0.308911 0.089670 -0.210308
v 0.305682 0.085864 -0.226352
v 0.259908 0.030314 -0.216570
v 0.260576 0.029579 -0.178106
v 0.265232 0.035895 -0.231170
v 0.309927 0.099130 -0.214493
v 0.293519 0.063578 -0.148906
v 0.251419 0.029426 -0.226761
v 0.249165 0.028789 -0.155525
v 0.299179 0.076625 -0.232048
v 0.237971 0.028330 -0.228669
v 0.314542 0.093783 -0.210168
v 0.307092 0.101202 -0.225875
v 0.304114 0.091988 -0.230461
v 0.304400 0.108909 -0.228944
v 0.311437 0.070781 -0.194285
v -0.224629 0.047513 0.118751
v -0.223613 0.050986 0.137080
v -0.225335 0.039938 0.134719
v -0.224497 0.060455 0.114674
v -0.224473 0.039391 0.113218
v -0.223707 0.047512 0.107319
v -0.224573 0.044350 0.148044
v -0.224664 0.038586 0.153665
v -0.222202 0.057580 0.103413
v -0.222612 0.048048 0.097271
v -0.222653 0.057567 0.097011
v -0.221861 0.064186 0.129849
v -0.220386 0.056747 0.147952
v -0.221835 0.054686 0.155483
v -0.222911 0.051639 0.166501
v -0.222040 0.064942 0.175921
v -0.222220 0.051793 0.180025
v -0.219612 0.069843 0.184359
v -0.218649 0.067240 0.102349
v -0.220084 0.067376 0.096492
v -0.218191 0.063314 0.141215
v -0.225557 0.046321 0.089969
v -0.224348 0.065355 0.089859
v -0.225220 0.046620 0.070339
v -0.226452 0.055063 0.062882
v -0.224002 0.041109 0.060459
v -0.225474 0.056467 0.055792
v -0.221022 0.048955 0.188879
v -0.228651 0.065885 0.068440
v -0.228197 0.058591 0.061648
v -0.221894 0.070783 0.105075
v -0.204220 0.051008 0.200611
v -0.196840 0.050825 0.211183
v -0.192748 0.052392 0.209413
v -0.223506 0.047709 0.181242
v -0.218940 0.052410 0.187126
v 0.197942 0.067672 -0.066099
v 0.187294 0.066982 -0.066553
v 0.222131 0.053928 -0.066741
v 0.182915 0.054867 -0.066875
v 0.220634 0.063360 -0.066701
v 0.206898 0.051581 -0.067249
v 0.222835 0.068150 -0.065361
v 0.177020 0.056524 -0.064508
v 0.226075 0.053839 -0.064930
v 0.237055 0.031814 -0.150115
v 0.251739 0.032557 -0.150345
v 0.266313 0.038348 -0.149564
v 0.280149 0.047840 -0.149307
v 0.224496 0.032595 -0.151026
v 0.212201 0.040377 -0.148916
v 0.187166 0.054248 -0.149831
v 0.237879 0.027635 -0.155513
v -0.184930 0.044695 0.055657
v -0.219575 0.046049 0.055491
v -0.187279 0.056736 0.053218
v -0.219545 0.056927 0.054075
v -0.212426 0.061917 0.051183
v -0.217989 0.040300 0.058829
v -0.152113 0.053536 0.053178
v -0.148642 0.045749 0.055124
v -0.148518 0.056321 0.051462
v -0.170181 0.052086 -0.060627
v -0.220584 0.046826 -0.062625
v -0.149007 0.046651 -0.062484
v -0.217747 0.055182 -0.060549
v -0.218508 0.042518 -0.065135
v -0.223488 0.056967 -0.062058
v -0.224162 0.045822 -0.065002
v -0.174651 0.042818 -0.066705
v -0.141589 0.043201 0.187027
v -0.143127 0.036223 0.210795
v -0.141593 0.045638 0.177078
v -0.145346 0.033564 0.213227
v -0.227795 0.064910 -0.003975
v -0.226039 0.055185 0.008727
v -0.227829 0.063345 0.008549
v -0.226942 0.063452 0.024610
v -0.224758 0.054665 0.031312
v -0.224158 0.061077 0.037244
v -0.227777 0.063426 -0.033284
v -0.223884 0.052425 -0.038470
v -0.223037 0.058521 -0.047555
v -0.231936 0.067231 -0.033890
v -0.220293 0.051920 0.035637
v -0.233800 0.068746 -0.004978
v -0.108654 0.050123 -0.028707
v -0.108883 0.052761 0.008266
v -0.111423 0.045505 -0.022168
v -0.106995 0.059139 -0.000880
v -0.104927 0.061735 0.000021
v -0.111470 0.046322 -0.039621
v -0.106946 0.056136 0.049658
v -0.109285 0.048391 0.050146
v -0.111468 0.044662 0.033275
v -0.111702 0.047348 0.019602
v -0.107969 0.050489 -0.056220
v -0.111622 0.045736 -0.061033
v -0.104797 0.059850 0.021014
v -0.115911 0.040428 0.029976
v -0.115730 0.041782 -0.021547
v -0.107580 0.045224 0.061771
v -0.106114 0.046479 -0.069209
v -0.105210 0.052353 -0.033513
v -0.177215 0.049595 0.095488
v -0.144646 0.050296 0.094882
v -0.151761 0.054224 0.097001
v -0.186046 0.043107 0.093410
v -0.123452 0.046123 0.093893
v -0.133680 0.052259 0.097421
v -0.114352 0.047791 0.098786
v 0.189758 0.072633 -0.048984
v 0.201300 0.071837 -0.056772
v 0.201372 0.073349 -0.038767
v 0.210014 0.071635 -0.046369
v 0.185394 0.071015 -0.065139
v 0.195394 0.070566 -0.063541
v 0.201649 0.072682 -0.032673
v 0.218760 0.069591 -0.033693
v 0.183378 0.069916 -0.061273
v 0.182814 0.068383 -0.033627
v 0.190736 0.045204 -0.222071
v 0.199044 0.038462 -0.222818
v 0.199027 0.038060 -0.169576
v 0.189644 0.045422 -0.164024
v 0.177667 0.058008 -0.199195
v 0.184355 0.051229 -0.220741
v 0.180642 0.054050 -0.182150
v 0.181156 0.054359 -0.156990
v 0.186712 0.050504 -0.228420
v 0.178454 0.057885 -0.209082
v 0.196737 0.041172 -0.156654
v 0.208721 0.033212 -0.221858
v 0.208687 0.032646 -0.166911
v 0.207507 0.034294 -0.158470
v 0.218940 0.028767 -0.167828
v 0.224724 0.028084 -0.221518
v 0.219107 0.030119 -0.156654
v 0.178585 0.055177 -0.151917
v 0.177372 0.063606 -0.228038
v 0.231602 0.026847 -0.189150
v 0.232713 0.026842 -0.214062
v 0.234259 0.026038 -0.164740
v 0.208155 0.037010 -0.152883
v 0.243348 0.026814 -0.217467
v 0.230155 0.030934 -0.232277
v 0.245152 0.026351 -0.173854
v 0.252366 0.027148 -0.163828
v 0.251641 0.027966 -0.213953
v 0.197303 0.045854 -0.150431
v 0.250623 0.032798 -0.233805
v 0.263622 0.032740 -0.154883
v -0.439629 0.094588 0.196740
v -0.430017 0.102256 0.184123
v -0.427339 0.105413 0.197288
v -0.439336 0.093018 0.184038
v -0.434176 0.103347 0.211293
v -0.426320 0.109331 0.209681
v -0.443516 0.087974 0.186665
v -0.431846 0.100114 0.168113
v -0.441723 0.088533 0.167951
v -0.431344 0.097600 0.163532
v -0.441061 0.085094 0.160410
v -0.427868 0.112420 0.217344
v -0.418621 0.123666 0.223423
v -0.423862 0.108847 0.209160
v -0.450013 0.091319 -0.205112
v -0.432885 0.112935 -0.217007
v -0.435033 0.103638 -0.204811
v -0.440971 0.110199 -0.221036
v -0.447354 0.106113 -0.220519
v -0.440895 0.097412 -0.201309
v -0.450710 0.088830 -0.200929
v -0.433037 0.120843 -0.225993
v -0.415441 0.134488 -0.226136
v -0.411797 0.143081 -0.230298
v -0.444899 0.088658 -0.184816
v -0.437696 0.093570 -0.174935
v -0.445476 0.085740 -0.167040
v -0.434629 0.092666 -0.168696
v -0.442387 0.085577 -0.155786
v -0.140257 0.040687 0.127421
v -0.141394 0.037676 0.106437
v -0.144339 0.033646 0.126721
v -0.156008 0.037474 0.140794
v -0.152859 0.048279 0.145859
v -0.430136 0.064361 -0.075266
v -0.426120 0.072703 -0.077333
v -0.437713 0.063984 -0.068204
v -0.405079 0.064189 -0.077256
v -0.430653 0.065467 -0.060956
v -0.405891 0.066165 -0.065368
v -0.407753 0.070950 -0.063607
v -0.398009 0.063235 -0.066664
v -0.434641 0.060963 -0.065805
v 0.199869 0.060728 -0.030790
v 0.186924 0.068597 -0.031528
v 0.205244 0.070394 -0.030607
v 0.181290 0.060291 -0.031294
v 0.214829 0.064558 -0.031061
v 0.220163 0.061861 -0.029417
v 0.186556 0.072164 -0.033756
v -0.125027 0.205649 -0.220998
v -0.144077 0.207752 -0.219096
v -0.156339 0.238653 -0.190669
v -0.140870 0.251359 -0.178810
v -0.158633 0.222084 -0.205360
v -0.127038 0.257750 -0.172180
v -0.123268 0.237677 -0.190197
v -0.169654 0.226788 -0.199285
v -0.165179 0.245592 -0.181944
v -0.157884 0.269427 -0.161363
v -0.164211 0.265225 -0.163634
v -0.122210 0.275862 -0.153319
v -0.156431 0.275815 -0.154560
v -0.121402 0.287733 -0.143733
v -0.125138 0.291307 -0.140521
v -0.175645 0.275494 -0.152436
v -0.129701 0.203075 -0.225314
v -0.094068 0.290350 -0.142023
v -0.117969 0.201647 -0.224213
v -0.174535 0.262970 -0.162216
v -0.185920 0.263194 -0.162506
v -0.190097 0.272449 -0.154219
v -0.178028 0.247238 -0.177564
v -0.186433 0.238763 -0.184608
v -0.178331 0.224654 -0.199527
v -0.187467 0.221829 -0.201661
v -0.175686 0.223394 -0.200461
v -0.185949 0.211994 -0.212474
v -0.175335 0.216517 -0.206954
v -0.222174 0.272027 -0.152834
v -0.210074 0.267969 -0.156676
v -0.224038 0.265628 -0.157629
v -0.205373 0.263720 -0.160591
v -0.195543 0.259440 -0.163097
v -0.202892 0.244275 -0.176500
v -0.194984 0.213531 -0.207657
v -0.217047 0.257746 -0.162917
v -0.239084 0.264326 -0.158951
v -0.251412 0.268538 -0.156202
v -0.248861 0.265468 -0.158208
v -0.246913 0.260491 -0.161694
v -0.196006 0.240516 -0.178194
v -0.172799 0.247692 -0.175256
v -0.169204 0.252958 -0.170996
v -0.274692 0.260759 -0.164170
v -0.279527 0.263505 -0.162280
v -0.296135 0.252622 -0.175127
v -0.199741 0.221307 -0.195880
v -0.191900 0.227985 -0.190982
v -0.207319 0.248169 -0.171848
v -0.207549 0.227259 -0.191926
v -0.205271 0.217487 -0.201717
v -0.254705 0.258206 -0.161308
v -0.042945 0.294129 -0.141056
v -0.076909 0.294414 -0.138415
v -0.232318 0.251500 -0.165372
v -0.309613 0.249145 -0.181547
v -0.328512 0.248227 -0.183130
v -0.314662 0.235918 -0.195370
v -0.346294 0.235242 -0.201035
v -0.325334 0.232622 -0.201969
v -0.365633 0.240518 -0.193471
v -0.318772 0.227701 -0.206837
v -0.336915 0.231200 -0.206005
v -0.122320 0.214480 -0.211638
v -0.118980 0.223374 -0.202266
v -0.191569 0.243661 -0.172586
v -0.206029 0.211085 -0.213498
v -0.039734 0.289197 -0.143548
v -0.017134 0.289385 -0.143562
v -0.037460 0.279047 -0.153167
v -0.033250 0.263232 -0.166841
v 0.008385 0.255785 -0.173122
v 0.012233 0.278214 -0.152309
v 0.004857 0.286440 -0.145170
v 0.026983 0.260305 -0.169562
v -0.004300 0.243322 -0.183530
v 0.017139 0.241553 -0.185160
v 0.031282 0.228817 -0.195386
v 0.041894 0.242206 -0.185157
v -0.046837 0.261736 -0.166674
v 0.053061 0.226981 -0.197246
v -0.077520 0.284229 -0.145630
v -0.068863 0.258931 -0.167351
v -0.045913 0.236121 -0.186641
v -0.061967 0.234851 -0.185885
v -0.003199 0.226530 -0.195837
v 0.041107 0.207703 -0.211185
v -0.107050 0.282636 -0.144872
v 0.001513 0.207579 -0.209147
v 0.061216 0.208503 -0.209787
v -0.094390 0.244372 -0.174976
v -0.115227 0.273063 -0.152107
v -0.114868 0.252086 -0.169442
v -0.115162 0.242866 -0.177803
v -0.078980 0.230724 -0.186668
v -0.049040 0.220797 -0.196811
v -0.100096 0.236788 -0.180571
v -0.096521 0.216771 -0.194969
v -0.108365 0.234249 -0.185101
v -0.015630 0.218562 -0.200007
v -0.077503 0.218449 -0.194301
v -0.115777 0.231342 -0.190325
v -0.103541 0.229371 -0.187826
v -0.025838 0.207814 -0.205231
v -0.048922 0.206705 -0.204583
v -0.049010 0.205307 -0.206387
v -0.076392 0.202834 -0.203902
v -0.076395 0.204686 -0.201263
v -0.096324 0.204756 -0.202544
v -0.105102 0.206156 -0.203576
v 0.062231 0.214794 -0.206367
v -0.222070 0.251850 -0.163882
v -0.222533 0.243338 -0.170272
v -0.228034 0.231296 -0.181230
v -0.222508 0.228433 -0.185906
v -0.228685 0.218572 -0.196016
v -0.233425 0.235137 -0.179908
v -0.236991 0.241477 -0.173409
v -0.236764 0.255117 -0.163049
v -0.210048 0.258310 -0.161373
v -0.214914 0.240799 -0.177937
v -0.218719 0.230862 -0.186617
v -0.215525 0.217734 -0.200446
v -0.219390 0.217655 -0.200687
v 0.004418 0.205993 -0.212021
v -0.104652 0.214233 -0.198905
v -0.101920 0.221887 -0.193343
v -0.250452 0.253696 -0.164045
v -0.211546 0.215452 -0.204298
v -0.246762 0.248672 -0.167241
v -0.250690 0.238092 -0.174085
v -0.191324 0.254765 -0.164242
v -0.247626 0.234643 -0.178349
v -0.252849 0.225132 -0.185943
v -0.242918 0.220116 -0.190085
v -0.252913 0.216492 -0.194939
v -0.241577 0.230329 -0.178783
v -0.118774 0.206228 -0.216990
v -0.413646 0.239295 -0.191977
v 0.003627 0.293492 -0.143122
v 0.011404 0.296626 -0.143452
v 0.014125 0.289443 -0.149368
v 0.019144 0.291774 -0.147097
v 0.031088 0.274671 -0.164788
v 0.017431 0.299851 -0.136928
v 0.041912 0.271743 -0.164210
v 0.048340 0.252419 -0.183258
v 0.068171 0.245015 -0.187968
v 0.038119 0.257580 -0.177849
v 0.021336 0.278873 -0.158549
v 0.067922 0.233356 -0.201549
v 0.068333 0.223101 -0.208232
v 0.077885 0.218890 -0.213043
v 0.082569 0.222535 -0.209553
v 0.088520 0.211183 -0.218128
v 0.101000 0.209864 -0.215602
v 0.085403 0.230469 -0.196834
v 0.072074 0.208126 -0.216170
v 0.100779 0.207578 -0.219889
v -0.189491 0.234894 -0.186678
v -0.188470 0.256398 -0.166579
v -0.263219 0.254371 -0.164185
v -0.112713 0.202264 -0.214061
v -0.115349 0.199442 -0.227765
v -0.155050 0.201489 -0.227682
v -0.162563 0.204256 -0.225548
v -0.264126 0.215634 -0.223057
v -0.269159 0.213779 -0.224079
v -0.295646 0.221549 -0.220812
v -0.316482 0.225350 -0.217620
v -0.380854 0.232926 -0.216058
v -0.430077 0.232493 -0.214974
v -0.477869 0.235405 -0.208560
v -0.053255 0.202504 -0.224809
v 0.014947 0.202414 -0.227688
v -0.256644 0.229707 -0.175700
v -0.265603 0.224559 -0.186385
v -0.265245 0.234083 -0.175358
v -0.271427 0.226004 -0.183027
v -0.260359 0.234131 -0.172038
v -0.255631 0.243038 -0.164653
v 0.044230 0.204750 -0.223518
v 0.062202 0.206339 -0.216091
v -0.114182 0.205950 -0.210218
v -0.209783 0.242713 -0.173270
v -0.211411 0.226243 -0.188794
v -0.276449 0.228909 -0.175530
v -0.271654 0.231631 -0.172247
v -0.276330 0.238438 -0.167862
v -0.272182 0.239905 -0.166993
v -0.307837 0.231510 -0.195104
v -0.299578 0.225651 -0.198947
v -0.301710 0.235310 -0.187897
v -0.290396 0.224405 -0.192915
v -0.289485 0.231342 -0.183854
v -0.282676 0.224844 -0.190034
v -0.293775 0.243681 -0.176766
v -0.210685 0.216902 -0.197813
v -0.281327 0.229190 -0.181572
v -0.287512 0.237930 -0.176212
v -0.282427 0.235313 -0.175991
v -0.280932 0.243659 -0.170701
v -0.287030 0.246682 -0.171874
v 0.124967 0.215149 -0.193312
v -0.274208 0.249134 -0.166230
v 0.087497 0.232859 -0.192405
v 0.063775 0.260126 -0.167182
v 0.039126 0.280726 -0.150597
v -0.263370 0.243259 -0.168790
v -0.267379 0.243865 -0.168063
v -0.241477 0.253707 -0.161562
v -0.241747 0.239661 -0.170120
v -0.239237 0.247037 -0.164964
v -0.116697 0.214869 -0.206545
v -0.112060 0.223517 -0.204918
v -0.111744 0.229670 -0.199885
v -0.106660 0.229774 -0.198088
v -0.112870 0.210994 -0.205882
v -0.289026 0.254265 -0.171466
v -0.108507 0.220366 -0.204214
v -0.002752 0.204553 -0.218365
v -0.068571 0.203686 -0.210899
v -0.086986 0.203617 -0.208854
v -0.096877 0.201928 -0.215839
v -0.144338 0.046960 0.023781
v -0.146305 0.047934 0.037113
v -0.143093 0.041154 0.030959
v -0.143859 0.041331 0.042507
v -0.145696 0.047786 0.018144
v -0.141262 0.045489 0.020573
v -0.246929 0.070507 0.125929
v -0.246718 0.071224 0.105253
v -0.227064 0.069869 0.115444
v -0.227732 0.069094 0.128051
v -0.222089 0.070854 0.098561
v -0.254690 0.070612 0.107263
v -0.252074 0.070756 0.098400
v -0.245599 0.069562 0.089905
v -0.235058 0.067304 0.134284
v -0.232494 0.065418 0.140877
v -0.222510 0.065308 0.136494
v -0.231284 0.064886 0.158879
v -0.217639 0.064028 0.148439
v -0.237265 0.063118 0.158939
v -0.240552 0.063681 0.139572
v -0.243161 0.064782 0.134506
v -0.223571 0.067759 0.117065
v -0.227830 0.067810 0.088481
v -0.242588 0.069277 0.075814
v -0.230222 0.068087 0.073133
v -0.255051 0.067951 0.078618
v -0.253431 0.068486 0.092332
v -0.236547 0.067656 0.068758
v -0.244881 0.067997 0.070411
v -0.227924 0.066689 0.166267
v -0.238993 0.065307 0.166649
v -0.224884 0.065689 0.076508
v -0.245228 0.065642 0.172030
v -0.259504 0.067927 0.106924
v -0.258930 0.066886 0.100736
v -0.254684 0.067676 0.115502
v -0.252596 0.066182 0.073242
v -0.249462 0.068414 0.126917
v -0.256396 0.065303 0.092242
v -0.262601 0.060899 0.109989
v -0.254749 0.057604 0.069084
v -0.412231 0.043331 0.130258
v -0.408931 0.038409 0.212131
v -0.413629 0.046148 0.202627
v -0.419394 0.059489 0.136128
v -0.417521 0.055288 0.210916
v -0.420332 0.062932 0.189349
v -0.405176 0.033038 0.188247
v -0.417870 0.057818 0.121230
v -0.421487 0.068133 0.213285
v -0.412531 0.045481 0.221598
v -0.418648 0.061366 0.224491
v -0.410733 0.044355 0.117240
v -0.421689 0.071798 0.116613
v -0.422995 0.074867 0.170048
v -0.422812 0.077005 0.219428
v -0.409755 0.042293 0.227386
v -0.424182 0.086030 0.170232
v -0.425006 0.083411 0.158896
v -0.419517 0.072596 0.230349
v -0.423358 0.090546 0.215467
v -0.405702 0.034415 0.124766
v -0.424942 0.097122 0.167430
v -0.412412 0.053347 0.232655
v -0.423367 0.101585 0.202876
v -0.425027 0.103314 0.191769
v -0.421837 0.088381 0.228016
v -0.427395 0.100760 0.165274
v -0.421749 0.099325 0.225189
v -0.420977 0.111345 0.217015
v -0.422025 0.114348 0.216866
v -0.399487 0.027292 0.221927
v -0.398816 0.025592 0.193569
v -0.399220 0.026717 0.126188
v -0.418361 0.067117 0.114001
v -0.390144 0.017765 0.179957
v -0.389796 0.018478 0.221368
v -0.387337 0.016420 0.127584
v -0.382202 0.012329 0.155580
v -0.382025 0.012786 0.214665
v -0.380921 0.014261 0.119398
v -0.417903 0.110459 0.228674
v -0.376827 0.010976 0.224190
v -0.374520 0.008277 0.176312
v -0.374233 0.009256 0.126711
v -0.371191 0.007004 0.144417
v -0.371472 0.007366 0.214151
v -0.368582 0.008131 0.119569
v -0.397512 0.033333 0.113074
v -0.362750 0.003724 0.183191
v -0.358215 0.003160 0.220450
v -0.357822 0.003332 0.127388
v -0.354268 0.004492 0.117214
v -0.350924 0.004505 0.230211
v 0.322974 0.197624 -0.051678
v 0.319475 0.198164 -0.004063
v 0.328155 0.196007 -0.014684
v 0.320238 0.197667 0.015523
v 0.331571 0.196023 -0.049274
v 0.335029 0.195461 -0.018166
v 0.343902 0.193444 -0.034830
v 0.347178 0.192640 -0.063668
v 0.368247 0.188797 -0.059604
v 0.383841 0.185583 -0.044514
v 0.358580 0.190601 -0.016403
v 0.317994 0.197695 -0.071636
v 0.352437 0.191923 -0.070193
v 0.313959 0.199671 -0.048405
v 0.306748 0.201391 -0.064302
v 0.307826 0.199367 -0.080330
v 0.341622 0.193078 -0.081697
v 0.300866 0.201267 -0.069165
v 0.382932 0.183259 -0.073517
v 0.389755 0.181357 -0.067687
v 0.281000 0.203696 -0.082162
v 0.376844 0.186532 -0.003328
v 0.356548 0.190808 -0.001440
v 0.357547 0.189959 0.024554
v 0.376680 0.185622 0.016281
v 0.387014 0.185261 -0.030602
v 0.347107 0.192620 -0.009161
v 0.343863 0.193226 0.011029
v 0.350121 0.191100 0.012685
v 0.386701 0.184948 0.004055
v 0.337766 0.193627 0.001578
v 0.332012 0.195024 0.005243
v 0.342033 0.192344 0.029531
v 0.328321 0.195063 0.031526
v 0.332718 0.192904 0.044541
v 0.355945 0.188985 0.040833
v 0.366420 0.186869 0.034399
v 0.318141 0.199479 -0.022946
v 0.310281 0.200155 -0.015670
v 0.320773 0.195250 0.035308
v 0.318754 0.194432 0.048793
v 0.310508 0.198088 0.036002
v 0.306158 0.199957 0.020923
v 0.297657 0.198594 0.053409
v 0.291798 0.201620 0.041656
v 0.298443 0.201701 0.006603
v 0.288240 0.202827 0.008839
v 0.286534 0.201219 0.052962
v 0.289812 0.200389 0.062984
v 0.276320 0.202190 0.060576
v 0.278244 0.204412 0.016015
v 0.298928 0.202038 -0.039227
v 0.285090 0.204152 -0.043578
v 0.279175 0.205564 -0.048221
v 0.268297 0.204132 -0.079727
v 0.274987 0.205443 -0.088132
v 0.319087 0.198675 -0.086789
v 0.296284 0.202570 -0.100410
v 0.345038 0.194569 -0.094487
v 0.354557 0.192311 -0.086971
v 0.323378 0.196809 -0.111257
v 0.346323 0.192513 -0.112081
v 0.372120 0.188682 -0.086186
v 0.369611 0.187751 -0.106213
v 0.391877 0.183864 -0.077327
v 0.388156 0.183307 -0.095962
v 0.399917 0.180393 -0.085821
v 0.418157 0.174657 -0.093396
v 0.410457 0.177311 -0.066111
v 0.306587 0.202663 -0.035122
v 0.272809 0.205435 -0.006651
v 0.273405 0.204909 -0.050038
v 0.266842 0.206285 -0.029579
v 0.256722 0.206333 -0.070388
v 0.252378 0.207970 -0.086771
v 0.255622 0.207002 -0.034643
v 0.268078 0.205591 0.014769
v 0.284260 0.203044 -0.110466
v 0.264089 0.205344 -0.111760
v 0.251397 0.207413 -0.108217
v 0.232777 0.209481 -0.105521
v 0.228087 0.208943 -0.170997
v 0.257901 0.205987 -0.162280
v 0.284602 0.202957 -0.156166
v 0.319559 0.197495 -0.160277
v 0.309793 0.198768 -0.177202
v 0.343312 0.192900 -0.162516
v 0.371811 0.186674 -0.157287
v 0.344727 0.191841 -0.185812
v 0.390436 0.181878 -0.165367
v 0.368157 0.184985 -0.208464
v 0.345398 0.190399 -0.206674
v 0.313147 0.196209 -0.212467
v 0.283561 0.201934 -0.193505
v 0.257253 0.204758 -0.201254
v 0.280304 0.201051 -0.217349
v 0.238271 0.206413 -0.219337
v 0.423081 0.173152 -0.149449
v 0.214571 0.208536 -0.209283
v 0.196483 0.210163 -0.222944
v 0.407140 0.175204 -0.204697
v 0.430607 0.170025 -0.183932
v 0.453765 0.162517 -0.196980
v 0.444064 0.167114 -0.150074
v 0.459549 0.162831 -0.155402
v 0.441790 0.168961 -0.062397
v 0.421894 0.173799 -0.017068
v 0.440288 0.169190 0.000640
v 0.461997 0.163405 -0.025715
v 0.432334 0.170601 0.021847
v 0.462501 0.162155 -0.124495
v 0.400974 0.183020 -0.063742
v 0.462615 0.162065 0.042517
v 0.466173 0.158001 -0.195509
v 0.465133 0.159771 -0.159501
v 0.494372 0.148271 -0.188301
v 0.462088 0.159630 0.124665
v 0.425695 0.170014 0.120645
v 0.427337 0.170730 0.069002
v 0.417803 0.174016 0.035628
v 0.409214 0.175133 0.074361
v 0.403922 0.176093 0.119788
v 0.378486 0.182695 0.123351
v 0.378340 0.182998 0.090271
v 0.390929 0.181152 0.052773
v 0.372387 0.185363 0.063338
v 0.358448 0.187896 0.070031
v 0.356540 0.187601 0.110729
v 0.333174 0.192450 0.075507
v 0.329066 0.193038 0.100024
v 0.354858 0.186844 0.148176
v 0.327666 0.191996 0.149592
v 0.411554 0.176570 0.025032
v 0.280077 0.201305 0.080971
v 0.305594 0.196908 0.097430
v 0.295111 0.197646 0.142757
v 0.294774 0.198432 0.106418
v 0.290459 0.199567 0.093490
v 0.278640 0.200905 0.121687
v 0.280880 0.200373 0.099680
v 0.378278 0.180427 0.174160
v 0.352352 0.185653 0.180406
v 0.376903 0.180522 0.186861
v 0.350432 0.186224 0.191019
v 0.314452 0.192695 0.179569
v 0.312356 0.193231 0.197389
v 0.276626 0.198847 0.183456
v 0.395083 0.177287 0.152328
v 0.412921 0.171080 0.179406
v 0.430224 0.166928 0.158555
v 0.461754 0.157177 0.172224
v 0.437756 0.164542 0.172998
v 0.277734 0.198207 0.200233
v 0.248775 0.203422 0.154590
v 0.250753 0.201154 0.204639
v 0.251259 0.203868 0.123642
v 0.245499 0.205311 0.116563
v 0.251046 0.203919 0.106311
v 0.251788 0.204727 0.086336
v 0.239850 0.207293 0.072399
v 0.230878 0.203080 0.204964
v 0.211230 0.206662 0.133668
v 0.237039 0.208194 0.059197
v 0.248618 0.206610 0.058516
v 0.250839 0.208689 -0.000389
v 0.263949 0.204956 0.069522
v 0.229515 0.210089 0.011662
v 0.263747 0.203443 0.057841
v 0.208739 0.208772 0.087398
v 0.198697 0.210885 0.044522
v 0.190178 0.209646 0.089204
v 0.198682 0.212074 -0.002577
v 0.193904 0.211829 0.050317
v 0.249825 0.209229 -0.041301
v 0.232900 0.210606 -0.054452
v 0.200236 0.212414 -0.045721
v 0.211331 0.211162 -0.096148
v 0.196745 0.212568 -0.086078
v 0.195703 0.213596 -0.009771
v 0.194689 0.211342 -0.130012
v 0.183160 0.210568 -0.178540
v 0.192870 0.212220 -0.112446
v 0.185110 0.212217 -0.132491
v 0.163670 0.212156 -0.160561
v 0.214078 0.204238 0.192385
v 0.306273 0.199016 0.070494
v 0.345674 0.192928 0.064817
v 0.310139 0.197753 0.062146
v 0.316911 0.197428 0.055028
v 0.270842 0.203054 0.036141
v 0.262068 0.205386 0.029426
v 0.254621 0.205904 0.025153
v 0.254137 0.204812 0.054105
v 0.188893 0.205470 0.209364
v 0.185963 0.208244 0.118210
v 0.180176 0.208609 0.124684
v 0.200264 0.206249 0.150758
v 0.357871 0.189471 0.052107
v 0.178566 0.209770 -0.201144
v 0.151935 0.211100 -0.182097
v 0.166485 0.212418 -0.213185
v 0.164559 0.212515 -0.223553
v 0.142942 0.212026 -0.185426
v 0.362362 0.189939 0.044637
v 0.373908 0.187793 0.053277
v 0.386461 0.185335 0.044671
v 0.401299 0.182647 0.022012
v 0.394556 0.183982 0.028817
v 0.407254 0.182437 -0.003545
v 0.291822 0.197672 0.099438
v 0.165476 0.205338 0.177876
v 0.167056 0.205093 0.196999
v 0.170654 0.205689 0.210878
v 0.150934 0.209803 -0.202572
v 0.138682 0.210423 -0.194244
v 0.154863 0.206011 0.171477
v 0.140815 0.204156 0.206461
v 0.158279 0.204333 0.213155
v 0.131196 0.204142 0.201379
v 0.133362 0.205878 0.186722
v 0.176688 0.205402 0.143655
v 0.165036 0.207132 0.152120
v 0.148495 0.207258 0.171705
v 0.113863 0.204741 0.197986
v 0.377267 0.185110 0.041389
v 0.415986 0.175735 -0.000026
v 0.415719 0.176051 -0.028714
v 0.181435 0.213736 -0.129583
v 0.186592 0.214465 -0.117801
v 0.153540 0.211650 -0.219996
v 0.111324 0.202692 0.208117
v 0.132143 0.202551 0.213257
v 0.428294 0.165751 0.180907
v 0.126665 0.207938 -0.208482
v 0.120840 0.209548 -0.202329
v 0.102664 0.206417 -0.223771
v 0.139822 0.208036 -0.210294
v 0.139001 0.207423 -0.224298
v 0.377228 0.187505 0.030732
v 0.386376 0.185406 0.014972
v 0.128306 0.211866 -0.195758
v 0.213987 0.202888 0.210703
v 0.392428 0.181855 0.017938
v 0.231915 0.205560 -0.224797
v 0.401473 0.182637 0.006210
v 0.404608 0.182380 -0.013132
v 0.406060 0.182437 -0.045902
v 0.409572 0.181078 -0.026249
v 0.188699 0.215621 -0.097584
v 0.495559 0.148947 -0.144358
v 0.473713 0.157420 -0.046840
v 0.467217 0.159488 -0.108372
v 0.467837 0.159579 -0.009277
v 0.493331 0.150575 -0.005307
v 0.495300 0.149544 -0.101367
v 0.510100 0.142599 -0.166051
v 0.513892 0.142383 -0.017347
v 0.509620 0.143965 0.029021
v 0.513998 0.141667 -0.102280
v 0.492670 0.149649 0.059476
v 0.474933 0.154633 0.112976
v 0.467000 0.157775 0.108957
v 0.495790 0.145760 0.165974
v 0.514028 0.139603 0.135784
v 0.510479 0.139625 0.165986
v 0.512260 0.140394 -0.189723
v 0.517089 0.140157 0.047259
v 0.193871 0.214064 -0.072742
v 0.516612 0.139131 -0.170098
v 0.086759 0.207628 -0.220974
v 0.392026 0.182280 -0.023594
v 0.398549 0.180227 -0.038117
v 0.399095 0.180224 -0.007904
v 0.396413 0.181056 -0.058010
v 0.111643 0.207996 0.189977
v 0.522502 0.137195 0.026193
v 0.524503 0.132076 0.160703
v 0.102542 0.203372 0.212024
v 0.519838 0.138640 -0.053482
v 0.537472 0.129903 -0.004061
v 0.537664 0.129065 -0.091168
v 0.520058 0.137143 -0.139695
v 0.537436 0.127792 -0.152421
v 0.524905 0.132648 -0.187224
v 0.538284 0.125717 -0.182974
v 0.522811 0.134663 0.124507
v 0.538251 0.128212 0.066921
v 0.539854 0.125727 0.124987
v 0.539151 0.124347 0.159169
v 0.478022 0.150712 0.172043
v 0.449614 0.158440 0.178639
v 0.268518 0.197402 0.206191
v 0.150879 0.209697 -0.226869
v 0.540546 0.127731 -0.014069
v 0.082288 0.205764 -0.225357
v 0.141543 0.206010 -0.227682
v 0.166521 0.210376 -0.227597
v 0.184259 0.214228 0.088520
v 0.190922 0.214866 0.044868
v 0.176319 0.213256 0.116993
v 0.190389 0.216875 0.014794
v 0.171109 0.214021 0.101748
v 0.179048 0.214949 0.069533
v 0.183005 0.216860 0.017160
v 0.188363 0.218261 -0.033890
v 0.182350 0.219045 -0.028212
v 0.191131 0.217578 -0.042704
v 0.162199 0.213949 0.120967
v 0.153890 0.213442 0.138589
v 0.154797 0.212297 0.152989
v 0.166819 0.211760 0.140079
v 0.136509 0.212588 0.162405
v 0.132751 0.210779 0.177267
v 0.117961 0.212131 0.181075
v 0.177257 0.216812 0.051654
v 0.170221 0.216904 0.085113
v 0.146897 0.210279 0.167795
v 0.180103 0.218819 0.008070
v 0.193093 0.215898 -0.001959
v 0.156642 0.220216 0.104309
v 0.185714 0.221161 -0.039938
v 0.174362 0.224700 -0.035018
v 0.153788 0.229943 0.065665
v 0.183737 0.221071 -0.046934
v 0.182851 0.221007 -0.059485
v 0.189474 0.218062 -0.070015
v 0.178890 0.222978 -0.079672
v 0.189353 0.219324 -0.082192
v 0.178739 0.220876 -0.091477
v 0.185690 0.216994 -0.110782
v 0.169517 0.224790 -0.093043
v 0.167159 0.220983 -0.118778
v 0.175195 0.220962 -0.108587
v 0.180990 0.219618 -0.105207
v 0.181490 0.221757 -0.115662
v 0.174506 0.224450 -0.127291
v 0.180474 0.221674 -0.125426
v 0.162297 0.230954 -0.082143
v 0.146309 0.226262 0.103510
v 0.148517 0.219151 0.125304
v 0.141739 0.214866 0.150261
v 0.125826 0.238213 0.098284
v 0.122738 0.241880 0.087676
v 0.111325 0.245617 0.101183
v 0.103208 0.257001 0.056704
v 0.127105 0.245206 0.061691
v 0.107876 0.256257 0.045629
v 0.135090 0.245098 0.039109
v 0.127203 0.250348 0.021759
v 0.109274 0.257699 0.021276
v 0.129529 0.250405 -0.005806
v 0.110926 0.258046 -0.009760
v 0.117269 0.256022 -0.043201
v 0.101287 0.263313 -0.039981
v 0.105036 0.261123 -0.061071
v 0.129063 0.250709 -0.060964
v 0.138867 0.246468 -0.042904
v 0.105075 0.258832 -0.094745
v 0.140091 0.245330 -0.008094
v 0.135400 0.245291 -0.088694
v 0.139456 0.244038 0.024757
v 0.098094 0.263499 0.014794
v 0.096861 0.265335 -0.016930
v 0.086453 0.271038 -0.041792
v 0.095307 0.262769 0.045438
v 0.085410 0.270463 -0.072283
v 0.085306 0.268734 -0.094237
v 0.145446 0.242192 -0.065330
v 0.122264 0.246493 -0.120195
v 0.104790 0.252662 -0.132796
v 0.088938 0.261704 -0.123067
v 0.088223 0.258583 -0.136758
v 0.155223 0.237399 -0.044681
v 0.155508 0.236613 -0.015828
v 0.142294 0.236972 0.064528
v 0.058643 0.285342 -0.065031
v 0.058212 0.286511 -0.039693
v 0.039617 0.294183 -0.073841
v 0.036236 0.296565 -0.044181
v 0.037222 0.293403 -0.099222
v 0.020455 0.298947 -0.135764
v 0.052513 0.289551 0.009596
v 0.040774 0.294812 0.007471
v 0.032329 0.297894 0.009155
v 0.058855 0.284625 0.057545
v 0.053296 0.285722 0.082451
v 0.036200 0.292748 0.100075
v 0.068387 0.281375 -0.012333
v 0.067003 0.281731 0.018396
v 0.080622 0.272730 0.033443
v 0.081663 0.269637 0.061049
v 0.054180 0.283109 0.098464
v 0.057221 0.281118 -0.110202
v 0.038424 0.290546 -0.112220
v 0.099673 0.253743 0.094932
v 0.091764 0.256233 0.111891
v 0.153512 0.234727 -0.091001
v 0.136307 0.238224 -0.122034
v 0.164640 0.231536 -0.052951
v 0.032501 0.293992 -0.118018
v 0.158176 0.233284 0.013598
v 0.158725 0.230630 0.040672
v 0.070586 0.274718 0.088570
v 0.130827 0.229931 0.121219
v 0.111063 0.241359 0.121789
v 0.046769 0.280311 -0.132734
v 0.054189 0.280510 0.109145
v 0.152062 0.231426 -0.109548
v 0.120674 0.243417 -0.135227
v 0.164342 0.219446 -0.129540
v 0.045044 0.283096 0.116051
v 0.146223 0.227136 -0.137862
v 0.039572 0.286559 -0.137111
v 0.071735 0.269543 0.110895
v 0.124346 0.224647 0.149786
v 0.102535 0.240603 0.140292
v 0.054370 0.273160 -0.143116
v 0.035766 0.291554 0.113854
v 0.031293 0.292797 0.121693
v 0.083248 0.257317 0.127976
v 0.054762 0.271551 0.130808
v 0.170900 0.230376 -0.078906
v 0.051923 0.273901 0.142294
v 0.037509 0.284041 0.140836
v 0.064399 0.260019 0.144909
v 0.082064 0.250432 0.144605
v 0.112558 0.241487 -0.151256
v 0.095021 0.249240 -0.151473
v 0.153884 0.218372 -0.150147
v 0.171060 0.217651 -0.137278
v 0.150567 0.216971 -0.168602
v 0.134672 0.219127 -0.173132
v 0.137417 0.217012 -0.182656
v 0.122774 0.218455 -0.183444
v 0.108401 0.214573 -0.201660
v 0.126634 0.229630 -0.159327
v 0.053562 0.270801 0.149171
v 0.110437 0.227729 0.159306
v 0.105196 0.224514 0.170411
v 0.065176 0.262129 -0.155262
v 0.099532 0.235806 -0.174475
v 0.388245 0.177554 -0.210804
v 0.082978 0.242633 -0.175670
v 0.176283 0.221419 -0.131403
v 0.260111 0.200760 -0.223720
v 0.085664 0.237633 0.164653
v 0.070476 0.252259 0.166415
v 0.086913 0.235645 0.179236
v 0.098427 0.221548 -0.199938
v 0.097091 0.225944 -0.191276
v 0.169639 0.230612 -0.068839
v 0.543607 0.120191 0.158449
v 0.062542 0.250025 0.175629
v 0.040122 0.271255 0.159695
v 0.102237 0.214004 0.198568
v 0.091179 0.223435 0.194190
v 0.526973 0.128277 0.164318
v 0.540059 0.121393 0.163452
v 0.107402 0.214754 0.181957
v 0.097223 0.223858 0.186472
v 0.505247 0.138417 0.169792
v 0.542784 0.125136 -0.015486
v 0.074308 0.229735 0.194805
v 0.508557 0.139032 -0.193909
v 0.041226 0.266418 0.164510
v 0.181680 0.225782 -0.050406
v 0.029047 0.064816 0.003490
v 0.055851 0.066781 -0.009736
v 0.040922 0.065571 0.015329
v 0.054621 0.066751 0.014311
v 0.039393 0.067222 -0.011971
v 0.030625 0.065136 0.022537
v 0.015980 0.063765 0.010005
v 0.004670 0.063166 0.015801
v 0.016460 0.062984 0.035082
v -0.000985 0.061783 0.031039
v 0.027546 0.063720 0.047537
v 0.042356 0.063871 0.049520
v 0.055316 0.064311 0.050464
v 0.017824 0.061726 0.052409
v -0.004258 0.061068 0.050436
v 0.014768 0.065927 -0.010450
v 0.015846 0.064615 -0.002607
v -0.019863 0.062438 0.014875
v -0.008260 0.062985 0.011585
v -0.046468 0.062273 0.046507
v -0.042674 0.062579 0.025818
v -0.028470 0.062967 0.012371
v -0.060987 0.062178 0.029828
v -0.045501 0.064262 0.012567
v -0.034933 0.064075 0.004463
v -0.058544 0.065238 0.011513
v -0.049156 0.061235 0.051526
v -0.056219 0.065700 -0.006162
v -0.027411 0.064294 -0.000134
v -0.077514 0.063521 0.008534
v -0.083555 0.064812 -0.006991
v -0.082205 0.066675 -0.023037
v -0.067161 0.066417 -0.021172
v -0.097372 0.064047 0.001808
v -0.095470 0.064940 -0.019134
v -0.042500 0.066706 -0.013414
v -0.100607 0.060908 0.026029
v -0.081078 0.061496 0.022514
v -0.074470 0.061131 0.049331
v -0.097913 0.060704 0.049658
v -0.000361 0.065390 -0.008946
v -0.004085 0.063656 -0.000715
v -0.021111 0.066561 -0.006047
v -0.104363 0.059580 0.050620
v -0.014366 0.064373 -0.002626
v 0.019084 0.063127 0.005372
v 0.064155 0.066004 -0.014159
v 0.091707 0.067502 -0.005010
v 0.084477 0.066557 0.006998
v -0.101974 0.063532 -0.019362
v 0.075160 0.063038 0.014658
v 0.063333 0.062393 0.050391
v 0.090868 0.064130 0.020781
v 0.065284 0.062152 0.020430
v 0.070028 0.062023 0.050183
v 0.090600 0.063667 0.050733
v 0.105913 0.065118 0.022759
v 0.111210 0.066194 0.035482
v 0.114493 0.066190 0.050296
v 0.129184 0.067664 0.044710
v 0.128409 0.066605 0.027977
v 0.142774 0.067847 0.035345
v 0.142282 0.068073 0.026050
v 0.126980 0.066640 0.022350
v 0.156144 0.067744 0.033628
v 0.157380 0.069396 0.022673
v 0.151196 0.071134 0.011417
v 0.167060 0.070005 0.028175
v 0.157282 0.069811 0.046425
v 0.170899 0.070559 0.050143
v 0.174211 0.071911 0.044511
v 0.122990 0.068345 0.017380
v 0.133102 0.070206 0.008196
v 0.128453 0.069498 -0.004083
v 0.150485 0.070113 -0.002492
v 0.120698 0.070447 0.009319
v 0.161896 0.071967 0.005786
v 0.161306 0.071733 -0.004110
v 0.177119 0.071571 -0.003221
v 0.181825 0.072420 0.010309
v 0.191884 0.073357 0.004634
v 0.168719 0.069984 0.035691
v 0.181436 0.069365 0.031211
v 0.183085 0.070889 0.017550
v 0.190877 0.071374 0.027182
v 0.205435 0.071874 0.021117
v 0.207343 0.072134 0.011227
v 0.218897 0.071683 0.026807
v 0.219984 0.071500 -0.007315
v 0.211272 0.071141 -0.008281
v 0.197115 0.072303 0.039344
v 0.187197 0.071883 0.041237
v 0.205508 0.072456 0.045097
v 0.207051 0.073575 0.035916
v 0.191199 0.072434 -0.003194
v 0.112073 0.068697 -0.001696
v 0.112236 0.069402 0.008496
v 0.094146 0.068907 0.002295
v 0.093508 0.068513 0.009755
v 0.218842 0.070426 0.049824
v 0.168458 0.073641 0.014308
v 0.220025 0.071242 0.038852
v 0.114041 0.067640 0.015711
v 0.066984 0.060811 0.053872
v 0.222633 0.070935 0.017707
v -0.021535 0.067977 -0.010501
v -0.022858 0.067703 -0.015036
v -0.044819 0.065612 -0.019234
v 0.059395 0.061632 0.053974
v -0.099740 0.063015 -0.023806
v 0.104756 0.063352 0.053842
v -0.097369 0.058782 0.052961
v 0.041527 0.066409 -0.015424
v 0.054167 0.065592 -0.013588
v 0.111725 0.063793 0.021682
v 0.159873 0.070170 -0.008466
v 0.104152 0.065551 -0.007829
v 0.156963 0.067602 0.054033
v -0.006228 0.060449 0.004556
v 0.007238 0.061616 0.012197
v -0.051526 0.062175 -0.027198
v -0.001005 0.063734 -0.012719
v 0.017762 0.063994 -0.014955
v -0.023161 0.059099 0.007510
v -0.016505 0.058184 0.007618
v -0.019074 0.058201 0.003552
v -0.105623 0.060637 -0.021780
v 0.067987 0.063602 0.004498
v -0.082315 0.062968 -0.026387
v -0.066382 0.059817 -0.027729
v 0.062466 0.058414 0.014904
v 0.122423 0.060858 0.026934
v 0.120067 0.060911 0.020725
v 0.007970 0.056262 0.007579
v 0.013986 0.058699 0.007450
v -0.105454 0.054994 -0.026865
v 0.017414 0.063542 0.001424
v 0.014503 0.058583 0.003755
v 0.008201 0.056322 0.003473
v 0.009537 0.063534 -0.001039
v -0.120932 0.161063 -0.230681
v -0.121055 0.173259 -0.229540
v -0.113355 0.168326 -0.232536
v -0.116271 0.174729 -0.232637
v -0.111068 0.173111 -0.234824
v -0.115863 0.159591 -0.235440
v -0.109011 0.159423 -0.236018
v -0.224996 0.088920 0.194731
v -0.214577 0.082317 0.207218
v -0.224105 0.096330 0.212506
v -0.234358 0.102683 0.196389
v -0.217783 0.076291 0.191096
v -0.210548 0.075086 0.205119
v -0.211387 0.089833 0.223103
v -0.204056 0.074423 0.215139
v -0.236143 0.098761 0.189646
v -0.227107 0.086088 0.189965
v -0.233764 0.111173 0.223996
v -0.233206 0.104389 0.210196
v -0.238904 0.108536 0.210347
v -0.240908 0.115066 0.220899
v -0.257193 0.135117 0.228092
v -0.223311 0.076662 0.186500
v -0.224329 0.068398 0.173118
v -0.211557 0.064201 0.195972
v -0.205455 0.058862 0.200729
v -0.194414 0.055320 0.208360
v -0.223289 0.065194 0.163568
v -0.205492 0.053068 0.197580
v -0.221803 0.061727 0.163466
v -0.275873 0.151730 0.231462
v -0.288096 0.163685 0.234704
v -0.198770 0.073767 0.217903
v -0.239284 0.080301 0.182553
v -0.238113 0.084536 0.185151
v -0.244590 0.113174 0.215840
v -0.243844 0.108449 0.207083
v -0.145619 0.048277 0.148208
v -0.128929 0.047280 0.147630
v -0.142293 0.038629 0.153423
v -0.154393 0.033528 0.152591
v -0.127263 0.039458 0.150432
v -0.126483 0.035784 0.153652
v 0.074414 0.063134 0.010342
v 0.068249 0.065056 -0.000158
v 0.062678 0.063732 0.005748
v -0.435714 0.064659 -0.062450
v -0.435953 0.073523 -0.066431
v 0.120853 0.065698 0.031648
v 0.118064 0.060646 0.028759
v 0.111870 0.065401 0.029573
v 0.116199 0.058966 0.023072
v -0.156266 0.038406 0.104769
v -0.179901 0.040342 0.106949
v -0.174261 0.048060 0.107432
v -0.145426 0.049463 0.104699
v -0.145430 0.040824 0.103206
v -0.176929 0.036131 0.107747
v -0.140538 0.048715 0.106674
v -0.219267 0.042724 0.105968
v -0.237244 0.101755 -0.204579
v -0.228940 0.084319 -0.187302
v -0.236258 0.090728 -0.187822
v -0.228968 0.092639 -0.205403
v -0.231156 0.103944 -0.224983
v -0.240955 0.109248 -0.215477
v -0.233926 0.109931 -0.228744
v -0.224187 0.086938 -0.207591
v -0.219093 0.089605 -0.223177
v -0.221132 0.075694 -0.195790
v -0.217777 0.073054 -0.202156
v -0.213316 0.078702 -0.221250
v -0.210789 0.071346 -0.212282
v -0.222104 0.073185 -0.182829
v -0.224220 0.071241 -0.177300
v -0.243614 0.120780 -0.233162
v -0.282219 0.156577 -0.237053
v -0.306468 0.165240 -0.233203
v -0.242178 0.106130 -0.209792
v -0.316313 0.170688 -0.236729
v -0.231579 0.076815 -0.178815
v -0.324957 0.168639 -0.231804
v -0.228362 0.058380 -0.163878
v -0.226919 0.054459 -0.160125
v -0.228473 0.058113 -0.156718
v -0.240676 0.087040 -0.185681
v -0.227474 0.061101 -0.150283
v -0.236128 0.072040 -0.177212
v 0.058748 0.063202 0.013369
v 0.062540 0.058762 0.010421
v 0.059833 0.065927 0.003938
v 0.058000 0.065003 0.016848
v 0.066737 0.057088 0.012134
v 0.177860 0.059471 -0.034139
v 0.180073 0.059667 -0.064917
v 0.179079 0.059927 -0.059174
v -0.159847 0.033042 0.146087
v -0.468114 0.113191 0.214431
v 0.226787 0.052132 -0.032434
v 0.225957 0.054698 0.016033
v 0.224438 0.067607 0.014930
v 0.224475 0.058642 -0.019421
v 0.223220 0.067960 0.027681
v 0.223650 0.067066 0.049951
v 0.226413 0.052753 0.049443
v 0.222637 0.060605 -0.031609
v 0.228977 0.047718 0.052815
v 0.225417 0.056758 -0.045545
v 0.223278 0.067782 -0.045386
v 0.224169 0.066035 -0.060806
v 0.229007 0.047654 -0.066435
v 0.224489 0.055052 0.053798
v 0.220680 0.070435 -0.061936
v 0.220192 0.070752 -0.046901
v 0.220193 0.066673 0.053738
v -0.413452 0.040099 -0.196817
v -0.412462 0.037927 -0.141616
v -0.419439 0.049904 -0.165005
v -0.408267 0.032609 -0.181010
v -0.418695 0.049571 -0.207219
v -0.419626 0.050629 -0.126141
v -0.423641 0.059730 -0.196652
v -0.423700 0.059102 -0.160702
v -0.414325 0.042296 -0.118675
v -0.405899 0.030170 -0.123409
v -0.397855 0.021558 -0.127222
v -0.397019 0.020835 -0.174775
v -0.412783 0.040950 -0.217430
v -0.407412 0.033025 -0.211867
v -0.407029 0.034845 -0.222335
v -0.399234 0.024193 -0.211536
v -0.397292 0.025024 -0.224831
v -0.398328 0.023212 -0.117800
v -0.409504 0.037679 -0.114171
v -0.422390 0.059789 -0.221064
v -0.419117 0.054590 -0.112758
v -0.424785 0.064306 -0.121122
v -0.426991 0.068975 -0.161001
v -0.427010 0.070025 -0.190457
v -0.426540 0.071427 -0.215740
v -0.411144 0.043504 -0.227540
v -0.429595 0.080683 -0.153938
v -0.427503 0.073052 -0.126031
v -0.428551 0.077791 -0.188542
v -0.425800 0.076270 -0.111816
v -0.429692 0.076778 -0.126336
v -0.429145 0.075889 -0.133449
v -0.432481 0.082922 -0.148178
v -0.431779 0.090898 -0.168573
v -0.430312 0.093731 -0.188602
v -0.432774 0.096214 -0.183794
v -0.429413 0.099777 -0.201494
v -0.431537 0.106225 -0.207961
v -0.427636 0.080767 -0.220449
v -0.428710 0.086771 -0.204048
v -0.427996 0.094821 -0.220805
v -0.425172 0.084777 -0.227195
v -0.399710 0.027100 -0.113330
v -0.429119 0.113743 -0.216819
v -0.385217 0.013394 -0.206863
v -0.388215 0.017795 -0.223711
v -0.386214 0.012746 -0.125975
v -0.385839 0.012473 -0.169430
v -0.386325 0.014958 -0.115344
v -0.381282 0.012537 -0.218730
v -0.397729 0.031929 -0.231301
v -0.371022 0.005360 -0.135722
v -0.373474 0.007673 -0.206638
v -0.386957 0.019861 -0.110582
v -0.223733 0.061277 -0.223081
v -0.217226 0.066188 -0.206134
v -0.201646 0.062345 -0.223264
v -0.220495 0.066011 -0.192573
v 0.293129 0.047747 0.172041
v 0.299305 0.055826 0.181445
v 0.299692 0.056308 0.203900
v 0.291887 0.045522 0.201836
v 0.306402 0.070732 0.207010
v 0.308261 0.073606 0.184381
v 0.292443 0.049344 0.210758
v 0.287484 0.041961 0.163708
v 0.279062 0.034276 0.197396
v 0.293698 0.050536 0.143002
v 0.301897 0.063183 0.141545
v 0.281933 0.038903 0.139891
v 0.292600 0.052883 0.131560
v 0.281198 0.040603 0.131645
v 0.301011 0.064297 0.133312
v 0.278182 0.034436 0.154859
v 0.281614 0.038331 0.210200
v 0.274187 0.033591 0.137207
v 0.307189 0.066710 0.172778
v 0.274476 0.032558 0.205639
v 0.270188 0.029643 0.167697
v 0.267826 0.029384 0.141928
v 0.265715 0.027954 0.203197
v 0.259396 0.025335 0.179251
v 0.265773 0.030487 0.210871
v 0.254702 0.025011 0.145610
v 0.254675 0.026241 0.208544
v 0.309783 0.085235 0.204942
v 0.296957 0.065359 0.126405
v 0.311795 0.096266 0.200915
v 0.307805 0.088684 0.211003
v 0.282600 0.046661 0.127580
v 0.311620 0.107872 0.205052
v 0.315388 0.106287 0.198062
v 0.190971 0.228999 -0.049647
v 0.188941 0.231121 -0.046053
v 0.195683 0.228536 -0.044174
v 0.195107 0.225239 -0.047331
v 0.177075 0.228033 -0.050576
v 0.175946 0.228727 -0.048211
v 0.174676 0.224482 -0.064899
v 0.176896 0.228227 -0.044179
v 0.170063 0.227893 -0.041539
v 0.170453 0.231019 -0.057657
v 0.163051 0.232094 -0.064856
v 0.191111 0.147458 0.220826
v 0.204630 0.150360 0.215256
v 0.214617 0.158113 0.221198
v -0.123955 0.045323 0.166432
v -0.118839 0.038025 0.163682
v -0.138178 0.039860 0.166564
v -0.133537 0.045625 0.167878
v -0.112937 0.047293 0.166026
v -0.143043 0.036020 0.167404
v -0.141057 0.035807 0.162431
v -0.102066 0.045651 0.153931
v -0.106614 0.039032 0.154826
v -0.069774 0.047546 0.146056
v -0.076521 0.041188 0.145045
v -0.114748 0.045473 0.163390
v -0.071509 0.041093 0.140846
v -0.111134 0.035868 0.152257
v -0.121300 0.034316 0.159243
v -0.064400 0.047482 0.137344
v 0.166007 0.082624 0.203772
v 0.176670 0.063745 0.211318
v 0.172139 0.075201 0.211052
v 0.169908 0.069123 0.202070
v 0.172824 0.084303 0.215051
v 0.166170 0.096569 0.206725
v 0.180137 0.064818 0.215436
v 0.171005 0.101658 0.213302
v 0.169827 0.113436 0.210018
v 0.190148 0.050234 0.215449
v 0.190088 0.045290 0.211480
v 0.175984 0.104948 0.216465
v 0.185596 0.066836 0.218479
v 0.179119 0.088170 0.218372
v 0.202907 0.037868 0.214900
v 0.178273 0.128468 0.212894
v 0.193063 0.040364 0.206830
v 0.224651 0.156309 0.215674
v 0.242217 0.161233 0.219527
v 0.245196 0.157601 0.215298
v 0.248142 0.163818 0.220554
v 0.264619 0.157363 0.218924
v 0.260609 0.154357 0.214522
v 0.279655 0.146860 0.212917
v 0.278723 0.152198 0.218113
v 0.219524 0.163950 0.221795
v 0.194343 0.153533 0.221766
v 0.174623 0.133165 0.218744
v 0.274024 0.159155 0.218182
v 0.292799 0.148284 0.216194
v 0.293215 0.142935 0.216014
v 0.300572 0.140258 0.215498
v 0.300984 0.133566 0.214239
v 0.309551 0.130917 0.212974
v 0.247581 0.150084 0.217324
v 0.260665 0.142967 0.217782
v 0.228715 0.148369 0.218290
v 0.215725 0.139253 0.219094
v 0.257248 0.134491 0.217814
v 0.276273 0.123851 0.217373
v 0.276741 0.138337 0.216265
v 0.294604 0.110876 0.216401
v 0.291660 0.097920 0.217231
v 0.283223 0.096832 0.216765
v 0.285559 0.084829 0.217371
v 0.213063 0.145058 0.218090
v 0.285250 0.063391 0.217950
v 0.301650 0.088697 0.215373
v 0.278149 0.071845 0.217315
v 0.267620 0.061921 0.217203
v 0.291374 0.129019 0.214438
v 0.195929 0.133102 0.218508
v 0.202163 0.125887 0.219769
v 0.210926 0.126508 0.218763
v 0.231279 0.135412 0.217929
v 0.200681 0.110129 0.218539
v 0.189260 0.117105 0.219648
v 0.192901 0.098288 0.219571
v 0.186843 0.083744 0.219764
v 0.195711 0.075604 0.219816
v 0.200063 0.059446 0.219725
v 0.209491 0.062022 0.218778
v 0.226250 0.053201 0.218362
v 0.212925 0.048864 0.219615
v 0.197336 0.093756 0.218554
v 0.242815 0.052494 0.217553
v 0.198269 0.049825 0.218309
v 0.212702 0.040075 0.218295
v 0.235433 0.036743 0.218509
v 0.252405 0.047348 0.218726
v 0.263975 0.042492 0.218198
v 0.202080 0.073912 0.218416
v 0.254752 0.055696 0.216986
v 0.283891 0.047668 0.215438
v 0.293556 0.059490 0.215318
v 0.243001 0.032130 0.216632
v 0.266377 0.124236 0.216244
v 0.253202 0.130087 0.216079
v 0.275218 0.113698 0.216066
v 0.301197 0.114567 0.213802
v 0.197184 0.144447 0.214923
v 0.187846 0.140930 0.214392
v 0.171538 0.124216 0.212359
v 0.165036 0.108095 0.208326
v 0.162997 0.094000 0.206010
v 0.162887 0.073133 0.201569
v 0.171567 0.060751 0.200843
v 0.276687 0.083989 0.214772
v 0.182899 0.121439 0.216781
v 0.265833 0.035003 0.215405
v 0.237355 0.131240 0.216028
v 0.256847 0.165005 0.218833
v 0.229190 0.128376 0.215224
v 0.236957 0.167049 0.219778
v 0.302489 0.072361 0.213124
v 0.269416 0.072035 0.213473
v 0.275281 0.096552 0.212999
v 0.271390 0.108696 0.212883
v 0.202898 0.090117 0.215544
v 0.266722 0.117527 0.213599
v 0.256636 0.125766 0.213854
v 0.225732 0.059753 0.215158
v 0.211567 0.067977 0.215730
v 0.306947 0.100782 0.211828
v 0.205365 0.078000 0.215805
v 0.219846 0.124011 0.215329
v 0.212426 0.118235 0.215585
v 0.204752 0.104340 0.215115
v 0.298925 0.129441 0.210755
v 0.291538 0.139245 0.211756
v 0.167638 0.060818 0.202699
v 0.166120 0.056625 0.203455
v 0.305506 0.124305 0.208623
v 0.313181 0.123030 0.211369
v 0.258845 0.062583 0.213561
v 0.240859 0.127650 0.212512
v 0.231048 0.026882 0.212642
v 0.245968 0.058497 0.213399
v 0.314297 0.114726 0.207535
v 0.308771 0.112983 0.208568
v 0.248523 0.027423 0.212674
v 0.235848 0.058626 0.213401
v 0.202934 0.163035 0.217902
v 0.298735 0.059601 0.211276
v 0.269281 0.081282 0.207475
v 0.266413 0.108511 0.207097
v 0.263477 0.072545 0.206898
v 0.253015 0.064527 0.206822
v 0.239173 0.063510 0.205607
v 0.227636 0.065145 0.207216
v -0.295316 0.052932 0.239710
v -0.309018 0.034170 0.240626
v -0.287489 0.063615 0.239856
v -0.294556 0.066500 0.236626
v -0.308177 0.044194 0.239350
v -0.306952 0.052754 0.236264
v -0.316943 0.046809 0.235929
v -0.276723 0.070330 0.240576
v -0.283680 0.046421 0.240468
v -0.322645 0.037928 0.239471
v -0.341183 0.029612 0.240340
v -0.343266 0.036905 0.238942
v -0.328224 0.022572 0.240311
v -0.309024 0.022247 0.239724
v -0.355750 0.025719 0.240548
v -0.362398 0.041668 0.239685
v -0.278891 0.090552 0.240028
v -0.264429 0.073218 0.239321
v -0.272072 0.048729 0.238928
v -0.291068 0.028697 0.238759
v -0.374956 0.050453 0.239879
v -0.276374 0.109527 0.239948
v -0.269546 0.111445 0.239264
v -0.286277 0.118908 0.239865
v -0.292039 0.132240 0.240026
v -0.284190 0.136569 0.238785
v -0.307764 0.140980 0.239826
v -0.307026 0.151002 0.238784
v -0.327076 0.015281 0.238941
v -0.338827 0.155851 0.238903
v -0.328430 0.144989 0.239671
v -0.356027 0.151219 0.239450
v -0.355332 0.142385 0.239536
v -0.310977 0.134391 0.238795
v -0.379823 0.128641 0.240598
v -0.378970 0.144438 0.239212
v -0.391639 0.124441 0.240713
v -0.292454 0.119521 0.238966
v -0.358018 0.015421 0.238262
v -0.393458 0.105802 0.240480
v -0.403034 0.071872 0.240082
v -0.391339 0.064691 0.240677
v -0.411032 0.096164 0.237929
v -0.382538 0.041894 0.240581
v -0.381699 0.030791 0.239403
v -0.397760 0.048579 0.239082
v -0.383910 0.112468 0.239545
v -0.391906 0.090832 0.240028
v -0.368947 0.128649 0.239016
v -0.347287 0.135464 0.237400
v -0.284743 0.090907 0.238691
v -0.397681 0.130054 0.238708
v -0.381636 0.063363 0.238978
v -0.387461 0.080601 0.238948
v -0.387012 0.100496 0.239032
v -0.365542 0.157856 0.236922
v -0.259180 0.108193 0.236532
v -0.272366 0.135577 0.236092
v -0.320389 0.164017 0.235685
v -0.256638 0.091740 0.236371
v -0.329846 0.136251 0.237146
v -0.341219 0.164329 0.236051
v -0.412699 0.076629 0.237203
v -0.289218 0.152027 0.235434
v -0.258219 0.064248 0.236417
v -0.411195 0.061500 0.236425
v -0.409701 0.112587 0.236559
v -0.376813 0.020324 0.236769
v -0.386559 0.148301 0.236158
v -0.347159 0.009751 0.236353
v -0.398319 0.038250 0.236327
v -0.271754 0.038813 0.236079
v -0.290406 0.083933 0.236249
v -0.290832 0.099108 0.236345
v -0.297096 0.113746 0.236100
v -0.306526 0.124433 0.236051
v -0.319208 0.131102 0.235515
v -0.388909 0.027682 0.235974
v -0.324697 0.009826 0.236147
v -0.261940 0.126219 0.233573
v -0.331720 0.041940 0.236112
v -0.349258 0.042691 0.236501
v -0.361479 0.048211 0.236509
v -0.374950 0.060188 0.236798
v -0.380503 0.071459 0.236623
v -0.383332 0.085162 0.236556
v -0.382221 0.099701 0.236226
v -0.373117 0.116655 0.236415
v -0.361688 0.126524 0.236024
v -0.348904 0.131152 0.234479
v -0.312751 0.168631 0.231509
v -0.332633 0.172635 0.230807
v -0.336012 0.132958 0.234477
v -0.352080 0.169478 0.231429
v -0.355831 0.175339 0.230465
v -0.368509 0.171767 0.231435
v -0.377375 0.161257 0.231118
v -0.393788 0.157549 0.232040
v -0.335816 0.177719 0.228722
v -0.389531 0.154234 0.230199
v -0.385740 0.166059 0.230271
v -0.401730 0.143431 0.228414
v -0.414457 0.138052 0.229475
v -0.424084 0.132641 0.228737
v -0.404942 0.152801 0.230174
v -0.424725 0.124075 0.226939
v -0.444353 0.109061 0.222049
v -0.437250 0.110366 0.222362
v -0.436726 0.120265 0.224411
v -0.452436 0.113904 0.217416
v -0.447478 0.103931 0.219746
v -0.402446 0.136758 0.233568
v -0.412442 0.120974 0.232568
v -0.417727 0.081024 0.233819
v -0.322209 0.179784 0.223774
v -0.321348 0.173501 0.226628
v -0.309790 0.175437 0.231375
v -0.417131 0.099764 0.233331
v -0.433306 0.133925 0.221139
v -0.364632 0.010482 0.233569
v -0.263070 0.046067 0.233360
v -0.255951 0.118899 0.231506
v -0.410538 0.135870 0.226728
v -0.412006 0.128963 0.226417
v -0.418184 0.118750 0.221552
v -0.257096 0.058557 0.233696
v -0.251868 0.107674 0.230923
v -0.399612 0.031071 0.231024
v -0.417444 0.148862 0.223135
v -0.249788 0.073854 0.230202
v -0.386491 0.019199 0.230727
v -0.371586 0.010775 0.230683
v -0.331429 0.182627 0.222469
v -0.401435 0.162495 0.223214
v -0.375086 0.074622 0.229813
v -0.377017 0.086908 0.229889
v -0.376231 0.097961 0.229715
v -0.370547 0.086214 0.225487
v -0.364440 0.072183 0.224831
v -0.366310 0.096769 0.223927
v -0.357610 0.089455 0.224798
v -0.346604 0.108008 0.225222
v -0.356500 0.070279 0.224279
v -0.359031 0.109166 0.223339
v -0.357130 0.058835 0.225867
v -0.344063 0.054894 0.225468
v -0.346787 0.069411 0.225242
v -0.334899 0.060338 0.225849
v -0.329037 0.070373 0.225441
v -0.320685 0.059018 0.224507
v -0.310925 0.080667 0.224857
v -0.303215 0.078843 0.225864
v -0.308999 0.066238 0.225800
v -0.304253 0.093772 0.224699
v -0.309663 0.098574 0.223631
v -0.329762 0.054539 0.225023
v -0.334517 0.086532 0.227726
v -0.349240 0.086310 0.227693
v -0.336164 0.109929 0.225232
v -0.318910 0.103790 0.225246
v -0.312582 0.110208 0.223180
v -0.323833 0.115793 0.222616
v -0.348525 0.116280 0.223137
v -0.337051 0.120954 0.224307
v -0.370467 0.064154 0.229755
v -0.295568 0.097085 0.229848
v -0.308817 0.057764 0.229597
v -0.345809 0.046903 0.230061
v -0.295128 0.082564 0.230450
v -0.299344 0.070656 0.230046
v -0.300174 0.108419 0.229660
v -0.331678 0.046805 0.229870
v -0.320688 0.049640 0.229878
v -0.326186 0.128501 0.229944
v -0.371427 0.108710 0.229697
v -0.349894 0.126778 0.229440
v -0.315119 0.123840 0.229775
v -0.361988 0.120278 0.229737
v -0.360681 0.053661 0.229975
v -0.339384 0.129238 0.229675
v -0.307302 0.117888 0.229515
v -0.385726 0.171980 0.223105
v -0.353539 0.181302 0.222783
v -0.371318 0.177560 0.222759
v 0.159395 0.114885 0.218504
v 0.159151 0.096399 0.213172
v 0.154633 0.092601 0.215684
v 0.163517 0.125565 0.220186
v 0.149300 0.100454 0.218413
v 0.157872 0.069204 0.209591
v 0.151148 0.066960 0.211004
v 0.148782 0.093653 0.216562
v 0.150186 0.105414 0.218356
v 0.140275 0.065748 0.210583
v 0.158070 0.057135 0.210627
v 0.161142 0.060928 0.209652
v 0.177848 0.143313 0.221064
v 0.140035 0.095737 0.216211
v 0.115589 0.079886 0.214575
v 0.073862 0.064519 0.211768
v 0.083125 0.081897 0.215777
v 0.053656 0.074863 0.215193
v 0.136763 0.056513 0.211237
v -0.006074 0.086696 0.219340
v 0.003484 0.095758 0.220485
v -0.019572 0.073723 0.217000
v -0.043986 0.063362 0.214332
v -0.043379 0.059647 0.213735
v 0.049692 0.056338 0.212995
v -0.111101 0.059130 0.213843
v -0.108334 0.072568 0.217674
v -0.108600 0.085989 0.220627
v -0.108526 0.094548 0.221837
v -0.115507 0.071713 0.216671
v -0.114345 0.094273 0.220930
v -0.121483 0.086266 0.219989
v -0.185784 0.094557 0.221951
v -0.193750 0.084009 0.220277
v -0.200157 0.096680 0.223723
v -0.188051 0.059311 0.212829
v -0.186397 0.055804 0.212532
v -0.199570 0.064789 0.212120
v -0.109558 0.099998 0.223978
v -0.202733 0.099623 0.224431
v -0.170978 0.101748 0.224466
v -0.018657 0.052707 0.213929
v -0.105073 0.050555 0.215303
v -0.185497 0.051987 0.213002
v -0.206120 0.089198 0.224636
v -0.143907 0.049027 0.215089
v -0.138621 0.046584 0.214290
v 0.025945 0.100635 0.222226
v -0.106146 0.104038 0.223977
v 0.022444 0.103843 0.222153
v -0.191338 0.049964 0.213976
v 0.155109 0.125436 0.217756
v 0.148719 0.158797 0.217886
v 0.168163 0.148431 0.217019
v 0.189863 0.158468 0.216841
v 0.162554 0.167524 0.217357
v 0.146679 0.189561 0.216607
v 0.216230 0.171883 0.215212
v 0.195093 0.194583 0.214108
v 0.154597 0.200735 0.216374
v 0.194492 0.199847 0.214056
v 0.145050 0.196697 0.217320
v 0.243920 0.197041 0.210442
v 0.252603 0.173420 0.212552
v 0.170913 0.142409 0.217852
v 0.138486 0.189012 0.215193
v 0.141452 0.108988 0.216735
v 0.141217 0.153374 0.216160
v 0.131197 0.161048 0.216142
v 0.129703 0.110542 0.216934
v 0.122365 0.189843 0.215915
v 0.124554 0.133543 0.217265
v 0.122899 0.161083 0.216941
v 0.035806 0.125575 0.220392
v -0.018387 0.132711 0.221615
v 0.031371 0.161892 0.219569
v -0.079226 0.157186 0.222011
v -0.086721 0.150867 0.222367
v 0.049586 0.189447 0.217961
v -0.004057 0.107815 0.221194
v -0.096886 0.107885 0.222366
v 0.062183 0.110076 0.219292
v -0.096797 0.148618 0.222276
v -0.051961 0.188702 0.219687
v -0.096991 0.186995 0.220466
v -0.081708 0.163563 0.221647
v -0.094598 0.194051 0.221196
v -0.095093 0.165938 0.222066
v -0.104477 0.154799 0.223567
v -0.104993 0.109075 0.223619
v -0.103978 0.163905 0.222767
v -0.103049 0.185724 0.221681
v -0.108518 0.192136 0.223300
v 0.067991 0.196089 0.219140
v -0.108627 0.184630 0.220598
v 0.296055 0.189234 0.204779
v 0.270951 0.169205 0.210685
v 0.067182 0.198663 0.218607
v 0.300758 0.154743 0.207707
v 0.358332 0.159327 0.197851
v 0.353643 0.139031 0.200177
v 0.326123 0.130013 0.205134
v 0.340234 0.119228 0.202893
v 0.392709 0.120983 0.194080
v 0.413781 0.135751 0.189316
v 0.440977 0.122088 0.184405
v 0.360950 0.179865 0.194788
v 0.417171 0.164738 0.185595
v 0.440968 0.158115 0.181438
v 0.471755 0.148668 0.175475
v 0.482103 0.123004 0.174979
v 0.505679 0.123942 0.170035
v 0.529090 0.123412 0.166096
v 0.174568 0.203380 0.214500
v -0.115046 0.196079 0.223844
v -0.117019 0.191663 0.223967
v -0.203550 0.105876 0.222756
v -0.116110 0.184274 0.220709
v -0.118780 0.177331 0.220174
v -0.109559 0.165011 0.220339
v -0.121140 0.153151 0.221664
v -0.113160 0.156871 0.220598
v -0.122341 0.189858 0.220553
v -0.120516 0.120511 0.222319
v -0.111437 0.108429 0.221474
v -0.122438 0.108124 0.222281
v -0.214631 0.117924 0.223013
v -0.213371 0.133065 0.222915
v -0.250030 0.152920 0.222958
v -0.243235 0.151993 0.222482
v -0.258488 0.163514 0.222031
v -0.231283 0.184736 0.219754
v -0.282234 0.186042 0.220218
v -0.222274 0.198060 0.218470
v -0.130866 0.190785 0.218984
v -0.123152 0.196248 0.219626
v -0.204388 0.204634 0.218638
v -0.290403 0.180445 0.221286
v -0.313670 0.205175 0.218106
v -0.270696 0.210104 0.218521
v -0.342934 0.217049 0.217662
v -0.388035 0.214959 0.216866
v -0.354405 0.185296 0.220969
v -0.327018 0.186515 0.220861
v -0.378248 0.179210 0.221291
v -0.403894 0.165804 0.221931
v -0.406260 0.200555 0.218247
v -0.417100 0.213961 0.216171
v -0.428485 0.192997 0.218055
v -0.456841 0.216142 0.213988
v -0.483630 0.195093 0.214682
v -0.451562 0.222965 0.214013
v -0.453826 0.173675 0.217875
v -0.422047 0.150395 0.221710
v -0.406723 0.221860 0.216074
v -0.499715 0.218986 0.212235
v -0.511072 0.188879 0.213112
v -0.521194 0.191927 0.212437
v -0.499729 0.172692 0.213944
v -0.460489 0.142559 0.217962
v -0.531584 0.220288 0.209936
v -0.512581 0.222903 0.210945
v -0.529519 0.225132 0.210208
v -0.486710 0.143576 0.214561
v -0.519016 0.165790 0.211383
v -0.520392 0.158977 0.210653
v -0.504685 0.136945 0.210399
v -0.492006 0.124276 0.211134
v -0.457997 0.108426 0.216186
v -0.270715 0.166764 0.223137
v -0.358917 0.221755 0.216323
v -0.091860 0.157407 0.226323
v -0.525496 0.169004 0.209952
v -0.523765 0.139384 0.206694
v -0.528754 0.187751 0.210299
v -0.516656 0.180430 0.216346
v -0.506031 0.179820 0.213960
v -0.510006 0.170210 0.213078
v -0.515432 0.173447 0.215022
v -0.522283 0.176571 0.215104
v -0.529491 0.136327 0.203914
v 0.324614 0.118747 0.207960
v 0.340095 0.114934 0.204428
v 0.330531 0.110951 0.205957
v 0.387833 0.111745 0.196619
v 0.408671 0.116562 0.193012
v 0.323335 0.113292 0.206510
v 0.474094 0.113491 0.179111
v 0.479696 0.117487 0.177909
v 0.483254 0.112906 0.177934
v 0.492544 0.117603 0.175264
v 0.509629 0.117415 0.172429
v 0.493371 0.113165 0.175148
v 0.484987 0.103449 0.179388
v 0.473969 0.105479 0.176350
v 0.330358 0.106761 0.204666
v 0.489139 0.103677 0.177937
v 0.393913 0.106743 0.193932
v 0.361256 0.097110 0.198791
v 0.333918 0.096602 0.202918
v 0.394605 0.098667 0.192850
v 0.432576 0.096503 0.184414
v 0.442676 0.108088 0.183894
v 0.334706 0.083235 0.199611
v 0.470596 0.087534 0.173477
v 0.484089 0.087518 0.171091
v 0.460965 0.077679 0.174946
v 0.518964 0.080824 0.165104
v 0.505205 0.089209 0.167347
v 0.529781 0.088148 0.163774
v 0.428098 0.084104 0.182251
v 0.378322 0.074027 0.191139
v 0.375451 0.083242 0.192659
v 0.334233 0.072895 0.198651
v 0.330433 0.086174 0.198899
v 0.328780 0.071355 0.197014
v 0.505022 0.099969 0.170406
v 0.506994 0.095054 0.169248
v 0.531779 0.095604 0.168749
v 0.530776 0.100624 0.170125
v 0.529189 0.108040 0.168379
v 0.510908 0.108464 0.169132
v 0.500146 0.104110 0.171587
v 0.492304 0.096457 0.172433
v 0.523949 0.113709 0.169981
v 0.538174 0.107580 0.166258
v 0.482528 0.095240 0.173670
v 0.537432 0.097628 0.167333
v 0.505656 0.077196 0.166339
v 0.320343 0.126705 0.208115
v 0.301739 0.192353 0.202507
v 0.345213 0.185690 0.195767
v -0.317175 0.182099 0.222452
v -0.421020 0.225853 0.213848
v 0.390254 0.175815 0.188446
v -0.220570 0.044230 0.216278
v -0.152599 0.038318 0.215426
v -0.220693 0.037049 0.216266
v -0.286056 0.174444 0.223118
v -0.298128 0.178667 0.222942
v -0.210382 0.099289 0.229486
v -0.216493 0.102026 0.230998
v -0.221769 0.113569 0.231632
v -0.245970 0.132464 0.234679
v -0.238961 0.130282 0.232758
v -0.258440 0.148818 0.235178
v -0.263671 0.146203 0.234583
v -0.273666 0.159781 0.235162
v -0.290507 0.169906 0.232460
v -0.303275 0.167732 0.231940
v -0.284541 0.154481 0.231905
v -0.274069 0.148159 0.230199
v -0.235598 0.118275 0.231587
v -0.241217 0.138666 0.225265
v -0.141824 0.043180 0.212867
v -0.137309 0.044559 0.211463
v -0.262933 0.136645 0.228814
v -0.255959 0.127657 0.226462
v -0.251622 0.122832 0.223515
v -0.218269 0.117376 0.224974
v -0.483268 0.112910 0.209125
v -0.224872 0.037801 0.214025
v 0.288482 0.158685 0.209990
v 0.305583 0.145177 0.208951
v 0.266063 0.167180 0.213000
v 0.238870 0.171877 0.214265
v 0.219121 0.169029 0.216175
v 0.326689 0.104379 0.202184
v 0.155397 0.054512 0.209086
v -0.220115 0.048701 0.213612
v -0.450786 0.094018 0.212565
v -0.221483 0.033606 0.213794
v -0.255772 0.154327 0.225604
v 0.079158 0.052029 0.209487
v -0.247418 0.108367 0.214137
v -0.224140 0.047050 0.212429
v 0.325506 0.092239 0.196520
v 0.319446 0.108259 0.199054
v 0.313780 0.093353 0.196627
v 0.324614 0.080299 0.189165
v 0.321114 0.070871 0.181781
v 0.229625 0.070099 0.204283
v 0.243089 0.070415 0.203606
v 0.255706 0.070143 0.204068
v 0.261653 0.078221 0.203551
v 0.247695 0.086227 0.203714
v 0.238866 0.099565 0.204404
v 0.226290 0.079442 0.203510
v 0.220738 0.094832 0.204663
v 0.225012 0.112275 0.204490
v 0.217616 0.080441 0.204679
v 0.214301 0.100612 0.205555
v 0.253246 0.111050 0.202756
v 0.260703 0.108805 0.203339
v 0.247975 0.118165 0.203910
v 0.267486 0.092487 0.204808
v 0.256981 0.116332 0.204553
v 0.209703 0.084733 0.207485
v 0.231082 0.122162 0.206964
v 0.209224 0.098769 0.207556
v 0.215165 0.111167 0.207482
v 0.216440 0.073600 0.207574
v 0.222862 0.118409 0.207567
v 0.240277 0.124144 0.207365
v 0.249641 0.122662 0.207272
v 0.165456 0.097387 -0.218397
v 0.168522 0.075650 -0.213552
v 0.165169 0.084806 -0.213955
v 0.168488 0.088639 -0.226592
v 0.173100 0.071858 -0.227817
v 0.172324 0.067248 -0.212669
v 0.178041 0.059463 -0.221589
v 0.167077 0.103820 -0.223016
v 0.169879 0.108952 -0.228645
v 0.171732 0.091738 -0.231370
v 0.168089 0.117701 -0.222705
v 0.178467 0.072580 -0.233489
v 0.164395 0.105539 -0.221272
v 0.172358 0.123658 -0.226179
v 0.173986 0.107314 -0.232282
v 0.189875 0.053241 -0.233730
v 0.169553 0.065459 -0.209766
v 0.176403 0.089843 -0.234333
v 0.178670 0.123682 -0.231924
v 0.198812 0.042122 -0.231472
v 0.162146 0.085804 -0.214462
v 0.170949 0.126601 -0.226436
v 0.186235 0.141606 -0.229868
v 0.180314 0.113969 -0.234433
v 0.192908 0.058431 -0.236054
v 0.184788 0.083523 -0.236668
v 0.207268 0.040568 -0.234250
v 0.210147 0.047420 -0.237424
v 0.176978 0.135162 -0.227617
v 0.189684 0.116756 -0.236089
v 0.193453 0.135460 -0.234154
v 0.197417 0.126022 -0.236069
v 0.194260 0.076803 -0.237187
v 0.201982 0.150245 -0.232109
v 0.211318 0.146532 -0.234485
v 0.214630 0.139946 -0.235593
v 0.196903 0.083502 -0.236581
v 0.210464 0.058824 -0.237204
v 0.231836 0.148312 -0.235505
v 0.225758 0.156829 -0.233021
v 0.222154 0.135363 -0.235522
v 0.233601 0.050551 -0.237427
v 0.253374 0.045202 -0.237912
v 0.248807 0.038728 -0.237006
v 0.225706 0.036010 -0.235638
v 0.263357 0.057238 -0.237650
v 0.276844 0.061292 -0.237675
v 0.250366 0.135486 -0.235952
v 0.260477 0.139276 -0.236393
v 0.273213 0.123821 -0.237260
v 0.271360 0.116183 -0.236292
v 0.276892 0.101269 -0.236502
v 0.282266 0.098151 -0.237354
v 0.276232 0.084331 -0.236470
v 0.277674 0.072901 -0.237609
v 0.266885 0.065822 -0.236502
v 0.285563 0.081421 -0.237524
v 0.288012 0.109554 -0.237001
v 0.260199 0.147520 -0.235227
v 0.212606 0.125605 -0.235062
v 0.201760 0.117091 -0.235824
v 0.197681 0.099000 -0.235682
v 0.278277 0.131341 -0.236239
v 0.249810 0.055816 -0.236571
v 0.278310 0.052354 -0.236129
v 0.249969 0.156644 -0.233138
v 0.293573 0.079254 -0.236069
v 0.165241 0.117094 -0.223039
v 0.272595 0.094014 -0.233774
v 0.270062 0.079450 -0.234220
v 0.278675 0.139993 -0.234121
v 0.289051 0.130021 -0.233600
v 0.270440 0.043037 -0.234587
v 0.300521 0.100489 -0.233229
v 0.230838 0.058338 -0.234861
v 0.218050 0.065240 -0.233844
v 0.242763 0.058901 -0.234031
v 0.208421 0.075019 -0.233918
v 0.262742 0.069010 -0.233670
v 0.223442 0.128351 -0.233256
v 0.235055 0.130875 -0.233717
v 0.249079 0.128927 -0.233878
v 0.260358 0.122440 -0.234092
v 0.269216 0.110431 -0.233893
v 0.207105 0.112715 -0.233315
v 0.293272 0.066300 -0.233842
v 0.298263 0.113199 -0.232978
v 0.203467 0.102352 -0.233466
v 0.203423 0.088432 -0.233565
v 0.266258 0.152398 -0.232176
v 0.255374 0.063366 -0.233798
v 0.213675 0.119661 -0.232128
v 0.282535 0.145230 -0.230534
v 0.260461 0.158045 -0.235571
v 0.294612 0.133751 -0.228907
v 0.294870 0.137778 -0.229432
v 0.303503 0.123504 -0.225272
v 0.302957 0.128489 -0.227421
v 0.312926 0.113393 -0.220594
v 0.308927 0.111018 -0.220048
v 0.239124 0.161245 -0.236662
v 0.214693 0.032558 -0.229819
v 0.280488 0.151748 -0.235371
v 0.290381 0.056157 -0.230685
v 0.298215 0.138551 -0.232606
v 0.253247 0.119019 -0.225508
v 0.262508 0.110376 -0.225924
v 0.253962 0.110061 -0.222125
v 0.266126 0.097886 -0.224986
v 0.255115 0.099170 -0.220496
v 0.245991 0.114381 -0.221459
v 0.242370 0.097783 -0.222023
v 0.228641 0.098815 -0.221648
v 0.228112 0.115568 -0.221581
v 0.215241 0.100104 -0.222411
v 0.242635 0.086331 -0.221263
v 0.227933 0.085796 -0.220823
v 0.234052 0.071642 -0.221713
v 0.248174 0.077566 -0.220986
v 0.253349 0.085576 -0.220162
v 0.218697 0.079939 -0.222434
v 0.217147 0.112461 -0.223561
v 0.254027 0.069323 -0.224557
v 0.245742 0.065306 -0.225180
v 0.265848 0.088044 -0.224828
v 0.261582 0.077797 -0.224544
v 0.241921 0.123403 -0.224483
v 0.222817 0.118019 -0.223690
v 0.223355 0.069050 -0.225050
v 0.209618 0.095147 -0.225483
v 0.231002 0.123916 -0.225617
v 0.234489 0.064256 -0.225746
v 0.209893 0.086034 -0.226305
v 0.211030 0.105152 -0.225571
v 0.216563 0.075319 -0.225355
v 0.226094 0.062551 -0.232079
v 0.160196 0.103083 -0.228708
v 0.158778 0.071742 -0.222363
v 0.161696 0.075134 -0.214813
v 0.160447 0.115096 -0.229110
v 0.162430 0.122379 -0.231003
v 0.155930 0.071397 -0.225303
v 0.159279 0.060957 -0.225382
v 0.164807 0.063601 -0.213662
v 0.156925 0.056310 -0.224485
v 0.176049 0.138440 -0.233331
v 0.174344 0.061861 -0.207335
v 0.038628 0.101895 -0.232190
v -0.115666 0.104416 -0.232436
v 0.029795 0.105978 -0.232014
v -0.122396 0.100220 -0.232416
v -0.206421 0.102946 -0.230886
v -0.203284 0.097755 -0.230506
v -0.215570 0.099493 -0.232788
v -0.214713 0.104828 -0.232701
v -0.229584 0.114915 -0.235836
v -0.029324 0.096207 -0.229687
v -0.110566 0.095829 -0.229608
v -0.106320 0.081847 -0.227657
v 0.018861 0.074872 -0.227070
v 0.122227 0.077877 -0.227527
v 0.141471 0.098365 -0.230193
v 0.000589 0.068373 -0.225802
v -0.094616 0.066804 -0.224803
v 0.142750 0.070082 -0.225863
v -0.122851 0.081807 -0.226913
v -0.135605 0.065480 -0.223078
v -0.154877 0.067690 -0.223706
v -0.185096 0.066020 -0.223088
v -0.201754 0.092371 -0.227997
v -0.204589 0.077855 -0.224980
v -0.211239 0.090902 -0.228874
v -0.200592 0.067914 -0.222034
v 0.152378 0.101843 -0.232281
v 0.154241 0.105147 -0.233135
v 0.151246 0.069448 -0.226375
v -0.071034 0.061273 -0.225014
v -0.009934 0.064941 -0.225817
v 0.072625 0.066620 -0.225804
v -0.214852 0.087502 -0.226741
v -0.133112 0.061833 -0.223334
v -0.152337 0.062010 -0.224031
v -0.227388 0.107248 -0.233268
v -0.249460 0.130246 -0.238079
v -0.253649 0.139800 -0.239042
v -0.267153 0.146760 -0.239106
v -0.274459 0.156773 -0.238868
v -0.293104 0.166253 -0.238064
v -0.228513 0.119494 -0.234498
v 0.145636 0.108737 -0.232542
v 0.149653 0.115792 -0.232132
v 0.155517 0.118654 -0.231519
v 0.154543 0.174314 -0.230652
v 0.149699 0.165760 -0.231374
v 0.157768 0.207241 -0.229165
v 0.150058 0.204899 -0.229457
v 0.163187 0.181025 -0.230976
v 0.166354 0.163987 -0.231227
v 0.159391 0.136530 -0.229742
v 0.180562 0.152310 -0.231083
v 0.212002 0.172362 -0.230793
v 0.199367 0.189355 -0.230016
v 0.200431 0.205039 -0.228320
v 0.241659 0.173251 -0.229698
v 0.224800 0.201670 -0.227237
v 0.258257 0.169395 -0.229106
v 0.142547 0.173867 -0.229411
v 0.142047 0.196514 -0.228548
v 0.141999 0.203006 -0.229154
v 0.129217 0.195806 -0.228280
v 0.131111 0.167918 -0.229250
v 0.125004 0.182585 -0.229194
v 0.125079 0.156481 -0.229865
v 0.142285 0.117021 -0.229837
v 0.133418 0.113107 -0.230074
v 0.096096 0.142639 -0.230184
v 0.013076 0.125657 -0.229905
v -0.092239 0.126555 -0.229729
v -0.110794 0.109046 -0.229529
v -0.109907 0.150551 -0.229814
v -0.100561 0.154263 -0.229552
v -0.091925 0.160609 -0.229499
v 0.045413 0.182585 -0.229352
v -0.088311 0.182155 -0.228799
v -0.038253 0.144542 -0.229934
v 0.067145 0.168388 -0.229652
v -0.120075 0.154610 -0.230301
v -0.122796 0.109464 -0.230179
v 0.054163 0.193887 -0.228690
v -0.121730 0.182997 -0.228624
v -0.100062 0.190180 -0.228286
v -0.114034 0.196020 -0.228674
v -0.134381 0.192579 -0.227820
v 0.001447 0.198172 -0.229197
v -0.091140 0.172412 -0.229271
v -0.097881 0.168276 -0.229645
v -0.107744 0.165217 -0.229428
v -0.135720 0.142596 -0.230205
v -0.206655 0.106980 -0.228730
v -0.192054 0.126241 -0.229342
v -0.233829 0.135315 -0.228579
v -0.221611 0.153674 -0.228738
v -0.159829 0.165297 -0.229219
v -0.252979 0.154035 -0.228937
v -0.207662 0.180915 -0.227725
v -0.276086 0.171447 -0.227574
v -0.215337 0.198035 -0.225761
v -0.253363 0.187380 -0.226214
v -0.306553 0.184225 -0.225846
v -0.203618 0.203346 -0.226464
v -0.280148 0.205790 -0.223104
v -0.348168 0.215813 -0.220409
v -0.336880 0.224678 -0.221415
v -0.392119 0.228203 -0.218446
v -0.404134 0.222547 -0.217492
v -0.336025 0.186302 -0.225223
v -0.356633 0.184230 -0.224918
v -0.387896 0.199239 -0.221463
v -0.373223 0.179112 -0.225144
v -0.418319 0.181211 -0.221431
v -0.390206 0.171899 -0.224756
v -0.430885 0.226524 -0.215258
v -0.499030 0.226065 -0.209506
v -0.529650 0.228831 -0.206946
v -0.534172 0.215700 -0.206761
v -0.442728 0.191733 -0.218004
v -0.428571 0.162885 -0.221670
v -0.457621 0.219020 -0.214215
v -0.484982 0.200210 -0.213260
v -0.509127 0.215460 -0.209329
v -0.461970 0.175361 -0.216757
v -0.522824 0.188803 -0.208974
v -0.511877 0.189471 -0.210368
v -0.504108 0.179017 -0.211357
v -0.472131 0.162971 -0.215746
v -0.445910 0.147887 -0.219811
v -0.434298 0.135325 -0.221479
v -0.415667 0.153772 -0.223755
v -0.402743 0.163902 -0.224648
v 0.062109 0.110344 -0.230193
v -0.507053 0.168543 -0.210437
v -0.492375 0.150124 -0.212371
v -0.479991 0.132472 -0.213278
v 0.102170 0.060176 -0.227462
v 0.153358 0.060156 -0.227945
v 0.042148 0.060346 -0.227745
v 0.015063 0.057234 -0.228236
v 0.044881 0.054237 -0.227511
v -0.525239 0.168631 -0.207154
v -0.116779 0.179994 -0.229832
v -0.455912 0.119846 -0.216344
v -0.533880 0.195277 -0.206678
v -0.527125 0.177514 -0.208608
v 0.278292 0.195539 -0.223339
v 0.309176 0.191278 -0.220638
v 0.273753 0.165258 -0.228133
v 0.305565 0.170722 -0.223464
v 0.331206 0.172519 -0.220256
v 0.333644 0.158474 -0.220994
v 0.316624 0.140573 -0.223633
v 0.292589 0.159540 -0.226058
v 0.394180 0.139390 -0.213701
v 0.393546 0.122004 -0.213853
v 0.329639 0.121472 -0.221610
v 0.392984 0.155408 -0.213064
v 0.403385 0.170825 -0.210058
v 0.367198 0.178881 -0.214680
v -0.212043 0.207469 -0.225398
v 0.435311 0.134181 -0.207249
v 0.436574 0.123102 -0.207300
v 0.435545 0.162951 -0.205351
v 0.474377 0.117822 -0.202214
v 0.467354 0.123316 -0.201878
v 0.498479 0.139450 -0.196338
v 0.523730 0.124173 -0.192754
v -0.383003 0.231292 -0.218044
v -0.094797 0.055739 -0.225814
v -0.097353 0.052944 -0.226270
v -0.134654 0.054352 -0.227450
v -0.130717 0.050192 -0.227100
v -0.155008 0.051953 -0.229138
v -0.514996 0.178751 -0.212990
v 0.501830 0.118726 -0.198677
v 0.489010 0.115333 -0.200993
v 0.479847 0.112845 -0.201306
v 0.472236 0.110485 -0.200971
v 0.475323 0.102511 -0.199930
v -0.518517 0.175097 -0.212740
v 0.384501 0.098256 -0.213259
v 0.391413 0.108223 -0.213317
v 0.337073 0.108016 -0.219708
v 0.338058 0.095098 -0.218346
v 0.328069 0.104045 -0.218978
v -0.222317 0.119338 -0.229395
v 0.387027 0.117202 -0.216000
v 0.395801 0.113836 -0.214538
v 0.333638 0.112451 -0.222442
v 0.330925 0.115933 -0.223341
v -0.248840 0.145450 -0.229782
v -0.269130 0.162201 -0.229712
v -0.093260 0.179420 -0.230026
v -0.151313 0.047084 -0.227811
v 0.350620 0.185356 -0.215611
v -0.536790 0.225620 -0.205235
v 0.483297 0.105387 -0.203897
v 0.490052 0.105968 -0.202701
v 0.444725 0.085356 -0.201201
v 0.322389 0.113779 -0.225659
v -0.159339 0.056474 -0.227802
v -0.194906 0.052837 -0.229285
v -0.221126 0.048756 -0.229164
v 0.344095 0.079156 -0.213904
v 0.296325 0.152824 -0.227209
v 0.409672 0.089688 -0.207492
v 0.381081 0.073644 -0.208592
v 0.349039 0.071070 -0.212660
v 0.325845 0.071793 -0.214800
v 0.333608 0.081194 -0.213978
v 0.440185 0.075882 -0.200687
v 0.481299 0.088918 -0.195660
v 0.505970 0.081057 -0.190698
v 0.506598 0.090089 -0.191461
v 0.535208 0.083357 -0.187592
v 0.535015 0.090556 -0.187899
v 0.488695 0.100805 -0.201929
v 0.320358 0.120180 -0.226811
v 0.316368 0.118315 -0.227502
v 0.303792 0.139115 -0.232751
v 0.290092 0.150179 -0.234462
v 0.269642 0.161336 -0.234479
v -0.515177 0.143130 -0.206084
v -0.463268 0.107860 -0.212571
v 0.259156 0.160955 -0.236465
v 0.480389 0.096094 -0.197855
v 0.490585 0.095829 -0.197093
v 0.308403 0.144393 -0.225074
v 0.317602 0.131074 -0.224987
v 0.324434 0.082355 -0.211635
v 0.329797 0.088894 -0.213707
v -0.101845 0.159153 -0.231074
v -0.527535 0.152903 -0.204096
v -0.530257 0.143115 -0.202786
v -0.522206 0.135483 -0.203521
v -0.483929 0.117921 -0.209155
v -0.472345 0.106880 -0.209347
v 0.206444 0.165296 -0.231916
v 0.223767 0.170046 -0.231824
v 0.532122 0.079851 -0.186884
v 0.142961 0.056400 -0.226752
v 0.530389 0.125937 -0.190313
v 0.497230 0.109901 -0.197452
v 0.520704 0.109484 -0.194835
v 0.501862 0.099841 -0.195952
v 0.517274 0.098993 -0.195385
v 0.534677 0.100843 -0.192369
v 0.525922 0.119087 -0.195886
v 0.537817 0.118479 -0.193624
v 0.496748 0.102689 -0.197543
v -0.289621 0.167991 -0.236894
v 0.212685 0.162211 -0.237139
v 0.221284 0.160402 -0.237072
v 0.244497 0.165744 -0.236312
v 0.195054 0.152182 -0.236518
v 0.227769 0.166071 -0.236384
v 0.188901 0.152671 -0.235000
v 0.167757 0.134097 -0.233694
v 0.537267 0.096190 -0.190226
v 0.458507 0.157932 -0.200915
v -0.534079 0.181299 -0.205737
v 0.329760 0.067571 -0.212798
v -0.283662 0.170953 -0.229348
v -0.311393 0.173930 -0.236998
v -0.341199 0.172767 -0.235070
v -0.359946 0.175355 -0.234560
v -0.368170 0.169285 -0.235327
v -0.376565 0.169907 -0.234895
v -0.386347 0.160580 -0.232229
v -0.459853 0.097131 -0.210595
v 0.406208 0.072496 -0.204310
v 0.322905 0.091110 -0.216886
v 0.323862 0.103328 -0.217981
v -0.405039 0.151698 -0.231198
v -0.393777 0.162931 -0.232177
v -0.411230 0.150472 -0.230040
v -0.424761 0.135348 -0.228717
v -0.442577 0.117353 -0.223906
v -0.451456 0.112016 -0.220610
v -0.453389 0.103832 -0.218397
v -0.299737 0.165896 -0.236930
v 0.291927 0.197848 -0.220162
v -0.538712 0.216045 -0.204518
v 0.241287 0.170164 -0.231599
v -0.332486 0.177842 -0.234254
v 0.494399 0.146321 -0.194288
v -0.100980 0.174427 -0.234535
v -0.107118 0.177927 -0.235260
v -0.400712 0.147833 -0.227967
v -0.297530 0.177154 -0.228073
v -0.314107 0.181117 -0.227584
v -0.334569 0.182573 -0.227357
v -0.392837 0.155221 -0.229454
v -0.380603 0.159434 -0.230470
v -0.372421 0.164798 -0.231495
v -0.359135 0.165757 -0.231641
v -0.351557 0.168923 -0.231568
v 0.429960 0.167938 -0.204024
v -0.533746 0.136028 -0.198062
v -0.111072 0.156390 -0.235690
v -0.207843 0.064112 -0.219136
v -0.352575 0.181568 -0.227378
v -0.533556 0.233139 -0.203020
v -0.531172 0.151588 -0.201360
v -0.273613 0.159820 -0.236542
v -0.355810 0.162697 -0.234687
v -0.317229 0.167136 -0.232746
v -0.343603 0.158524 -0.237270
v -0.359644 0.154868 -0.237329
v -0.325501 0.151773 -0.239381
v -0.375251 0.138664 -0.237570
v -0.334584 0.142571 -0.238738
v -0.313483 0.137679 -0.239344
v -0.287502 0.126007 -0.240505
v -0.292832 0.120681 -0.240414
v -0.283801 0.106164 -0.240713
v -0.270728 0.112134 -0.239009
v -0.272657 0.085552 -0.240299
v -0.284084 0.061584 -0.240416
v -0.271892 0.057868 -0.238638
v -0.296091 0.145733 -0.238484
v -0.290054 0.095618 -0.239251
v -0.292910 0.031257 -0.237820
v -0.308434 0.029218 -0.238965
v -0.313965 0.035641 -0.239277
v -0.339560 0.021956 -0.238494
v -0.367751 0.030401 -0.238389
v -0.294307 0.060598 -0.239622
v -0.289506 0.076327 -0.239650
v -0.352864 0.035494 -0.238184
v -0.383797 0.047690 -0.237793
v -0.324950 0.017355 -0.237364
v -0.392828 0.135311 -0.235958
v -0.395227 0.107847 -0.236688
v -0.403661 0.104822 -0.236161
v -0.400169 0.057480 -0.236493
v -0.393739 0.073180 -0.236595
v -0.379604 0.053802 -0.236918
v -0.362229 0.046609 -0.235291
v -0.414001 0.082435 -0.234458
v -0.394999 0.038908 -0.235466
v -0.360221 0.018804 -0.236814
v -0.262435 0.088291 -0.238082
v -0.263512 0.069707 -0.237588
v -0.326327 0.037635 -0.238460
v -0.308081 0.048076 -0.238580
v -0.272954 0.125455 -0.237630
v -0.412027 0.114200 -0.233649
v -0.279880 0.038844 -0.236763
v -0.376994 0.023680 -0.235775
v -0.318803 0.158699 -0.236996
v -0.411472 0.062392 -0.234090
v -0.387819 0.111889 -0.235824
v -0.393635 0.093070 -0.236185
v -0.374457 0.127236 -0.236359
v -0.358908 0.136586 -0.237126
v -0.382699 0.151953 -0.233979
v -0.344537 0.012062 -0.235732
v -0.310362 0.018152 -0.236223
v -0.346709 0.042070 -0.235579
v -0.387229 0.096607 -0.234018
v -0.295208 0.113346 -0.239172
v -0.306369 0.125644 -0.238443
v -0.320542 0.134981 -0.237902
v -0.261989 0.111198 -0.236147
v -0.398612 0.137741 -0.233932
v -0.381824 0.110407 -0.233603
v -0.372947 0.055339 -0.234513
v -0.411260 0.052680 -0.232456
v -0.387941 0.082476 -0.234295
v -0.382978 0.068727 -0.234106
v -0.418858 0.095307 -0.232013
v -0.298523 0.071182 -0.235700
v -0.374188 0.120746 -0.234118
v -0.265722 0.051407 -0.234996
v -0.365341 0.127437 -0.234370
v -0.254622 0.094918 -0.234092
v -0.294294 0.021785 -0.234589
v -0.366541 0.013927 -0.233845
v -0.412283 0.125905 -0.231032
v -0.288716 0.155434 -0.232496
v -0.340018 0.135179 -0.235772
v -0.323349 0.130605 -0.235414
v -0.420058 0.076955 -0.231442
v -0.352544 0.132559 -0.234382
v -0.326105 0.010800 -0.234490
v -0.384992 0.024191 -0.233559
v -0.254777 0.078413 -0.233708
v -0.270060 0.134476 -0.233144
v -0.268451 0.138119 -0.232573
v -0.256103 0.118065 -0.230442
v -0.252452 0.120769 -0.230209
v -0.321095 0.046736 -0.235772
v -0.335399 0.042546 -0.235513
v -0.307516 0.056959 -0.235523
v -0.308558 0.120688 -0.236011
v -0.249561 0.123402 -0.231985
v -0.308834 0.012637 -0.232909
v -0.300704 0.107399 -0.235392
v -0.295960 0.084492 -0.235553
v -0.269408 0.142666 -0.234308
v -0.285106 0.156262 -0.233799
v -0.257315 0.066550 -0.233366
v -0.296433 0.094897 -0.235503
v -0.423319 0.102572 -0.228446
v -0.252576 0.114019 -0.226873
v -0.251258 0.140926 -0.237015
v -0.378272 0.078379 -0.228098
v -0.380897 0.090944 -0.228740
v -0.373949 0.068522 -0.227974
v -0.377775 0.102756 -0.227894
v -0.418859 0.119535 -0.227699
v -0.366329 0.060696 -0.226837
v -0.355026 0.055795 -0.225669
v -0.348842 0.047308 -0.230539
v -0.345258 0.051556 -0.226964
v -0.344170 0.058324 -0.227141
v -0.333223 0.054449 -0.225637
v -0.329921 0.061840 -0.223316
v -0.343921 0.066640 -0.223793
v -0.320770 0.067326 -0.222728
v -0.335056 0.075148 -0.224539
v -0.353067 0.079187 -0.223571
v -0.317953 0.077706 -0.222924
v -0.311142 0.086532 -0.222905
v -0.313148 0.098225 -0.222464
v -0.316500 0.092778 -0.222769
v -0.329287 0.103711 -0.223331
v -0.335000 0.116327 -0.222097
v -0.341172 0.102600 -0.223827
v -0.351448 0.117167 -0.221797
v -0.366617 0.105445 -0.220961
v -0.356445 0.096646 -0.222619
v -0.323746 0.114029 -0.223016
v -0.366940 0.084856 -0.221077
v -0.372208 0.077691 -0.221241
v -0.364264 0.068429 -0.220647
v -0.374626 0.088982 -0.222015
v -0.339825 0.087757 -0.227014
v -0.330673 0.087813 -0.226188
v -0.358668 0.061591 -0.221737
v -0.364285 0.113591 -0.222732
v -0.373713 0.101920 -0.223113
v -0.368161 0.067814 -0.222172
v -0.310759 0.074595 -0.225483
v -0.344729 0.124844 -0.225803
v -0.334762 0.121861 -0.224836
v -0.323562 0.049890 -0.230986
v -0.337685 0.046919 -0.230431
v -0.309156 0.111701 -0.229473
v -0.356436 0.124067 -0.227194
v -0.313770 0.063784 -0.228051
v -0.311202 0.058566 -0.231142
v -0.303421 0.070672 -0.230638
v -0.305564 0.084293 -0.227774
v -0.300561 0.083182 -0.230510
v -0.301458 0.098406 -0.230399
v -0.306675 0.098305 -0.227567
v -0.320146 0.125003 -0.231712
v -0.331382 0.129287 -0.230981
v -0.372396 0.111107 -0.226758
v -0.283942 0.024493 -0.230986
v 0.317438 0.104324 -0.213406
v 0.313662 0.105397 -0.213383
v -0.422030 0.065450 -0.227184
v 0.325324 0.066622 -0.210755
v -0.414086 0.132639 -0.226315
v -0.424952 0.122738 -0.221824
v -0.425127 0.116240 -0.219929
v -0.427893 0.108866 -0.215494
v 0.321183 0.081770 -0.208911
v 0.321889 0.071373 -0.211634
v 0.349578 0.188273 -0.213201
v -0.504330 0.117927 -0.200056
v -0.386099 0.019619 -0.229346
v -0.538549 0.229579 -0.200971
v -0.262621 0.048644 -0.230290
v -0.362190 0.007283 -0.228031
v -0.248182 0.114256 -0.220983
v -0.249949 0.090921 -0.227571
v -0.248240 0.100733 -0.217250
v 0.317431 0.082094 -0.203016
v 0.313956 0.083668 -0.202288
v 0.316837 0.069045 -0.198061
v -0.073654 0.054251 -0.028159
v -0.039652 0.054565 -0.030796
v -0.041296 0.061881 -0.029267
v -0.009261 0.060830 -0.028203
v -0.134258 0.041534 0.134262
v -0.124696 0.039725 0.145838
v -0.127173 0.045599 0.145501
v 0.180111 0.224705 -0.039205
v 0.191490 0.227149 -0.039299
v 0.194357 0.224213 -0.040473
v 0.180951 0.223493 -0.051806
v -0.287898 0.254161 0.162052
v -0.293820 0.237934 0.176962
v -0.290574 0.246052 0.168747
v -0.158040 0.032190 0.159423
v -0.148365 0.032739 0.158611
v -0.146909 0.032404 0.173056
v -0.176704 0.032653 0.157779
v -0.141274 0.036016 0.157141
v -0.143523 0.033938 0.184675
v -0.147028 0.032176 0.184168
v -0.147585 0.032497 0.209965
v -0.216052 0.033163 0.210675
v -0.217133 0.033367 0.189487
v -0.119681 0.035390 0.151354
v -0.104288 0.035259 0.143484
v -0.117926 0.036405 0.142577
v -0.112983 0.038954 0.137965
v -0.125045 0.037918 0.133245
v -0.122492 0.040216 0.129231
v -0.134072 0.042252 0.129461
v -0.130712 0.047798 0.126285
v -0.120304 0.045149 0.126701
v -0.075341 0.040993 0.132124
v -0.081892 0.037566 0.140365
v -0.138105 0.046624 0.123093
v -0.123585 0.037462 0.143503
v -0.143138 0.040456 0.131802
v -0.149770 0.042962 0.136272
v -0.141447 0.048109 0.143346
v -0.130914 0.048193 0.143461
v -0.153385 0.048001 0.139857
v -0.149744 0.050588 0.143932
v -0.162939 0.032721 0.136049
v -0.182048 0.033165 0.128822
v -0.219415 0.034483 0.117413
v -0.178621 0.033420 0.111607
v -0.221134 0.036103 0.110748
v -0.188922 0.036110 0.107438
v -0.145904 0.033823 0.104863
v -0.223638 0.035748 0.122317
v -0.148285 0.032000 0.125255
v -0.087896 0.039547 0.147621
v -0.152936 0.034503 0.134118
v -0.073439 0.047986 0.126953
v -0.070476 0.041480 0.135381
v -0.220718 0.033726 0.163988
v -0.223810 0.035277 0.209972
v -0.145778 0.031799 0.109494
v -0.140863 0.034501 0.110847
v -0.158987 0.033770 0.138172
v -0.151970 0.037717 0.150088
vn 0.7624 0.6436 -0.0677
vn 0.3614 0.9315 -0.0418
vn 0.4545 0.8899 0.0383
vn 0.6691 -0.3690 0.6451
vn 0.9439 0.3203 0.0803
vn 0.9967 0.0813 -0.0082
vn 0.8886 0.4586 0.0006
vn 0.9175 0.3977 0.0013
vn 0.8759 0.4612 0.1419
vn 1.0000 0.0019 0.0029
vn 0.5611 0.6099 0.5596
vn 0.9227 0.0786 0.3775
vn 0.9996 -0.0014 -0.0274
vn 0.9182 -0.1644 0.3604
vn 0.9953 -0.0961 0.0145
vn 0.9927 -0.1202 -0.0007
vn 0.9804 -0.1941 0.0349
vn 0.9819 -0.1802 -0.0577
vn 0.9899 -0.1273 -0.0623
vn 0.9806 -0.1920 -0.0392
vn 0.5836 0.8119 -0.0142
vn 0.6690 0.7433 -0.0006
vn 0.7983 0.6020 -0.0173
vn 0.5643 0.7939 0.2264
vn 0.9987 0.0505 -0.0039
vn 0.9719 0.1322 -0.1948
vn 0.8512 0.4966 -0.1698
vn 0.7917 0.0657 -0.6074
vn 0.6022 0.5934 -0.5340
vn 0.5176 0.1692 0.8387
vn 0.9920 -0.1206 0.0385
vn 0.9471 -0.1957 -0.2544
vn 0.9887 -0.1439 0.0429
vn 0.9890 -0.1417 -0.0413
vn 0.9874 -0.1585 -0.0003
vn 0.9947 -0.1025 -0.0040
vn 1.0000 0.0055 0.0016
vn 0.9997 0.0243 -0.0069
vn 0.9988 0.0492 0.0061
vn 0.8958 -0.4445 -0.0045
vn 0.9898 -0.1421 -0.0131
vn 0.5243 0.8515 0.0065
vn 0.5589 0.8291 0.0178
vn 0.5860 0.8097 -0.0310
vn 0.2909 -0.1845 -0.9388
vn 0.4069 0.2481 -0.8791
vn 0.5865 -0.3704 -0.7203
vn 0.9708 -0.1272 -0.2036
vn 0.9428 -0.1970 0.2689
vn 0.9992 -0.0379 0.0098
vn 0.9311 -0.2790 0.2350
vn 0.9658 -0.2592 0.0090
vn 0.9998 0.0015 -0.0180
vn 0.9301 -0.2994 -0.2126
vn 0.7180 -0.6933 0.0613
vn 0.9908 -0.1313 0.0325
vn 0.5655 -0.8246 -0.0108
vn 0.7859 -0.6182 -0.0143
vn 0.4892 -0.6028 0.6303
vn 0.8968 -0.2960 0.3290
vn 0.4993 -0.8664 0.0065
vn 0.3228 -0.9339 0.1537
vn 0.4364 0.6251 0.6471
vn 0.2742 0.5399 -0.7958
vn 0.5218 0.7943 -0.3113
vn 0.5233 -0.3059 -0.7953
vn 0.6089 -0.3437 0.7150
vn 0.5929 -0.2302 -0.7717
vn 0.4531 -0.8368 -0.3075
vn 0.1757 -0.9844 0.0120
vn 0.2616 -0.9651 -0.0119
vn 0.0417 -0.9991 -0.0054
vn 0.4802 0.8771 0.0103
vn 0.4905 0.8709 0.0300
vn 0.6444 0.7643 0.0243
vn 0.6066 0.7785 -0.1614
vn 0.2120 0.3790 0.9008
vn 0.1453 0.2315 -0.9619
vn 0.1419 0.0546 0.9884
vn 0.1688 0.0051 0.9856
vn 0.5250 -0.0288 0.8506
vn 0.6308 -0.2594 0.7313
vn 0.2044 -0.4157 0.8862
vn 0.5103 0.8291 0.2285
vn 0.1931 0.3848 -0.9026
vn 0.1744 0.0816 0.9813
vn 0.1324 -0.0972 0.9864
vn 0.1080 -0.1000 -0.9891
vn 0.2292 -0.3666 0.9017
vn 0.1901 -0.2411 0.9517
vn 0.0747 -0.9673 -0.2425
vn 0.2507 -0.6332 -0.7322
vn 0.0305 -0.9995 -0.0060
vn 0.0313 -0.9994 -0.0132
vn 0.1207 -0.2557 -0.9592
vn 0.0392 -0.9984 0.0397
vn -0.0815 -0.9966 0.0074
vn 0.0189 -0.9986 0.0493
vn 0.0842 -0.9785 0.1883
vn 0.1513 -0.1511 0.9769
vn 0.0006 -0.9999 -0.0146
vn 0.0115 -0.9999 0.0020
vn 0.2907 0.3968 0.8707
vn -0.0095 -0.2927 0.9562
vn 0.5238 0.8514 -0.0289
vn 0.5131 0.8582 -0.0171
vn 0.4419 0.8965 0.0321
vn 0.4473 0.7854 0.4280
vn 0.1275 -0.1213 0.9844
vn 0.1580 -0.6872 0.7091
vn 0.4824 0.8759 -0.0071
vn 0.4477 0.8942 -0.0013
vn 0.4677 0.8838 -0.0109
vn 0.4779 0.8782 0.0187
vn 0.3456 0.4714 -0.8114
vn 0.4734 0.8109 -0.3440
vn 0.1757 0.2198 0.9596
vn 0.1049 -0.9939 -0.0328
vn 0.0352 -0.9993 -0.0133
vn 0.3908 0.9204 0.0133
vn 0.1452 -0.3168 -0.9373
vn 0.1537 -0.9881 -0.0028
vn 0.1279 -0.1132 0.9853
vn 0.1504 -0.9886 0.0068
vn 0.1395 -0.9877 -0.0712
vn 0.1055 -0.2524 -0.9618
vn 0.1350 -0.2236 -0.9653
vn 0.0426 -0.9990 -0.0152
vn 0.3540 0.7073 -0.6119
vn 0.3100 -0.0853 -0.9469
vn 0.1351 -0.7842 -0.6056
vn 0.0724 -0.9974 0.0006
vn 0.3743 0.8866 0.2718
vn 0.1608 0.1550 -0.9747
vn 0.2084 0.2154 -0.9540
vn 0.3625 -0.0109 0.9319
vn 0.0639 -0.9978 0.0191
vn 0.3494 0.9370 0.0056
vn 0.2041 0.2398 0.9491
vn 0.1067 -0.9527 -0.2845
vn 0.0831 -0.9930 -0.0846
vn 0.3402 0.9401 0.0211
vn 0.3788 -0.1595 -0.9116
vn 0.1437 -0.1864 -0.9719
vn 0.1684 -0.4850 -0.8581
vn 0.1967 0.2286 0.9534
vn 0.1465 0.1286 -0.9808
vn 0.1241 -0.9923 -0.0031
vn 0.3443 0.7229 0.5991
vn 0.2725 -0.3830 0.8826
vn 0.1608 -0.1332 0.9780
vn -0.0177 -0.9998 0.0004
vn 0.3757 -0.0106 -0.9267
vn 0.2000 -0.2695 0.9420
vn 0.3613 0.9324 -0.0072
vn 0.3320 0.9433 -0.0030
vn 0.4212 0.9069 -0.0058
vn -0.0220 -0.4087 0.9124
vn 0.0741 -0.9972 0.0108
vn 0.1814 0.2503 0.9510
vn 0.0235 -0.2283 0.9733
vn 0.3933 -0.1938 0.8988
vn -0.1360 -0.0936 -0.9863
vn 0.1775 0.1458 -0.9733
vn 0.2237 -0.4596 -0.8595
vn 0.1322 -0.8203 0.5564
vn -0.1784 -0.9839 -0.0102
vn -0.1454 -0.9888 -0.0333
vn 0.1521 -0.9883 0.0135
vn 0.0988 0.0926 0.9908
vn -0.0595 -0.0013 -0.9982
vn -0.0221 -0.3913 -0.9200
vn 0.2442 -0.5160 -0.8210
vn 0.0441 -0.9979 0.0473
vn 0.0269 -0.9996 -0.0077
vn 0.3591 0.8887 -0.2850
vn 0.3698 0.9171 -0.1489
vn 0.1104 0.0336 -0.9933
vn 0.4332 0.9013 0.0083
vn 0.3434 0.9388 0.0274
vn 0.3265 0.9108 0.2529
vn 0.2642 0.2651 0.9273
vn 0.0554 -0.2489 0.9669
vn -0.0380 -0.2073 -0.9775
vn -0.1135 -0.9932 -0.0246
vn 0.0225 -0.9997 0.0045
vn -0.2173 -0.9757 0.0289
vn 0.1746 -0.1491 0.9733
vn 0.0943 -0.1449 -0.9849
vn -0.2357 -0.9718 -0.0060
vn -0.1157 -0.9932 0.0079
vn 0.1926 -0.1161 0.9744
vn -0.1163 -0.9921 0.0473
vn -0.0104 -0.9953 0.0959
vn -0.2418 -0.9703 -0.0053
vn -0.0379 -0.9993 0.0010
vn -0.2790 -0.9602 -0.0119
vn -0.0527 -0.9983 -0.0230
vn 0.1232 -0.8197 -0.5593
vn 0.3992 0.9164 0.0277
vn 0.3193 0.6142 0.7217
vn 0.2046 0.1995 0.9583
vn 0.1542 -0.3535 -0.9226
vn 0.1534 -0.9882 -0.0026
vn 0.1587 -0.9873 -0.0087
vn 0.0445 -0.9989 -0.0146
vn 0.4334 0.9011 -0.0135
vn 0.4172 0.9088 -0.0007
vn 0.3769 0.9253 0.0424
vn 0.4114 0.9112 0.0227
vn 0.2081 -0.1901 0.9595
vn 0.1105 -0.9937 -0.0174
vn 0.0526 -0.9975 -0.0467
vn 0.0177 -0.9994 -0.0310
vn 0.4064 0.9134 -0.0253
vn 0.3597 0.9326 -0.0297
vn 0.2077 -0.2468 0.9466
vn 0.0852 -0.9963 0.0101
vn 0.0846 -0.9964 0.0052
vn 0.1363 -0.9907 0.0016
vn 0.3109 0.5776 -0.7548
vn 0.3304 0.9008 -0.2818
vn 0.1574 -0.1642 -0.9738
vn 0.0840 -0.9964 -0.0093
vn 0.2582 0.9661 -0.0047
vn 0.1904 0.1369 0.9721
vn 0.1910 -0.4925 0.8491
vn 0.2468 0.9688 0.0230
vn 0.2694 0.9627 -0.0227
vn 0.2701 0.9623 0.0326
vn 0.2763 0.9603 0.0377
vn 0.2893 0.7411 -0.6059
vn 0.2403 0.2858 0.9277
vn 0.1554 0.0682 -0.9855
vn 0.1689 0.0424 -0.9847
vn 0.1502 -0.1752 -0.9730
vn 0.1990 -0.1776 0.9638
vn 0.2249 0.2995 -0.9272
vn 0.1009 -0.9374 0.3332
vn 0.0552 -0.9984 -0.0115
vn 0.0578 -0.9982 -0.0131
vn 0.0366 -0.9983 -0.0464
vn 0.2753 0.9602 -0.0464
vn 0.3131 0.7802 0.5415
vn 0.0309 -0.9995 0.0105
vn 0.0346 -0.9994 -0.0002
vn 0.0620 -0.9981 -0.0010
vn 0.2704 0.9626 -0.0175
vn 0.2728 0.9139 -0.3005
vn 0.2884 0.9518 0.1047
vn 0.1311 -0.1679 -0.9771
vn 0.1387 -0.2098 -0.9679
vn 0.2485 0.3121 0.9169
vn 0.1963 0.0715 0.9779
vn 0.0493 -0.9978 0.0447
vn 0.0618 -0.9958 0.0670
vn 0.0366 -0.9993 -0.0108
vn 0.2641 0.9645 -0.0075
vn 0.1909 -0.1952 0.9620
vn 0.1410 -0.1996 -0.9697
vn 0.0450 -0.9990 -0.0073
vn 0.0487 -0.9987 -0.0140
vn 0.1778 -0.3045 0.9358
vn 0.2720 0.9617 0.0332
vn 0.2529 0.9672 0.0219
vn 0.2325 0.9724 0.0204
vn 0.1281 0.0906 -0.9876
vn 0.1465 -0.7674 0.6242
vn 0.0466 -0.9987 -0.0199
vn 0.1305 -0.9914 0.0061
vn 0.4027 0.9138 -0.0528
vn 0.2862 0.9581 0.0058
vn 0.2595 0.9655 0.0240
vn 0.2030 0.2727 -0.9404
vn 0.0473 -0.9987 0.0202
vn 0.2720 0.9612 -0.0470
vn 0.1332 -0.6857 -0.7155
vn 0.4983 0.8667 -0.0226
vn 0.3355 0.9419 0.0166
vn 0.4803 0.8764 0.0345
vn 0.5381 0.8428 -0.0124
vn 0.3748 0.9265 -0.0347
vn 0.2552 0.9659 0.0438
vn 0.2817 0.9480 0.1481
vn 0.1686 -0.1427 0.9753
vn 0.1327 -0.3428 -0.9300
vn 0.0386 -0.9992 -0.0084
vn 0.0701 -0.9814 -0.1785
vn 0.3948 0.9150 0.0831
vn 0.2512 0.9673 -0.0339
vn 0.1946 -0.1805 0.9641
vn 0.1793 -0.1751 0.9681
vn 0.1975 -0.9802 0.0138
vn 0.2420 -0.9702 0.0121
vn 0.0368 -0.9993 0.0008
vn 0.1198 -0.9926 0.0198
vn 0.2959 0.7105 0.6384
vn 0.2199 0.3336 0.9167
vn 0.1491 0.0687 -0.9864
vn 0.3709 0.9224 0.1077
vn 0.1633 0.9866 -0.0022
vn 0.3291 0.9360 0.1252
vn 0.2888 -0.9572 -0.0181
vn -0.1901 0.9762 -0.1047
vn 0.0776 0.9951 -0.0620
vn -0.1908 0.9816 -0.0060
vn 0.3090 0.9488 -0.0664
vn 0.1424 0.1194 -0.9826
vn 0.1448 0.0266 -0.9891
vn 0.0967 -0.9953 -0.0059
vn -0.0914 0.9952 -0.0342
vn -0.1684 0.9821 0.0849
vn -0.1438 0.9895 0.0127
vn 0.3267 0.9349 0.1388
vn 0.0941 0.9943 -0.0496
vn 0.1120 -0.8074 -0.5792
vn 0.3677 -0.9298 0.0173
vn 0.4077 -0.9131 -0.0026
vn 0.3943 0.9190 -0.0079
vn 0.2309 0.9723 0.0359
vn 0.0614 0.9939 0.0917
vn 0.1681 0.9845 0.0495
vn 0.1787 0.0995 0.9789
vn 0.0899 -0.9959 0.0143
vn 0.2076 -0.9781 0.0137
vn 0.0744 -0.9783 0.1931
vn 0.4292 -0.9032 0.0032
vn 0.4324 -0.9016 -0.0103
vn 0.1125 -0.9930 0.0348
vn 0.0547 -0.9981 0.0278
vn 0.2353 0.9717 0.0197
vn 0.1468 -0.9886 0.0335
vn 0.0425 -0.9991 0.0056
vn 0.3936 0.9176 -0.0550
vn 0.3021 0.9533 0.0048
vn 0.1661 -0.1623 0.9727
vn -0.0010 -0.9999 -0.0141
vn 0.2312 -0.9726 -0.0236
vn 0.2908 -0.9566 -0.0181
vn 0.0538 -0.9985 0.0036
vn 0.3307 0.9432 -0.0337
vn 0.1652 0.2229 -0.9607
vn 0.2403 0.6235 -0.7440
vn 0.0086 -0.9999 -0.0090
vn 0.0508 -0.9987 0.0038
vn -0.0495 -0.9987 0.0131
vn -0.0561 -0.9984 0.0013
vn 0.1305 0.9904 -0.0459
vn 0.2268 0.9720 0.0615
vn 0.2079 0.9776 0.0339
vn 0.3540 0.9351 0.0169
vn 0.2540 0.9337 -0.2523
vn 0.1677 0.1868 0.9680
vn 0.1688 0.0516 0.9843
vn 0.1917 0.0905 -0.9773
vn 0.1831 0.9700 0.1596
vn 0.1799 0.9702 0.1625
vn 0.2302 0.9731 0.0007
vn 0.0776 -0.1502 -0.9856
vn 0.2696 0.9510 0.1511
vn 0.0054 -0.9993 0.0381
vn 0.0344 -0.9993 0.0150
vn 0.2336 0.9714 -0.0433
vn 0.1794 0.9835 0.0218
vn 0.1984 0.9789 0.0490
vn 0.0741 0.9967 -0.0320
vn 0.0070 -0.9999 0.0080
vn -0.0368 -0.9992 -0.0145
vn 0.1969 0.9804 0.0059
vn 0.1928 0.1378 0.9715
vn -0.0396 -0.1558 0.9870
vn 0.0394 -0.9991 0.0174
vn 0.0267 -0.9995 -0.0143
vn 0.2069 0.9772 -0.0475
vn 0.2286 0.9733 -0.0222
vn 0.0193 -0.9997 -0.0143
vn 0.1987 0.9799 0.0193
vn 0.2002 0.9789 0.0409
vn 0.2305 0.9728 0.0249
vn 0.0401 -0.9992 -0.0025
vn -0.0436 -0.9990 0.0041
vn 0.2306 0.9635 0.1357
vn 0.2298 0.9718 -0.0532
vn 0.2011 0.9796 0.0014
vn 0.1875 0.9760 0.1109
vn 0.2448 0.9650 -0.0941
vn 0.1955 0.9805 0.0183
vn 0.2489 0.9452 0.2113
vn 0.2309 0.6933 0.6827
vn -0.0713 -0.3067 0.9491
vn 0.0169 -0.7379 -0.6747
vn 0.1940 0.9810 0.0087
vn 0.1966 0.9803 0.0203
vn 0.1729 0.9849 0.0034
vn 0.0355 0.9898 -0.1382
vn 0.2223 0.9584 0.1792
vn 0.0501 -0.9987 -0.0040
vn 0.1919 0.9812 -0.0205
vn 0.1310 0.9771 -0.1679
vn 0.1940 0.9762 0.0967
vn 0.1580 -0.3038 -0.9395
vn 0.0309 -0.9994 0.0134
vn 0.1781 0.9840 0.0051
vn 0.2053 0.1919 0.9597
vn 0.1992 0.9788 -0.0486
vn 0.2019 0.9792 -0.0195
vn 0.2549 0.1981 -0.9465
vn 0.0868 -0.3089 -0.9471
vn 0.0421 -0.9991 0.0094
vn 0.0438 -0.9990 -0.0121
vn 0.0344 -0.7908 0.6111
vn 0.0328 -0.9994 -0.0095
vn 0.0567 -0.9984 0.0039
vn 0.0228 -0.9997 0.0093
vn 0.2112 0.9767 0.0367
vn 0.2096 0.9761 0.0578
vn 0.1533 0.9881 0.0085
vn 0.1899 0.9818 -0.0046
vn 0.0292 -0.9995 0.0107
vn -0.1781 -0.9809 -0.0784
vn 0.0411 -0.9991 0.0092
vn 0.0778 -0.9969 -0.0090
vn 0.1848 0.9828 -0.0044
vn 0.2221 0.8531 -0.4721
vn 0.2082 0.9712 -0.1155
vn 0.2511 0.1328 0.9588
vn 0.2425 0.1111 -0.9638
vn -0.0531 -0.2134 0.9755
vn 0.1704 0.9781 0.1199
vn 0.1716 0.9839 -0.0494
vn 0.1860 0.9732 0.1350
vn 0.1407 0.9900 -0.0034
vn 0.1959 0.9360 0.2924
vn 0.1939 0.9806 0.0277
vn 0.2010 0.9793 -0.0251
vn 0.2047 0.9781 -0.0361
vn -0.1326 -0.0370 -0.9905
vn -0.0498 -0.2089 -0.9767
vn 0.1584 0.2409 0.9575
vn -0.0443 -0.9927 0.1126
vn -0.3157 -0.8562 -0.4090
vn 0.1830 0.9637 -0.1946
vn 0.2369 -0.0393 0.9707
vn 0.1012 -0.2186 0.9706
vn 0.0695 -0.9974 -0.0207
vn 0.1732 0.9848 -0.0139
vn -0.0916 -0.2768 -0.9565
vn -0.0215 -0.3534 -0.9352
vn -0.5371 -0.2143 0.8159
vn -0.5652 -0.3696 0.7375
vn -0.0266 -0.2999 0.9536
vn 0.0219 -0.9996 -0.0168
vn 0.0208 -0.9998 -0.0081
vn 0.1738 0.9846 0.0183
vn 0.1711 0.9850 0.0217
vn 0.1488 0.3273 -0.9331
vn 0.1910 0.4773 -0.8577
vn -0.4612 -0.3661 0.8083
vn -0.3943 -0.1488 -0.9068
vn 0.0651 -0.9979 -0.0012
vn 0.0620 -0.9978 -0.0220
vn 0.2169 0.9719 0.0919
vn 0.1241 0.9877 -0.0952
vn 0.1122 0.9918 0.0613
vn 0.1435 0.9896 0.0124
vn 0.1667 0.9853 0.0383
vn 0.1628 0.9860 -0.0368
vn 0.2121 0.1737 0.9617
vn 0.0573 -0.3846 -0.9213
vn -0.0880 -0.4783 0.8738
vn -0.4133 -0.3371 0.8459
vn -0.2358 -0.3203 -0.9175
vn -0.5587 -0.4210 0.7146
vn 0.3124 0.9480 0.0598
vn 0.2122 0.9769 0.0273
vn 0.1967 0.6095 0.7680
vn 0.4168 0.2375 0.8774
vn 0.3464 0.0643 -0.9359
vn -0.7491 -0.4208 0.5116
vn 0.1477 0.9876 -0.0540
vn 0.1590 0.9839 0.0817
vn 0.1371 0.9871 0.0830
vn 0.4806 0.2434 -0.8425
vn 0.1920 -0.1003 0.9763
vn -0.1958 -0.5557 0.8080
vn 0.0971 -0.5753 0.8122
vn -0.7689 -0.2237 -0.5989
vn -0.3184 -0.1675 -0.9330
vn 0.1032 -0.9938 0.0407
vn 0.0445 -0.9990 -0.0024
vn 0.2896 0.9570 0.0174
vn -0.3658 -0.3594 -0.8585
vn -0.1275 -0.4110 -0.9027
vn -0.7622 -0.2213 -0.6084
vn -0.6349 -0.6277 -0.4505
vn -0.0429 -0.9784 0.2020
vn 0.0355 -0.9992 -0.0174
vn 0.1097 -0.9939 0.0053
vn -0.0539 -0.2854 0.9569
vn 0.1311 -0.4571 0.8797
vn -0.1866 -0.6009 -0.7772
vn -0.1371 -0.4113 -0.9011
vn -0.6436 -0.3837 -0.6622
vn 0.1602 -0.9859 -0.0492
vn -0.1433 -0.9719 -0.1870
vn 0.0107 -0.9998 0.0192
vn 0.2639 0.9641 -0.0301
vn 0.2624 0.9640 0.0431
vn 0.1050 0.9789 -0.1753
vn 0.1721 0.7380 -0.6525
vn -0.3923 -0.4195 -0.8186
vn -0.0170 -0.5882 -0.8085
vn 0.1505 -0.9746 -0.1660
vn 0.1793 -0.9837 0.0153
vn 0.0825 -0.9966 0.0026
vn 0.2051 0.9743 0.0936
vn 0.3027 0.1337 0.9437
vn 0.3353 0.1560 -0.9291
vn 0.7554 -0.4301 0.4943
vn 0.3498 -0.7509 0.5602
vn -0.1810 -0.7683 0.6140
vn -0.2142 -0.7463 -0.6302
vn 0.2580 -0.9660 0.0133
vn 0.1904 -0.9808 0.0425
vn 0.0718 -0.9896 0.1248
vn 0.1491 0.9873 -0.0552
vn 0.1308 0.9899 -0.0540
vn 0.1326 0.9911 -0.0130
vn 0.1673 0.9859 -0.0083
vn 0.1592 0.9867 0.0340
vn 0.1754 0.9837 0.0396
vn 0.1470 0.9889 0.0218
vn 0.1746 0.9845 0.0155
vn 0.4921 0.3934 0.7766
vn 0.9156 -0.1496 0.3733
vn 0.4089 -0.3689 0.8347
vn 0.7815 -0.2233 0.5826
vn 0.8041 -0.1969 -0.5610
vn 0.2241 -0.4549 -0.8619
vn 0.4162 -0.3337 0.8458
vn 0.5177 -0.8059 0.2875
vn 0.0451 -0.9986 0.0292
vn 0.1737 -0.9610 -0.2154
vn 0.1415 0.9559 -0.2572
vn 0.0945 -0.1522 0.9838
vn 0.6526 -0.2368 -0.7198
vn 0.9569 -0.1654 0.2387
vn 0.3646 -0.1081 -0.9249
vn -0.3387 -0.5024 -0.7956
vn 0.6523 0.0455 0.7566
vn 0.4890 -0.0109 0.8722
vn 0.9041 0.0025 -0.4273
vn 0.7866 -0.0784 0.6124
vn 0.8587 -0.4647 0.2163
vn 0.3183 -0.9480 -0.0058
vn 0.4895 -0.8712 0.0381
vn 0.8201 -0.5684 0.0654
vn 0.1644 -0.9844 -0.0631
vn 0.2731 -0.9605 0.0544
vn 0.1231 -0.9924 0.0066
vn 0.1131 0.9897 0.0876
vn 0.4101 0.3445 -0.8445
vn 0.1736 0.1625 -0.9713
vn 0.4414 0.1470 0.8852
vn 0.3933 -0.0260 0.9190
vn 0.9093 -0.1933 -0.3686
vn 0.7371 -0.0666 -0.6725
vn 0.9266 -0.3197 -0.1979
vn 0.7700 -0.4229 -0.4777
vn 0.9015 -0.3099 0.3021
vn 0.3501 -0.8323 -0.4297
vn 0.2542 -0.9578 -0.1341
vn 0.5223 -0.8400 -0.1466
vn 0.6013 -0.7946 -0.0840
vn 0.5307 -0.7914 -0.3033
vn 0.1763 0.9843 0.0076
vn 0.0434 0.9990 -0.0129
vn 0.1205 0.9923 0.0297
vn 0.2219 0.9740 0.0450
vn 0.1343 0.9899 -0.0444
vn 0.4294 0.4828 -0.7633
vn 0.3390 0.3177 0.8855
vn -0.2292 -0.4322 -0.8721
vn 0.1286 -0.1355 0.9824
vn 0.2148 0.0773 0.9736
vn 0.5082 0.0432 -0.8602
vn 0.4906 0.1658 -0.8555
vn 0.7534 0.1388 -0.6428
vn 0.7899 -0.5874 -0.1764
vn 0.8818 -0.4572 -0.1160
vn 0.8750 -0.4159 -0.2477
vn 0.4207 -0.7198 -0.5522
vn 0.1057 0.9927 -0.0584
vn 0.1611 0.9814 0.1047
vn 0.1365 0.9901 0.0331
vn 0.1250 0.0883 -0.9882
vn -0.2382 -0.4500 -0.8607
vn 0.3628 -0.0783 -0.9286
vn 0.6869 -0.1974 -0.6994
vn 0.8182 -0.3849 -0.4271
vn 0.1994 -0.9730 0.1163
vn 0.3793 -0.9252 -0.0108
vn 0.6819 -0.6955 0.2263
vn 0.1587 0.9865 0.0404
vn 0.1408 0.9892 -0.0412
vn 0.3584 0.5138 0.7795
vn -0.1571 -0.3236 0.9331
vn -0.1223 -0.4069 0.9053
vn 0.3550 0.0815 -0.9313
vn 0.3191 0.2327 0.9187
vn 0.2832 -0.9591 0.0033
vn 0.3915 -0.8989 -0.1967
vn 0.4452 -0.7834 0.4337
vn 0.7920 -0.6090 -0.0426
vn 0.7769 -0.6181 -0.1199
vn 0.8335 -0.5523 -0.0161
vn 0.1148 0.9912 0.0655
vn 0.1544 0.9840 -0.0887
vn 0.1278 0.9838 -0.1261
vn -0.2524 -0.3674 0.8952
vn 0.3824 0.2421 -0.8917
vn 0.1936 0.0629 -0.9791
vn 0.0839 0.0102 0.9964
vn 0.1206 -0.0533 0.9913
vn 0.5333 -0.2805 -0.7981
vn 0.3728 -0.9278 0.0168
vn 0.2135 -0.9739 -0.0768
vn 0.7030 -0.5639 -0.4334
vn 0.7750 -0.6313 -0.0289
vn 0.8438 -0.5157 0.1485
vn 0.0078 -0.1951 -0.9808
vn 0.4380 -0.8917 -0.1144
vn 0.5002 -0.7674 0.4010
vn 0.5527 -0.8289 0.0864
vn 0.6158 -0.7876 -0.0233
vn 0.6377 -0.7702 -0.0132
vn 0.6577 -0.4941 -0.5686
vn 0.7739 -0.6060 -0.1839
vn 0.7823 -0.6087 0.1327
vn 0.6881 -0.5523 0.4706
vn -0.0470 -0.2095 -0.9767
vn 0.3020 0.3551 -0.8847
vn -0.0537 -0.3186 0.9464
vn 0.6679 -0.7438 0.0269
vn 0.4475 -0.8202 0.3564
vn 0.7277 -0.6859 -0.0017
vn 0.7995 -0.6002 -0.0246
vn 0.6951 -0.7180 -0.0371
vn 0.7309 -0.6751 0.0997
vn 0.1561 0.9863 0.0525
vn -0.1380 0.0423 0.9895
vn 0.5661 -0.8153 -0.1217
vn 0.4299 -0.9027 0.0203
vn 0.3107 -0.3134 -0.8973
vn 0.5637 -0.7547 0.3357
vn 0.2997 -0.9480 0.1070
vn 0.7371 -0.6742 0.0475
vn 0.7246 -0.6881 -0.0392
vn 0.6648 -0.7223 0.1907
vn 0.5760 -0.6764 -0.4591
vn 0.1433 0.9894 0.0231
vn 0.2252 0.4287 -0.8749
vn 0.2452 0.4231 0.8723
vn 0.1882 0.1901 0.9635
vn -0.2254 -0.0186 0.9741
vn 0.5355 -0.7246 -0.4338
vn 0.0527 -0.9912 0.1218
vn 0.1059 -0.9849 0.1369
vn 0.6545 -0.7445 -0.1318
vn 0.5791 -0.6240 -0.5247
vn 0.6571 -0.7403 -0.1420
vn 0.5570 -0.8293 0.0450
vn 0.0807 0.9966 -0.0183
vn 0.1899 0.9818 -0.0036
vn 0.2349 0.5404 -0.8080
vn -0.0674 -0.2818 0.9571
vn 0.2521 0.3026 -0.9192
vn 0.1600 0.1550 -0.9749
vn 0.7476 -0.6035 -0.2772
vn 0.7586 -0.5952 -0.2651
vn 0.6994 -0.7060 -0.1114
vn 0.7544 -0.6559 -0.0248
vn 0.7339 -0.6791 -0.0148
vn 0.5592 -0.6581 0.5041
vn 0.7261 -0.6738 0.1369
vn 0.6290 -0.7774 -0.0085
vn 0.5298 -0.7030 0.4745
vn 0.1213 0.9917 -0.0436
vn 0.1406 0.9898 0.0225
vn 0.1343 0.9909 0.0117
vn 0.1470 0.9687 0.2001
vn 0.1688 0.6919 0.7020
vn 0.1191 0.2806 -0.9524
vn 0.1388 0.5885 -0.7965
vn -0.0721 0.0417 -0.9965
vn -0.0583 0.0050 -0.9983
vn 0.0959 -0.0119 -0.9953
vn -0.4991 0.1224 0.8579
vn -0.1977 0.1188 0.9730
vn 0.7128 -0.6615 -0.2330
vn 0.7433 -0.6688 -0.0141
vn 0.7598 -0.6502 0.0040
vn 0.4339 -0.4453 -0.7832
vn 0.3805 -0.4124 -0.8277
vn 0.6305 -0.7758 -0.0227
vn 0.0925 0.9946 0.0460
vn 0.1319 0.9898 -0.0548
vn -0.0162 0.0084 -0.9998
vn -0.3284 -0.1725 0.9286
vn -0.0004 -0.0185 0.9998
vn -0.3386 0.0833 -0.9372
vn -0.2864 -0.0669 -0.9558
vn 0.1102 -0.0732 -0.9912
vn 0.6859 -0.7217 0.0930
vn 0.6413 -0.6537 -0.4018
vn 0.5630 -0.7554 0.3351
vn 0.1031 -0.1853 0.9773
vn 0.3451 -0.3594 0.8670
vn 0.5159 -0.8389 0.1736
vn 0.5259 -0.8451 0.0967
vn 0.2383 0.5936 0.7687
vn -0.0032 -0.1866 -0.9824
vn 0.5663 -0.7900 -0.2350
vn 0.5936 -0.7664 -0.2455
vn 0.2960 -0.4946 -0.8172
vn 0.5915 -0.8063 -0.0034
vn 0.5080 -0.7211 0.4711
vn 0.5458 -0.8350 -0.0703
vn 0.5175 -0.7846 -0.3414
vn 0.4656 -0.8575 0.2191
vn 0.0031 0.9998 -0.0195
vn 0.0990 0.9949 0.0175
vn 0.0742 0.9957 0.0552
vn 0.1230 0.9467 0.2978
vn -0.2765 -0.1478 -0.9496
vn -0.6738 -0.0034 -0.7389
vn -0.1870 0.2748 0.9432
vn 0.4250 -0.9050 -0.0157
vn 0.5710 -0.8197 -0.0454
vn 0.1323 0.9910 0.0215
vn 0.1142 0.9927 -0.0378
vn 0.1131 0.9934 -0.0206
vn -0.0532 -0.3996 0.9152
vn -0.6229 -0.2488 -0.7417
vn -0.5090 -0.0141 0.8607
vn -0.6432 0.2191 0.7337
vn -0.5742 -0.0579 0.8167
vn -0.0551 0.0972 -0.9937
vn 0.2211 -0.9352 0.2765
vn 0.3093 -0.8052 0.5059
vn 0.1134 0.9935 -0.0021
vn 0.1729 0.9839 0.0455
vn 0.1185 0.9926 -0.0273
vn 0.0532 0.1209 0.9912
vn 0.0981 0.2572 -0.9614
vn 0.0129 0.0836 -0.9964
vn -0.2048 -0.2993 0.9319
vn -0.4671 -0.4240 0.7759
vn -0.5129 0.3969 0.7612
vn 0.0505 -0.1045 -0.9932
vn 0.0009 0.0661 0.9978
vn 0.3806 -0.9243 -0.0282
vn 0.1400 -0.9896 -0.0319
vn 0.4411 -0.8941 -0.0774
vn 0.3414 -0.8520 0.3970
vn 0.4182 -0.9070 0.0503
vn 0.3422 -0.9283 0.1453
vn 0.1100 0.9905 0.0820
vn 0.2581 0.9661 -0.0107
vn -0.0658 -0.1523 -0.9861
vn -0.6312 -0.1059 -0.7684
vn -0.6171 0.2686 -0.7396
vn -0.6292 0.1155 -0.7686
vn -0.2759 0.2566 -0.9263
vn -0.4878 0.4524 -0.7466
vn 0.5465 -0.8344 0.0715
vn 0.4696 -0.6236 0.6250
vn 0.3093 -0.9118 0.2702
vn 0.0772 -0.9967 -0.0245
vn 0.0780 -0.9970 0.0005
vn 0.2723 -0.9622 0.0071
vn 0.1360 0.9907 0.0038
vn 0.1441 0.9880 -0.0548
vn 0.1110 0.9931 0.0378
vn 0.1620 0.9866 0.0169
vn -0.4417 -0.4860 -0.7542
vn -0.6253 -0.2986 0.7210
vn -0.5814 -0.2626 0.7701
vn -0.3335 -0.1837 0.9247
vn -0.5617 -0.3480 -0.7506
vn -0.5329 0.4716 0.7025
vn 0.2832 -0.9330 -0.2220
vn 0.0789 -0.9968 -0.0086
vn 0.0142 -0.9992 0.0361
vn 0.2566 -0.9665 0.0003
vn 0.4166 -0.9018 -0.1154
vn 0.1675 0.5915 0.7887
vn -0.0922 -0.4700 -0.8779
vn -0.0253 -0.1349 0.9905
vn 0.0925 0.1416 0.9856
vn -0.2880 -0.6233 0.7270
vn -0.2841 0.1619 0.9450
vn 0.3379 -0.9203 0.1970
vn 0.1203 -0.9834 -0.1362
vn 0.5210 -0.8016 -0.2933
vn 0.2439 -0.5969 -0.7644
vn 0.2649 -0.7018 0.6613
vn 0.2893 -0.6028 0.7436
vn 0.2696 -0.9454 -0.1829
vn 0.3193 -0.7800 -0.5382
vn 0.2014 -0.9721 0.1205
vn 0.3182 -0.9479 -0.0124
vn 0.0885 0.9959 -0.0191
vn 0.2213 0.9747 0.0313
vn 0.1025 0.2035 0.9737
vn 0.1121 0.3715 0.9216
vn 0.1916 0.2575 0.9471
vn -0.1070 -0.4397 0.8918
vn -0.3349 -0.4573 0.8238
vn 0.0189 -0.9779 0.2084
vn -0.2325 -0.9726 0.0032
vn -0.0378 -0.9993 0.0050
vn 0.3519 -0.7424 -0.5701
vn 0.1515 -0.6922 -0.7057
vn 0.3085 -0.4782 -0.8223
vn 0.1032 -0.5959 -0.7964
vn 0.2271 0.9736 -0.0238
vn 0.1706 0.9853 -0.0029
vn 0.1145 0.9813 -0.1544
vn 0.1182 0.7430 -0.6588
vn 0.0590 0.2229 0.9730
vn -0.0213 -0.3027 0.9528
vn -0.0206 -0.2715 -0.9622
vn -0.3733 -0.5260 -0.7642
vn -0.1700 -0.0667 -0.9832
vn -0.1368 0.0712 -0.9880
vn -0.5367 0.3339 -0.7749
vn -0.3378 0.6232 -0.7053
vn -0.3514 0.5271 -0.7738
vn 0.1404 -0.6972 0.7030
vn 0.0983 -0.7701 0.6303
vn 0.2283 -0.5160 0.8256
vn 0.1859 -0.9187 0.3485
vn 0.1428 -0.9846 0.1012
vn 0.1638 -0.9840 -0.0698
vn 0.1070 0.9932 0.0465
vn -0.1979 -0.5092 -0.8376
vn -0.0493 -0.9845 0.1683
vn 0.0809 -0.8724 -0.4820
vn 0.1565 0.9867 0.0442
vn 0.0444 0.6522 0.7568
vn -0.1752 -0.7010 0.6913
vn -0.2919 -0.2478 -0.9238
vn -0.1361 0.4642 -0.8752
vn -0.1564 -0.9868 0.0420
vn 0.0405 -0.9980 0.0485
vn 0.0448 -0.4667 0.8833
vn 0.1441 -0.9068 0.3961
vn 0.2193 0.9757 -0.0009
vn 0.2825 0.9590 0.0214
vn 0.2178 0.9760 -0.0004
vn 0.2189 0.9749 0.0395
vn 0.0522 -0.6563 0.7527
vn -0.0166 -0.3452 0.9384
vn -0.0395 -0.3633 0.9309
vn -0.1116 -0.5978 -0.7939
vn -0.1042 -0.2196 -0.9700
vn -0.0689 0.1818 -0.9809
vn 0.0412 0.0024 0.9991
vn 0.0116 0.1376 0.9904
vn -0.2313 0.3560 0.9054
vn 0.0135 0.4137 0.9103
vn -0.1415 0.3886 0.9105
vn 0.0108 0.1861 -0.9825
vn 0.0423 -0.9870 -0.1551
vn 0.0352 -0.9628 0.2681
vn 0.0767 -0.9932 -0.0877
vn 0.3132 -0.9461 -0.0819
vn 0.2072 -0.9746 -0.0853
vn 0.0374 -0.9795 -0.1981
vn 0.0792 -0.9969 0.0019
vn 0.0328 -0.9989 -0.0344
vn 0.1557 0.9875 0.0246
vn 0.1405 0.4487 -0.8826
vn 0.0670 0.6414 -0.7643
vn 0.0719 0.3071 -0.9490
vn 0.0081 -0.6800 0.7332
vn -0.1513 0.6431 -0.7507
vn -0.0943 0.6378 -0.7644
vn -0.0752 -0.9971 -0.0113
vn 0.0458 -0.6762 0.7353
vn -0.0021 -0.2440 0.9698
vn 0.0006 -0.4854 -0.8743
vn 0.0764 0.9967 -0.0269
vn 0.0252 0.5966 0.8022
vn 0.0349 -0.5225 0.8519
vn -0.0244 -0.7617 0.6475
vn 0.0378 -0.0200 -0.9991
vn 0.0568 0.2897 -0.9554
vn -0.1470 -0.9850 0.0906
vn -0.0140 -0.9943 -0.1052
vn -0.0554 -0.3319 -0.9417
vn 0.0825 0.2616 -0.9616
vn 0.0044 -0.5847 -0.8113
vn 0.1689 -0.1837 0.9684
vn -0.0363 -0.0991 0.9944
vn -0.1286 -0.9848 -0.1166
vn -0.0158 -0.9169 0.3989
vn 0.0039 -0.9272 -0.3746
vn 0.2025 -0.9372 -0.2839
vn -0.0257 -0.9988 0.0408
vn 0.0961 0.9947 0.0376
vn 0.0701 0.9975 -0.0077
vn 0.0273 0.2081 0.9777
vn -0.1727 -0.9419 0.2881
vn -0.0796 -0.8050 0.5879
vn -0.0851 -0.7469 -0.6595
vn -0.0371 -0.6571 0.7529
vn 0.0739 0.9972 -0.0085
vn 0.0597 -0.3767 0.9244
vn -0.0063 0.1959 0.9806
vn 0.0518 0.0136 0.9986
vn 0.1505 0.2479 0.9570
vn 0.1330 0.5547 -0.8213
vn 0.0874 0.6901 -0.7184
vn 0.1360 0.7474 0.6502
vn -0.1026 0.7038 0.7029
vn -0.0123 -0.0436 0.9990
vn -0.1580 -0.9712 -0.1783
vn 0.0136 -0.9623 0.2718
vn -0.1332 -0.9458 -0.2962
vn -0.0923 -0.9957 -0.0097
vn 0.0668 -0.9977 -0.0078
vn 0.1992 -0.5804 0.7896
vn 0.0948 -0.2338 -0.9677
vn -0.2144 -0.5968 -0.7732
vn 0.0242 -0.9092 -0.4157
vn -0.1535 -0.6238 0.7664
vn -0.0686 -0.9968 -0.0410
vn -0.1046 -0.9926 -0.0613
vn 0.0838 0.9817 0.1710
vn 0.0959 0.7555 0.6481
vn 0.0731 0.1074 -0.9915
vn -0.1291 0.3724 -0.9190
vn 0.0664 0.4686 -0.8809
vn 0.1387 -0.6390 -0.7566
vn -0.3401 -0.9378 -0.0701
vn 0.0808 0.9681 -0.2371
vn -0.0222 0.4945 -0.8689
vn -0.0034 0.0533 0.9986
vn 0.0413 -0.3251 0.9448
vn 0.1936 -0.5668 0.8008
vn 0.0379 -0.0188 -0.9991
vn 0.0167 -0.0258 -0.9995
vn 0.0520 0.0170 -0.9985
vn 0.0412 0.6016 0.7977
vn 0.2530 0.6024 0.7571
vn 0.0940 0.2598 0.9611
vn -0.1163 -0.1771 -0.9773
vn -0.4750 -0.8292 -0.2945
vn -0.1233 -0.9763 -0.1777
vn -0.1415 -0.9771 0.1587
vn -0.3352 -0.9047 0.2629
vn -0.1810 -0.9761 -0.1200
vn -0.4754 -0.8267 -0.3010
vn -0.4121 -0.8915 0.1881
vn -0.1166 -0.9919 -0.0500
vn -0.1587 -0.6703 0.7250
vn -0.1449 -0.5944 0.7910
vn -0.0476 0.5642 -0.8243
vn 0.0190 -0.2887 -0.9572
vn 0.0734 -0.3180 -0.9452
vn -0.0014 -0.4899 -0.8718
vn 0.2244 -0.4878 -0.8436
vn 0.2968 0.6084 0.7360
vn -0.1829 -0.9672 0.1763
vn 0.3474 0.5525 -0.7577
vn -0.7084 -0.6363 -0.3055
vn -0.1615 -0.8314 -0.5317
vn -0.1726 -0.5272 -0.8321
vn -0.2620 -0.8977 0.3544
vn -0.0724 -0.9934 0.0886
vn 0.0697 0.9974 -0.0199
vn 0.1317 -0.3959 0.9088
vn 0.3275 -0.5319 0.7809
vn 0.3660 -0.5180 0.7731
vn 0.0804 -0.0276 0.9964
vn 0.0294 0.0424 0.9987
vn 0.3338 0.4907 -0.8049
vn 0.3404 0.7556 -0.5596
vn -0.9643 -0.2649 -0.0042
vn -0.9262 -0.3672 -0.0857
vn -0.6632 -0.6043 0.4417
vn -0.9050 -0.4255 -0.0018
vn -0.4169 -0.8979 0.1412
vn -0.2848 -0.5776 -0.7650
vn -0.2886 -0.3913 -0.8738
vn -0.1848 -0.9721 -0.1445
vn -0.2873 -0.8300 -0.4782
vn -0.0955 -0.7788 -0.6200
vn -0.2668 -0.9625 0.0481
vn -0.2624 -0.9639 -0.0456
vn 0.1441 -0.4798 0.8654
vn 0.3180 -0.0448 -0.9470
vn 0.3248 0.1906 -0.9264
vn -0.9557 -0.2938 -0.0206
vn -0.8721 -0.4873 -0.0441
vn -0.9467 -0.3193 0.0415
vn -0.7982 -0.3337 0.5015
vn -0.8675 -0.4872 -0.1000
vn -0.9682 -0.2480 -0.0332
vn -0.8055 -0.5012 -0.3161
vn -0.7230 -0.2455 -0.6458
vn -0.8982 -0.4210 0.1262
vn -0.3460 -0.6391 0.6869
vn -0.4458 -0.8487 0.2844
vn -0.4548 -0.8777 0.1508
vn -0.3624 -0.8902 -0.2760
vn -0.1991 -0.7580 -0.6211
vn -0.1906 -0.7532 0.6296
vn -0.1620 -0.9649 0.2068
vn -0.1447 -0.9761 0.1624
vn -0.2036 -0.4548 0.8670
vn 0.0306 0.9986 0.0438
vn 0.0396 0.9707 0.2369
vn 0.1862 -0.1771 0.9664
vn 0.2906 0.1460 0.9456
vn 0.4730 0.4188 0.7751
vn -0.7188 -0.6143 0.3254
vn -0.6181 -0.7849 -0.0435
vn -0.2205 -0.8519 0.4751
vn -0.2161 -0.4015 0.8900
vn 0.4473 0.4114 0.7941
vn -0.1694 -0.1045 0.9800
vn -0.5652 -0.5460 0.6184
vn -0.3326 -0.4475 -0.8301
vn -0.1809 -0.7934 0.5812
vn -0.4641 -0.8654 -0.1889
vn -0.2954 -0.8521 -0.4321
vn -0.3070 -0.9361 -0.1715
vn -0.0344 0.0742 -0.9967
vn -0.1023 0.2142 -0.9714
vn -0.0203 0.1659 -0.9859
vn -0.4684 -0.8825 -0.0424
vn -0.2868 -0.8782 -0.3828
vn -0.4710 -0.7243 -0.5035
vn -0.4172 -0.9080 -0.0385
vn -0.8457 -0.5078 -0.1640
vn -0.1913 -0.7302 -0.6559
vn 0.0730 -0.3237 0.9433
vn -0.1316 -0.8622 0.4891
vn -0.1688 -0.8480 -0.5024
vn -0.4744 -0.8682 -0.1454
vn -0.0549 -0.3627 -0.9303
vn -0.2986 -0.5047 0.8100
vn -0.1006 -0.4481 -0.8883
vn -0.4006 -0.9088 -0.1168
vn 0.1167 0.9932 -0.0042
vn -0.0102 0.1308 -0.9914
vn 0.0274 0.0830 -0.9962
vn -0.1267 0.2019 0.9712
vn -0.0535 0.3587 0.9319
vn 0.4394 -0.3206 -0.8391
vn 0.5373 0.4252 -0.7284
vn -0.0232 -0.9996 -0.0146
vn -0.3432 -0.9390 -0.0204
vn 0.0905 0.1236 -0.9882
vn 0.2652 -0.6746 -0.6889
vn -0.4112 -0.9050 -0.1095
vn -0.1671 -0.8964 -0.4106
vn -0.1610 -0.9868 0.0197
vn -0.3518 -0.8342 0.4248
vn -0.3490 -0.9340 0.0758
vn 0.0608 0.3658 -0.9287
vn 0.1856 -0.2165 -0.9585
vn 0.0395 -0.1378 -0.9897
vn 0.6388 0.1910 -0.7453
vn -0.0040 -1.0000 -0.0020
vn 0.0098 -0.7370 0.6758
vn -0.0995 -0.9944 0.0346
vn -0.3542 -0.9098 0.2164
vn -0.0257 -0.3320 -0.9429
vn 0.5013 0.3191 -0.8043
vn 0.1123 -0.6358 0.7636
vn 0.1228 -0.9125 0.3902
vn -0.3465 -0.7093 0.6139
vn -0.2724 -0.5108 -0.8154
vn 0.0718 0.9969 -0.0333
vn -0.2436 0.5913 0.7688
vn -0.0419 0.5418 0.8394
vn 0.0559 -0.2986 -0.9527
vn 0.6440 -0.1883 0.7415
vn 0.5039 -0.3598 0.7852
vn 0.4688 -0.3908 0.7921
vn -0.0364 -0.4012 0.9153
vn -0.2036 -0.2230 0.9533
vn -0.0075 -0.9937 -0.1120
vn -0.0494 -0.9927 0.1099
vn -0.0786 -0.7667 0.6372
vn -0.0881 -0.9772 -0.1932
vn -0.3890 -0.6086 0.6916
vn -0.1274 -0.3051 0.9437
vn -0.3785 -0.6572 -0.6518
vn -0.4218 -0.9049 0.0575
vn -0.4163 -0.9042 -0.0950
vn 0.0344 0.9988 -0.0362
vn -0.0516 0.0689 -0.9963
vn 0.0224 0.0155 0.9996
vn 0.6267 -0.1999 -0.7532
vn 0.4952 -0.2645 -0.8275
vn 0.6013 0.1562 0.7836
vn 0.2892 -0.0880 0.9532
vn 0.0240 -0.9994 0.0241
vn -0.0838 -0.4363 -0.8959
vn -0.0302 -0.8859 -0.4628
vn -0.0018 -0.8263 -0.5633
vn -0.0973 -0.9809 -0.1683
vn 0.0179 -0.9813 -0.1915
vn -0.0287 -0.9861 0.1636
vn -0.1753 -0.9074 0.3820
vn 0.0798 0.2147 0.9734
vn 0.1463 -0.0744 -0.9864
vn 0.5819 0.0979 -0.8074
vn -0.0380 -0.9914 0.1251
vn -0.0250 -0.4145 -0.9097
vn 0.3424 0.1761 0.9229
vn 0.1891 0.1977 0.9619
vn -0.4724 -0.6622 -0.5816
vn -0.4541 -0.8383 -0.3019
vn -0.2241 0.2098 -0.9517
vn -0.2167 0.2221 0.9506
vn 0.3380 -0.1386 0.9309
vn 0.5741 -0.0939 -0.8134
vn 0.6299 0.0126 -0.7766
vn 0.6596 0.0507 0.7499
vn 0.6195 -0.1121 0.7769
vn 0.5924 0.2407 0.7689
vn -0.0104 -0.9773 -0.2118
vn 0.0052 -0.9998 -0.0203
vn -0.0948 -0.9948 -0.0359
vn -0.0858 -0.8741 0.4781
vn 0.0238 -0.6436 0.7650
vn -0.1694 -0.7150 0.6783
vn -0.3772 -0.5559 0.7408
vn -0.2234 -0.2466 0.9430
vn -0.5435 -0.8238 -0.1614
vn -0.5267 -0.8483 -0.0541
vn 0.3466 0.9367 -0.0500
vn 0.2311 -0.4768 0.8481
vn -0.1541 0.1547 0.9759
vn -0.0965 0.2468 0.9642
vn 0.1697 0.0786 -0.9824
vn -0.0094 0.0247 -0.9997
vn -0.0602 -0.9495 0.3079
vn 0.0039 -0.8861 0.4635
vn -0.5517 -0.8333 0.0343
vn -0.5108 -0.8537 0.1015
vn 0.0253 0.6834 -0.7296
vn -0.1741 0.0811 0.9814
vn 0.0665 -0.9978 0.0035
vn -0.4635 -0.3910 -0.7952
vn -0.5598 -0.7587 -0.3332
vn -0.5370 -0.7723 0.3393
vn -0.4293 -0.8636 0.2642
vn -0.6053 -0.7891 -0.1049
vn 0.5672 -0.0023 -0.8236
vn 0.3400 0.0020 0.9404
vn -0.0179 -0.9898 -0.1413
vn 0.1061 -0.7968 -0.5949
vn 0.0332 -0.2645 -0.9638
vn -0.0239 -0.7828 -0.6219
vn -0.1272 -0.9911 0.0380
vn -0.2284 -0.7764 0.5874
vn 0.5418 0.8404 0.0138
vn 0.2234 0.9744 0.0261
vn 0.4561 0.8861 0.0822
vn 0.1397 0.9896 0.0332
vn -0.1375 0.2855 0.9485
vn 0.3040 -0.4827 0.8213
vn 0.1048 -0.0092 0.9944
vn 0.0966 0.0300 0.9949
vn 0.0064 -0.9252 -0.3794
vn 0.1354 -0.9302 -0.3413
vn 0.0727 -0.4486 0.8908
vn -0.0351 -0.3932 0.9188
vn -0.1701 -0.4802 -0.8605
vn -0.1260 -0.9898 -0.0666
vn 0.6874 -0.4719 0.5520
vn 0.7159 -0.4263 -0.5529
vn 0.8368 0.5385 0.0986
vn 0.5894 0.8074 0.0274
vn 0.0870 0.9930 0.0798
vn 0.1217 0.9875 0.1003
vn 0.1296 -0.1793 0.9752
vn -0.3285 -0.7978 0.5056
vn -0.4605 -0.4038 0.7905
vn -0.6008 -0.6255 0.4978
vn -0.6045 -0.7633 0.2280
vn -0.6780 -0.6131 -0.4055
vn -0.6327 -0.7744 0.0044
vn 0.0608 0.9982 0.0013
vn 0.2147 0.4310 0.8764
vn 0.3266 0.4214 -0.8460
vn 0.6034 0.7973 -0.0152
vn 0.5429 0.8396 0.0183
vn 0.5800 0.8145 0.0168
vn 0.4932 0.8678 0.0610
vn 0.0533 0.5968 0.8006
vn -0.1408 0.5781 -0.8037
vn -0.2172 0.4635 -0.8591
vn -0.1991 0.2175 -0.9556
vn 0.0543 -0.9982 -0.0262
vn 0.0575 -0.9939 0.0941
vn 0.3751 -0.7167 0.5879
vn -0.1728 -0.0242 -0.9847
vn -0.2328 -0.1586 -0.9595
vn -0.2873 -0.1493 0.9461
vn -0.0367 -0.0455 0.9983
vn 0.3362 0.9355 0.1082
vn 0.3024 0.9524 0.0392
vn 0.3349 0.9372 0.0980
vn 0.3282 0.9394 0.0989
vn 0.0260 0.0406 0.9988
vn -0.1985 0.0362 0.9794
vn -0.1204 0.0708 -0.9902
vn 0.1222 -0.9914 0.0460
vn 0.2078 -0.3086 -0.9282
vn -0.0038 -0.3185 0.9479
vn 0.3286 -0.4682 -0.8203
vn -0.0193 -0.9588 -0.2836
vn -0.3607 -0.8579 -0.3660
vn 0.3964 -0.0079 -0.9181
vn 0.4634 0.8802 -0.1025
vn 0.4999 0.8642 -0.0568
vn 0.6416 0.7468 -0.1752
vn 0.7194 0.6941 -0.0255
vn 0.0403 0.9986 0.0337
vn -0.3750 0.1886 0.9077
vn 0.0864 -0.9952 0.0455
vn 0.1033 -0.9945 0.0188
vn -0.0177 -0.9972 -0.0720
vn -0.5175 -0.2003 -0.8319
vn -0.0310 -0.8885 0.4579
vn -0.5683 -0.7974 -0.2029
vn -0.4278 -0.8934 -0.1374
vn -0.6569 -0.7465 -0.1056
vn -0.6504 -0.7560 0.0731
vn -0.7165 -0.6962 0.0431
vn -0.7002 -0.7132 -0.0321
vn -0.0421 0.9365 0.3482
vn 0.7117 0.4919 0.5015
vn 0.3725 0.9219 0.1068
vn 0.4468 0.8931 -0.0518
vn 0.7577 0.6251 -0.1874
vn 0.2110 0.9762 0.0499
vn 0.3665 0.9187 -0.1472
vn 0.5430 0.7505 -0.3766
vn 0.1851 0.9748 -0.1245
vn 0.3978 0.8904 0.2211
vn -0.5560 -0.2695 0.7863
vn -0.7244 -0.5010 0.4735
vn -0.1015 -0.8665 -0.4888
vn -0.7362 -0.6718 -0.0818
vn 0.4824 0.8723 -0.0794
vn 0.4854 0.8714 0.0709
vn 0.3819 0.9231 0.0453
vn 0.1661 0.9846 0.0541
vn -0.0321 -0.0149 -0.9994
vn -0.3181 0.1112 -0.9415
vn -0.3279 -0.0201 0.9445
vn -0.1065 -0.0191 0.9941
vn -0.7686 -0.4382 -0.4661
vn 0.7163 0.5973 -0.3607
vn 0.4576 0.8709 0.1792
vn 0.5170 0.8547 0.0468
vn 0.5153 -0.5720 0.6382
vn 0.0354 -0.9143 -0.4035
vn -0.6547 -0.1069 0.7483
vn 0.0037 -0.4657 -0.8849
vn 0.0255 -0.6772 0.7354
vn 0.7708 -0.6267 0.1148
vn 0.7204 -0.5333 -0.4434
vn -0.8240 -0.5444 -0.1568
vn -0.6224 -0.7759 0.1034
vn -0.0603 -0.9706 -0.2331
vn 0.1873 0.8906 -0.4145
vn 0.1919 0.6995 0.6884
vn 0.0223 0.9779 -0.2080
vn 0.0410 0.9957 0.0830
vn 0.6937 0.6585 -0.2918
vn 0.4552 0.8868 0.0798
vn -0.0165 0.9715 -0.2364
vn 0.0047 0.9950 0.0995
vn 0.0169 0.3688 0.9293
vn 0.0580 0.0542 0.9968
vn -0.4168 -0.0268 -0.9086
vn 0.0849 -0.9925 0.0881
vn 0.5967 -0.7731 -0.2150
vn -0.7798 -0.6209 -0.0801
vn -0.2478 -0.9682 -0.0358
vn -0.0350 -0.9993 -0.0093
vn -0.6833 -0.7300 -0.0131
vn 0.0034 -0.9995 0.0307
vn 0.3092 -0.9490 -0.0619
vn 0.3637 0.9176 0.1604
vn 0.3192 0.8535 -0.4118
vn 0.4620 0.6268 -0.6274
vn 0.1702 0.9814 0.0891
vn 0.3288 0.9347 0.1354
vn 0.2802 0.9385 -0.2016
vn -0.0147 0.9695 0.2448
vn -0.4610 0.1024 0.8815
vn -0.8343 -0.3142 -0.4529
vn -0.7980 -0.2685 0.5396
vn -0.7753 -0.3676 0.5136
vn -0.3651 -0.7974 -0.4805
vn 0.3828 -0.7677 0.5140
vn -0.4828 -0.8735 -0.0625
vn -0.0922 -0.9946 -0.0477
vn 0.0538 -0.9244 0.3775
vn -0.1165 -0.9930 0.0213
vn 0.4564 0.8894 -0.0259
vn 0.6422 0.7636 -0.0672
vn 0.4210 0.8960 -0.1410
vn 0.4500 0.8812 0.1445
vn 0.4059 0.8737 0.2681
vn 0.3828 0.8777 0.2883
vn -0.6908 -0.0428 -0.7217
vn -0.5267 0.0941 -0.8448
vn 0.0678 -0.9899 -0.1244
vn 0.0160 -0.9980 -0.0615
vn -0.7388 -0.5239 -0.4239
vn 0.1867 -0.9558 -0.2270
vn 0.0986 -0.9668 -0.2357
vn 0.2556 -0.9643 0.0697
vn 0.0489 -0.9591 0.2789
vn 0.2994 0.9541 0.0024
vn 0.0750 0.9972 0.0005
vn 0.1130 0.9913 -0.0676
vn 0.4427 0.8714 -0.2113
vn -0.4954 0.2494 -0.8321
vn -0.7848 0.1139 -0.6091
vn -0.5138 0.0420 -0.8569
vn -0.7001 0.0625 0.7113
vn -0.5628 -0.2935 0.7727
vn 0.2017 -0.3178 0.9264
vn -0.5973 -0.6626 0.4520
vn 0.1691 -0.4586 -0.8724
vn 0.5276 0.8490 0.0305
vn 0.1128 0.9630 -0.2449
vn 0.0779 0.9920 -0.0992
vn -0.0065 0.0312 0.9995
vn -0.2563 0.2685 0.9286
vn 0.2968 -0.4307 -0.8523
vn 0.3471 -0.4958 -0.7961
vn 0.2763 -0.4401 -0.8544
vn 0.4156 -0.4341 0.7993
vn 0.3766 -0.2468 0.8929
vn -0.3712 -0.0344 0.9279
vn -0.7272 -0.3476 -0.5919
vn 0.5819 -0.5987 0.5504
vn 0.2621 -0.9551 -0.1383
vn 0.4639 -0.7284 -0.5042
vn -0.0303 -0.9800 0.1966
vn 0.3441 0.9375 -0.0511
vn 0.3608 0.9193 -0.1573
vn 0.2337 0.9640 0.1270
vn 0.4393 -0.4141 -0.7972
vn -0.4873 -0.1061 0.8668
vn -0.8991 -0.1318 -0.4174
vn -0.5567 -0.2660 -0.7870
vn -0.8189 -0.0547 -0.5713
vn -0.4819 -0.2165 0.8490
vn 0.0870 -0.9961 0.0152
vn 0.0728 -0.9945 0.0757
vn 0.0343 -0.9797 0.1976
vn 0.0633 -0.9813 0.1816
vn 0.2103 -0.9743 0.0805
vn 0.0162 -0.9995 -0.0278
vn -0.0183 -0.9998 0.0007
vn -0.0208 -0.9884 0.1502
vn 0.0314 -0.9995 0.0024
vn 0.5378 0.8376 0.0963
vn -0.0171 0.9999 -0.0009
vn -0.0422 0.9055 0.4223
vn -0.1020 0.0172 0.9946
vn -0.0884 0.0680 0.9938
vn -0.0017 -0.0554 0.9985
vn -0.2432 0.2653 0.9330
vn 0.4521 -0.2941 0.8421
vn 0.2614 -0.1991 -0.9445
vn 0.5127 -0.3173 -0.7978
vn -0.3458 -0.1268 -0.9297
vn -0.2070 -0.1864 -0.9604
vn 0.6098 -0.1959 -0.7680
vn 0.4531 -0.0319 0.8909
vn 0.5555 0.1204 0.8227
vn 0.8109 0.0051 -0.5851
vn -0.0141 -0.9852 0.1711
vn -0.0188 -0.9786 -0.2048
vn 0.0044 -1.0000 0.0003
vn 0.0186 -0.9900 -0.1400
vn -0.0554 -0.7771 -0.6269
vn 0.5419 0.8384 0.0576
vn -0.0620 0.9980 -0.0152
vn -0.0675 0.2576 -0.9639
vn -0.1546 0.7965 -0.5845
vn -0.0503 -0.0233 0.9985
vn 0.6438 -0.1541 -0.7495
vn 0.4798 -0.1949 0.8555
vn 0.0842 -0.9963 0.0145
vn 0.1220 -0.9746 -0.1878
vn 0.5426 0.0236 0.8397
vn 0.5517 0.0272 0.8336
vn 0.8104 -0.4554 -0.3686
vn 0.2647 -0.9163 0.3005
vn 0.0747 -0.9964 -0.0409
vn -0.0206 -0.9763 -0.2154
vn 0.4997 0.8527 0.1524
vn 0.4677 0.8638 0.1875
vn 0.2879 0.9357 -0.2036
vn 0.3658 0.8835 -0.2926
vn -0.1814 0.9822 -0.0482
vn 0.7298 -0.1471 -0.6677
vn 0.7344 -0.1817 0.6539
vn 0.8486 0.0485 -0.5268
vn 0.6964 -0.1174 -0.7080
vn 0.7871 0.0405 -0.6155
vn 0.3111 -0.3598 0.8796
vn -0.0276 -0.9996 0.0060
vn 0.1502 -0.9614 0.2304
vn -0.0532 -0.9720 0.2287
vn 0.4969 0.8561 -0.1421
vn 0.4765 0.8770 -0.0617
vn 0.2165 0.9635 0.1575
vn 0.2248 0.9526 0.2051
vn 0.3338 0.8779 0.3433
vn 0.0144 0.9989 0.0449
vn -0.0456 0.9946 0.0937
vn 0.0239 0.0221 -0.9995
vn -0.0281 0.0423 -0.9987
vn 0.3497 -0.1920 0.9170
vn 0.0723 -0.9473 -0.3121
vn 0.0395 -0.5975 -0.8009
vn 0.4058 -0.7569 -0.5122
vn -0.0071 -0.9999 -0.0098
vn 0.0055 -0.9974 0.0723
vn -0.0443 0.0402 0.9982
vn 0.0837 -0.9827 0.1654
vn 0.0606 -0.6717 0.7383
vn 0.1933 -0.1904 -0.9625
vn 0.4936 -0.0056 -0.8696
vn -0.0238 -0.9975 0.0667
vn 0.0670 -0.9806 -0.1843
vn 0.3115 0.8841 0.3482
vn 0.1029 0.9880 0.1155
vn -0.0692 0.0191 -0.9974
vn 0.0766 -0.1597 0.9842
vn 0.4867 0.8711 0.0653
vn 0.4824 0.8576 0.1787
vn 0.4681 0.8610 0.1991
vn 0.3828 0.8869 0.2585
vn 0.0254 -0.0010 0.9997
vn 0.0054 -0.2271 0.9738
vn 0.0895 -0.0775 0.9930
vn 0.0636 -0.9916 -0.1126
vn 0.0737 -0.6708 0.7380
vn 0.4564 0.8828 0.1111
vn 0.4351 0.8433 0.3154
vn -0.1209 0.9635 -0.2389
vn -0.1314 0.6526 -0.7462
vn 0.2864 -0.1435 -0.9473
vn -0.0635 0.1765 -0.9822
vn -0.0944 0.0887 -0.9916
vn 0.0467 -0.9979 0.0447
vn 0.0184 -0.3012 0.9534
vn 0.0030 -0.9978 0.0669
vn -0.0113 -0.9997 -0.0198
vn 0.0106 -0.9939 -0.1100
vn 0.4495 0.8933 -0.0046
vn 0.4720 0.8811 0.0286
vn -0.0429 0.1559 -0.9868
vn -0.0679 -0.0142 -0.9976
vn -0.1423 0.1097 -0.9837
vn -0.0455 0.2094 0.9768
vn -0.0357 0.0552 -0.9978
vn -0.0392 -0.3169 -0.9476
vn 0.1650 -0.2666 -0.9496
vn 0.0874 -0.9944 -0.0601
vn -0.0082 -0.0570 0.9983
vn -0.0121 -0.9980 -0.0618
vn -0.0011 -1.0000 -0.0032
vn -0.0375 -0.9649 0.2599
vn 0.4819 0.8293 -0.2829
vn 0.5006 0.8377 -0.2182
vn 0.4940 0.8453 -0.2034
vn 0.4532 0.8757 0.1665
vn 0.2691 0.9206 -0.2830
vn 0.0739 0.9777 -0.1964
vn 0.3127 0.8766 -0.3658
vn 0.1438 0.9494 0.2792
vn -0.0663 0.9933 -0.0945
vn -0.1118 0.0169 0.9936
vn -0.0132 0.2424 -0.9701
vn 0.0060 -0.9968 0.0801
vn 0.2667 -0.9600 0.0856
vn 0.0141 -0.9459 -0.3241
vn 0.0341 -0.6928 -0.7203
vn 0.0214 -0.9980 0.0590
vn 0.4684 0.8645 0.1820
vn -0.0255 0.9477 0.3181
vn 0.0715 -0.9974 0.0027
vn -0.1209 -0.9888 0.0874
vn 0.4728 0.8488 0.2366
vn 0.2857 0.8852 -0.3671
vn 0.2051 0.9275 0.3125
vn -0.0135 0.9931 0.1164
vn 0.0192 0.0222 -0.9996
vn 0.0013 -0.0366 -0.9993
vn -0.1239 0.0331 -0.9917
vn 0.2121 -0.8468 -0.4877
vn 0.0333 -0.9986 -0.0418
vn 0.0384 -0.9796 0.1973
vn 0.4130 -0.8338 -0.3662
vn 0.0425 -0.9940 -0.1008
vn 0.0062 -0.9185 0.3955
vn -0.0213 -0.9873 -0.1571
vn 0.1037 -0.9539 -0.2818
vn 0.4096 0.9104 0.0589
vn 0.4083 0.9125 0.0254
vn 0.4216 0.9058 -0.0431
vn 0.0297 -0.1908 0.9812
vn -0.0065 -0.3110 0.9504
vn -0.0122 -0.3769 -0.9262
vn 0.0422 -0.4985 -0.8659
vn -0.0010 -0.9528 -0.3036
vn -0.0202 -0.9997 -0.0131
vn 0.4244 0.8906 0.1637
vn 0.4556 0.8302 0.3212
vn 0.2614 0.9300 0.2585
vn 0.2613 0.8886 -0.3770
vn 0.2656 0.8068 -0.5278
vn 0.2258 0.8622 -0.4535
vn 0.0046 -0.1656 -0.9862
vn 0.0520 -0.6983 0.7139
vn 0.0921 -0.5318 0.8418
vn 0.2534 0.8431 0.4743
vn 0.0119 0.9894 -0.1447
vn 0.1835 0.8965 -0.4032
vn 0.0181 0.9728 -0.2311
vn 0.0320 0.0186 -0.9993
vn 0.0335 -0.1287 0.9911
vn 0.0628 0.0271 0.9977
vn 0.0556 0.0249 0.9981
vn 0.0582 -0.9931 -0.1013
vn 0.3904 -0.8707 -0.2992
vn 0.3498 -0.9156 -0.1983
vn 0.0011 -0.9346 -0.3557
vn 0.2235 -0.9735 -0.0477
vn 0.1249 -0.7878 0.6031
vn 0.0145 -0.9973 -0.0716
vn 0.4967 -0.8291 0.2567
vn 0.2190 -0.9752 -0.0323
vn -0.0015 -0.9997 -0.0251
vn 0.1418 -0.9690 -0.2022
vn 0.0091 -1.0000 -0.0023
vn 0.5077 0.8308 0.2279
vn 0.0330 -0.0416 0.9986
vn 0.0331 0.0640 0.9974
vn 0.0730 0.0076 0.9973
vn 0.3206 -0.7556 -0.5712
vn 0.0356 -0.9899 -0.1372
vn 0.0353 -0.9844 0.1726
vn 0.0212 -0.7960 0.6049
vn 0.0416 -0.8398 0.5413
vn 0.4092 0.9108 0.0543
vn 0.4302 0.8957 -0.1127
vn 0.4258 0.9041 -0.0376
vn 0.4509 0.8831 0.1294
vn 0.4991 0.8524 0.1559
vn 0.4791 0.8144 0.3275
vn 0.4043 0.8209 0.4033
vn 0.1774 0.9514 0.2516
vn 0.1783 0.9378 0.2980
vn 0.0478 -0.9718 0.2311
vn 0.0965 -0.6576 0.7472
vn 0.1284 -0.6245 0.7704
vn 0.1061 -0.8696 0.4822
vn 0.0427 -0.9986 0.0323
vn 0.1750 -0.9778 0.1155
vn 0.1274 -0.9912 0.0364
vn 0.4272 0.8978 0.1066
vn 0.4046 0.8389 0.3641
vn 0.1292 0.9215 -0.3662
vn 0.0518 0.7361 0.6749
vn 0.0266 -0.2012 0.9792
vn 0.0052 -0.8806 -0.4738
vn 0.0726 -0.9929 -0.0942
vn 0.0540 -0.6830 -0.7284
vn -0.2265 -0.9348 0.2736
vn -0.0880 -0.7794 0.6203
vn 0.3082 -0.1581 0.9381
vn -0.2652 -0.9490 -0.1707
vn 0.1570 -0.9873 -0.0223
vn 0.4048 0.9144 0.0003
vn 0.4118 0.9110 0.0247
vn 0.4698 0.8353 -0.2856
vn 0.4146 0.8737 -0.2543
vn 0.4543 0.8721 -0.1815
vn 0.3740 0.7860 0.4923
vn 0.4714 0.7719 0.4265
vn 0.0214 0.2170 0.9759
vn 0.2950 -0.9555 0.0045
vn 0.0358 -0.9993 -0.0087
vn -0.0783 -0.8864 0.4563
vn 0.0002 0.0083 -1.0000
vn 0.0388 0.0435 -0.9983
vn -0.4776 -0.8263 -0.2985
vn -0.1057 -0.5367 0.8371
vn 0.0361 -0.9695 -0.2423
vn 0.2171 -0.9217 -0.3214
vn 0.2023 -0.9782 0.0474
vn 0.4425 0.8968 0.0022
vn 0.0234 -0.0732 0.9970
vn 0.0517 -0.9787 0.1988
vn 0.0723 -0.9965 0.0414
vn -0.0106 -0.9902 -0.1394
vn -0.0718 -0.9892 -0.1279
vn 0.4303 0.8834 -0.1859
vn 0.2065 0.8209 0.5324
vn -0.0023 -0.2089 -0.9779
vn -0.0158 -0.5541 0.8323
vn -0.2264 -0.9308 -0.2869
vn 0.0244 -0.9982 -0.0556
vn 0.0613 -0.9776 0.2011
vn -0.2373 -0.9704 -0.0449
vn 0.4928 0.8655 0.0896
vn 0.4751 0.8789 0.0439
vn 0.4866 0.8207 0.2994
vn 0.5722 0.7384 0.3568
vn 0.0790 -0.9764 -0.2008
vn 0.0124 -0.4609 -0.8874
vn 0.0641 -0.9572 0.2822
vn 0.1680 -0.9858 0.0001
vn 0.0343 -0.9967 -0.0730
vn 0.4726 0.8812 0.0140
vn 0.5366 0.8355 0.1183
vn 0.5367 0.8238 0.1825
vn 0.6578 0.7170 0.2307
vn -0.0050 0.1117 -0.9937
vn -0.1198 -0.9891 -0.0852
vn -0.0259 -0.9996 -0.0132
vn 0.0142 0.6527 0.7575
vn 0.0053 0.0039 -1.0000
vn 0.0278 -0.0155 0.9995
vn 0.0288 -0.1957 0.9802
vn 0.1289 -0.9896 0.0633
vn -0.1321 -0.7472 0.6514
vn -0.0669 -0.9976 -0.0170
vn 0.0354 -0.9989 0.0302
vn -0.1282 -0.9904 -0.0509
vn 0.2731 -0.9609 -0.0462
vn 0.0237 -0.9913 0.1298
vn 0.4256 0.8229 -0.3764
vn 0.3950 0.8366 -0.3797
vn 0.5890 0.7693 0.2476
vn 0.5892 0.7555 0.2866
vn 0.3694 0.7441 0.5566
vn -0.0422 0.9047 -0.4240
vn 0.1551 -0.9699 -0.1879
vn -0.3868 -0.8557 -0.3437
vn -0.0107 -0.9948 -0.1011
vn -0.0343 -0.9112 0.4105
vn -0.0603 -0.9971 0.0460
vn 0.4712 0.8819 -0.0152
vn 0.4483 0.8023 0.3941
vn -0.0087 0.1103 -0.9939
vn 0.0021 0.1203 -0.9927
vn -0.2363 -0.6786 0.6954
vn -0.1220 -0.9916 -0.0430
vn -0.3102 -0.9388 -0.1499
vn -0.1188 -0.9929 0.0068
vn -0.1671 -0.9817 -0.0910
vn -0.1463 -0.9646 0.2196
vn 0.4633 0.7773 -0.4256
vn 0.3547 0.7572 -0.5484
vn 0.4555 0.7744 -0.4392
vn -0.0583 0.8311 -0.5530
vn -0.1241 -0.9626 -0.2407
vn -0.1681 -0.9857 -0.0095
vn 0.5494 0.8314 0.0828
vn 0.1137 0.6670 0.7363
vn 0.0209 -0.2771 0.9606
vn -0.3357 -0.8050 0.4892
vn 0.0315 -0.9949 0.0957
vn -0.0642 -0.9943 0.0850
vn -0.3547 -0.8522 0.3847
vn 0.0256 -0.9301 -0.3664
vn 0.0344 -0.9991 -0.0230
vn 0.0081 0.5508 0.8346
vn 0.1165 -0.9815 -0.1519
vn 0.1866 -0.9737 -0.1310
vn 0.0167 -0.0717 0.9973
vn 0.0046 -0.9948 0.1021
vn -0.0773 0.8706 0.4860
vn -0.0366 -0.7039 -0.7094
vn 0.0414 -0.9948 0.0930
vn 0.3084 0.7605 0.5714
vn -0.0044 -1.0000 -0.0084
vn 0.1019 -0.9948 -0.0007
vn 0.1148 -0.9524 -0.2823
vn 0.0126 -0.4133 -0.9105
vn 0.0292 -0.9834 -0.1793
vn 0.4872 0.8728 0.0300
vn -0.2554 0.7143 -0.6516
vn -0.0897 0.5181 -0.8506
vn 0.0395 0.6348 -0.7717
vn -0.2637 0.7022 0.6613
vn -0.1595 0.5006 0.8509
vn 0.0001 -0.1603 -0.9871
vn 0.0253 -0.8452 -0.5339
vn -0.0054 -0.9885 -0.1512
vn 0.2590 -0.9651 -0.0383
vn -0.0401 -0.9839 0.1742
vn 0.1017 -0.9574 0.2702
vn 0.0488 -0.9563 0.2883
vn 0.5389 0.8347 0.1133
vn 0.0307 -0.9892 -0.1436
vn -0.1145 -0.9631 0.2434
vn 0.1823 -0.9487 0.2581
vn 0.0148 -0.9593 0.2822
vn 0.0359 -0.9449 0.3254
vn 0.0762 -0.9594 -0.2715
vn 0.0319 -0.9990 0.0326
vn 0.0458 -0.9932 -0.1071
vn 0.4757 0.8796 0.0009
vn 0.5194 0.8525 0.0593
vn 0.5063 0.8308 0.2311
vn 0.6271 0.7612 0.1654
vn 0.6439 0.7528 0.1365
vn 0.4869 0.7875 0.3778
vn 0.2096 0.7080 -0.6744
vn 0.3229 0.7900 -0.5212
vn 0.2259 -0.9320 0.2834
vn -0.3399 0.6133 0.7130
vn -0.0665 0.8159 0.5744
vn -0.0409 -0.8499 0.5254
vn -0.0552 -0.9318 0.3589
vn 0.1238 -0.6472 0.7522
vn 0.6137 0.7662 0.1906
vn -0.0032 0.2421 -0.9702
vn 0.1830 -0.9804 -0.0728
vn 0.5079 -0.8043 -0.3086
vn 0.0017 0.1981 -0.9802
vn 0.3473 -0.9369 0.0386
vn 0.1802 -0.9830 -0.0339
vn 0.0160 -0.9984 -0.0542
vn 0.0969 -0.9905 -0.0980
vn 0.4826 0.8742 0.0543
vn -0.0755 0.9630 -0.2587
vn -0.1718 0.7450 -0.6446
vn -0.0010 -0.0018 -1.0000
vn -0.0004 0.0245 -0.9997
vn 0.0917 -0.8966 -0.4331
vn 0.4950 0.8541 0.1598
vn 0.4760 0.7932 -0.3798
vn 0.4430 0.7987 -0.4072
vn 0.5003 0.8115 -0.3020
vn 0.0288 0.0029 0.9996
vn -0.1463 -0.9697 -0.1959
vn 0.0941 -0.9708 0.2208
vn 0.0296 -0.9976 0.0629
vn 0.4356 0.9000 0.0138
vn 0.4748 0.8763 0.0820
vn 0.5206 0.7860 0.3334
vn -0.4060 0.3825 -0.8299
vn -0.3809 -0.7780 -0.4996
vn -0.5016 -0.7557 -0.4210
vn 0.1605 -0.9863 -0.0393
vn 0.1364 -0.9902 0.0286
vn 0.1070 -0.9914 0.0759
vn 0.1668 -0.9858 0.0196
vn 0.1138 -0.9919 -0.0572
vn 0.0288 -0.9570 -0.2888
vn 0.5316 0.8152 -0.2300
vn -0.3673 0.3968 -0.8412
vn -0.2801 0.4439 -0.8512
vn -0.0164 -0.9954 0.0948
vn -0.2832 -0.9463 -0.1558
vn -0.5733 -0.8159 0.0759
vn -0.4421 -0.8376 0.3210
vn -0.8976 -0.4251 -0.1164
vn 0.0215 -0.5908 -0.8065
vn 0.1577 -0.9855 -0.0618
vn 0.1748 -0.9846 -0.0034
vn -0.0183 -0.7291 0.6842
vn -0.0049 0.0350 -0.9994
vn 0.0211 -0.9995 -0.0220
vn 0.4558 0.8829 -0.1128
vn 0.4430 0.8924 -0.0859
vn 0.4576 0.8877 -0.0506
vn 0.4801 0.8371 0.2621
vn 0.2759 0.7565 0.5930
vn -0.0303 0.9764 -0.2140
vn -0.1409 -0.9888 -0.0492
vn -0.0507 -0.9343 -0.3528
vn -0.0673 -0.6379 -0.7672
vn -0.0543 -0.5156 0.8551
vn 0.3549 -0.9349 0.0033
vn 0.4098 -0.8339 0.3698
vn 0.0297 -0.9907 0.1326
vn 0.0175 0.6579 0.7529
vn 0.0271 -0.8832 0.4682
vn 0.0378 -0.9993 0.0015
vn 0.5724 0.7975 0.1906
vn -0.2129 0.5250 0.8241
vn -0.0205 0.7847 -0.6196
vn 0.5168 0.7918 0.3255
vn -0.0155 0.6946 -0.7192
vn 0.0122 -0.2175 0.9760
vn 0.0135 -0.0366 0.9992
vn -0.0137 0.6557 -0.7549
vn -0.3577 0.4230 -0.8326
vn 0.0172 0.6855 -0.7279
vn 0.0050 0.6079 0.7940
vn 0.0065 0.8796 0.4757
vn 0.0209 -0.1721 0.9849
vn 0.0019 -0.2995 -0.9541
vn 0.0292 -0.9566 -0.2901
vn -0.0814 -0.8087 0.5826
vn -0.3606 -0.4642 0.8090
vn -0.1040 -0.9755 0.1938
vn -0.0058 -0.9524 0.3047
vn 0.3329 0.9428 -0.0171
vn 0.3778 0.9258 0.0103
vn 0.3749 0.9262 0.0391
vn 0.4029 0.9081 0.1143
vn 0.4557 0.8713 -0.1823
vn 0.5335 0.8310 -0.1577
vn 0.0174 0.1615 0.9867
vn -0.0031 -0.0860 -0.9963
vn -0.0173 0.1304 -0.9913
vn 0.0613 -0.9979 -0.0196
vn -0.4272 -0.7959 0.4291
vn 0.0158 -0.9950 -0.0983
vn -0.0857 0.5683 0.8184
vn -0.0862 -0.7046 0.7044
vn -0.2564 -0.8716 0.4178
vn 0.0281 -0.2021 0.9790
vn 0.0343 -0.5633 0.8255
vn 0.0319 -0.9904 -0.1342
vn 0.5401 0.8348 0.1064
vn 0.5211 0.8464 0.1100
vn 0.0724 -0.9956 -0.0591
vn -0.0096 0.6202 0.7844
vn -0.2864 0.4612 0.8398
vn 0.0223 -0.6323 -0.7744
vn -0.0058 -0.9967 0.0815
vn 0.0375 -0.9859 -0.1633
vn 0.0283 -0.9995 -0.0118
vn 0.2634 0.9646 0.0117
vn 0.4090 0.9102 0.0649
vn 0.0127 -0.9979 0.0633
vn 0.0734 -0.9850 -0.1563
vn 0.0549 -0.9981 -0.0284
vn 0.0133 -0.9025 0.4304
vn 0.3997 0.9154 -0.0480
vn 0.3251 0.9450 -0.0372
vn 0.5643 0.8135 -0.1410
vn 0.5757 0.7949 -0.1916
vn 0.5492 0.8280 -0.1129
vn 0.4537 0.8550 0.2513
vn 0.0993 -0.7940 0.5998
vn 0.1852 0.9827 -0.0054
vn 0.4005 0.8911 -0.2133
vn 0.0277 -0.2366 0.9712
vn 0.0585 -0.8978 -0.4364
vn 0.0272 -0.8670 0.4976
vn 0.0366 -0.9988 -0.0340
vn -0.0244 -0.9517 0.3061
vn 0.0284 -0.9658 0.2577
vn 0.1986 0.9796 0.0290
vn 0.3028 0.9524 0.0366
vn 0.0950 0.9954 0.0087
vn 0.3218 0.9463 0.0305
vn 0.0297 -0.9993 -0.0212
vn 0.2640 0.7143 0.6481
vn 0.0377 -0.3849 -0.9222
vn -0.0683 -0.9875 0.1421
vn -0.0605 -0.9533 0.2958
vn 0.2039 0.9773 0.0583
vn -0.0226 0.6062 -0.7950
vn -0.0067 0.6245 -0.7810
vn -0.2846 0.5046 -0.8151
vn -0.0643 0.7213 -0.6897
vn -0.0439 0.5754 -0.8167
vn -0.0314 0.9340 -0.3560
vn -0.0103 0.3313 -0.9435
vn 0.0206 0.2686 -0.9630
vn 0.0869 -0.9691 -0.2310
vn 0.0611 -0.9878 0.1433
vn -0.1162 -0.9834 0.1395
vn 0.0655 -0.9076 0.4147
vn 0.0194 0.9998 0.0019
vn 0.0570 0.9984 -0.0049
vn 0.0782 0.9966 0.0243
vn 0.1849 0.8182 0.5443
vn -0.2418 0.5338 -0.8103
vn 0.1464 0.7458 -0.6498
vn -0.0275 0.6664 -0.7451
vn -0.0253 0.9854 -0.1686
vn 0.4300 -0.9010 0.0577
vn 0.2938 -0.8929 0.3412
vn 0.0350 -0.9994 -0.0032
vn 0.1809 0.9459 -0.2693
vn 0.0172 0.4757 0.8794
vn -0.0633 0.5712 0.8184
vn 0.0412 -0.8442 0.5344
vn 0.4937 -0.7886 -0.3666
vn 0.7001 -0.4994 -0.5103
vn -0.0486 0.9986 0.0227
vn -0.0293 0.9996 0.0026
vn -0.0900 0.9959 0.0080
vn -0.0503 0.9985 -0.0222
vn 0.0043 0.9749 0.2227
vn -0.0033 0.6562 -0.7546
vn 0.0168 -0.9707 -0.2395
vn 0.0920 -0.9941 -0.0570
vn 0.0952 -0.7814 0.6168
vn 0.0416 -0.9918 0.1208
vn 0.4890 -0.7506 0.4445
vn -0.0588 0.9977 -0.0336
vn -0.0355 0.9993 0.0087
vn 0.0077 0.9997 0.0249
vn -0.1099 0.1213 0.9865
vn -0.1056 0.2737 0.9560
vn -0.2772 0.3401 0.8986
vn 0.0182 0.0122 0.9998
vn -0.0335 -0.9970 0.0691
vn -0.0837 0.7878 -0.6102
vn -0.0721 0.9896 -0.1241
vn -0.0515 0.6654 0.7447
vn -0.1357 -0.8092 0.5716
vn 0.0422 -0.9980 -0.0473
vn 0.0665 -0.9257 0.3724
vn 0.0974 -0.7883 0.6075
vn -0.1007 0.9948 -0.0139
vn -0.0879 0.9960 -0.0142
vn -0.0763 0.5659 0.8210
vn -0.3009 0.3716 0.8783
vn -0.0366 0.6291 0.7765
vn -0.0145 0.6397 0.7685
vn -0.0199 0.6132 -0.7897
vn 0.0214 -0.2514 0.9676
vn -0.0573 -0.8958 -0.4407
vn 0.0537 -0.7014 -0.7107
vn 0.0520 -0.8974 -0.4381
vn 0.0144 -0.7861 0.6179
vn -0.1313 -0.9883 0.0775
vn -0.0543 -0.9967 0.0609
vn -0.0713 0.9969 0.0340
vn -0.0246 0.9557 -0.2932
vn -0.0935 0.9940 0.0561
vn -0.0335 -0.9936 -0.1083
vn 0.0057 -0.9133 0.4072
vn 0.0047 -0.4776 -0.8786
vn -0.1405 0.9826 0.1215
vn -0.0590 0.5890 0.8060
vn -0.0315 0.6148 0.7881
vn -0.0178 0.6397 0.7684
vn -0.3535 -0.8380 0.4158
vn 0.1359 -0.9888 0.0615
vn 0.0064 -0.7602 -0.6497
vn -0.2942 0.4787 -0.8272
vn -0.0115 0.4893 -0.8720
vn -0.2041 0.4296 -0.8797
vn -0.1012 -0.9205 0.3773
vn 0.0628 -0.9555 0.2882
vn 0.0666 -0.9822 -0.1754
vn -0.0949 0.9884 0.1185
vn -0.0679 0.9972 -0.0326
vn -0.1089 0.9938 -0.0228
vn -0.1240 0.9920 -0.0253
vn -0.0500 0.6112 0.7899
vn 0.0406 -0.9813 0.1881
vn 0.0602 -0.9935 -0.0967
vn -0.0686 0.9773 0.2003
vn 0.0156 -0.0521 0.9985
vn 0.0228 -0.0934 0.9954
vn -0.0091 -0.9827 0.1852
vn -0.3631 -0.8280 0.4273
vn -0.1597 0.3661 -0.9168
vn -0.0661 0.7212 0.6896
vn -0.0220 0.9414 0.3367
vn -0.0711 0.9865 -0.1473
vn 0.1521 -0.7257 0.6710
vn 0.0330 -0.9993 -0.0182
vn 0.0225 -0.7830 -0.6216
vn -0.1592 0.9855 0.0594
vn -0.0757 0.9969 0.0228
vn -0.0283 -0.8662 -0.4989
vn -0.0333 -0.9396 -0.3407
vn -0.0222 -0.9927 -0.1183
vn -0.1081 -0.9194 -0.3781
vn 0.2010 -0.9570 0.2090
vn 0.1086 -0.9470 0.3024
vn -0.0668 0.9974 0.0269
vn -0.0375 0.6353 -0.7714
vn -0.0020 0.0069 -1.0000
vn 0.0016 0.0409 -0.9992
vn 0.0364 -0.8248 0.5642
vn 0.0359 -0.9981 -0.0506
vn -0.1585 0.9873 0.0102
vn -0.2118 0.9773 0.0064
vn -0.0666 0.9962 -0.0563
vn -0.2204 0.9719 -0.0831
vn -0.0747 0.5937 0.8012
vn -0.0688 0.6828 -0.7273
vn -0.0027 0.9943 0.1070
vn -0.0084 0.9465 0.3227
vn -0.0505 -0.9735 0.2229
vn 0.0364 -0.9955 -0.0872
vn 0.0366 -0.9782 0.2045
vn 0.0294 -0.9961 0.0827
vn 0.0258 -0.8979 0.4394
vn 0.0198 -0.9729 0.2302
vn -0.0219 0.5487 0.8358
vn -0.0238 0.2085 0.9777
vn -0.0478 0.5966 0.8011
vn -0.1237 -0.9058 -0.4052
vn -0.3014 -0.9476 0.1056
vn 0.1332 -0.9489 0.2861
vn 0.0756 -0.9919 -0.1025
vn 0.0943 -0.9858 -0.1393
vn -0.1056 0.9940 0.0297
vn -0.0669 0.5859 -0.8076
vn 0.0130 0.2446 -0.9695
vn -0.1773 -0.9799 0.0917
vn 0.0826 -0.9352 0.3443
vn 0.0386 -0.9955 0.0869
vn 0.0392 -0.9971 0.0648
vn -0.0947 0.9949 0.0352
vn -0.1238 0.9918 0.0314
vn 0.0122 -0.8737 -0.4863
vn 0.0301 -0.9992 0.0256
vn 0.0143 -0.9688 0.2475
vn -0.0769 0.9951 -0.0625
vn -0.1514 0.9876 -0.0406
vn -0.0088 -0.2728 -0.9620
vn -0.1200 -0.9878 -0.0989
vn 0.0312 -0.6432 0.7651
vn -0.0963 -0.9109 0.4012
vn 0.0490 -0.9573 0.2848
vn 0.0313 -0.8594 0.5104
vn -0.0743 0.9972 -0.0064
vn -0.0723 0.5223 -0.8497
vn -0.0800 0.5176 -0.8519
vn -0.0675 0.9114 -0.4059
vn 0.0539 0.0583 0.9968
vn -0.0293 0.9989 -0.0379
vn -0.0245 0.6615 -0.7496
vn -0.0189 0.5673 -0.8233
vn -0.0006 -0.9986 -0.0530
vn -0.0350 0.9994 0.0038
vn -0.0908 0.6481 -0.7562
vn 0.0169 -0.9971 -0.0740
vn 0.0889 -0.9959 0.0173
vn -0.0411 0.9981 -0.0451
vn -0.0424 0.8578 0.5122
vn 0.0262 0.0148 -0.9995
vn -0.0262 -0.1560 -0.9874
vn -0.0174 -0.9980 -0.0610
vn -0.0575 -0.9941 -0.0920
vn 0.0744 -0.6226 -0.7790
vn 0.0317 0.0712 -0.9970
vn -0.0112 -0.9531 0.3025
vn 0.0314 -0.8425 0.5378
vn 0.0039 -0.9943 -0.1064
vn 0.0029 -0.0914 0.9958
vn 0.0248 -0.6414 0.7668
vn -0.0275 0.9996 -0.0056
vn -0.0319 0.9994 0.0108
vn 0.0606 -0.9952 -0.0765
vn 0.2415 -0.9579 -0.1554
vn 0.0205 0.2874 0.9576
vn 0.0432 0.7641 0.6436
vn 0.0570 0.1624 0.9851
vn 0.0333 -0.9966 -0.0747
vn 0.0273 -0.9996 -0.0037
vn -0.0415 0.5492 0.8347
vn -0.0871 0.6870 0.7214
vn -0.0824 -0.1748 0.9812
vn 0.0466 -0.2498 0.9672
vn 0.0236 -0.5242 0.8513
vn 0.0160 -0.9914 -0.1299
vn -0.0135 -0.8114 0.5843
vn -0.0250 0.6974 -0.7163
vn -0.0393 0.9497 -0.3107
vn -0.0530 0.6150 0.7867
vn -0.0957 0.5821 0.8075
vn -0.0897 0.5463 0.8328
vn 0.0144 -0.9957 -0.0918
vn -0.0168 -0.9603 0.2785
vn -0.0196 0.1170 -0.9929
vn 0.0247 -0.9995 -0.0211
vn -0.0187 0.2542 0.9670
vn -0.0200 0.9997 0.0120
vn 0.0218 0.0667 -0.9975
vn 0.0486 -0.4025 0.9141
vn 0.0480 -0.8617 0.5052
vn -0.0380 0.9983 -0.0447
vn 0.0217 -0.9080 0.4183
vn 0.0291 -0.9966 -0.0775
vn 0.0379 -0.9956 0.0861
vn -0.0489 0.9974 -0.0522
vn -0.0232 0.9656 -0.2590
vn -0.0343 -0.9993 -0.0130
vn 0.0432 -0.9960 0.0777
vn -0.0844 0.6147 -0.7842
vn -0.0629 0.6741 -0.7359
vn 0.0344 -0.4749 0.8794
vn -0.0480 0.9963 -0.0708
vn 0.0164 0.5864 -0.8099
vn -0.0018 -0.0034 -1.0000
vn 0.0739 -0.1529 0.9855
vn -0.0572 -0.2610 0.9636
vn 0.0506 -0.9937 -0.0995
vn 0.0336 -0.9786 -0.2031
vn -0.0497 -0.9684 -0.2446
vn -0.0432 -0.9695 -0.2414
vn 0.3303 -0.8478 0.4150
vn 0.4864 -0.8737 -0.0094
vn -0.0672 0.5696 0.8192
vn 0.0411 -0.9951 -0.0899
vn 0.5223 -0.8006 0.2937
vn 0.5157 -0.8316 -0.2061
vn 0.3499 -0.8885 -0.2969
vn 0.1627 -0.9611 0.2232
vn -0.0614 0.9941 0.0896
vn -0.0254 0.9996 0.0101
vn -0.0151 -0.9901 0.1398
vn 0.2017 -0.8014 0.5631
vn 0.1780 -0.9835 0.0331
vn -0.0753 0.5908 0.8033
vn -0.0101 0.9933 -0.1153
vn 0.0206 0.9926 -0.1200
vn 0.0136 0.9158 0.4015
vn 0.0356 -0.9956 -0.0867
vn 0.0346 -0.9262 0.3755
vn -0.0839 -0.9890 0.1221
vn 0.0622 -0.9725 -0.2246
vn -0.2169 -0.9749 0.0509
vn -0.1028 -0.9947 -0.0088
vn 0.0174 -0.9533 -0.3015
vn 0.3183 -0.6885 0.6516
vn 0.1393 -0.8008 -0.5825
vn 0.0702 -0.9632 -0.2593
vn -0.0150 0.2153 -0.9764
vn -0.0885 0.5780 -0.8112
vn -0.0882 0.5606 -0.8234
vn -0.0330 0.6037 -0.7965
vn 0.0080 0.6395 0.7687
vn 0.1784 0.9492 0.2592
vn 0.2209 -0.0505 -0.9740
vn 0.3474 -0.6640 0.6621
vn 0.0098 -0.9795 0.2013
vn -0.0174 0.4595 -0.8880
vn -0.1011 0.8413 -0.5310
vn 0.1738 0.8906 -0.4202
vn 0.0002 -0.0052 -1.0000
vn 0.2045 -0.8315 0.5165
vn -0.0558 -0.7882 0.6129
vn 0.0058 -0.9994 -0.0334
vn -0.1145 0.7450 0.6572
vn 0.1385 0.5358 0.8329
vn 0.0462 -0.0128 0.9988
vn 0.1122 0.0286 0.9933
vn 0.0915 0.1422 0.9856
vn 0.1557 -0.9866 -0.0485
vn -0.0140 -0.0438 0.9989
vn 0.2582 -0.6528 0.7122
vn 0.0872 0.8119 -0.5772
vn -0.0557 0.6550 -0.7535
vn -0.0253 0.9997 -0.0058
vn 0.1187 0.5360 -0.8358
vn -0.0137 0.5959 0.8030
vn 0.1286 -0.0434 0.9907
vn 0.0595 0.0888 0.9943
vn 0.1661 -0.1544 -0.9739
vn 0.1558 -0.9848 -0.0764
vn 0.1604 -0.9846 0.0692
vn 0.0481 -0.9593 -0.2781
vn 0.0138 -0.9887 -0.1490
vn 0.1183 -0.9928 -0.0183
vn 0.0645 -0.9784 -0.1966
vn 0.0625 -0.9612 -0.2687
vn 0.0351 -0.7792 -0.6258
vn -0.0965 -0.9675 -0.2336
vn 0.0325 -0.9822 -0.1849
vn -0.1893 -0.0129 0.9818
vn 0.0678 -0.0596 0.9959
vn -0.0401 0.9991 0.0155
vn 0.1097 0.5988 0.7933
vn 0.3153 0.8947 -0.3163
vn -0.0483 0.0740 -0.9961
vn 0.4771 -0.7688 -0.4258
vn 0.5238 -0.6756 -0.5189
vn 0.3069 -0.9200 0.2439
vn 0.2240 -0.9536 0.2014
vn 0.1949 -0.9468 0.2561
vn 0.0204 0.4728 -0.8809
vn 0.0252 0.6078 -0.7937
vn 0.5187 0.6517 -0.5534
vn 0.0979 0.6052 -0.7900
vn 0.5381 0.2885 -0.7919
vn 0.6083 0.4555 -0.6500
vn 0.3222 0.7131 0.6227
vn 0.3177 0.6572 -0.6835
vn 0.2131 0.9324 0.2919
vn 0.1157 -0.0592 0.9915
vn 0.0415 -0.0671 0.9969
vn 0.2043 0.2593 -0.9439
vn -0.1893 0.3773 -0.9065
vn -0.1959 0.1256 0.9725
vn -0.0698 0.0403 0.9967
vn -0.0238 0.1107 0.9936
vn 0.4028 -0.9079 0.1162
vn 0.2649 -0.7550 0.5998
vn 0.2467 -0.9617 0.1198
vn 0.1360 -0.8198 -0.5563
vn 0.2150 0.7778 -0.5907
vn 0.5747 -0.8171 -0.0458
vn 0.7302 -0.6134 0.3010
vn 0.5211 -0.8515 -0.0579
vn 0.3590 0.5949 0.7192
vn -0.0172 0.5199 -0.8540
vn -0.0808 -0.1660 0.9828
vn -0.1557 -0.1914 -0.9691
vn 0.2606 -0.1492 -0.9539
vn 0.1223 -0.2570 -0.9586
vn 0.3420 0.1394 -0.9293
vn 0.3242 0.1412 -0.9354
vn 0.3654 0.0730 -0.9280
vn 0.3062 -0.9356 -0.1755
vn 0.4371 -0.7042 -0.5595
vn 0.1193 -0.9690 0.2163
vn 0.0643 -0.4199 -0.9053
vn 0.3933 -0.6192 0.6796
vn 0.4233 -0.4806 0.7680
vn 0.4210 -0.5738 0.7025
vn -0.0427 0.3745 0.9262
vn 0.3470 0.6311 -0.6938
vn 0.5143 0.5553 0.6536
vn 0.5000 0.7079 0.4989
vn -0.0902 0.4810 0.8721
vn 0.0563 0.4935 0.8679
vn -0.1950 0.0692 0.9784
vn -0.1155 -0.0181 -0.9931
vn -0.0614 0.0227 0.9979
vn 0.8914 -0.4533 -0.0015
vn 0.8689 -0.4437 -0.2196
vn 0.6683 -0.7422 0.0506
vn 0.2620 -0.8359 0.4824
vn 0.1146 -0.6942 0.7106
vn -0.0381 -0.9992 0.0106
vn -0.0601 0.9982 0.0023
vn 0.2868 0.6351 -0.7172
vn 0.1772 0.6014 -0.7790
vn 0.3415 0.6030 0.7209
vn 0.0744 0.4149 -0.9068
vn -0.1253 0.8152 -0.5654
vn 0.5612 0.6629 -0.4956
vn 0.5941 0.1040 -0.7976
vn 0.6256 0.5620 0.5411
vn 0.5167 0.3051 -0.8000
vn -0.0805 0.2331 0.9691
vn 0.8697 -0.4749 -0.1345
vn -0.0014 -0.9736 -0.2281
vn -0.0629 -0.9980 -0.0034
vn 0.0782 -0.9836 -0.1623
vn 0.3212 -0.5434 0.7756
vn -0.0533 -0.9752 -0.2149
vn 0.4127 0.3887 -0.8238
vn -0.0479 -0.3025 0.9519
vn -0.0254 -0.1761 -0.9840
vn -0.0232 -0.1909 -0.9813
vn -0.0081 -0.3536 -0.9354
vn 0.1050 -0.9486 0.2985
vn 0.5426 -0.8058 -0.2372
vn 0.3989 -0.9170 -0.0039
vn 0.9028 -0.4299 0.0124
vn 0.5661 -0.8024 0.1887
vn 0.8197 -0.5652 0.0935
vn 0.8128 -0.5813 -0.0382
vn 0.0919 -0.9412 -0.3251
vn 0.7721 -0.6353 0.0149
vn 0.6894 -0.7240 -0.0232
vn 0.5498 -0.8334 -0.0566
vn 0.2245 -0.9741 0.0252
vn 0.7194 -0.6168 0.3194
vn 0.2905 -0.9569 -0.0020
vn 0.1515 -0.9883 -0.0184
vn -0.0972 0.9953 -0.0047
vn 0.0163 0.7995 0.6004
vn -0.0195 0.0117 0.9997
vn 0.0035 -0.4574 -0.8892
vn -0.4106 0.0038 -0.9118
vn -0.2009 -0.1511 -0.9679
vn 0.0393 -0.2969 -0.9541
vn 0.0058 0.1975 -0.9803
vn -0.2529 -0.9527 -0.1685
vn -0.1818 -0.9820 0.0520
vn -0.1077 -0.9942 -0.0007
vn -0.0026 -0.9994 0.0337
vn 0.1720 -0.9841 -0.0448
vn 0.0989 -0.7461 -0.6585
vn 0.4742 -0.8625 -0.1765
vn 0.4135 -0.9104 0.0153
vn 0.0316 -0.9247 0.3794
vn 0.1568 -0.9790 0.1300
vn 0.1123 -0.9598 0.2574
vn 0.3746 0.6243 0.6855
vn 0.5684 0.5572 0.6053
vn 0.0149 0.6547 -0.7557
vn 0.1630 0.8352 -0.5252
vn 0.2602 0.7054 0.6594
vn -0.4805 0.1088 -0.8702
vn 0.0572 0.0329 0.9978
vn 0.0619 0.0107 0.9980
vn 0.0185 0.1931 0.9810
vn 0.0633 -0.2377 -0.9693
vn 0.0061 -0.0681 -0.9977
vn 0.0872 -0.9589 0.2699
vn 0.0022 -0.8458 -0.5334
vn -0.0578 -0.8199 -0.5696
vn -0.0498 -0.9984 0.0254
vn 0.1254 -0.7089 -0.6940
vn 0.0969 -0.7242 -0.6827
vn 0.0833 -0.9951 -0.0526
vn 0.3260 -0.9425 0.0738
vn -0.1178 -0.9796 -0.1629
vn -0.1004 0.9949 -0.0132
vn 0.0474 0.5419 0.8391
vn 0.1996 0.6458 -0.7370
vn 0.1478 0.6531 0.7427
vn 0.3531 0.6559 -0.6672
vn 0.2225 0.6660 0.7120
vn -0.3023 -0.0675 0.9508
vn -0.0583 -0.2022 0.9776
vn -0.2441 -0.1259 0.9615
vn -0.2692 0.0758 -0.9601
vn -0.9868 0.0316 -0.1590
vn 0.0514 0.2428 -0.9687
vn 0.1520 -0.3871 0.9094
vn 0.0712 -0.8346 -0.5462
vn -0.2954 0.8911 0.3445
vn -0.1651 0.9861 0.0206
vn 0.1588 0.7552 -0.6359
vn 0.3867 0.6263 -0.6769
vn 0.5184 0.6712 -0.5298
vn -0.0263 0.0038 -0.9996
vn -0.0031 0.1141 -0.9935
vn -0.0464 -0.0000 0.9989
vn 0.1120 -0.8879 0.4462
vn 0.0925 -0.8325 0.5462
vn 0.1584 -0.9592 0.2342
vn 0.0729 -0.9886 0.1318
vn 0.0839 -0.9962 0.0238
vn 0.0696 -0.9968 -0.0394
vn 0.0683 -0.9828 -0.1718
vn -0.4566 -0.8823 0.1144
vn -0.1181 -0.9523 -0.2813
vn 0.1176 0.6928 -0.7115
vn 0.0694 0.6956 0.7150
vn 0.0825 0.6444 0.7602
vn -0.7770 -0.0664 0.6260
vn 0.1448 -0.9633 -0.2260
vn -0.1481 -0.9877 -0.0496
vn 0.0381 -0.9993 -0.0043
vn 0.2646 -0.9622 -0.0653
vn -0.1893 -0.8936 -0.4071
vn -0.7764 -0.6292 0.0368
vn -0.1941 0.9522 -0.2357
vn -0.2435 0.7516 0.6130
vn -0.0782 -0.2306 0.9699
vn -0.0486 -0.2265 0.9728
vn 0.0628 -0.8123 -0.5798
vn -0.5178 -0.5406 -0.6631
vn -0.2827 0.9587 0.0314
vn -0.2788 0.9598 0.0326
vn -0.0651 0.7290 0.6814
vn -0.0135 0.0118 -0.9998
vn 0.0090 0.2709 -0.9626
vn -0.0218 -0.9949 0.0983
vn 0.1748 -0.9843 -0.0234
vn 0.1544 -0.9875 0.0318
vn 0.2247 -0.6483 0.7275
vn -0.2566 -0.9657 -0.0385
vn -0.0160 0.6903 0.7234
vn 0.0266 0.7072 0.7065
vn 0.0169 0.7185 0.6954
vn 0.3273 -0.5875 0.7400
vn 0.0044 -0.9995 -0.0306
vn -0.0117 -0.9933 -0.1149
vn -0.2447 -0.9679 0.0578
vn -0.2838 -0.9298 0.2342
vn -0.2861 -0.9524 -0.1053
vn 0.1131 -0.8406 -0.5297
vn -0.2366 0.9715 -0.0163
vn -0.0718 0.7684 -0.6359
vn 0.0118 0.6896 -0.7241
vn 0.5779 -0.7214 0.3816
vn -0.1200 -0.9857 0.1184
vn -0.1216 -0.9924 -0.0211
vn -0.2117 -0.9467 0.2430
vn -0.2560 0.9666 -0.0089
vn -0.3068 0.9397 0.1513
vn -0.2240 0.8751 -0.4290
vn -0.1950 0.9708 -0.1397
vn -0.1198 0.7198 -0.6838
vn 0.0009 0.3277 -0.9448
vn 0.0530 -0.3107 -0.9490
vn 0.0063 -0.9491 -0.3148
vn 0.6029 -0.7223 -0.3389
vn -0.2870 -0.8059 -0.5178
vn -0.1539 -0.9877 -0.0290
vn 0.1204 -0.6485 -0.7516
vn -0.4665 -0.7361 -0.4905
vn 0.2940 -0.4042 0.8662
vn -0.0938 -0.7403 0.6657
vn -0.2300 -0.9731 -0.0112
vn -0.3184 0.9468 0.0474
vn -0.1375 0.8475 0.5126
vn -0.0883 0.7063 0.7024
vn 0.1330 0.1753 0.9755
vn -0.1116 -0.8886 0.4449
vn 0.0398 -0.7431 -0.6680
vn -0.3405 -0.8851 0.3172
vn -0.0707 -0.9402 0.3333
vn 0.8151 -0.5381 -0.2145
vn -0.2797 -0.8670 -0.4123
vn 0.1142 -0.9256 -0.3608
vn -0.3654 0.9304 0.0277
vn -0.0763 0.6827 -0.7267
vn -0.0110 0.0451 -0.9989
vn 0.5950 -0.4958 -0.6326
vn 0.0065 -0.9252 -0.3794
vn 0.0777 -0.9400 0.3321
vn 0.1371 -0.9793 0.1490
vn 0.6499 -0.3982 0.6474
vn 0.1227 -0.9322 0.3404
vn 0.0002 -0.9803 -0.1976
vn -0.1853 0.9060 0.3805
vn -0.4223 0.8220 0.3820
vn -0.0841 -0.9616 0.2612
vn 0.6948 -0.7185 -0.0314
vn 0.1383 -0.9904 0.0001
vn 0.1103 -0.9937 0.0204
vn 0.8762 -0.4764 -0.0727
vn 0.7613 -0.6483 0.0110
vn -0.0929 -0.9666 0.2390
vn -0.1584 -0.9864 0.0442
vn 0.3231 -0.7927 0.5170
vn 0.8142 -0.5647 -0.1352
vn -0.3105 -0.8648 -0.3946
vn -0.6995 -0.6939 -0.1708
vn -0.0798 -0.9050 0.4178
vn -0.7332 -0.6754 0.0785
vn 0.8198 -0.4836 0.3065
vn 0.3227 -0.9293 0.1794
vn -0.3114 0.9503 0.0067
vn -0.0443 -0.8285 0.5582
vn -0.0325 -0.4112 0.9110
vn 0.2420 -0.9624 0.1234
vn 0.2086 -0.9750 -0.0761
vn 0.2491 -0.9683 -0.0152
vn 0.0707 -0.9792 -0.1901
vn 0.1193 -0.9478 -0.2956
vn 0.1854 -0.5656 0.8036
vn 0.2093 -0.0294 -0.9774
vn 0.0087 -0.2674 -0.9636
vn -0.6948 -0.7096 -0.1171
vn -0.7120 -0.6639 0.2285
vn 0.9046 -0.3868 0.1789
vn 0.7868 -0.2521 -0.5633
vn -0.4463 -0.8880 -0.1104
vn -0.7195 -0.6878 -0.0964
vn 0.7890 -0.6144 0.0002
vn 0.5765 -0.7455 0.3344
vn 0.2637 -0.9398 -0.2174
vn 0.1757 -0.9727 0.1517
vn 0.2384 -0.9506 -0.1989
vn -0.1862 0.9823 0.0226
vn 0.0247 0.3584 0.9332
vn -0.1799 0.2787 0.9434
vn -0.7835 -0.6059 -0.1381
vn -0.6289 -0.6978 0.3429
vn -0.4912 -0.8024 0.3388
vn -0.2353 -0.6770 0.6973
vn -0.9124 -0.4071 0.0420
vn -0.1485 -0.5454 -0.8249
vn -0.6871 -0.6688 -0.2839
vn 0.3183 -0.9477 -0.0248
vn 0.2224 -0.9750 -0.0015
vn -0.3700 0.9286 0.0276
vn -0.3914 0.9197 0.0296
vn -0.0577 0.7653 -0.6410
vn -0.0829 0.7630 0.6411
vn -0.0038 -0.0832 -0.9965
vn -0.0757 -0.6276 -0.7749
vn -0.0298 -0.9900 -0.1382
vn -0.7574 -0.6525 0.0248
vn -0.4780 -0.6921 -0.5409
vn -0.4788 -0.7404 0.4718
vn -0.1880 -0.8948 -0.4050
vn -0.4137 -0.8909 -0.1875
vn -0.3780 -0.9132 -0.1520
vn 0.6787 -0.5462 -0.4910
vn 0.0927 -0.9953 0.0297
vn 0.5683 -0.6599 0.4915
vn -0.1061 -0.8096 -0.5773
vn 0.5469 -0.5147 -0.6603
vn 0.0646 -0.6438 -0.7624
vn -0.5029 -0.8642 0.0114
vn -0.4078 -0.9033 -0.1333
vn 0.0621 -0.1878 0.9802
vn 0.4578 -0.6618 0.5936
vn 0.0689 -0.0146 0.9975
vn 0.4878 -0.6529 0.5795
vn -0.3353 0.9421 -0.0100
vn -0.3393 0.9374 0.0787
vn -0.3532 0.9354 -0.0138
vn -0.1530 0.9777 0.1438
vn 0.0285 0.3052 -0.9519
vn -0.1501 -0.9823 0.1122
vn 0.0325 0.0324 -0.9989
vn 0.0132 0.4374 -0.8992
vn -0.0788 -0.3559 -0.9312
vn 0.0082 -0.9011 0.4336
vn 0.0403 -0.9253 0.3771
vn 0.2312 -0.6272 -0.7437
vn -0.1104 -0.0923 -0.9896
vn -0.3592 0.9323 -0.0422
vn 0.1005 -0.2279 0.9685
vn 0.0352 -0.1767 0.9836
vn -0.0408 -0.4669 0.8834
vn -0.1056 -0.9901 0.0929
vn -0.0757 -0.9940 0.0790
vn -0.3501 -0.9230 0.1593
vn -0.0782 -0.8860 -0.4571
vn 0.0971 -0.2726 -0.9572
vn 0.0792 -0.9927 -0.0912
vn 0.0284 -0.9924 -0.1200
vn 0.0068 -0.9998 -0.0213
vn 0.3930 -0.8993 0.1919
vn -0.3323 0.9421 0.0449
vn -0.2105 0.9695 -0.1256
vn 0.3164 0.2243 0.9217
vn -0.0068 -0.2098 0.9777
vn -0.0004 0.1296 0.9916
vn -0.0736 -0.9263 -0.3695
vn -0.0563 -0.7743 0.6303
vn -0.1245 -0.8378 0.5316
vn 0.8543 -0.5050 0.1229
vn 0.0264 -0.9530 0.3019
vn -0.1059 -0.7847 -0.6108
vn -0.5028 0.8643 0.0110
vn -0.5852 0.8098 0.0406
vn -0.5157 0.8566 -0.0163
vn -0.3019 0.9414 -0.1504
vn -0.0753 0.8250 0.5600
vn -0.1926 -0.4185 0.8876
vn -0.0390 -0.4243 -0.9047
vn -0.0954 -0.9779 0.1859
vn 0.1228 -0.8116 -0.5712
vn -0.1955 -0.9807 -0.0008
vn -0.5590 -0.8286 -0.0317
vn 0.3057 -0.9455 -0.1121
vn 0.6991 -0.1362 -0.7019
vn -0.1104 0.7094 0.6961
vn 0.0428 0.8135 -0.5800
vn -0.0013 0.8520 -0.5236
vn 0.0528 0.7511 -0.6581
vn 0.1046 0.2748 -0.9558
vn -0.0141 -0.0114 -0.9998
vn -0.0014 -0.4314 -0.9022
vn -0.0238 -0.7798 0.6256
vn -0.0030 -0.9802 0.1977
vn 0.0500 -0.9978 0.0441
vn -0.0316 -0.9994 -0.0124
vn -0.1355 0.9873 0.0828
vn -0.1895 0.9452 0.2659
vn -0.2794 0.6806 -0.6772
vn -0.0055 0.0181 -0.9998
vn -0.2932 -0.8281 -0.4777
vn 0.0274 -0.4477 -0.8938
vn -0.0707 -0.5517 -0.8311
vn -0.0438 -0.9990 -0.0062
vn 0.1650 -0.9790 0.1201
vn -0.0439 -0.9523 -0.3021
vn 0.2063 0.1803 0.9617
vn 0.0165 -0.9494 -0.3137
vn -0.1479 -0.9796 -0.1361
vn -0.2466 0.9690 0.0157
vn -0.0227 -0.0368 -0.9991
vn -0.1959 -0.0745 0.9778
vn -0.1523 0.4027 0.9026
vn 0.0014 -1.0000 0.0045
vn -0.1332 -0.9813 0.1387
vn -0.0099 -0.8315 0.5555
vn 0.1121 -0.2075 -0.9718
vn -0.2259 -0.2801 0.9330
vn -0.1638 0.9865 -0.0074
vn -0.4931 0.8693 -0.0348
vn -0.1740 0.9837 0.0458
vn -0.4559 0.8892 0.0393
vn -0.0855 0.9739 0.2103
vn -0.2213 0.6159 0.7561
vn -0.2224 0.7090 0.6693
vn -0.4401 0.6198 0.6497
vn -0.3787 0.6998 0.6057
vn -0.1775 0.7177 0.6733
vn -0.1425 0.7703 0.6216
vn 0.0261 0.8891 0.4569
vn 0.4283 -0.8921 -0.1438
vn -0.2914 0.2504 0.9233
vn -0.0824 0.6589 0.7477
vn -0.0452 -0.7346 0.6770
vn -0.0190 -0.9998 0.0014
vn -0.2993 0.9097 0.2877
vn -0.1575 0.9302 0.3317
vn -0.1777 0.9713 -0.1582
vn -0.1736 0.9418 -0.2879
vn -0.0578 0.6814 0.7297
vn -0.2358 0.6254 0.7438
vn -0.0344 0.6919 0.7212
vn -0.0038 0.7379 0.6749
vn -0.0349 0.7075 -0.7059
vn -0.3087 0.6417 -0.7020
vn -0.2022 0.6934 -0.6916
vn -0.4143 0.6386 0.6485
vn -0.2381 0.6215 0.7464
vn -0.0760 0.6862 0.7234
vn -0.0144 0.0770 -0.9969
vn 0.3805 -0.8144 0.4381
vn 0.0782 -0.4639 0.8824
vn -0.1012 0.9381 -0.3311
vn -0.1233 0.9768 -0.1753
vn -0.1358 0.9797 0.1476
vn -0.1036 0.9259 0.3634
vn -0.0882 0.9274 0.3634
vn -0.0989 0.6923 -0.7148
vn -0.1668 0.7203 -0.6733
vn -0.1175 0.5401 -0.8334
vn 0.0030 0.1019 -0.9948
vn 0.0203 -0.9770 -0.2123
vn 0.0371 -0.7822 -0.6220
vn -0.3531 -0.8222 0.4464
vn -0.0298 -0.9979 0.0567
vn -0.1083 0.9611 0.2541
vn -0.1767 0.9842 -0.0143
vn 0.3389 -0.8631 -0.3745
vn -0.0872 -0.9498 -0.3004
vn 0.0308 -0.9992 -0.0272
vn -0.0682 0.7177 -0.6930
vn -0.0764 0.9141 -0.3982
vn -0.1754 0.9430 -0.2827
vn -0.2023 0.9790 0.0252
vn -0.0563 0.6943 0.7175
vn -0.2885 0.6602 0.6935
vn -0.0460 0.7986 -0.6001
vn 0.0723 0.9231 -0.3778
vn 0.0444 0.5181 -0.8542
vn -0.0241 -0.9787 -0.2038
vn -0.0479 -0.9816 0.1850
vn 0.0136 -0.9963 0.0845
vn 0.2657 -0.7763 0.5716
vn 0.5170 -0.5726 -0.6362
vn 0.1070 -0.9701 -0.2181
vn 0.0055 0.6857 0.7279
vn 0.0289 0.6448 0.7638
vn -0.0851 0.6946 0.7144
vn -0.2075 0.7261 -0.6555
vn 0.0156 0.6724 -0.7400
vn 0.1173 0.7796 0.6152
vn -0.1680 0.7983 0.5784
vn 0.0394 0.9137 0.4045
vn 0.0088 -0.9076 -0.4196
vn -0.0401 -0.8816 0.4703
vn -0.2487 -0.7618 0.5982
vn 0.3013 -0.8960 0.3261
vn -0.0485 0.6978 0.7146
vn 0.1811 0.6765 0.7138
vn 0.0285 0.9455 -0.3245
vn -0.0295 0.0340 -0.9990
vn -0.1142 -0.7678 -0.6304
vn 0.4722 -0.8758 0.1003
vn 0.0489 -0.9984 0.0292
vn -0.0087 -0.9940 -0.1089
vn -0.0306 -0.9990 0.0314
vn -0.2195 0.9755 -0.0166
vn -0.1459 0.9893 0.0054
vn -0.2345 0.6769 -0.6978
vn -0.6388 0.5317 -0.5561
vn -0.2397 0.6064 -0.7582
vn -0.5827 0.5972 -0.5512
vn 0.3552 -0.6136 -0.7052
vn 0.1012 -0.9529 0.2859
vn -0.1680 0.9826 -0.0796
vn -0.3374 0.6802 0.6508
vn -0.3412 0.4639 -0.8175
vn -0.4266 0.5303 0.7327
vn -0.1476 -0.0883 -0.9851
vn 0.0756 -0.8523 -0.5176
vn 0.0203 -0.7251 -0.6883
vn -0.1635 0.9580 0.2356
vn -0.0724 0.9971 -0.0213
vn -0.1279 0.9918 0.0008
vn -0.2350 0.6457 -0.7265
vn -0.1015 0.8353 -0.5404
vn -0.3748 0.6687 -0.6422
vn -0.1221 -0.9736 0.1929
vn -0.5596 -0.3106 0.7684
vn 0.2791 -0.9481 -0.1523
vn 0.6475 -0.7556 -0.0992
vn -0.1846 0.9551 0.2316
vn -0.0520 0.6229 -0.7805
vn -0.0387 0.7244 -0.6883
vn -0.1813 0.9821 0.0520
vn -0.1268 0.9919 -0.0008
vn -0.2398 0.9692 0.0555
vn 0.1849 0.5567 -0.8099
vn -0.1493 0.5985 -0.7871
vn 0.2229 0.6693 -0.7087
vn -0.3851 0.6229 0.6810
vn -0.4131 0.6349 0.6529
vn 0.2068 -0.1755 0.9625
vn 0.0277 -0.3694 0.9289
vn -0.5078 -0.4983 0.7027
vn -0.1225 -0.7981 0.5899
vn -0.1482 -0.9808 0.1267
vn -0.0885 0.9960 0.0094
vn -0.2236 0.9745 0.0203
vn -0.0640 0.9975 0.0288
vn -0.2384 0.9710 -0.0180
vn -0.0579 0.7155 0.6962
vn 0.0253 0.6173 0.7863
vn -0.0720 0.8176 0.5713
vn -0.1475 0.6306 0.7619
vn -0.1565 0.5695 -0.8070
vn -0.0173 0.6549 0.7555
vn -0.0391 0.7330 0.6791
vn 0.0232 0.7382 -0.6742
vn -0.2387 -0.0914 -0.9668
vn -0.6497 0.1573 0.7438
vn 0.2307 -0.9679 0.0999
vn -0.2244 -0.9743 -0.0192
vn -0.2123 0.9735 0.0850
vn -0.1835 0.9655 -0.1845
vn -0.0008 0.6572 -0.7537
vn 0.1261 0.6977 0.7052
vn -0.1008 0.8170 0.5678
vn -0.0857 -0.2859 -0.9544
vn -0.1013 -0.9863 -0.1305
vn -0.0107 -0.9988 -0.0476
vn -0.0027 -0.9998 -0.0201
vn -0.4369 -0.7398 -0.5117
vn -0.2761 -0.9611 -0.0088
vn -0.2410 0.9705 -0.0080
vn -0.1003 0.7011 0.7060
vn -0.1085 0.8369 -0.5365
vn 0.0243 -0.3918 0.9197
vn -0.6918 -0.3766 0.6161
vn -0.1305 -0.9856 -0.1080
vn -0.1829 -0.8023 0.5682
vn -0.1546 0.9855 0.0698
vn 0.0083 0.0867 0.9962
vn -0.0005 0.0415 0.9991
vn -0.0923 -0.9771 -0.1917
vn -0.0769 -0.9885 0.1304
vn -0.0891 0.8980 0.4310
vn -0.1490 0.9888 0.0053
vn -0.2206 0.5857 0.7799
vn -0.4310 0.6493 0.6266
vn 0.0688 0.9463 -0.3159
vn 0.0758 0.9624 0.2609
vn 0.0697 0.9774 0.1995
vn 0.0731 0.8147 0.5753
vn 0.3243 -0.0839 0.9422
vn -0.5002 -0.6121 0.6125
vn -0.7776 -0.2361 0.5827
vn -0.6004 -0.5211 0.6066
vn -0.3539 0.7469 -0.5629
vn -0.6234 -0.0587 -0.7797
vn -0.4127 -0.7330 0.5407
vn -0.0642 -0.5772 0.8141
vn -0.1381 -0.9820 0.1287
vn -0.0397 0.9965 0.0738
vn -0.1882 0.9703 -0.1521
vn -0.1596 0.9872 -0.0038
vn -0.4793 0.5484 -0.6852
vn -0.1664 0.5531 -0.8164
vn 0.4973 0.4648 0.7326
vn -0.0041 -0.3712 -0.9286
vn -0.0385 -0.9987 -0.0331
vn -0.1961 0.9097 0.3661
vn -0.1206 0.9925 0.0181
vn -0.1667 0.9859 -0.0159
vn -0.1779 0.9833 0.0396
vn -0.2374 0.5825 0.7774
vn -0.1634 0.6679 0.7261
vn -0.0234 0.7168 0.6969
vn -0.0055 0.9220 -0.3871
vn -0.0528 0.8273 -0.5593
vn 0.0512 0.8954 0.4423
vn 0.0247 0.9284 0.3707
vn 0.3988 0.2914 0.8695
vn -0.4414 -0.4836 -0.7558
vn -0.2054 -0.9785 -0.0175
vn -0.4144 0.8027 0.4288
vn -0.5324 0.8264 0.1834
vn -0.1343 0.9455 0.2966
vn -0.4215 -0.8820 -0.2109
vn -0.4138 -0.6383 -0.6490
vn -0.0841 -0.9961 -0.0263
vn -0.1040 0.5347 -0.8386
vn -0.0601 0.5774 -0.8143
vn -0.0248 0.6727 0.7395
vn 0.0103 0.5825 0.8128
vn -0.1941 0.6385 -0.7447
vn 0.1917 0.6481 -0.7370
vn -0.0361 0.6943 -0.7187
vn 0.2788 0.1673 -0.9457
vn 0.3816 0.3429 -0.8584
vn 0.1306 0.2273 -0.9650
vn -0.0071 -0.2677 -0.9635
vn -0.6969 -0.5415 -0.4703
vn -0.8020 -0.4254 -0.4194
vn -0.5405 0.7375 -0.4049
vn -0.7920 0.3060 0.5283
vn -0.1786 -0.9696 0.1671
vn -0.2418 0.8360 0.4926
vn -0.2473 -0.3318 -0.9104
vn -0.2172 0.9326 -0.2881
vn -0.1984 0.9677 -0.1555
vn -0.1641 0.9864 -0.0075
vn -0.1843 0.9823 -0.0324
vn -0.2235 0.9744 0.0250
vn 0.2409 0.6940 0.6785
vn -0.0905 0.8301 -0.5503
vn 0.1637 0.8224 -0.5448
vn 0.0760 0.6783 -0.7308
vn -0.7767 -0.5491 -0.3086
vn -0.9175 0.1707 -0.3593
vn -0.8624 -0.3366 -0.3782
vn -0.7444 -0.4348 0.5067
vn -0.8414 -0.2610 0.4732
vn -0.2531 -0.3666 0.8953
vn -0.2325 0.9719 0.0367
vn -0.0855 0.9959 0.0309
vn -0.2021 0.9487 0.2431
vn -0.2569 0.9626 0.0854
vn -0.0292 0.5596 0.8282
vn -0.3582 0.6664 -0.6539
vn -0.3357 0.6889 0.6425
vn 0.0675 0.1070 -0.9920
vn -0.1226 -0.3341 0.9345
vn -0.7135 -0.5691 -0.4086
vn -0.4983 0.8243 -0.2689
vn -0.4683 -0.6827 -0.5609
vn -0.1503 0.9881 0.0340
vn -0.1798 0.9753 0.1284
vn -0.1234 0.9601 -0.2509
vn -0.1885 0.9818 -0.0219
vn -0.2387 0.9711 0.0042
vn -0.2736 0.6318 -0.7252
vn -0.4130 -0.5102 -0.7544
vn -0.9780 -0.0615 -0.1992
vn -0.8531 0.5040 -0.1347
vn -0.9434 -0.2803 0.1775
vn -0.9373 0.3484 -0.0040
vn -0.8915 -0.4498 -0.0544
vn 0.0135 -0.9519 -0.3060
vn -0.0686 -0.6562 -0.7514
vn -0.6893 -0.6156 -0.3820
vn -0.0525 0.9986 0.0030
vn -0.0136 0.5359 -0.8442
vn -0.0977 0.6491 0.7544
vn -0.0840 0.7069 0.7023
vn -0.3410 0.7022 -0.6250
vn -0.1394 0.7435 0.6541
vn 0.0185 0.9208 -0.3895
vn -0.0003 0.8186 -0.5744
vn 0.0583 0.9922 -0.1105
vn 0.1059 0.0999 -0.9893
vn -0.5135 -0.5808 0.6317
vn -0.8611 -0.4504 -0.2359
vn -0.9859 -0.1638 -0.0331
vn -0.8625 -0.4846 -0.1458
vn -0.4705 -0.8731 -0.1280
vn -0.4370 -0.8728 0.2172
vn -0.9215 0.0695 -0.3821
vn -0.8621 -0.4068 -0.3021
vn -0.9708 -0.1286 0.2024
vn -0.9556 0.2029 0.2139
vn -0.9883 -0.0998 -0.1156
vn -0.5767 -0.8150 0.0569
vn -0.9640 0.1321 0.2309
vn -0.9768 0.1886 -0.1017
vn -0.9712 0.2188 0.0940
vn -0.6663 -0.7427 0.0671
vn -0.6281 -0.7488 -0.2115
vn -0.5370 -0.6516 -0.5359
vn -0.0606 -0.4026 -0.9134
vn -0.7694 0.5426 0.3371
vn -0.9167 -0.3198 0.2395
vn -0.3123 -0.8350 0.4530
vn -0.7059 -0.3978 0.5861
vn -0.9462 -0.1908 -0.2613
vn -0.6902 -0.6586 0.2997
vn -0.5199 -0.8419 -0.1447
vn -0.6414 -0.7649 -0.0589
vn -0.1010 -0.9940 -0.0418
vn -0.4804 -0.8744 0.0689
vn -0.5925 -0.7678 0.2437
vn -0.0922 -0.9859 -0.1399
vn -0.0283 0.7127 0.7009
vn -0.1876 0.9819 -0.0271
vn 0.0204 0.6278 0.7781
vn 0.1801 0.6564 0.7326
vn 0.3517 0.6657 0.6582
vn -0.5971 -0.6852 0.4171
vn -0.6912 -0.6512 0.3134
vn -0.6755 -0.6123 -0.4109
vn -0.5694 -0.4459 -0.6906
vn -0.2216 -0.9668 -0.1271
vn -0.7080 -0.4301 -0.5601
vn -0.9818 -0.1318 0.1366
vn -0.3586 -0.9325 -0.0428
vn -0.8916 -0.3098 0.3303
vn -0.8738 -0.2348 0.4259
vn -0.8753 0.4645 -0.1347
vn -0.9900 0.1232 -0.0686
vn -0.9883 0.1521 -0.0057
vn -0.3104 -0.8504 -0.4248
vn -0.6373 -0.5552 0.5344
vn -0.9612 0.2577 -0.0980
vn -0.9863 0.1635 0.0206
vn -0.6450 -0.7620 0.0580
vn -0.8685 -0.4242 0.2563
vn -0.1278 -0.4306 0.8934
vn -0.9038 0.4202 0.0813
vn -0.8383 -0.1264 -0.5303
vn -0.9139 -0.3150 -0.2560
vn -0.7586 -0.6513 -0.0173
vn -0.1814 0.9814 0.0630
vn -0.2260 0.9738 0.0253
vn -0.1856 0.5239 -0.8313
vn 0.0669 0.5509 -0.8319
vn 0.0015 0.7277 0.6859
vn 0.0797 0.7200 -0.6894
vn -0.1190 0.7868 0.6056
vn -0.0678 0.8436 0.5327
vn 0.0248 0.9613 0.2745
vn 0.0831 -0.0866 -0.9928
vn 0.4585 0.3594 -0.8128
vn -0.6714 -0.6180 -0.4090
vn 0.1123 -0.8858 0.4503
vn -0.3821 -0.6624 0.6444
vn -0.7282 -0.6687 0.1502
vn -0.2467 -0.9551 -0.1640
vn -0.3329 -0.9218 0.1987
vn 0.0349 -0.8143 0.5794
vn -0.0567 -0.9464 0.3181
vn -0.5881 -0.7182 0.3721
vn 0.0915 -0.9829 -0.1598
vn -0.8501 -0.5125 0.1213
vn -0.9766 -0.1074 0.1866
vn -0.0852 -0.8758 -0.4750
vn -0.9608 -0.2718 -0.0536
vn -0.6567 -0.7495 0.0836
vn -0.9723 -0.2330 0.0182
vn -0.9937 -0.1124 0.0047
vn -0.9141 -0.4052 0.0106
vn -0.9200 -0.3886 -0.0509
vn -0.9808 -0.1944 -0.0124
vn -0.9495 -0.2925 0.1132
vn -0.9118 -0.4098 0.0273
vn -0.9811 -0.1934 0.0002
vn -0.8518 -0.2041 0.4825
vn -0.9995 0.0331 -0.0020
vn -0.9920 -0.1261 0.0070
vn -0.9887 -0.1499 0.0017
vn -0.7804 -0.6246 0.0296
vn -0.7116 -0.7009 -0.0496
vn -0.1950 0.9806 0.0196
vn -0.1394 0.9649 0.2223
vn -0.1565 0.9876 0.0151
vn -0.2090 0.9767 0.0478
vn -0.2488 0.9672 0.0504
vn -0.1316 0.9912 -0.0124
vn -0.2247 0.9739 0.0313
vn -0.0143 -0.1169 0.9930
vn -0.7614 -0.5889 -0.2711
vn -0.5576 -0.8297 -0.0284
vn -0.0195 -0.9965 0.0816
vn -0.0714 -0.5277 -0.8464
vn -0.2779 -0.9578 -0.0732
vn -0.6688 -0.6778 -0.3055
vn -0.9818 -0.1860 -0.0384
vn -0.9426 -0.3337 -0.0087
vn 0.1462 -0.6866 -0.7122
vn -0.2778 -0.9455 0.1697
vn -0.9211 -0.3758 0.1021
vn -0.5473 -0.8070 -0.2219
vn -0.9997 -0.0131 0.0185
vn -0.9986 0.0414 -0.0324
vn 0.1366 -0.9870 0.0841
vn -0.4708 -0.8822 -0.0105
vn -0.8792 -0.4764 -0.0089
vn 0.2672 -0.7227 0.6374
vn -0.7362 -0.4839 0.4731
vn -0.3453 -0.9041 0.2517
vn -0.0698 -0.9199 0.3858
vn -0.8416 -0.5331 0.0865
vn -0.8295 -0.5584 -0.0099
vn -0.9992 -0.0394 0.0106
vn -0.2647 -0.8945 -0.3603
vn -0.1147 -0.9877 0.1059
vn -0.7057 -0.6585 0.2615
vn 0.0519 -0.9823 -0.1802
vn -0.9840 -0.0784 0.1597
vn -0.9672 -0.2491 -0.0488
vn -0.1981 -0.9260 0.3213
vn -0.9358 0.3081 -0.1715
vn -0.9889 0.0804 -0.1250
vn -0.2388 0.9691 0.0614
vn 0.0169 0.4884 -0.8725
vn -0.2079 0.5905 0.7798
vn -0.3966 0.6661 0.6317
vn 0.4884 0.4611 0.7409
vn -0.6223 -0.6560 -0.4270
vn -0.4711 -0.7726 -0.4257
vn -0.0190 -0.3908 0.9203
vn -0.5344 -0.4338 0.7255
vn -0.1498 -0.7453 -0.6497
vn 0.0944 -0.9300 -0.3553
vn -0.2669 -0.9636 -0.0127
vn -0.1018 -0.8218 -0.5606
vn -0.2215 0.9752 0.0005
vn -0.1907 0.9813 -0.0258
vn -0.2680 0.9631 -0.0243
vn -0.2840 0.3830 -0.8790
vn 0.5054 0.5294 -0.6814
vn -0.4766 -0.5592 0.6783
vn 0.1326 -0.6253 0.7691
vn 0.3219 -0.4059 -0.8554
vn 0.0424 -0.9933 0.1075
vn 0.0166 -0.9944 0.1043
vn 0.2233 -0.9095 0.3505
vn -0.0353 -0.9092 -0.4149
vn 0.1188 -0.9540 -0.2752
vn -0.2083 0.9492 0.2358
vn -0.0541 0.8384 0.5424
vn -0.0653 0.8937 -0.4438
vn -0.2049 0.8838 -0.4206
vn 0.1211 0.6912 -0.7124
vn 0.5177 0.5027 0.6923
vn 0.2158 0.1961 -0.9565
vn 0.4233 -0.8996 0.1074
vn 0.2625 -0.7925 0.5505
vn -0.1432 -0.7928 0.5924
vn 0.5763 -0.6852 0.4455
vn 0.4446 -0.8675 0.2231
vn -0.2927 0.9559 -0.0234
vn -0.2426 0.9700 0.0140
vn -0.2139 0.9566 0.1976
vn -0.2531 0.9647 0.0730
vn -0.2053 0.9674 -0.1482
vn -0.1745 0.9801 0.0948
vn 0.2697 0.3044 0.9135
vn 0.0071 0.0187 0.9998
vn -0.2338 -0.3638 -0.9017
vn -0.5157 -0.7034 0.4891
vn -0.5026 -0.6856 -0.5266
vn -0.3211 -0.8166 -0.4797
vn 0.0185 -0.9998 0.0007
vn 0.2605 -0.9592 0.1099
vn -0.0123 -0.9999 -0.0095
vn 0.0305 -0.9995 -0.0000
vn 0.1213 -0.9649 0.2330
vn 0.6770 -0.6543 0.3370
vn 0.4197 -0.8851 0.2009
vn 0.0024 0.7434 -0.6689
vn -0.2757 0.9604 0.0394
vn -0.2388 0.9706 0.0304
vn 0.1575 0.4166 0.8953
vn -0.2406 0.7465 -0.6203
vn -0.4306 0.6194 -0.6564
vn -0.1524 0.8249 0.5443
vn -0.0226 0.0747 -0.9969
vn -0.0134 0.1995 -0.9798
vn 0.3739 -0.7402 -0.5589
vn 0.2016 -0.8412 0.5018
vn -0.0158 -0.8644 0.5025
vn 0.1502 -0.9886 -0.0107
vn 0.7273 -0.6428 0.2405
vn 0.4998 -0.7183 0.4840
vn -0.0551 -0.8195 0.5704
vn 0.2595 -0.9649 0.0409
vn -0.2744 0.9616 0.0037
vn 0.0714 0.3652 -0.9282
vn 0.0339 0.4308 -0.9018
vn -0.0680 0.6103 0.7892
vn -0.1066 0.7397 0.6644
vn -0.2202 0.7179 0.6604
vn 0.0207 0.1223 0.9923
vn -0.0195 0.1203 -0.9925
vn 0.3112 0.3415 0.8868
vn 0.1035 -0.7429 0.6614
vn 0.4332 -0.8175 0.3796
vn -0.4102 -0.8522 0.3248
vn 0.2415 -0.9173 -0.3166
vn 0.2040 -0.9365 0.2851
vn 0.1766 -0.6251 -0.7603
vn 0.0673 -0.8294 -0.5546
vn 0.5331 -0.8454 0.0348
vn 0.4635 -0.8512 -0.2461
vn 0.3839 -0.9098 0.1578
vn 0.2483 -0.9686 0.0099
vn -0.2102 0.9775 -0.0158
vn 0.2045 0.5148 -0.8326
vn 0.2133 0.5128 0.8316
vn 0.2953 0.6329 0.7157
vn 0.0638 0.6560 -0.7520
vn -0.2336 0.7127 -0.6614
vn 0.1396 0.9156 -0.3772
vn 0.3925 0.4212 -0.8176
vn -0.2928 -0.6270 -0.7220
vn 0.8495 -0.3848 -0.3609
vn 0.9337 -0.2407 -0.2650
vn 0.4426 -0.5299 -0.7234
vn 0.6051 -0.5900 0.5346
vn 0.3903 -0.9056 -0.1662
vn 0.0977 -0.9897 -0.1045
vn 0.3596 -0.9330 0.0106
vn 0.4190 -0.9080 0.0010
vn 0.6537 -0.7157 0.2460
vn 0.8021 -0.5575 0.2144
vn 0.2206 -0.8914 -0.3960
vn 0.2257 -0.9253 -0.3047
vn -0.0142 0.6211 0.7836
vn 0.1306 0.9914 -0.0020
vn 0.5053 0.6298 0.5899
vn 0.4352 -0.5420 -0.7189
vn 0.5196 -0.4715 -0.7126
vn 0.9159 -0.1991 0.3486
vn 0.8143 0.0184 0.5802
vn 0.9748 -0.1574 0.1579
vn 0.9210 -0.1120 -0.3732
vn 0.9768 -0.1127 0.1818
vn 0.8321 -0.4123 0.3710
vn 0.7069 -0.3604 0.6086
vn 0.9634 -0.2445 0.1097
vn 0.6132 -0.7541 -0.2353
vn 0.4915 -0.6830 -0.5403
vn 0.8160 -0.4655 -0.3427
vn 0.7549 -0.6505 0.0834
vn 0.2474 -0.9678 0.0466
vn 0.0174 -0.9901 0.1393
vn 0.4987 -0.8411 0.2095
vn -0.2431 0.9464 -0.2127
vn -0.2714 0.9619 0.0316
vn -0.2822 0.9580 0.0506
vn -0.2678 0.9626 0.0401
vn -0.2164 0.9763 -0.0062
vn -0.2587 0.9539 -0.1520
vn -0.2825 0.3711 -0.8846
vn -0.2909 0.6287 0.7212
vn -0.1500 0.7491 -0.6452
vn -0.0234 0.8261 0.5630
vn 0.0927 0.9035 0.4184
vn 0.1252 0.9633 -0.2375
vn 0.0821 0.2344 -0.9687
vn 0.9459 0.0625 0.3185
vn 0.9373 -0.3033 -0.1715
vn 0.9838 -0.1472 -0.1028
vn 0.8595 -0.1335 0.4935
vn 0.9903 -0.0955 0.1009
vn 0.9440 -0.2603 0.2026
vn 0.7375 -0.3759 -0.5610
vn 0.6927 -0.4138 -0.5908
vn 0.3435 -0.9370 -0.0632
vn 0.6219 -0.7575 0.1985
vn 0.6560 -0.5628 -0.5030
vn 0.2289 -0.8972 0.3777
vn 0.3174 -0.9429 0.1013
vn 0.8322 -0.5382 0.1336
vn 0.4614 -0.8593 0.2205
vn -0.0158 -0.9890 0.1473
vn 0.6491 -0.5770 0.4957
vn 0.6088 -0.7800 0.1447
vn 0.0380 0.2936 -0.9552
vn 0.0067 0.5307 -0.8476
vn -0.1628 0.6800 0.7149
vn -0.4712 0.5749 -0.6689
vn 0.1697 0.8657 -0.4708
vn -0.2858 -0.4814 0.8286
vn 0.1862 -0.3646 0.9124
vn -0.1248 -0.5584 0.8201
vn 0.9276 0.0063 -0.3734
vn 0.7941 -0.0941 -0.6005
vn 0.7116 0.0085 0.7025
vn 0.7970 0.1848 0.5751
vn 0.9535 -0.2768 -0.1197
vn 0.4162 -0.8680 0.2707
vn 0.1523 -0.9882 -0.0151
vn 0.4659 -0.8710 0.1559
vn 0.2655 -0.9521 0.1518
vn 0.3338 -0.7622 -0.5547
vn 0.2721 -0.9457 -0.1780
vn 0.9545 -0.2960 0.0369
vn 0.9444 -0.3280 0.0227
vn 0.5473 -0.6263 0.5552
vn 0.8167 -0.4723 0.3316
vn 0.6523 -0.7521 0.0939
vn 0.6408 -0.6160 0.4582
vn 0.5882 -0.7054 0.3955
vn 0.7189 -0.6917 -0.0686
vn 0.0256 0.2794 0.9598
vn 0.6119 0.0950 0.7852
vn 0.6554 0.0628 -0.7527
vn 0.4457 0.1194 0.8872
vn 0.9348 -0.1440 -0.3246
vn 0.6811 -0.0966 -0.7258
vn -0.0090 -0.9919 -0.1266
vn 0.7643 -0.5199 0.3816
vn 0.7213 -0.6925 0.0170
vn 0.5754 -0.8178 0.0061
vn 0.8431 -0.4938 -0.2129
vn 0.9090 -0.4143 -0.0455
vn 0.8542 -0.4137 0.3150
vn 0.8874 -0.4589 0.0438
vn 0.4904 -0.7920 -0.3636
vn 0.5087 -0.4730 -0.7194
vn 0.7484 -0.6565 -0.0948
vn 0.4118 -0.8973 -0.1591
vn 0.6123 -0.7811 0.1228
vn -0.2277 0.9733 -0.0285
vn -0.2015 0.9794 -0.0160
vn -0.2757 0.9601 0.0459
vn -0.2420 0.9658 -0.0925
vn -0.0015 0.0736 0.9973
vn -0.2192 -0.2538 -0.9421
vn -0.4152 -0.4945 -0.7636
vn 0.7276 0.2618 0.6341
vn 0.6813 -0.2099 -0.7013
vn 0.6444 -0.7129 0.2766
vn 0.8613 -0.3093 -0.4032
vn 0.8175 -0.5478 0.1777
vn 0.0708 -0.9499 -0.3046
vn 0.7544 -0.6555 0.0356
vn -0.0142 -0.9859 -0.1669
vn 0.5139 -0.5272 0.6767
vn 0.1075 -0.9091 -0.4026
vn -0.2507 0.9357 -0.2483
vn -0.1930 0.7464 -0.6369
vn 0.2893 0.6167 -0.7321
vn -0.1599 0.4519 -0.8776
vn 0.1902 0.9737 -0.1252
vn 0.1086 0.9745 0.1962
vn -0.2855 -0.3836 0.8783
vn 0.3607 0.1856 0.9140
vn -0.0882 -0.1742 -0.9808
vn 0.1908 -0.4383 -0.8783
vn 0.5414 0.2972 0.7865
vn 0.3634 -0.1021 -0.9260
vn 0.3387 0.0020 -0.9409
vn 0.7255 -0.6439 -0.2429
vn 0.6785 -0.7298 -0.0839
vn 0.5913 -0.7751 0.2228
vn 0.8239 -0.5575 -0.1023
vn 0.8247 -0.3704 -0.4273
vn 0.4669 -0.8770 0.1136
vn 0.2718 -0.9602 -0.0648
vn 0.8222 -0.5692 -0.0061
vn 0.1527 0.4577 -0.8759
vn -0.1966 0.9805 -0.0059
vn -0.1805 0.9830 0.0344
vn -0.2083 0.9780 0.0124
vn -0.1585 0.9873 -0.0140
vn 0.1717 0.2708 -0.9472
vn 0.2106 0.4583 -0.8635
vn 0.0059 0.5347 0.8450
vn -0.1455 0.6738 0.7245
vn -0.3035 0.7778 0.5503
vn 0.3163 0.5677 0.7601
vn 0.0772 0.1462 0.9862
vn 0.1697 0.2751 -0.9463
vn 0.4045 0.6153 -0.6766
vn -0.4867 -0.6313 -0.6038
vn 0.4464 0.1580 -0.8808
vn 0.2473 -0.0233 0.9686
vn 0.4302 0.0370 0.9020
vn 0.5711 -0.6909 -0.4433
vn 0.8371 -0.5464 -0.0288
vn 0.8874 -0.4552 -0.0731
vn 0.6892 -0.6727 0.2691
vn 0.8385 -0.5228 0.1536
vn 0.7634 -0.4464 -0.4668
vn 0.5184 -0.2966 -0.8021
vn 0.6768 -0.3986 -0.6189
vn 0.7209 -0.4452 -0.5311
vn 0.8937 -0.4085 -0.1854
vn 0.8323 -0.5424 -0.1140
vn 0.7505 -0.5495 -0.3672
vn 0.8019 -0.5406 0.2544
vn 0.7942 -0.6059 0.0467
vn 0.0168 0.7867 -0.6171
vn -0.1738 0.9569 0.2329
vn -0.1487 0.9877 0.0479
vn -0.1627 0.9860 0.0370
vn -0.0333 0.6981 -0.7152
vn 0.2310 0.3973 0.8881
vn 0.4490 0.0076 -0.8935
vn 0.3204 -0.9085 0.2683
vn 0.0658 -0.8947 0.4418
vn 0.2223 -0.9389 0.2628
vn 0.1923 -0.9435 -0.2698
vn 0.6166 -0.7780 -0.1204
vn 0.0343 -0.9625 -0.2692
vn 0.2434 -0.9677 0.0654
vn 0.4208 -0.9072 0.0024
vn 0.7774 -0.5480 0.3087
vn 0.8154 -0.5761 0.0567
vn 0.8209 -0.5707 -0.0186
vn -0.0837 0.8979 0.4321
vn -0.1629 0.9850 0.0564
vn -0.2198 0.9746 -0.0423
vn 0.3339 0.5858 0.7385
vn 0.2501 0.4135 0.8755
vn 0.1545 0.8158 0.5573
vn 0.1731 0.9158 -0.3623
vn 0.0625 0.8373 -0.5432
vn 0.3636 0.5363 -0.7617
vn 0.2928 0.1940 -0.9363
vn 0.3806 0.3031 0.8737
vn 0.2273 0.0874 -0.9699
vn 0.3255 0.2255 -0.9183
vn 0.1955 0.0843 0.9771
vn 0.2779 -0.1669 0.9460
vn 0.5175 -0.1461 0.8431
vn 0.5253 -0.8223 0.2186
vn 0.6613 -0.7382 -0.1333
vn -0.2821 -0.7285 -0.6242
vn -0.4466 -0.8783 0.1705
vn 0.8030 -0.5610 -0.2011
vn 0.7103 -0.6902 -0.1386
vn -0.2246 -0.7454 -0.6276
vn 0.2964 -0.9133 0.2794
vn -0.0663 -0.9742 0.2159
vn 0.6315 -0.7611 0.1480
vn 0.4522 -0.5577 0.6960
vn 0.5891 -0.6969 0.4091
vn 0.0377 -0.9983 -0.0451
vn -0.0285 -0.9996 -0.0013
vn 0.7453 -0.5693 -0.3470
vn 0.7686 -0.6367 0.0622
vn 0.7414 -0.6698 0.0411
vn -0.2033 0.9260 0.3180
vn -0.2178 0.9757 0.0229
vn -0.1862 0.9825 -0.0084
vn 0.1716 0.7917 0.5863
vn 0.1219 -0.0147 0.9924
vn 0.5283 -0.7451 -0.4071
vn -0.3322 -0.8926 0.3049
vn 0.1974 -0.8908 0.4093
vn 0.2649 -0.8013 0.5363
vn 0.1168 -0.9924 0.0396
vn 0.3919 -0.9037 -0.1722
vn 0.6377 -0.5762 0.5112
vn 0.6347 -0.3885 0.6680
vn 0.7101 -0.6923 -0.1284
vn -0.1198 0.8770 -0.4654
vn 0.1978 0.9605 -0.1958
vn 0.1303 -0.0088 -0.9914
vn -0.3027 -0.9448 -0.1257
vn 0.2820 -0.9588 0.0352
vn -0.2961 -0.9551 0.0114
vn 0.5228 -0.4745 -0.7082
vn 0.5401 -0.4631 -0.7027
vn 0.7529 -0.6514 -0.0935
vn -0.2689 0.9197 -0.2860
vn -0.1837 0.3104 -0.9327
vn 0.2020 0.1829 -0.9622
vn -0.1938 0.3641 -0.9110
vn -0.1273 -0.0808 0.9886
vn -0.2786 -0.5083 0.8149
vn -0.3901 -0.6963 -0.6025
vn -0.0376 -0.9961 0.0803
vn -0.1518 -0.8153 0.5588
vn 0.2424 -0.9162 -0.3192
vn 0.2822 -0.2762 -0.9187
vn 0.2333 -0.1364 -0.9628
vn 0.1666 -0.9569 0.2377
vn 0.0012 -0.9974 0.0727
vn 0.0153 -0.9955 0.0937
vn 0.2671 -0.3215 -0.9085
vn 0.2030 -0.4835 -0.8515
vn 0.4770 -0.4037 -0.7807
vn -0.1720 0.9511 0.2565
vn -0.2073 0.9783 -0.0042
vn -0.2395 0.6828 -0.6902
vn 0.3752 0.3536 -0.8569
vn 0.2693 0.7842 -0.5590
vn -0.0880 0.6488 0.7558
vn 0.0215 0.2554 -0.9666
vn 0.2671 0.6345 -0.7253
vn -0.4522 -0.8625 -0.2273
vn -0.0745 -0.7572 0.6490
vn 0.0912 -0.0803 0.9926
vn -0.5551 -0.8318 -0.0019
vn -0.6586 -0.7522 0.0219
vn 0.0464 -0.8807 0.4715
vn 0.6603 -0.6744 -0.3303
vn 0.5483 -0.6238 -0.5570
vn 0.6837 -0.7297 -0.0145
vn 0.7579 -0.6523 -0.0103
vn 0.6845 -0.7260 -0.0670
vn 0.6574 -0.7527 0.0360
vn 0.6854 -0.7242 0.0763
vn -0.0910 0.9952 0.0365
vn -0.1798 0.9822 0.0537
vn 0.0833 0.6824 0.7262
vn -0.0083 0.5774 0.8164
vn 0.1393 0.8982 0.4170
vn -0.0140 0.0681 -0.9976
vn -0.0154 -0.0606 -0.9980
vn -0.3835 -0.5656 -0.7301
vn -0.1410 0.0120 0.9899
vn 0.0241 0.0031 0.9997
vn 0.0502 0.0360 0.9981
vn -0.0177 -0.9997 0.0185
vn -0.1255 -0.8593 0.4958
vn 0.0290 -0.0406 -0.9988
vn -0.5742 -0.7621 -0.2992
vn -0.0606 -0.9582 -0.2795
vn 0.7024 -0.6815 0.2054
vn 0.5689 -0.8079 0.1537
vn -0.1902 0.9814 -0.0273
vn -0.1232 0.9923 0.0109
vn 0.4654 0.2838 -0.8384
vn 0.0436 0.4336 0.9001
vn 0.2126 0.8921 -0.3988
vn 0.2684 0.6122 0.7437
vn 0.2364 0.5967 -0.7669
vn 0.2199 0.2878 0.9321
vn 0.2565 0.4168 0.8721
vn 0.1699 0.1831 0.9683
vn -0.3991 -0.8197 -0.4108
vn -0.4885 -0.8713 -0.0461
vn -0.6428 -0.7661 0.0014
vn -0.1863 -0.9797 -0.0742
vn -0.0606 -0.9562 -0.2863
vn -0.0594 -0.9982 -0.0047
vn 0.1731 -0.2406 -0.9551
vn 0.1922 -0.2679 0.9441
vn 0.4453 -0.3807 0.8105
vn 0.1577 -0.1552 0.9752
vn 0.4520 -0.4714 0.7573
vn 0.5437 -0.6886 0.4797
vn 0.5690 -0.7493 0.3389
vn 0.6824 -0.6445 0.3450
vn -0.2411 0.9705 0.0094
vn -0.1446 0.9866 0.0753
vn -0.2309 0.9699 -0.0775
vn 0.1652 0.9713 -0.1713
vn 0.0718 0.2575 0.9636
vn -0.2386 0.1369 0.9614
vn 0.0477 -0.9176 -0.3946
vn 0.5353 -0.7805 -0.3228
vn 0.5917 -0.8037 0.0629
vn 0.5884 -0.8085 0.0035
vn 0.5880 -0.8087 -0.0145
vn -0.1282 0.9912 0.0334
vn 0.3095 0.5895 0.7461
vn 0.1105 0.9433 -0.3130
vn 0.1444 0.9831 -0.1128
vn 0.0952 0.7898 -0.6060
vn 0.1956 0.6168 0.7624
vn -0.1230 -0.0932 0.9880
vn -0.3136 -0.0058 0.9495
vn -0.1154 -0.9910 0.0685
vn -0.0226 -0.9565 -0.2907
vn -0.1504 0.9764 -0.1552
vn -0.1529 0.9881 -0.0136
vn 0.4206 0.5260 -0.7392
vn 0.4192 0.2656 -0.8682
vn 0.4908 0.5451 -0.6797
vn 0.4275 0.7629 -0.4850
vn 0.0697 0.8031 0.5917
vn 0.1771 0.8310 0.5274
vn 0.1686 0.2669 -0.9488
vn 0.0894 0.0911 -0.9918
vn -0.2266 -0.1613 0.9605
vn -0.0493 -0.0270 0.9984
vn -0.2987 0.0394 -0.9535
vn -0.0094 -0.0029 -1.0000
vn 0.3278 -0.9405 -0.0890
vn 0.1483 -0.8508 0.5041
vn 0.2647 -0.3922 0.8810
vn 0.3726 -0.4701 0.8001
vn 0.3920 -0.7349 0.5535
vn 0.4166 -0.6880 0.5943
vn 0.4626 -0.8856 0.0426
vn -0.1715 0.9703 0.1708
vn -0.2068 0.9468 0.2464
vn 0.4402 0.0904 -0.8933
vn 0.3331 0.4747 -0.8147
vn 0.8397 0.1771 0.5133
vn 0.3957 0.7624 0.5120
vn 0.2936 0.7542 0.5874
vn 0.1945 0.8742 0.4448
vn 0.1802 0.6232 -0.7610
vn -0.1025 -0.0408 -0.9939
vn -0.6267 -0.1489 0.7649
vn -0.3574 -0.0395 -0.9331
vn -0.1925 0.1149 -0.9746
vn 0.3349 -0.9401 -0.0634
vn 0.4102 -0.8776 -0.2480
vn 0.2228 -0.9432 -0.2464
vn 0.0480 -0.7998 0.5983
vn 0.2220 -0.9715 0.0833
vn 0.3972 -0.9173 -0.0278
vn -0.0094 0.0181 0.9998
vn 0.4294 -0.8742 0.2269
vn 0.4536 -0.8812 -0.1334
vn 0.5753 -0.8165 -0.0477
vn 0.4640 -0.8858 -0.0096
vn -0.1334 0.9911 0.0017
vn -0.1328 0.9896 0.0543
vn 0.5322 0.3724 -0.7603
vn 0.3728 0.5968 0.7105
vn 0.2089 0.8910 -0.4031
vn 0.1422 0.6595 0.7381
vn 0.0396 -0.1834 -0.9822
vn 0.0736 -0.6226 -0.7790
vn 0.0507 -0.1513 -0.9872
vn 0.0549 -0.1516 -0.9869
vn 0.2291 -0.3383 -0.9127
vn 0.4407 -0.8835 -0.1589
vn 0.4093 -0.7889 -0.4584
vn 0.5773 -0.7898 -0.2074
vn 0.4468 -0.8630 0.2358
vn 0.4981 -0.8668 0.0240
vn 0.4440 -0.8959 -0.0148
vn 0.4724 -0.8792 -0.0626
vn 0.5896 -0.8053 -0.0625
vn -0.0549 0.8805 -0.4709
vn -0.0324 0.0448 -0.9985
vn -0.0404 0.0507 -0.9979
vn 0.0912 0.2368 0.9673
vn 0.0403 0.0506 0.9979
vn -0.6241 0.0336 -0.7806
vn -0.6187 -0.0966 -0.7796
vn 0.3388 -0.8554 -0.3919
vn -0.6420 0.4984 0.5825
vn 0.0886 -0.2340 0.9682
vn -0.1603 0.9864 0.0378
vn -0.0677 0.9956 0.0654
vn -0.0931 0.9933 0.0678
vn 0.2657 0.7155 0.6461
vn -0.2183 -0.5581 -0.8006
vn -0.0166 0.3634 0.9315
vn -0.5559 -0.2610 -0.7892
vn -0.3125 -0.1374 -0.9399
vn -0.6694 0.1006 0.7361
vn -0.4957 0.2563 0.8298
vn -0.6230 0.0746 0.7786
vn 0.3253 -0.8739 -0.3613
vn 0.3761 -0.9266 0.0060
vn -0.1086 0.9934 -0.0373
vn -0.1939 0.9808 -0.0204
vn 0.0890 0.7421 -0.6644
vn 0.1591 0.6791 0.7166
vn 0.4387 0.5529 -0.7084
vn 0.3843 0.6835 -0.6206
vn 0.1693 0.9723 -0.1614
vn -0.0770 0.5038 0.8604
vn -0.5960 -0.3023 0.7439
vn -0.6543 -0.1173 0.7470
vn -0.5918 0.2757 0.7575
vn 0.2453 -0.9664 0.0775
vn 0.0707 -0.2125 -0.9746
vn 0.2961 -0.6198 -0.7267
vn 0.3951 -0.9184 0.0211
vn -0.2339 0.9662 -0.1083
vn -0.1728 0.9826 0.0681
vn -0.1560 0.9842 0.0835
vn 0.0502 0.7866 0.6154
vn 0.0171 0.4327 -0.9014
vn -0.1762 -0.5382 -0.8242
vn -0.3888 -0.4774 0.7880
vn -0.5021 -0.2996 0.8112
vn -0.2472 -0.2405 -0.9386
vn -0.6241 0.0644 -0.7787
vn -0.6315 -0.1626 -0.7582
vn -0.5640 0.2116 -0.7982
vn -0.5950 0.2758 -0.7549
vn -0.3543 0.1011 0.9297
vn 0.1673 -0.9854 0.0320
vn -0.0229 -0.9932 -0.1143
vn 0.0046 -0.9948 0.1013
vn 0.0383 -0.9991 0.0182
vn -0.1662 0.2575 0.9519
vn -0.0284 0.0107 -0.9995
vn 0.2716 -0.6755 0.6855
vn 0.3239 -0.9106 0.2567
vn 0.3080 -0.9497 -0.0560
vn -0.0125 0.8255 -0.5643
vn 0.2569 0.7280 0.6356
vn 0.0543 0.4697 -0.8811
vn -0.1358 -0.2465 0.9596
vn -0.0110 0.0024 0.9999
vn -0.3317 0.2247 0.9162
vn -0.3887 0.4744 0.7899
vn 0.2638 -0.9353 -0.2358
vn -0.0018 -0.8359 0.5489
vn -0.2296 0.2289 -0.9460
vn -0.0964 0.9951 0.0197
vn -0.1596 0.9856 0.0565
vn -0.1665 0.9860 -0.0129
vn -0.1396 0.9867 0.0827
vn -0.1434 0.9876 0.0643
vn -0.2072 0.9670 -0.1484
vn -0.2518 0.9596 -0.1252
vn 0.2426 0.8112 0.5321
vn 0.1277 0.9606 0.2470
vn 0.0015 0.1704 0.9854
vn 0.0413 0.5883 0.8076
vn 0.0844 0.4356 0.8962
vn 0.0809 0.3679 -0.9263
vn -0.0966 -0.1118 -0.9890
vn 0.0006 0.1471 -0.9891
vn -0.4140 -0.3913 -0.8218
vn -0.2610 -0.2057 0.9432
vn -0.3392 -0.0071 0.9407
vn 0.1585 -0.9650 0.2087
vn -0.0269 -0.8822 0.4700
vn 0.2982 -0.4998 -0.8132
vn 0.1241 -0.3823 -0.9157
vn 0.2200 -0.5352 0.8156
vn 0.2308 -0.8374 0.4954
vn 0.2821 -0.9416 -0.1838
vn 0.2888 -0.9499 0.1195
vn 0.2701 -0.9521 -0.1432
vn 0.3151 -0.9486 -0.0301
vn 0.3200 0.6476 -0.6916
vn 0.0705 0.6329 -0.7710
vn -0.1296 -0.3875 -0.9127
vn -0.0722 -0.1889 -0.9793
vn -0.4785 -0.4838 0.7328
vn -0.5367 -0.3798 -0.7535
vn -0.4663 0.2052 -0.8605
vn -0.5529 0.0490 -0.8318
vn 0.0814 -0.8765 0.4745
vn -0.0048 -0.9998 0.0181
vn 0.2251 -0.6681 -0.7092
vn 0.2882 -0.9571 0.0288
vn -0.2367 0.9709 0.0372
vn -0.2383 0.9683 0.0745
vn 0.1450 0.7946 0.5896
vn 0.2037 0.8899 -0.4080
vn 0.3815 0.6956 -0.6088
vn 0.3738 0.8154 -0.4420
vn 0.0100 0.5986 0.8010
vn -0.3906 0.0381 -0.9198
vn -0.3153 -0.1006 -0.9437
vn -0.5486 -0.1312 -0.8257
vn -0.0178 0.0476 0.9987
vn -0.0158 0.0210 0.9997
vn 0.0264 -0.9995 -0.0200
vn -0.0223 -0.9996 -0.0154
vn -0.3349 -0.9401 -0.0642
vn -0.2936 -0.9490 0.1148
vn -0.0440 -0.9889 0.1417
vn -0.0543 -0.9922 0.1121
vn -0.0806 0.3093 0.9475
vn -0.2667 0.9233 -0.2763
vn -0.2261 0.9725 0.0563
vn -0.2552 -0.5216 -0.8141
vn -0.3253 -0.5899 0.7390
vn -0.1213 0.2404 0.9631
vn 0.1121 -0.9643 0.2398
vn 0.1197 -0.9774 0.1741
vn -0.1743 0.9811 -0.0839
vn -0.2008 0.9720 0.1218
vn 0.1081 0.9659 0.2353
vn -0.1600 -0.3073 -0.9381
vn -0.2099 -0.6034 0.7693
vn -0.3837 -0.5848 -0.7147
vn -0.4665 0.5016 0.7286
vn -0.2851 0.5908 0.7547
vn -0.1804 -0.9685 -0.1717
vn -0.1270 -0.9660 0.2250
vn 0.0433 -0.0293 0.9986
vn 0.0349 -0.2662 0.9633
vn 0.1405 -0.7555 0.6399
vn 0.1819 -0.9833 0.0026
vn 0.2790 -0.9603 -0.0027
vn -0.0561 0.9980 -0.0281
vn -0.2727 0.9620 0.0110
vn -0.0810 0.9967 0.0058
vn -0.2502 0.9681 -0.0149
vn -0.2414 0.9685 0.0604
vn -0.2637 0.9633 0.0511
vn -0.1942 0.9781 0.0744
vn 0.0072 0.2589 0.9659
vn -0.0627 -0.1712 0.9832
vn 0.1989 0.1963 0.9601
vn 0.0901 -0.0436 -0.9950
vn 0.1247 0.0293 -0.9918
vn -0.1941 0.2034 -0.9597
vn 0.0028 -0.9374 0.3482
vn 0.0062 -0.9885 -0.1510
vn 0.0033 -0.1064 0.9943
vn 0.1617 -0.9849 -0.0613
vn 0.1803 -0.9616 0.2071
vn 0.1782 -0.9840 0.0055
vn 0.2842 -0.9587 -0.0127
vn -0.2419 0.9610 -0.1339
vn 0.1122 0.7671 -0.6316
vn 0.1079 0.9102 0.4000
vn -0.0277 0.5617 0.8269
vn -0.0603 -0.4041 0.9127
vn -0.2550 -0.3316 -0.9083
vn 0.1113 -0.9223 -0.3700
vn 0.2563 -0.9283 -0.2695
vn -0.2128 -0.9658 -0.1480
vn -0.2331 -0.9695 -0.0756
vn 0.0758 -0.6493 -0.7568
vn 0.0614 -0.9247 -0.3758
vn -0.0010 -0.1515 -0.9885
vn 0.0560 -0.3047 -0.9508
vn 0.1469 -0.9886 -0.0321
vn -0.1779 0.9808 0.0795
vn -0.0901 -0.2433 -0.9658
vn 0.0844 0.1435 -0.9860
vn 0.1357 0.0074 -0.9907
vn 0.0479 -0.0576 0.9972
vn -0.0722 -0.9641 -0.2557
vn -0.0797 -0.9948 0.0638
vn -0.0156 -0.1516 -0.9883
vn 0.1094 -0.3161 0.9424
vn -0.2698 0.9619 0.0443
vn -0.2710 0.9625 -0.0097
vn -0.2195 0.9641 0.1494
vn -0.2037 0.9781 0.0437
vn -0.1444 -0.6769 0.7218
vn 0.0802 -0.9967 0.0101
vn -0.0409 -0.9561 -0.2902
vn 0.0226 -0.9462 0.3228
vn -0.0545 -0.7473 0.6623
vn 0.0229 -0.2326 0.9723
vn 0.0514 -0.0040 0.9987
vn -0.2220 0.9684 0.1136
vn -0.2427 0.9383 0.2465
vn -0.2383 0.9647 -0.1125
vn -0.0397 -0.1809 -0.9827
vn 0.0234 -0.0303 0.9993
vn -0.0146 -0.9899 0.1407
vn -0.0416 -0.9655 -0.2571
vn -0.0222 -0.4534 -0.8910
vn 0.0313 -0.3225 0.9460
vn 0.0540 -0.9968 -0.0583
vn 0.1100 -0.9271 -0.3584
vn -0.2671 0.9291 0.2558
vn -0.0318 0.3400 -0.9399
vn 0.0289 0.5721 0.8197
vn -0.0082 0.5310 0.8473
vn 0.0625 0.6177 0.7839
vn 0.0949 0.5148 0.8520
vn 0.0018 0.2107 0.9775
vn -0.1887 -0.6680 -0.7199
vn 0.0298 -0.1341 -0.9905
vn 0.0535 -0.9710 0.2332
vn -0.0497 -0.9899 -0.1330
vn 0.0214 -0.9455 0.3250
vn 0.0063 -0.2369 0.9715
vn 0.0179 -0.8496 0.5271
vn 0.0876 -0.5852 0.8061
vn 0.1344 -0.9230 0.3605
vn 0.0703 -0.9975 -0.0034
vn 0.0442 -0.9990 0.0101
vn -0.2416 0.9703 0.0135
vn -0.2860 0.9570 0.0481
vn -0.2747 0.9611 -0.0272
vn -0.2809 0.9483 -0.1475
vn -0.2739 0.8998 -0.3396
vn -0.3154 0.9469 0.0618
vn 0.0571 0.9152 0.3989
vn 0.0024 -0.7184 0.6956
vn -0.1414 -0.5162 -0.8447
vn -0.0486 0.2932 0.9548
vn -0.2795 0.5291 -0.8012
vn -0.0720 0.5951 -0.8004
vn -0.2979 0.6050 -0.7384
vn -0.2244 0.9729 0.0561
vn 0.0942 0.8578 -0.5052
vn -0.0377 0.4477 0.8934
vn -0.0286 0.3515 -0.9358
vn -0.0165 -0.5371 -0.8434
vn -0.0529 0.1264 -0.9906
vn -0.1157 -0.9102 -0.3978
vn 0.0510 -0.8866 -0.4597
vn 0.0670 -0.9812 -0.1812
vn -0.0432 -0.9991 -0.0053
vn -0.2359 -0.8934 -0.3824
vn -0.0588 0.6724 -0.7379
vn 0.0053 0.0861 0.9963
vn 0.0466 0.3260 0.9442
vn 0.1078 -0.9858 0.1285
vn 0.0025 -0.9993 -0.0374
vn -0.0760 0.3508 -0.9334
vn -0.0268 0.2625 0.9646
vn -0.0546 -0.1918 -0.9799
vn -0.0496 0.0004 -0.9988
vn -0.0022 0.2245 -0.9745
vn -0.0342 -0.6927 -0.7204
vn 0.0564 -0.4011 -0.9143
vn 0.1422 -0.7134 -0.6862
vn -0.1104 0.9505 -0.2903
vn -0.3520 0.9359 -0.0135
vn -0.3336 0.9424 0.0243
vn -0.3035 0.9500 0.0737
vn 0.0431 0.8347 -0.5490
vn -0.0084 0.8614 0.5078
vn -0.0343 0.8398 0.5418
vn -0.0722 0.6168 0.7838
vn -0.0453 0.1478 -0.9880
vn -0.0399 -0.9064 0.4204
vn 0.1464 -0.9668 0.2092
vn 0.0484 0.2707 0.9614
vn 0.1374 0.6629 0.7359
vn -0.0814 0.6743 0.7340
vn -0.0231 -0.0897 0.9957
vn -0.0367 -0.4626 -0.8858
vn 0.0006 -0.6089 0.7932
vn -0.0819 -0.9745 0.2087
vn -0.0427 -0.9991 -0.0039
vn -0.0578 -0.9976 -0.0393
vn -0.1042 0.9170 0.3851
vn -0.0949 0.5296 -0.8430
vn -0.0068 0.6730 -0.7396
vn 0.0523 -0.4430 -0.8950
vn -0.0321 -0.4422 -0.8963
vn -0.1103 0.2392 -0.9647
vn -0.0278 0.1591 0.9869
vn 0.0520 -0.0794 0.9955
vn -0.0144 -0.0779 0.9969
vn 0.0178 -0.5873 -0.8092
vn 0.0439 -0.2673 -0.9626
vn -0.0427 0.3969 -0.9169
vn -0.0078 0.1942 -0.9809
vn -0.2050 -0.9538 0.2195
vn -0.0649 -0.9978 0.0124
vn -0.0306 -0.9891 0.1440
vn -0.0913 -0.8633 0.4964
vn -0.0736 0.6618 0.7461
vn 0.0276 -0.9063 0.4218
vn -0.1133 -0.7763 -0.6200
vn 0.0832 -0.7875 -0.6106
vn -0.0282 -0.9221 -0.3859
vn -0.0427 -0.9973 0.0592
vn 0.0366 -0.9924 0.1171
vn -0.2863 0.9578 0.0251
vn -0.2352 0.9702 0.0584
vn -0.2788 0.9552 -0.0997
vn -0.3422 0.9380 0.0551
vn 0.0837 0.9449 -0.3166
vn 0.0350 0.8505 0.5248
vn 0.0580 0.9412 0.3329
vn 0.0934 -0.1740 0.9803
vn 0.0119 -0.4344 0.9007
vn 0.0194 0.2291 0.9732
vn -0.1531 -0.0034 0.9882
vn 0.0403 -0.0158 0.9991
vn -0.0606 -0.0665 0.9959
vn 0.1648 -0.9763 -0.1402
vn -0.0782 -0.9969 -0.0047
vn 0.0086 0.2109 -0.9775
vn -0.0719 0.2776 -0.9580
vn -0.1461 -0.8601 0.4887
vn -0.3313 0.9414 0.0629
vn -0.2523 0.9664 0.0498
vn -0.1508 0.9873 0.0497
vn -0.0773 0.7193 -0.6904
vn -0.0086 0.6733 -0.7393
vn 0.0955 -0.4161 0.9043
vn 0.2106 -0.6802 0.7021
vn 0.0541 -0.6868 0.7249
vn -0.1956 -0.9577 -0.2112
vn 0.0276 0.3654 -0.9305
vn -0.0508 -0.2558 -0.9654
vn -0.2767 0.9076 -0.3157
vn -0.1502 0.9887 0.0036
vn -0.1498 0.4342 0.8883
vn 0.1068 -0.5990 -0.7936
vn 0.0553 -0.3116 -0.9486
vn 0.2369 -0.6321 0.7378
vn -0.0821 0.1617 0.9834
vn -0.1650 -0.0916 -0.9820
vn -0.1242 -0.5119 -0.8500
vn -0.0912 -0.8041 -0.5874
vn 0.1275 0.6594 -0.7409
vn -0.0713 -0.0879 -0.9936
vn -0.1096 -0.3865 0.9158
vn -0.1736 -0.8713 -0.4590
vn -0.0302 -0.9758 -0.2167
vn -0.1061 -0.9932 0.0487
vn -0.2064 0.9784 -0.0137
vn -0.2637 0.9646 0.0068
vn -0.1991 0.9737 0.1111
vn 0.0748 0.9068 -0.4148
vn -0.0589 0.5454 0.8361
vn -0.1054 0.5179 -0.8489
vn -0.0883 0.3226 -0.9424
vn 0.2339 -0.6089 -0.7580
vn -0.1572 0.0706 -0.9850
vn 0.0694 -0.9295 0.3621
vn 0.1766 -0.9816 0.0719
vn 0.2680 -0.9409 0.2073
vn 0.3107 -0.9505 0.0047
vn -0.0289 -0.9699 0.2419
vn -0.0963 -0.2879 -0.9528
vn -0.2263 -0.9682 -0.1063
vn -0.0854 -0.9610 0.2631
vn -0.1702 -0.8575 0.4856
vn -0.1457 -0.9893 0.0058
vn -0.0132 0.0125 0.9998
vn 0.3949 -0.8963 -0.2017
vn 0.2204 0.3150 0.9232
vn -0.2060 -0.7718 -0.6015
vn -0.0852 -0.9725 -0.2166
vn -0.3109 -0.9396 -0.1433
vn 0.0828 0.5074 -0.8577
vn -0.1978 -0.9800 -0.0207
vn -0.2428 -0.9576 0.1549
vn -0.2013 -0.9784 -0.0468
vn -0.0679 -0.9917 -0.1092
vn -0.2151 0.9479 0.2352
vn -0.2270 0.9530 -0.2007
vn -0.0572 0.9981 0.0210
vn -0.0507 0.0160 -0.9986
vn 0.1741 -0.1360 0.9753
vn 0.1675 -0.1361 -0.9764
vn -0.0761 -0.0065 -0.9971
vn 0.1360 0.2383 0.9616
vn 0.1756 0.6201 0.7647
vn -0.2494 -0.6079 -0.7539
vn -0.1996 -0.9648 -0.1712
vn -0.1269 0.4383 0.8898
vn -0.0524 0.3488 0.9357
vn 0.0577 -0.3041 -0.9509
vn 0.3475 -0.5105 0.7865
vn -0.1621 0.0364 0.9861
vn -0.3650 -0.8868 -0.2834
vn -0.2223 -0.9637 -0.1478
vn 0.0809 -0.9967 -0.0070
vn 0.3980 0.5620 0.7251
vn 0.3334 0.5275 0.7814
vn 0.0342 -0.0284 0.9990
vn -0.2274 -0.6928 0.6843
vn -0.0603 -0.5669 0.8216
vn -0.1447 -0.4873 0.8611
vn -0.2393 -0.8586 -0.4534
vn -0.0257 0.9236 -0.3825
vn -0.0272 0.9996 0.0126
vn -0.0649 0.9968 0.0475
vn -0.0924 0.9922 0.0841
vn 0.0126 0.9999 0.0025
vn 0.2068 -0.2384 0.9489
vn 0.2059 0.4513 -0.8683
vn 0.0258 0.5382 -0.8425
vn -0.2204 -0.5612 -0.7978
vn -0.2847 -0.9586 0.0045
vn -0.2289 -0.9682 0.1010
vn -0.2046 -0.9788 -0.0012
vn -0.0851 -0.9961 -0.0212
vn -0.0534 0.9641 -0.2603
vn 0.0112 0.9999 -0.0081
vn -0.0043 1.0000 -0.0027
vn -0.0708 0.9958 0.0583
vn -0.0544 0.1352 -0.9893
vn 0.3187 -0.4100 -0.8546
vn 0.2375 -0.0620 0.9694
vn 0.0905 -0.9942 0.0588
vn -0.1051 -0.9942 -0.0243
vn -0.2662 -0.9632 0.0379
vn -0.3488 -0.8818 -0.3173
vn 0.2544 0.1271 0.9587
vn -0.0027 -1.0000 -0.0065
vn -0.3366 -0.8900 0.3077
vn -0.0846 -0.9963 -0.0166
vn 0.4464 0.5404 -0.7132
vn 0.0691 0.4174 -0.9061
vn -0.4091 -0.9102 -0.0649
vn -0.2528 -0.9662 0.0513
vn -0.0469 -0.2107 0.9764
vn -0.0473 -0.1511 0.9874
vn -0.1342 0.9907 0.0218
vn -0.0712 0.2359 0.9692
vn 0.0532 -0.0112 0.9985
vn -0.2759 -0.9537 -0.1199
vn -0.1694 -0.9844 0.0474
vn -0.2070 -0.3131 -0.9269
vn -0.1598 -0.2593 -0.9525
vn -0.3301 -0.9310 -0.1561
vn -0.3565 -0.9339 0.0281
vn -0.3497 -0.9368 -0.0143
vn -0.0977 0.2126 0.9722
vn -0.0509 -0.0108 -0.9986
vn 0.1358 -0.5145 -0.8467
vn -0.2617 0.3666 -0.8928
vn 0.2730 -0.4991 -0.8224
vn 0.1388 -0.2066 -0.9685
vn 0.5424 0.3514 0.7631
vn 0.0003 -0.9914 0.1309
vn 0.3600 0.4049 -0.8405
vn 0.4960 0.3528 0.7934
vn -0.0282 0.0051 -0.9996
vn -0.3790 -0.8032 -0.4596
vn -0.3862 -0.9204 0.0607
vn -0.1815 0.9672 0.1778
vn 0.4762 -0.3773 0.7942
vn 0.5625 -0.3348 0.7560
vn 0.4297 -0.5226 0.7364
vn 0.4179 0.0426 0.9075
vn 0.0836 0.1452 -0.9859
vn 0.4564 0.1391 -0.8788
vn 0.6054 0.3679 -0.7058
vn 0.4941 0.4028 -0.7705
vn 0.1962 -0.9794 0.0476
vn -0.2957 -0.9553 0.0014
vn -0.3022 -0.9487 -0.0933
vn -0.1301 -0.2023 -0.9706
vn 0.2455 0.2340 0.9407
vn -0.3420 -0.9030 0.2601
vn -0.3710 -0.9266 -0.0613
vn -0.2080 0.3297 -0.9209
vn -0.1582 0.4728 -0.8668
vn -0.2707 -0.4800 0.8345
vn -0.1819 -0.2295 0.9562
vn -0.4417 -0.8715 0.2131
vn -0.3777 -0.9255 -0.0281
vn -0.4175 -0.9022 -0.1088
vn -0.2645 0.9327 -0.2453
vn -0.0837 0.9931 0.0827
vn -0.0857 0.9959 0.0284
vn -0.1343 0.9887 0.0665
vn 0.5137 -0.0055 -0.8580
vn 0.5557 -0.2138 -0.8034
vn 0.6066 0.1927 0.7713
vn 0.0548 -0.9977 -0.0400
vn 0.0160 -0.9998 -0.0104
vn -0.3406 -0.9331 0.1157
vn -0.2163 -0.9763 -0.0035
vn 0.1749 0.1511 -0.9729
vn -0.4229 -0.9062 0.0042
vn -0.0858 0.9963 -0.0085
vn -0.2297 0.9645 -0.1304
vn -0.2969 0.5701 0.7661
vn -0.1100 0.0981 0.9891
vn -0.3339 0.4230 0.8424
vn -0.1293 0.2186 0.9672
vn 0.2560 -0.1451 0.9557
vn 0.5839 -0.1413 0.7994
vn 0.6513 0.0252 0.7584
vn 0.6580 0.1862 -0.7297
vn 0.4258 0.2547 -0.8682
vn -0.1410 -0.9889 -0.0475
vn -0.0044 -0.9856 -0.1692
vn 0.3013 0.1743 0.9375
vn -0.4648 -0.8712 -0.1580
vn -0.0873 0.9962 0.0065
vn -0.1798 0.1371 -0.9741
vn 0.4431 -0.2518 -0.8604
vn 0.3740 -0.4003 -0.8366
vn 0.5439 -0.3955 -0.7401
vn 0.6581 -0.2231 -0.7191
vn -0.0142 -0.9999 -0.0005
vn -0.2858 -0.9542 0.0888
vn -0.4519 -0.6298 -0.6318
vn -0.3492 -0.4552 -0.8190
vn -0.4521 -0.6655 -0.5938
vn -0.4718 -0.8150 -0.3365
vn -0.5165 -0.8562 -0.0127
vn -0.5753 -0.8093 -0.1187
vn -0.5221 -0.8505 -0.0644
vn -0.5188 -0.8548 -0.0127
vn -0.1438 0.9864 -0.0793
vn 0.0257 0.9087 -0.4167
vn -0.0083 0.8503 -0.5262
vn 0.0540 0.9786 -0.1987
vn 0.2365 -0.1425 -0.9611
vn 0.6603 -0.0179 -0.7508
vn 0.5855 0.2111 0.7827
vn -0.4025 -0.9154 0.0069
vn -0.4236 -0.6648 0.6153
vn -0.5051 -0.7036 0.4998
vn -0.3497 -0.7987 0.4896
vn -0.2117 0.9764 0.0434
vn -0.0944 0.9954 0.0134
vn -0.1362 0.9893 0.0517
vn -0.1365 0.9884 0.0671
vn -0.0166 0.2656 0.9639
vn -0.0706 0.0687 -0.9951
vn -0.2423 0.4241 -0.8726
vn 0.1483 -0.4941 -0.8567
vn -0.1128 0.0660 0.9914
vn 0.4562 0.0530 -0.8883
vn -0.2977 -0.9546 -0.0070
vn -0.5126 -0.6317 -0.5815
vn -0.2913 -0.3408 0.8939
vn -0.5468 -0.7929 -0.2688
vn -0.0413 0.0923 0.9949
vn -0.0275 0.2928 0.9558
vn -0.1580 0.0884 0.9835
vn 0.0541 -0.0201 0.9983
vn 0.4755 -0.0818 -0.8759
vn 0.3579 0.0499 0.9324
vn 0.6054 0.0327 0.7953
vn 0.1125 0.0465 -0.9926
vn -0.7374 -0.6747 0.0308
vn -0.6839 -0.7259 0.0729
vn -0.2104 -0.9699 -0.1226
vn -0.1468 -0.1484 0.9780
vn -0.2862 -0.2259 -0.9312
vn -0.3502 -0.5262 0.7749
vn -0.6067 -0.7806 0.1503
vn -0.5139 -0.8563 0.0517
vn -0.6149 -0.7886 0.0020
vn -0.1020 0.1675 0.9806
vn 0.1495 -0.4626 -0.8739
vn -0.3385 0.2224 0.9143
vn 0.0451 0.0233 0.9987
vn -0.6873 -0.7262 0.0177
vn -0.7234 -0.6798 0.1208
vn -0.5296 -0.7270 0.4371
vn -0.3905 -0.4451 0.8058
vn -0.4834 -0.7768 0.4036
vn -0.3129 -0.7438 0.5906
vn -0.1052 0.9875 0.1176
vn -0.1114 0.9884 0.1034
vn -0.3973 -0.4832 -0.7802
vn -0.8187 -0.5706 -0.0647
vn -0.8091 -0.5873 0.0233
vn -0.6354 -0.7228 -0.2716
vn -0.6111 -0.6384 -0.4680
vn -0.6579 -0.7530 -0.0144
vn -0.1929 0.9754 -0.1067
vn -0.0280 0.1128 0.9932
vn 0.3924 0.0098 0.9197
vn 0.4788 -0.1203 0.8696
vn 0.3676 0.0003 -0.9300
vn -0.5484 -0.8335 0.0680
vn -0.8440 -0.5352 0.0347
vn -0.7052 -0.7086 0.0243
vn -0.6506 -0.7117 -0.2649
vn -0.7774 -0.6280 0.0343
vn -0.8014 -0.5980 0.0137
vn -0.7965 -0.5751 0.1869
vn -0.6088 -0.7932 0.0112
vn -0.3787 -0.7166 0.5857
vn -0.3268 -0.8018 -0.5004
vn -0.5625 -0.7606 -0.3243
vn -0.6498 -0.6958 0.3060
vn -0.2787 -0.9358 0.2161
vn -0.1728 -0.0625 -0.9830
vn -0.4340 -0.3922 -0.8111
vn -0.6429 -0.5727 0.5086
vn -0.5109 -0.4723 -0.7183
vn -0.6277 -0.6887 -0.3629
vn -0.5135 -0.8543 0.0805
vn -0.0664 0.9956 0.0659
vn -0.3178 0.4600 0.8291
vn -0.3144 0.6176 0.7209
vn 0.0179 -0.0052 -0.9998
vn -0.2755 -0.9399 -0.2017
vn -0.2653 -0.9633 0.0412
vn -0.5248 -0.8424 0.1224
vn -0.2418 -0.5613 0.7915
vn -0.0770 0.0083 0.9970
vn -0.4486 -0.3355 0.8284
vn -0.2928 -0.2309 -0.9279
vn -0.7025 -0.7016 -0.1192
vn -0.6637 -0.7426 -0.0897
vn -0.6640 -0.7464 0.0441
vn -0.1683 0.9698 0.1766
vn -0.1232 0.9923 0.0111
vn -0.1444 0.9767 0.1588
vn -0.1669 -0.9857 0.0237
vn -0.1636 -0.9571 0.2392
vn -0.1590 -0.6850 0.7110
vn -0.0112 -0.9924 -0.1223
vn -0.7165 -0.6810 0.1512
vn -0.7136 -0.7004 0.0126
vn -0.5874 -0.5905 0.5533
vn -0.6482 -0.7177 0.2545
vn -0.1903 -0.0374 0.9810
vn -0.2307 -0.6310 -0.7407
vn -0.0876 0.9957 0.0307
vn -0.1727 0.9755 0.1364
vn -0.0750 0.9955 0.0585
vn -0.0586 0.1220 -0.9908
vn -0.0807 0.3055 -0.9488
vn -0.0051 0.5271 -0.8498
vn -0.3850 0.1220 -0.9148
vn -0.3574 0.2872 -0.8887
vn -0.1539 0.0312 -0.9876
vn -0.2928 -0.8186 -0.4942
vn -0.5176 -0.2635 -0.8140
vn -0.7213 -0.4688 -0.5099
vn 0.1535 -0.2958 0.9428
vn -0.2418 0.0750 0.9674
vn -0.3058 -0.3991 -0.8644
vn -0.1474 -0.7817 -0.6059
vn -0.0269 -0.6652 0.7462
vn -0.1559 -0.9283 0.3377
vn -0.3508 -0.9058 0.2378
vn 0.0561 -0.4264 0.9028
vn -0.1089 -0.1168 -0.9872
vn -0.5285 -0.1666 0.8324
vn -0.2586 -0.1523 0.9539
vn -0.7692 -0.4737 -0.4288
vn -0.6699 -0.3330 -0.6636
vn -0.4771 -0.3670 0.7986
vn -0.7779 -0.6097 -0.1519
vn -0.7418 -0.6130 -0.2719
vn -0.7671 -0.6414 -0.0127
vn -0.0904 0.9952 0.0367
vn 0.0015 0.9699 -0.2434
vn -0.0761 0.9758 0.2052
vn -0.0895 0.0929 -0.9916
vn -0.3115 0.3965 -0.8636
vn -0.1216 0.0514 -0.9912
vn -0.1487 -0.7242 -0.6734
vn -0.7395 -0.3294 0.5870
vn -0.7901 -0.6130 0.0016
vn -0.7624 -0.6419 -0.0817
vn -0.6361 0.2288 0.7369
vn -0.5878 0.4159 0.6939
vn -0.1020 -0.9899 -0.0990
vn -0.3502 -0.2758 0.8951
vn -0.3505 0.3008 -0.8870
vn -0.3876 0.3290 -0.8611
vn -0.7128 0.2968 0.6354
vn -0.3058 -0.0090 -0.9520
vn -0.4620 -0.0515 0.8854
vn -0.3972 0.0497 0.9164
vn -0.2538 -0.9644 0.0748
vn -0.8693 -0.4912 -0.0560
vn -0.8234 -0.5659 0.0434
vn -0.8281 -0.5386 -0.1558
vn -0.8218 -0.5697 0.0103
vn -0.7596 -0.6424 0.1019
vn -0.1641 0.9857 0.0373
vn -0.0160 0.7272 -0.6863
vn -0.1160 -0.9870 -0.1109
vn -0.0687 -0.9975 0.0153
vn 0.0376 -0.6239 0.7806
vn -0.3705 -0.1150 -0.9217
vn -0.4555 -0.2480 0.8550
vn -0.7962 -0.3683 0.4800
vn -0.7188 -0.5433 0.4338
vn -0.8323 -0.5210 0.1894
vn 0.0157 0.9968 0.0785
vn -0.0083 0.9834 0.1813
vn -0.0074 0.7444 0.6677
vn 0.0349 0.9592 0.2807
vn -0.0765 0.0850 -0.9934
vn -0.0471 0.2813 0.9585
vn -0.0545 0.0973 0.9938
vn -0.7292 0.1151 0.6746
vn -0.4747 0.1491 0.8674
vn -0.8327 -0.5532 -0.0252
vn 0.1178 -0.4647 0.8776
vn -0.7704 -0.0328 0.6367
vn -0.4862 0.0411 -0.8729
vn -0.7084 -0.0280 0.7052
vn -0.8672 -0.1581 0.4723
vn -0.5798 -0.0824 -0.8106
vn -0.0427 -0.9967 0.0696
vn 0.1126 -0.8502 0.5143
vn -0.9122 -0.3532 -0.2079
vn -0.9449 -0.3265 -0.0261
vn -0.8906 -0.4546 0.0109
vn -0.9327 -0.3583 0.0397
vn -0.8041 -0.2415 -0.5433
vn -0.9010 -0.3683 -0.2293
vn -0.8851 -0.4622 -0.0538
vn -0.8978 -0.4352 0.0669
vn -0.0982 0.9948 0.0262
vn -0.0324 0.9958 0.0852
vn -0.0622 0.9679 0.2433
vn 0.1629 -0.4138 -0.8957
vn -0.3168 0.1343 -0.9389
vn 0.1344 -0.2634 -0.9553
vn -0.8680 0.2219 0.4443
vn -0.7377 0.1226 -0.6639
vn -0.7100 0.2630 -0.6532
vn -0.5154 0.2673 -0.8142
vn -0.5918 -0.5224 0.6140
vn -0.7569 -0.3561 -0.5479
vn -0.2689 -0.7839 -0.5596
vn -0.8861 -0.4635 -0.0042
vn -0.0749 0.9929 0.0921
vn -0.1551 0.1078 0.9820
vn -0.3959 0.3690 0.8409
vn -0.2968 0.1189 0.9475
vn 0.1789 -0.3938 0.9016
vn -0.2835 -0.5854 0.7595
vn -0.9484 -0.0239 0.3162
vn -0.9502 0.1276 0.2843
vn -0.9265 0.0175 0.3759
vn -0.8204 -0.5391 -0.1904
vn -0.9611 -0.2761 0.0051
vn -0.0710 0.9973 0.0201
vn -0.9933 -0.0691 0.0926
vn -0.9861 -0.1136 0.1212
vn -0.8566 -0.5114 0.0685
vn -0.1978 -0.8472 -0.4931
vn -0.9325 -0.3602 -0.0250
vn 0.0020 0.9990 0.0452
vn 0.0060 0.9991 0.0421
vn 0.0458 0.9956 0.0814
vn -0.0984 0.0828 -0.9917
vn -0.3728 0.2011 -0.9059
vn -0.3494 0.1965 0.9161
vn -0.3933 0.4081 0.8239
vn 0.4411 -0.7191 0.5369
vn 0.3040 -0.8642 0.4008
vn -0.4649 -0.7339 0.4954
vn 0.2671 -0.9323 0.2437
vn -0.6536 -0.7317 0.1935
vn -0.9973 0.0225 0.0696
vn -0.9359 -0.2760 0.2189
vn -0.9959 -0.0752 0.0511
vn -0.8108 -0.0359 -0.5842
vn -0.9883 -0.1502 0.0281
vn -0.7799 -0.5845 0.2238
vn -0.9193 -0.2891 0.2671
vn -0.9721 -0.2303 0.0449
vn -0.3203 -0.9401 0.1168
vn -0.3071 -0.9500 -0.0567
vn -0.5537 -0.4621 0.6928
vn -0.0591 -0.9824 0.1771
vn -0.7233 -0.6904 0.0086
vn -0.0056 -0.7185 0.6955
vn -0.0962 0.9951 0.0234
vn -0.0723 0.9973 -0.0138
vn -0.8960 -0.1385 -0.4218
vn -0.1899 -0.5253 -0.8294
vn -0.6893 -0.0220 -0.7241
vn -0.9639 0.0396 -0.2634
vn 0.4057 -0.9101 0.0846
vn -0.3215 -0.8093 0.4917
vn -0.0768 -0.8005 0.5943
vn -0.9682 -0.1116 -0.2239
vn -0.9216 -0.3766 -0.0935
vn -0.9416 -0.3066 0.1395
vn -0.9218 -0.3805 0.0746
vn -0.9690 -0.2223 -0.1075
vn -0.9302 -0.3671 0.0026
vn -0.9643 -0.2648 0.0028
vn -0.0919 0.9947 -0.0462
vn -0.2629 -0.7904 -0.5533
vn 0.6344 -0.7119 0.3013
vn -0.9349 -0.2889 -0.2061
vn 0.5262 -0.8197 0.2264
vn -0.9968 -0.0555 -0.0583
vn -0.9556 -0.2628 -0.1336
vn -0.4930 -0.5506 0.6736
vn -0.9881 -0.1508 -0.0288
vn -0.2453 -0.9469 -0.2080
vn -0.4534 -0.8884 -0.0723
vn -0.2855 -0.9570 0.0511
vn -0.3392 -0.9317 -0.1298
vn -0.5052 -0.8532 -0.1296
vn -0.9699 -0.2426 -0.0225
vn -0.2010 -0.9788 0.0385
vn -0.3024 -0.9532 0.0039
vn -0.3322 -0.9372 0.1066
vn -0.0669 -0.1646 0.9841
vn -0.0744 0.0568 0.9956
vn -0.4475 0.1812 0.8757
vn -0.2503 -0.1829 0.9507
vn 0.7023 -0.6984 0.1377
vn 0.2541 -0.9217 -0.2930
vn -0.5738 -0.7822 -0.2428
vn -0.4813 -0.8179 -0.3151
vn -0.1054 -0.9221 -0.3724
vn -0.7344 -0.6363 -0.2360
vn -0.1772 -0.9656 0.1904
vn -0.6606 -0.2427 0.7104
vn -0.9197 -0.3369 -0.2019
vn -0.3802 -0.3887 -0.8393
vn -0.4956 -0.8518 0.1700
vn -0.0963 0.9937 0.0581
vn -0.0651 0.9970 0.0412
vn 0.4850 -0.7975 -0.3588
vn -0.0471 -0.9405 -0.3364
vn 0.0993 -0.8036 0.5868
vn -0.1772 -0.9580 -0.2255
vn -0.2285 -0.9650 0.1286
vn -0.6141 -0.7714 0.1671
vn -0.2135 -0.9467 -0.2411
vn -0.0783 0.9968 0.0158
vn 0.7503 -0.6574 0.0702
vn -0.4051 -0.9134 -0.0394
vn -0.5306 -0.8462 0.0488
vn -0.5787 -0.8156 -0.0047
vn -0.7401 -0.6725 0.0062
vn -0.7631 -0.4159 -0.4947
vn -0.0845 0.1230 -0.9888
vn -0.1476 -0.0005 -0.9891
vn 0.1396 -0.9718 -0.1900
vn -0.5858 -0.8097 0.0338
vn -0.4172 -0.9086 0.0210
vn -0.9688 -0.2160 0.1215
vn -0.0304 0.9994 0.0181
vn -0.1219 -0.0319 0.9920
vn 0.2369 -0.7896 0.5660
vn 0.3457 -0.9029 0.2555
vn 0.4769 -0.8469 -0.2354
vn 0.6281 -0.7357 -0.2534
vn 0.2165 -0.9699 -0.1111
vn -0.2392 -0.9559 0.1702
vn 0.2846 -0.8270 0.4848
vn -0.5176 -0.8546 0.0417
vn -0.5813 -0.8131 0.0302
vn -0.6181 -0.7787 0.1075
vn -0.5003 -0.8658 -0.0089
vn -0.4691 -0.8823 -0.0397
vn -0.4662 -0.8827 -0.0582
vn -0.6272 -0.7788 0.0039
vn -0.0692 0.8234 -0.5632
vn -0.0422 0.9919 -0.1202
vn -0.0815 0.9967 0.0044
vn -0.0571 0.9973 0.0470
vn -0.0169 0.9974 0.0707
vn -0.0468 0.0655 0.9968
vn -0.2918 0.0221 0.9562
vn 0.4104 -0.6424 -0.6472
vn 0.0629 -0.5105 -0.8576
vn -0.3062 0.0252 -0.9516
vn 0.5760 -0.8135 0.0801
vn 0.5528 -0.8172 -0.1633
vn 0.1589 -0.9755 0.1521
vn -0.6323 -0.7746 -0.0158
vn -0.6102 -0.7922 -0.0116
vn -0.6572 -0.7536 -0.0146
vn -0.6333 -0.7739 -0.0061
vn -0.0825 -0.0161 0.9965
vn -0.1969 -0.3858 0.9013
vn 0.2395 -0.5182 0.8210
vn 0.0260 -0.9979 0.0602
vn -0.2586 -0.9626 -0.0811
vn -0.1024 0.9947 0.0074
vn -0.0963 0.9951 0.0210
vn -0.0619 0.0556 0.9965
vn -0.2461 -0.5755 0.7799
vn -0.3604 -0.9326 0.0198
vn -0.5343 -0.8438 -0.0494
vn -0.2556 -0.9655 -0.0508
vn -0.3102 -0.4168 -0.8544
vn -0.4234 -0.0089 -0.9059
vn -0.2870 -0.8147 0.5039
vn -0.2596 -0.9481 0.1839
vn -0.5072 -0.8618 -0.0057
vn -0.4852 -0.8743 -0.0140
vn -0.4615 -0.8860 0.0439
vn 0.2226 -0.9389 -0.2627
vn -0.1064 0.9943 0.0120
vn -0.0787 0.9951 0.0606
vn -0.4782 -0.8782 0.0099
vn -0.5166 -0.8549 0.0471
vn -0.5372 -0.8401 0.0747
vn -0.4620 -0.8868 0.0095
vn -0.0848 0.9962 0.0182
vn -0.0536 0.9981 0.0307
vn -0.2097 -0.1339 -0.9686
vn -0.4990 -0.8666 0.0038
vn -0.3738 -0.9194 -0.1220
vn -0.1220 0.0383 -0.9918
vn -0.1434 0.0061 -0.9896
vn -0.3928 -0.1996 -0.8977
vn -0.1659 -0.8424 -0.5128
vn -0.3922 -0.5466 -0.7399
vn -0.5149 -0.8572 0.0062
vn -0.4757 -0.8792 0.0262
vn -0.0840 0.9962 0.0235
vn -0.0906 0.0542 -0.9944
vn -0.2458 -0.2539 0.9355
vn -0.2910 -0.1952 0.9366
vn -0.4738 -0.8803 0.0234
vn -0.3542 -0.4897 0.7967
vn -0.4416 -0.5977 -0.6692
vn -0.4737 -0.8807 0.0042
vn -0.0703 0.9963 0.0504
vn 0.1526 0.5695 0.8077
vn 0.3943 0.9020 0.1757
vn -0.4896 -0.8398 -0.2345
vn -0.4439 -0.8961 0.0049
vn -0.0486 0.9985 0.0240
vn -0.1103 0.0579 -0.9922
vn -0.1803 -0.0586 -0.9819
vn -0.3390 0.0192 -0.9406
vn -0.3321 -0.3083 -0.8914
vn -0.4524 -0.6963 0.5572
vn -0.4898 -0.8421 0.2256
vn -0.4536 -0.8912 0.0101
vn -0.0076 0.5241 0.8516
vn -0.0542 0.1074 0.9927
vn -0.0606 0.9975 0.0374
vn -0.4528 -0.8916 0.0091
vn -0.0665 0.9829 -0.1719
vn -0.2573 -0.2597 -0.9308
vn -0.4595 -0.8882 0.0010
vn 0.0572 0.9636 0.2613
vn -0.0434 0.8062 0.5900
vn -0.4489 -0.8936 0.0005
vn -0.0911 0.9925 0.0820
vn -0.4791 -0.8775 -0.0214
vn -0.0956 0.6500 -0.7539
vn 0.0574 0.9972 0.0484
vn -0.0574 0.9914 0.1174
vn -0.1097 0.9937 0.0213
vn -0.0405 0.9991 -0.0099
vn -0.0943 0.9955 0.0089
vn -0.1048 -0.1101 -0.9884
vn -0.3165 -0.3383 -0.8862
vn -0.4727 -0.7057 -0.5278
vn -0.4260 -0.9047 0.0003
vn -0.0511 0.9961 0.0712
vn -0.4527 -0.8916 0.0123
vn -0.4333 -0.9012 -0.0125
vn -0.5065 -0.8326 -0.2242
vn -0.1909 0.3140 -0.9300
vn -0.2270 -0.1327 -0.9648
vn -0.4392 -0.7177 0.5403
vn -0.4821 -0.8616 0.1588
vn -0.4376 -0.8990 0.0150
vn -0.0323 0.0021 -0.9995
vn 0.0826 0.9965 0.0103
vn -0.1089 0.0675 -0.9918
vn -0.4492 -0.8934 -0.0098
vn -0.4660 -0.8848 0.0009
vn -0.3220 -0.2065 -0.9239
vn -0.4809 -0.8765 -0.0223
vn -0.0239 0.9997 -0.0006
vn 0.0724 0.9972 0.0174
vn 0.0165 0.1358 0.9906
vn -0.5391 -0.2900 0.7907
vn -0.4733 -0.8682 0.1494
vn 0.0808 0.9952 0.0557
vn -0.0165 0.0741 -0.9971
vn -0.0885 0.1106 -0.9899
vn -0.0270 0.9994 0.0228
vn -0.0613 0.9918 0.1125
vn -0.2808 0.0221 -0.9595
vn -0.0225 0.0716 0.9972
vn 0.1961 0.1017 0.9753
vn -0.6105 -0.7268 -0.3148
vn -0.0019 1.0000 0.0058
vn -0.1886 0.0900 -0.9779
vn -0.2157 -0.1904 -0.9577
vn -0.5915 -0.4751 -0.6515
vn 0.0714 0.9973 -0.0167
vn -0.0154 0.9998 -0.0138
vn 0.1767 0.9843 0.0006
vn -0.1747 0.1074 0.9788
vn -0.2797 -0.2417 0.9292
vn -0.2075 -0.1634 0.9645
vn -0.5543 -0.8294 -0.0701
vn -0.4291 -0.9033 -0.0007
vn -0.4216 -0.1330 0.8970
vn -0.1862 -0.1943 0.9631
vn 0.0583 -0.2785 0.9587
vn -0.4004 -0.1073 -0.9100
vn -0.0982 0.9842 0.1472
vn -0.3739 0.8098 -0.4521
vn 0.2004 0.9633 0.1785
vn -0.1962 0.3821 0.9031
vn -0.4076 0.0201 0.9129
vn -0.4934 -0.1116 -0.8626
vn -0.4354 -0.9000 0.0186
vn -0.6286 -0.0222 0.7774
vn -0.4243 -0.1029 -0.8997
vn -0.5809 -0.1885 0.7919
vn -0.2784 -0.1136 0.9537
vn -0.7555 0.0036 0.6551
vn -0.3104 0.9453 0.1006
vn 0.1106 0.9894 0.0942
vn 0.1512 0.9885 0.0069
vn 0.0368 0.9992 -0.0176
vn -0.1211 0.9070 0.4034
vn -0.8869 -0.1448 0.4386
vn -0.4313 -0.9020 0.0202
vn -0.4223 -0.9063 0.0156
vn -0.0810 0.9961 0.0357
vn -0.0116 0.9999 0.0047
vn -0.6536 -0.1106 -0.7487
vn -0.4132 -0.9105 -0.0161
vn -0.4481 -0.8939 -0.0150
vn -0.3984 -0.0242 -0.9169
vn -0.9924 -0.1191 0.0310
vn -0.9992 -0.0366 0.0169
vn -0.9962 -0.0867 0.0032
vn -0.9998 -0.0171 0.0057
vn -0.9950 -0.0129 -0.0986
vn -0.9579 -0.2128 -0.1929
vn -0.9919 -0.0144 0.1262
vn -0.9833 -0.1821 0.0055
vn -0.8082 -0.0045 -0.5889
vn -0.9906 -0.1303 0.0425
vn -0.9738 0.0031 0.2272
vn -0.9998 -0.0133 0.0132
vn -0.9910 -0.1328 -0.0181
vn -0.9934 -0.1126 0.0239
vn -0.9048 0.4098 -0.1158
vn -0.9921 0.1063 -0.0666
vn -0.9715 0.2366 0.0126
vn -0.9674 0.2527 0.0168
vn -0.9925 -0.1221 -0.0073
vn -0.9395 0.3396 0.0441
vn -0.9089 0.3960 0.1306
vn -0.8872 -0.2046 0.4135
vn -0.6651 -0.7277 0.1678
vn -0.5560 -0.8309 -0.0230
vn -0.3813 -0.9243 -0.0173
vn -0.4483 0.8912 0.0694
vn -0.2633 0.9634 0.0503
vn -0.5501 0.8247 0.1316
vn -0.9828 -0.1713 0.0685
vn -0.9829 -0.1806 0.0368
vn -0.9506 -0.2051 0.2329
vn -0.9819 -0.1633 0.0962
vn -0.9752 -0.1525 -0.1604
vn -0.9682 -0.2381 -0.0773
vn -0.9943 -0.0351 0.1003
vn -0.9231 -0.1478 -0.3551
vn -0.9842 -0.1693 0.0516
vn -0.9979 -0.0623 0.0168
vn -0.9874 -0.1567 0.0231
vn -1.0000 0.0044 0.0034
vn -0.8351 0.5501 0.0074
vn -0.8093 0.5868 0.0243
vn -0.9108 -0.1170 -0.3959
vn -0.9347 0.3493 0.0664
vn -0.3683 -0.9294 0.0234
vn -0.3232 0.9463 -0.0015
vn -0.5923 0.2085 -0.7782
vn -0.9871 0.0376 0.1554
vn -0.9792 -0.0970 0.1780
vn -0.7921 0.3647 0.4894
vn -0.9795 -0.2011 -0.0097
vn -0.9921 -0.1232 0.0223
vn -0.9914 -0.1280 -0.0253
vn -0.9887 -0.1470 0.0279
vn -0.9870 -0.1604 0.0067
vn -0.9831 -0.1805 0.0292
vn -0.9752 -0.2208 -0.0177
vn -0.9697 -0.2420 0.0348
vn -0.9558 -0.2941 -0.0024
vn -0.9522 -0.2011 0.2300
vn -0.9895 -0.1424 0.0259
vn -0.9878 -0.1482 0.0477
vn -0.9908 -0.1347 0.0098
vn -0.9867 -0.1580 0.0370
vn -0.9833 -0.1817 0.0078
vn -0.9995 0.0302 0.0114
vn -0.9900 -0.1410 0.0060
vn -0.9910 -0.1340 0.0059
vn -0.9826 -0.0852 -0.1649
vn -0.9862 -0.1561 -0.0556
vn -0.9097 0.4135 -0.0376
vn -0.7779 0.6284 0.0060
vn -0.8367 0.5466 0.0352
vn -0.6687 -0.7422 0.0433
vn -0.8040 0.5001 -0.3216
vn -0.8906 0.4543 0.0223
vn -0.9968 0.0752 0.0275
vn -0.7340 0.0179 -0.6790
vn -0.9979 -0.0623 0.0174
vn -0.9555 -0.0614 -0.2884
vn -0.9865 -0.1634 -0.0056
vn -0.9904 -0.1370 0.0158
vn -0.9875 -0.1573 0.0136
vn -0.9877 -0.1555 0.0179
vn -0.7536 0.6566 0.0309
vn -0.7065 0.7076 0.0132
vn -0.7480 0.6637 -0.0001
vn -0.9066 0.4119 -0.0917
vn -0.9779 -0.2060 0.0359
vn -0.8250 -0.5504 -0.1283
vn -0.5126 -0.8582 0.0291
vn -0.8600 -0.5085 0.0431
vn -0.6514 -0.7581 -0.0324
vn -0.5128 0.8581 -0.0263
vn -0.9176 0.3975 -0.0016
vn -0.6286 0.7747 0.0682
vn -0.8019 0.5973 -0.0146
vn -0.7513 0.6580 0.0504
vn -0.9873 0.1563 0.0271
vn -0.6805 0.7276 0.0866
vn -0.9179 0.3967 0.0098
vn -0.9989 -0.0462 0.0047
vn -0.9943 -0.1033 0.0260
vn -0.9992 -0.0403 0.0048
vn -0.9911 -0.1329 0.0097
vn -0.9898 -0.1421 0.0075
vn -0.9497 0.3125 -0.0176
vn -0.9990 -0.0025 -0.0456
vn -0.9441 0.3250 0.0550
vn -0.9861 0.1636 0.0281
vn -0.9069 -0.4192 -0.0409
vn -0.3370 -0.9415 0.0018
vn -0.8556 0.5176 -0.0039
vn -0.9905 0.1345 -0.0296
vn -0.9615 0.1262 -0.2440
vn -0.9970 -0.0549 -0.0548
vn -0.9998 -0.0165 0.0113
vn -0.9983 -0.0579 0.0079
vn -0.9176 0.3974 0.0022
vn -0.8284 -0.5600 -0.0127
vn -0.9940 -0.1062 -0.0271
vn -0.9987 0.0019 0.0502
vn 0.9620 -0.2729 0.0113
vn 0.4173 0.9084 -0.0256
vn 0.2091 -0.9766 -0.0503
vn 0.3053 -0.1174 0.9450
vn 0.3630 0.9317 -0.0144
vn 0.0604 -0.9932 0.0992
vn 0.0627 -0.9889 0.1347
vn 0.2505 0.9680 0.0159
vn 0.1248 0.0518 -0.9908
vn 0.1265 -0.3865 -0.9136
vn 0.1928 0.9791 0.0651
vn 0.1265 0.1004 -0.9869
vn -0.4016 -0.8282 0.3908
vn 0.6197 -0.1886 0.7618
vn 0.4238 -0.2458 0.8718
vn 0.7277 -0.4048 0.5537
vn 0.1390 0.9874 0.0753
vn 0.6621 -0.5484 0.5108
vn 0.4418 -0.4720 0.7629
vn 0.5130 -0.8290 -0.2225
vn 0.2891 -0.9382 -0.1906
vn 0.1069 0.9924 0.0612
vn 0.3419 -0.8994 -0.2723
vn -0.3509 0.6076 0.7126
vn 0.0549 -0.3145 -0.9477
vn -0.2620 0.6686 0.6959
vn 0.0664 0.9976 0.0215
vn 0.3308 -0.4881 -0.8077
vn 0.0364 0.9991 0.0236
vn 0.0544 0.9976 0.0420
vn 0.4826 -0.4486 -0.7523
vn -0.0018 0.9998 0.0213
vn 0.0214 -0.1814 -0.9832
vn -0.3038 0.3931 -0.8679
vn 0.2748 0.9590 -0.0698
vn 0.0228 -0.9786 0.2045
vn 0.0509 -0.4107 -0.9103
vn 0.3690 -0.8222 -0.4334
vn -0.4245 -0.8972 0.1219
vn -0.7418 -0.6386 0.2049
vn -0.0643 -0.9974 0.0333
vn -0.0943 0.0094 -0.9955
vn -0.0185 -0.6494 0.7602
vn 0.3644 0.9299 0.0494
vn 0.0045 0.1022 -0.9948
vn 0.1668 -0.0278 -0.9856
vn 0.5081 0.8613 -0.0014
vn -0.0390 -0.9784 -0.2031
vn 0.0741 0.0326 -0.9967
vn 0.4567 0.8817 -0.1187
vn 0.4409 0.8116 -0.3833
vn -0.0424 -0.1105 0.9930
vn 0.0351 -0.9036 0.4270
vn 0.3529 0.4280 0.8320
vn 0.3562 0.8126 -0.4614
vn 0.3874 0.7974 -0.4627
vn 0.3013 0.8085 -0.5055
vn 0.4729 0.7841 -0.4019
vn 0.4111 0.8644 -0.2896
vn -0.0498 -0.9944 -0.0933
vn 0.4619 0.8853 -0.0542
vn 0.0354 -0.9968 0.0712
vn -0.4175 0.3448 0.8407
vn 0.4493 0.8932 -0.0190
vn 0.0272 -0.9911 -0.1301
vn 0.4215 -0.8514 0.3121
vn -0.3673 0.3762 0.8506
vn -0.4809 0.3263 0.8138
vn 0.0247 0.0354 0.9991
vn 0.3233 0.7727 -0.5463
vn -0.2978 0.4606 -0.8362
vn 0.4335 0.8038 -0.4074
vn -0.2303 -0.9701 0.0769
vn -0.1387 -0.9788 0.1507
vn 0.0108 -0.9046 0.4261
vn -0.4316 0.3978 -0.8096
vn -0.0213 0.7329 -0.6800
vn -0.0103 -0.9949 -0.1000
vn -0.0674 0.6217 -0.7803
vn -0.0692 0.4877 -0.8703
vn 0.0361 -0.9571 0.2874
vn -0.0445 -0.2403 0.9697
vn 0.5867 0.5832 -0.5619
vn -0.1185 -0.6447 0.7552
vn -0.8553 -0.5051 0.1153
vn 0.0322 -0.9992 0.0223
vn -0.0132 0.7299 -0.6834
vn -0.0643 0.6790 -0.7313
vn -0.1064 -0.9928 -0.0550
vn -0.2146 0.6473 -0.7314
vn -0.0631 -0.8887 -0.4541
vn -0.0827 0.6267 -0.7749
vn 0.0534 0.1184 0.9915
vn 0.0211 -0.9594 0.2812
vn 0.0948 0.6796 -0.7274
vn 0.4862 -0.8539 0.1859
vn 0.3576 -0.7940 -0.4916
vn -0.1994 -0.9739 -0.1084
vn -0.1905 0.9808 0.0409
vn -0.3952 0.6309 -0.6676
vn -0.7904 -0.4346 0.4318
vn -0.7396 -0.5620 0.3702
vn -0.7210 -0.5368 0.4383
vn -0.6190 -0.7067 0.3427
vn -0.6292 -0.7419 0.2319
vn -0.5229 -0.7060 0.4776
vn -0.2157 -0.9762 -0.0228
vn -0.3226 -0.4968 0.8057
vn 0.3345 -0.9103 -0.2438
vn -0.3556 0.5098 -0.7833
vn 0.0528 -0.8484 0.5268
vn 0.1259 0.6536 -0.7463
vn 0.4205 -0.4408 0.7930
vn -0.2427 0.4955 0.8340
vn 0.7392 -0.5535 -0.3837
vn 0.6983 -0.2847 0.6567
vn 0.0582 -0.9937 0.0960
vn 0.6348 -0.4725 0.6114
vn -0.1711 0.9851 0.0189
vn 0.0896 -0.1965 0.9764
vn 0.6626 -0.7488 -0.0164
vn -0.1954 0.9778 0.0761
vn 0.5034 -0.6456 -0.5743
vn -0.2190 0.9371 0.2717
vn -0.0197 -0.9985 -0.0502
vn -0.4723 -0.8814 -0.0048
vn -0.1757 0.9842 0.0225
vn -0.0142 -0.9714 -0.2369
vn 0.0727 -0.9968 0.0339
vn -0.5009 0.4128 -0.7607
vn 0.2533 -0.8414 -0.4774
vn -0.1379 0.9904 0.0120
vn -0.4492 0.4654 -0.7626
vn 0.2318 -0.8778 -0.4191
vn -0.3988 0.3591 -0.8438
vn -0.2725 0.6428 0.7159
vn -0.2624 -0.9479 0.1805
vn 0.0841 -0.5314 -0.8430
vn 0.1133 -0.9719 -0.2061
vn -0.0328 0.9055 0.4231
vn -0.3580 -0.9143 0.1895
vn -0.1646 0.6037 0.7800
vn -0.0730 -0.0640 0.9953
vn 0.0130 0.9730 0.2304
vn 0.6156 -0.1502 0.7736
vn -0.0538 0.9588 0.2790
vn -0.3428 0.4245 -0.8380
vn -0.0547 -0.0361 -0.9979
vn 0.0233 -0.1406 -0.9898
vn -0.8029 -0.4929 0.3353
vn 0.0697 -0.2782 0.9580
vn -0.4298 0.1509 -0.8902
vn 0.1360 -0.3403 -0.9304
vn -0.8847 -0.4504 0.1199
vn -0.0851 0.9964 -0.0053
vn -0.0097 0.9951 -0.0985
vn -0.9287 -0.2947 0.2251
vn -0.1778 -0.5694 -0.8026
vn 0.1621 -0.5015 -0.8499
vn 0.3779 -0.6975 -0.6089
vn 0.4029 -0.6454 0.6489
vn 0.6434 -0.7307 0.2283
vn 0.4001 -0.7766 -0.4867
vn -0.6145 -0.7882 0.0340
vn -0.4657 -0.8841 0.0383
vn -0.1511 -0.0816 0.9851
vn 0.0562 -0.3033 0.9512
vn -0.9902 -0.1383 -0.0199
vt 0.123127 0.141785
vt 0.101592 0.141784
vt 0.113977 0.144435
vt 0.482678 0.226590
vt 0.468633 0.226590
vt 0.472220 0.229240
vt 0.779494 0.137367
vt 0.801030 0.137367
vt 0.796984 0.134717
vt 0.117122 0.003754
vt 0.123062 0.000442
vt 0.209312 0.002132
vt 0.243894 0.003560
vt 0.198429 0.004793
vt 0.248268 0.002527
vt 0.246154 0.006526
vt 0.218015 0.007125
vt 0.246048 0.012612
vt 0.236014 0.011617
vt 0.123922 0.013409
vt 0.230121 0.017328
vt 0.218863 0.017256
vt 0.209939 0.016707
vt 0.214515 0.023170
vt 0.893332 0.766748
vt 0.895238 0.817451
vt 0.896798 0.737054
vt 0.898408 0.931355
vt 0.894118 0.931649
vt 0.895769 0.934783
vt 0.032347 0.005000
vt 0.003930 0.006076
vt 0.005370 0.002874
vt 0.000468 0.007006
vt 0.001025 0.002777
vt 0.250170 0.006180
vt 0.041098 0.015250
vt 0.004056 0.017305
vt 0.032835 0.016146
vt 0.024350 0.016608
vt 0.033395 0.024473
vt 0.118808 0.024738
vt 0.163473 0.031367
vt 0.113822 0.027813
vt 0.176525 0.027791
vt 0.133240 0.033096
vt 0.069563 0.031511
vt 0.892548 0.824016
vt 0.893040 0.870781
vt 0.893852 0.726494
vt 0.004076 0.190191
vt 0.003298 0.201878
vt 0.000468 0.200934
vt 0.001181 0.021540
vt 0.007600 0.026527
vt 0.242812 0.025935
vt 0.224710 0.026881
vt 0.244617 0.019933
vt 0.201042 0.032501
vt 0.034753 0.027976
vt 0.008626 0.031523
vt 0.236867 0.034068
vt 0.228304 0.031304
vt 0.068103 0.034706
vt 0.017541 0.033433
vt 0.245367 0.033722
vt 0.242596 0.031859
vt 0.201372 0.034894
vt 0.722918 0.635316
vt 0.725117 0.596244
vt 0.725275 0.631082
vt 0.885323 0.935387
vt 0.778268 0.335269
vt 0.778558 0.339198
vt 0.768895 0.343605
vt 0.897059 0.701357
vt 0.890434 0.700780
vt 0.884704 0.703524
vt 0.002468 0.025871
vt 0.247105 0.026688
vt 0.003160 0.030870
vt 0.006685 0.034894
vt 0.723346 0.639292
vt 0.719099 0.421122
vt 0.719164 0.415049
vt 0.722125 0.417019
vt 0.719250 0.406785
vt 0.722831 0.466405
vt 0.722908 0.565823
vt 0.880783 0.843825
vt 0.881018 0.908598
vt 0.894402 0.909067
vt 0.895135 0.706410
vt 0.770215 0.339940
vt 0.011551 0.201555
vt 0.770447 0.328901
vt 0.771628 0.323786
vt 0.777171 0.328820
vt 0.776753 0.321876
vt 0.772636 0.320500
vt 0.776034 0.314370
vt 0.882536 0.932544
vt 0.013109 0.205468
vt 0.008362 0.207324
vt 0.755753 0.334734
vt 0.766352 0.332673
vt 0.014321 0.194898
vt 0.772008 0.314301
vt 0.764279 0.309115
vt 0.776504 0.307270
vt 0.708093 0.405462
vt 0.717479 0.403463
vt 0.709511 0.592046
vt 0.721783 0.619548
vt 0.001858 0.178265
vt 0.022075 0.180592
vt 0.002555 0.182944
vt 0.703385 0.426909
vt 0.712561 0.430631
vt 0.706759 0.415538
vt 0.696920 0.641656
vt 0.754096 0.314588
vt 0.709528 0.567488
vt 0.706133 0.444561
vt 0.752255 0.349539
vt 0.755050 0.318902
vt 0.877439 0.714817
vt 0.880127 0.734791
vt 0.873906 0.915933
vt 0.868485 0.939095
vt 0.871376 0.935749
vt 0.757344 0.328337
vt 0.701934 0.643914
vt 0.879143 0.791423
vt 0.874090 0.815131
vt 0.874786 0.759345
vt 0.876337 0.857644
vt 0.872612 0.698563
vt 0.874401 0.701939
vt 0.024848 0.214082
vt 0.753015 0.339577
vt 0.704111 0.616142
vt 0.711815 0.633293
vt 0.870652 0.845584
vt 0.021776 0.174631
vt 0.003619 0.175666
vt 0.705293 0.538701
vt 0.753338 0.322300
vt 0.699721 0.592285
vt 0.691200 0.573756
vt 0.015915 0.187917
vt 0.026473 0.187119
vt 0.709257 0.581942
vt 0.861428 0.698631
vt 0.030475 0.193451
vt 0.022835 0.171667
vt 0.695401 0.625989
vt 0.860360 0.935714
vt 0.052453 0.200239
vt 0.032027 0.213445
vt 0.744080 0.331331
vt 0.686046 0.414318
vt 0.858684 0.822915
vt 0.743205 0.334367
vt 0.678363 0.401819
vt 0.696760 0.402723
vt 0.686160 0.404578
vt 0.858059 0.865520
vt 0.030400 0.188695
vt 0.039577 0.178188
vt 0.035761 0.171482
vt 0.735681 0.338157
vt 0.028182 0.199683
vt 0.687786 0.471769
vt 0.847486 0.939745
vt 0.744070 0.319555
vt 0.738663 0.312915
vt 0.685122 0.612678
vt 0.035959 0.190559
vt 0.722086 0.305544
vt 0.754807 0.306203
vt 0.860726 0.759856
vt 0.844522 0.795533
vt 0.840129 0.755115
vt 0.035091 0.218066
vt 0.737039 0.318429
vt 0.686421 0.569860
vt 0.733736 0.333937
vt 0.738114 0.324939
vt 0.740757 0.325041
vt 0.039934 0.189821
vt 0.036897 0.196442
vt 0.036338 0.187520
vt 0.675647 0.647422
vt 0.683099 0.581655
vt 0.682111 0.574102
vt 0.691474 0.581828
vt 0.736393 0.330904
vt 0.043010 0.194158
vt 0.041001 0.182973
vt 0.034031 0.183704
vt 0.686158 0.589395
vt 0.681763 0.425840
vt 0.840194 0.697874
vt 0.860858 0.702756
vt 0.047239 0.197020
vt 0.839978 0.820148
vt 0.844951 0.900623
vt 0.835314 0.939625
vt 0.727455 0.355524
vt 0.732371 0.357552
vt 0.730321 0.325163
vt 0.045115 0.186931
vt 0.681048 0.623017
vt 0.685679 0.627736
vt 0.681592 0.588123
vt 0.729769 0.330974
vt 0.047991 0.191930
vt 0.679165 0.528157
vt 0.678736 0.421792
vt 0.728827 0.312552
vt 0.728662 0.303290
vt 0.673272 0.428668
vt 0.675464 0.419065
vt 0.677162 0.581957
vt 0.675143 0.536454
vt 0.675297 0.453494
vt 0.675524 0.614769
vt 0.648917 0.396486
vt 0.683772 0.398723
vt 0.839046 0.897913
vt 0.826994 0.944165
vt 0.711097 0.361657
vt 0.705369 0.336179
vt 0.066998 0.166560
vt 0.669594 0.520786
vt 0.669204 0.474041
vt 0.673359 0.463741
vt 0.836441 0.744516
vt 0.835253 0.809321
vt 0.835253 0.908222
vt 0.835536 0.854126
vt 0.700237 0.317973
vt 0.664247 0.450158
vt 0.661025 0.626539
vt 0.678096 0.632954
vt 0.838946 0.721543
vt 0.834531 0.724224
vt 0.707112 0.326243
vt 0.656768 0.428442
vt 0.660245 0.603839
vt 0.669780 0.585212
vt 0.835274 0.693790
vt 0.831052 0.696873
vt 0.064706 0.173150
vt 0.660486 0.502454
vt 0.820957 0.785156
vt 0.681613 0.331212
vt 0.698040 0.302788
vt 0.813824 0.840348
vt 0.823368 0.727614
vt 0.808952 0.905402
vt 0.812399 0.930470
vt 0.814239 0.691928
vt 0.704594 0.361001
vt 0.073978 0.197603
vt 0.075756 0.204791
vt 0.101688 0.188321
vt 0.697751 0.309123
vt 0.061261 0.222474
vt 0.077802 0.223761
vt 0.081832 0.227009
vt 0.648948 0.651078
vt 0.645855 0.654941
vt 0.646962 0.463118
vt 0.655559 0.444023
vt 0.647209 0.637351
vt 0.814105 0.705287
vt 0.695570 0.366397
vt 0.811249 0.945328
vt 0.635837 0.602008
vt 0.632276 0.532228
vt 0.650579 0.533073
vt 0.808235 0.727883
vt 0.797655 0.691461
vt 0.817837 0.940038
vt 0.107919 0.177052
vt 0.104068 0.184143
vt 0.687045 0.364776
vt 0.685091 0.344719
vt 0.633093 0.423490
vt 0.624373 0.411739
vt 0.631455 0.495900
vt 0.804259 0.764708
vt 0.671387 0.323994
vt 0.089551 0.173321
vt 0.635711 0.440619
vt 0.634210 0.462435
vt 0.661784 0.300836
vt 0.803371 0.849294
vt 0.797161 0.874797
vt 0.810170 0.871362
vt 0.108076 0.189803
vt 0.612118 0.660001
vt 0.619884 0.643765
vt 0.621865 0.631986
vt 0.798536 0.782628
vt 0.806606 0.814762
vt 0.793220 0.904739
vt 0.100770 0.226319
vt 0.648109 0.645076
vt 0.782545 0.762800
vt 0.090128 0.161544
vt 0.068119 0.164157
vt 0.802164 0.807104
vt 0.794702 0.823379
vt 0.802179 0.825854
vt 0.796695 0.808681
vt 0.794214 0.795912
vt 0.786917 0.926191
vt 0.799919 0.944174
vt 0.666577 0.327358
vt 0.107704 0.160428
vt 0.627935 0.449608
vt 0.631442 0.397204
vt 0.625938 0.393075
vt 0.798773 0.842252
vt 0.784950 0.717156
vt 0.672255 0.318462
vt 0.659257 0.307047
vt 0.618812 0.424984
vt 0.623803 0.615783
vt 0.638407 0.619681
vt 0.625338 0.601152
vt 0.783787 0.950170
vt 0.667418 0.371728
vt 0.645883 0.373343
vt 0.106841 0.215354
vt 0.790577 0.840015
vt 0.790907 0.784283
vt 0.783903 0.860420
vt 0.620970 0.473411
vt 0.790666 0.829686
vt 0.785773 0.844428
vt 0.793016 0.817137
vt 0.790903 0.769621
vt 0.103844 0.193553
vt 0.104788 0.204963
vt 0.623811 0.527410
vt 0.788929 0.820437
vt 0.787582 0.788070
vt 0.788731 0.800944
vt 0.780058 0.854814
vt 0.784275 0.837186
vt 0.106148 0.157870
vt 0.622503 0.599537
vt 0.621345 0.532109
vt 0.783988 0.810265
vt 0.774948 0.940550
vt 0.783176 0.781746
vt 0.784709 0.775208
vt 0.644288 0.359208
vt 0.616747 0.637425
vt 0.618586 0.601641
vt 0.594343 0.660285
vt 0.619360 0.576267
vt 0.618072 0.524769
vt 0.614277 0.418432
vt 0.613346 0.406492
vt 0.774885 0.885139
vt 0.617101 0.621966
vt 0.616466 0.571362
vt 0.780100 0.805723
vt 0.779791 0.828152
vt 0.647941 0.316353
vt 0.611815 0.451100
vt 0.614779 0.437361
vt 0.616338 0.473217
vt 0.615351 0.533257
vt 0.778156 0.796706
vt 0.126362 0.228692
vt 0.111654 0.229677
vt 0.606211 0.613768
vt 0.607053 0.418599
vt 0.609713 0.579288
vt 0.607285 0.518117
vt 0.773713 0.852501
vt 0.771193 0.860431
vt 0.773150 0.845436
vt 0.779498 0.835224
vt 0.769881 0.688641
vt 0.670069 0.333986
vt 0.641266 0.345230
vt 0.158221 0.199750
vt 0.758235 0.768367
vt 0.778474 0.777823
vt 0.770681 0.769103
vt 0.784685 0.686867
vt 0.133618 0.160966
vt 0.770587 0.867304
vt 0.601576 0.524700
vt 0.594232 0.422651
vt 0.769369 0.755854
vt 0.772970 0.823314
vt 0.759439 0.841256
vt 0.772861 0.836021
vt 0.599227 0.435170
vt 0.604145 0.466517
vt 0.762905 0.854541
vt 0.631746 0.328180
vt 0.629519 0.305489
vt 0.592067 0.628776
vt 0.597957 0.500502
vt 0.752788 0.703286
vt 0.771555 0.722289
vt 0.598325 0.460740
vt 0.759278 0.898574
vt 0.758134 0.923312
vt 0.774903 0.906982
vt 0.598231 0.573024
vt 0.611427 0.599548
vt 0.760678 0.871683
vt 0.767500 0.786711
vt 0.750175 0.802566
vt 0.749272 0.771844
vt 0.756579 0.779575
vt 0.756515 0.944618
vt 0.773958 0.948918
vt 0.634615 0.377076
vt 0.751647 0.954968
vt 0.624899 0.322024
vt 0.570386 0.388498
vt 0.608708 0.392388
vt 0.760270 0.814691
vt 0.758771 0.824401
vt 0.759992 0.859561
vt 0.765763 0.847651
vt 0.755111 0.951632
vt 0.592632 0.648029
vt 0.751551 0.763334
vt 0.758525 0.851862
vt 0.751243 0.867966
vt 0.144617 0.182319
vt 0.584221 0.525732
vt 0.752828 0.783775
vt 0.631988 0.331338
vt 0.752917 0.751731
vt 0.751413 0.718550
vt 0.147770 0.188357
vt 0.141598 0.179329
vt 0.581630 0.595886
vt 0.584299 0.562256
vt 0.631226 0.295764
vt 0.664294 0.298601
vt 0.578239 0.480664
vt 0.586922 0.577997
vt 0.579339 0.516248
vt 0.749838 0.832418
vt 0.754338 0.833551
vt 0.752229 0.819316
vt 0.741634 0.793006
vt 0.572763 0.642393
vt 0.564690 0.399197
vt 0.573424 0.445873
vt 0.565400 0.432723
vt 0.745712 0.826246
vt 0.756887 0.685275
vt 0.753682 0.689592
vt 0.621575 0.338470
vt 0.146797 0.184536
vt 0.627998 0.314990
vt 0.733245 0.768111
vt 0.736687 0.752006
vt 0.742749 0.875224
vt 0.726312 0.866146
vt 0.728154 0.955754
vt 0.743755 0.813346
vt 0.735609 0.791342
vt 0.732424 0.778169
vt 0.140945 0.161172
vt 0.139499 0.171014
vt 0.599193 0.377826
vt 0.578984 0.665458
vt 0.575232 0.660222
vt 0.567168 0.390019
vt 0.731123 0.685438
vt 0.620159 0.330537
vt 0.624809 0.325132
vt 0.555120 0.564410
vt 0.734642 0.719733
vt 0.144438 0.165550
vt 0.147393 0.175616
vt 0.625838 0.306936
vt 0.626728 0.296748
vt 0.630142 0.298488
vt 0.563951 0.571360
vt 0.565577 0.462028
vt 0.738989 0.815580
vt 0.729666 0.944000
vt 0.167060 0.232243
vt 0.138176 0.231704
vt 0.622110 0.319692
vt 0.147597 0.160725
vt 0.553852 0.520187
vt 0.556012 0.474488
vt 0.733859 0.848229
vt 0.742256 0.854348
vt 0.739050 0.845750
vt 0.741628 0.828610
vt 0.725362 0.772311
vt 0.728065 0.708512
vt 0.603209 0.354630
vt 0.152737 0.182630
vt 0.619392 0.326510
vt 0.620967 0.310378
vt 0.149097 0.166958
vt 0.619133 0.300917
vt 0.733146 0.835233
vt 0.732727 0.822433
vt 0.721001 0.959622
vt 0.617104 0.335982
vt 0.154737 0.186557
vt 0.615561 0.293334
vt 0.717336 0.758856
vt 0.723488 0.871646
vt 0.705111 0.878626
vt 0.603306 0.380298
vt 0.157034 0.193556
vt 0.608646 0.338237
vt 0.616243 0.320867
vt 0.613487 0.307190
vt 0.147358 0.153371
vt 0.144550 0.154392
vt 0.144805 0.150564
vt 0.564461 0.641755
vt 0.571220 0.621968
vt 0.731777 0.810074
vt 0.150394 0.174432
vt 0.157206 0.185017
vt 0.150560 0.159494
vt 0.563084 0.388898
vt 0.560805 0.398597
vt 0.566248 0.648625
vt 0.557824 0.547627
vt 0.550313 0.495469
vt 0.611803 0.333329
vt 0.613023 0.327530
vt 0.159028 0.179546
vt 0.155851 0.166357
vt 0.154926 0.158219
vt 0.545385 0.463623
vt 0.558915 0.405200
vt 0.564638 0.409429
vt 0.729185 0.793394
vt 0.726315 0.814779
vt 0.732519 0.857063
vt 0.179205 0.235569
vt 0.155337 0.172945
vt 0.157162 0.159054
vt 0.558813 0.433298
vt 0.564714 0.439914
vt 0.556486 0.415268
vt 0.726402 0.848624
vt 0.601845 0.343863
vt 0.168552 0.196377
vt 0.561776 0.668817
vt 0.560460 0.654480
vt 0.564285 0.667975
vt 0.564658 0.653561
vt 0.160141 0.150424
vt 0.155940 0.149928
vt 0.556751 0.400911
vt 0.550433 0.429199
vt 0.557640 0.440199
vt 0.558998 0.447947
vt 0.724171 0.782917
vt 0.709140 0.752024
vt 0.710077 0.721955
vt 0.717624 0.860200
vt 0.715816 0.919635
vt 0.738850 0.924192
vt 0.723161 0.889646
vt 0.739771 0.891426
vt 0.606558 0.348202
vt 0.869955 0.621255
vt 0.867513 0.614083
vt 0.873292 0.613443
vt 0.159798 0.169359
vt 0.157707 0.173160
vt 0.866363 0.622915
vt 0.558380 0.649425
vt 0.559586 0.591704
vt 0.554028 0.406525
vt 0.716617 0.679931
vt 0.708299 0.681784
vt 0.606292 0.332920
vt 0.734832 0.662287
vt 0.727060 0.667274
vt 0.729766 0.661012
vt 0.872831 0.628875
vt 0.865845 0.627203
vt 0.166986 0.185153
vt 0.167901 0.188618
vt 0.607510 0.317540
vt 0.612656 0.322510
vt 0.609295 0.325751
vt 0.734576 0.670383
vt 0.608780 0.309823
vt 0.850210 0.641892
vt 0.854050 0.637518
vt 0.858366 0.637038
vt 0.548158 0.530656
vt 0.550393 0.422875
vt 0.555589 0.651565
vt 0.558896 0.625162
vt 0.558645 0.643110
vt 0.547141 0.434230
vt 0.702196 0.766673
vt 0.164206 0.201566
vt 0.176155 0.210191
vt 0.602880 0.326090
vt 0.603763 0.309647
vt 0.745315 0.669429
vt 0.741636 0.673113
vt 0.751639 0.666403
vt 0.741224 0.658788
vt 0.852882 0.644294
vt 0.874428 0.638800
vt 0.550691 0.618247
vt 0.546182 0.613634
vt 0.550978 0.407855
vt 0.554079 0.628431
vt 0.553571 0.622917
vt 0.723596 0.801996
vt 0.718374 0.799231
vt 0.717838 0.829286
vt 0.723247 0.838713
vt 0.710060 0.697451
vt 0.173266 0.205952
vt 0.596314 0.348619
vt 0.172115 0.195374
vt 0.601322 0.335979
vt 0.598323 0.323430
vt 0.170447 0.170564
vt 0.172105 0.177948
vt 0.167369 0.175724
vt 0.755849 0.650155
vt 0.758589 0.663932
vt 0.749826 0.653819
vt 0.752552 0.647971
vt 0.720188 0.779599
vt 0.712453 0.886933
vt 0.702959 0.946569
vt 0.168075 0.218502
vt 0.174520 0.193563
vt 0.167379 0.165823
vt 0.174101 0.158107
vt 0.169923 0.156764
vt 0.758583 0.670068
vt 0.753194 0.673426
vt 0.549840 0.593308
vt 0.548229 0.573899
vt 0.760666 0.620587
vt 0.758065 0.625783
vt 0.758031 0.619433
vt 0.713585 0.890966
vt 0.715540 0.895593
vt 0.594362 0.356804
vt 0.596836 0.345217
vt 0.602599 0.339563
vt 0.174279 0.190967
vt 0.595685 0.334967
vt 0.548225 0.519048
vt 0.544618 0.470069
vt 0.544899 0.432904
vt 0.547782 0.427984
vt 0.763398 0.639338
vt 0.757590 0.640781
vt 0.830311 0.657021
vt 0.856996 0.650532
vt 0.828541 0.647038
vt 0.706423 0.770773
vt 0.711973 0.866551
vt 0.731029 0.861486
vt 0.595539 0.341705
vt 0.178572 0.187833
vt 0.178762 0.175316
vt 0.596757 0.315134
vt 0.593654 0.293332
vt 0.761768 0.674470
vt 0.546083 0.493854
vt 0.549214 0.475537
vt 0.822118 0.656737
vt 0.816948 0.648596
vt 0.822547 0.647174
vt 0.850763 0.657637
vt 0.872759 0.649460
vt 0.183191 0.197332
vt 0.543840 0.475441
vt 0.544373 0.594907
vt 0.546286 0.591147
vt 0.545702 0.562897
vt 0.544221 0.517930
vt 0.769005 0.671393
vt 0.769758 0.666300
vt 0.768755 0.624934
vt 0.768436 0.619034
vt 0.184858 0.202330
vt 0.178455 0.202040
vt 0.586637 0.350619
vt 0.542935 0.491429
vt 0.538020 0.437332
vt 0.773609 0.634810
vt 0.768268 0.639256
vt 0.845197 0.663282
vt 0.871736 0.658377
vt 0.709616 0.859880
vt 0.593147 0.306723
vt 0.540498 0.460512
vt 0.540989 0.451405
vt 0.173317 0.150709
vt 0.181622 0.142272
vt 0.541736 0.598212
vt 0.544985 0.600324
vt 0.541399 0.484658
vt 0.543382 0.569322
vt 0.777242 0.623451
vt 0.822665 0.667966
vt 0.705752 0.891076
vt 0.189505 0.212398
vt 0.583190 0.354867
vt 0.585401 0.340124
vt 0.591194 0.314182
vt 0.542267 0.615361
vt 0.541716 0.441602
vt 0.543954 0.448059
vt 0.779377 0.664740
vt 0.778033 0.670798
vt 0.828672 0.668100
vt 0.869159 0.669856
vt 0.704581 0.793123
vt 0.708736 0.796239
vt 0.192649 0.207769
vt 0.587207 0.345908
vt 0.185790 0.193445
vt 0.185718 0.187987
vt 0.533144 0.466805
vt 0.541030 0.465455
vt 0.540467 0.474045
vt 0.535503 0.568692
vt 0.532627 0.517495
vt 0.530665 0.592900
vt 0.534022 0.589609
vt 0.780222 0.635826
vt 0.878179 0.666475
vt 0.702417 0.864941
vt 0.710710 0.830727
vt 0.704118 0.905670
vt 0.703799 0.957673
vt 0.697534 0.961903
vt 0.188477 0.232728
vt 0.201293 0.234959
vt 0.579494 0.382659
vt 0.183310 0.153798
vt 0.181804 0.168437
vt 0.179048 0.158997
vt 0.587127 0.305974
vt 0.588752 0.298366
vt 0.530940 0.461083
vt 0.533018 0.479695
vt 0.533502 0.490090
vt 0.923387 0.047547
vt 0.927136 0.051954
vt 0.910581 0.058639
vt 0.529062 0.567257
vt 0.703647 0.835424
vt 0.694998 0.750885
vt 0.188586 0.183174
vt 0.585291 0.324474
vt 0.585645 0.330943
vt 0.184842 0.160237
vt 0.185281 0.170014
vt 0.183121 0.147228
vt 0.530703 0.439132
vt 0.533729 0.615248
vt 0.527175 0.597530
vt 0.580713 0.279738
vt 0.593523 0.283454
vt 0.527913 0.590057
vt 0.786473 0.627239
vt 0.578264 0.361566
vt 0.194381 0.200819
vt 0.523477 0.461778
vt 0.525083 0.468004
vt 0.933343 0.043576
vt 0.526210 0.489355
vt 0.782366 0.618933
vt 0.785942 0.660723
vt 0.785240 0.668505
vt 0.875124 0.672797
vt 0.700600 0.791849
vt 0.699896 0.820453
vt 0.698573 0.848777
vt 0.684916 0.960614
vt 0.189423 0.178487
vt 0.187927 0.165573
vt 0.582308 0.291856
vt 0.848618 0.677360
vt 0.839361 0.671479
vt 0.693550 0.870934
vt 0.691929 0.691946
vt 0.691562 0.717516
vt 0.576913 0.353336
vt 0.190808 0.174812
vt 0.578825 0.310831
vt 0.580686 0.304648
vt 0.585453 0.313668
vt 0.190763 0.144132
vt 0.522942 0.591641
vt 0.879386 0.678542
vt 0.695804 0.805282
vt 0.696489 0.834588
vt 0.685946 0.753047
vt 0.565415 0.356924
vt 0.198211 0.197066
vt 0.197546 0.191925
vt 0.579055 0.330714
vt 0.579257 0.326257
vt 0.582631 0.298516
vt 0.195697 0.136708
vt 0.573084 0.282275
vt 0.525400 0.563861
vt 0.521810 0.573640
vt 0.791598 0.660556
vt 0.793574 0.619765
vt 0.791072 0.629273
vt 0.873719 0.679484
vt 0.697556 0.772241
vt 0.689234 0.778226
vt 0.203846 0.188938
vt 0.194305 0.166939
vt 0.188579 0.157249
vt 0.194019 0.162097
vt 0.189345 0.149261
vt 0.192331 0.151089
vt 0.521522 0.439066
vt 0.523799 0.436369
vt 0.522189 0.597391
vt 0.522114 0.560698
vt 0.521200 0.532681
vt 0.522488 0.490181
vt 0.686257 0.767285
vt 0.693570 0.863111
vt 0.683234 0.927492
vt 0.684862 0.906965
vt 0.196928 0.181405
vt 0.578176 0.319855
vt 0.582589 0.320973
vt 0.574264 0.319368
vt 0.196607 0.173196
vt 0.577468 0.299761
vt 0.519631 0.462762
vt 0.519439 0.515490
vt 0.518655 0.489907
vt 0.857071 0.684837
vt 0.830523 0.679407
vt 0.571397 0.358153
vt 0.198613 0.204684
vt 0.572677 0.336906
vt 0.574565 0.342389
vt 0.572521 0.330799
vt 0.575827 0.303056
vt 0.516314 0.438962
vt 0.518271 0.612665
vt 0.524308 0.614860
vt 0.521519 0.616969
vt 0.455054 0.082469
vt 0.460184 0.078017
vt 0.463538 0.086126
vt 0.829060 0.684671
vt 0.822319 0.680300
vt 0.802548 0.625692
vt 0.796737 0.635427
vt 0.672775 0.754530
vt 0.684701 0.895468
vt 0.568694 0.365482
vt 0.561884 0.381271
vt 0.581810 0.363408
vt 0.570196 0.333789
vt 0.571905 0.323227
vt 0.516295 0.596896
vt 0.499947 0.526268
vt 0.510776 0.520621
vt 0.792069 0.671072
vt 0.802288 0.673865
vt 0.786461 0.674470
vt 0.936976 0.038143
vt 0.945778 0.039693
vt 0.686778 0.860642
vt 0.682688 0.863591
vt 0.679132 0.679776
vt 0.694681 0.676792
vt 0.674967 0.675945
vt 0.565617 0.346423
vt 0.574228 0.349900
vt 0.205507 0.202373
vt 0.202158 0.177216
vt 0.200469 0.166932
vt 0.200635 0.160333
vt 0.195708 0.156895
vt 0.196224 0.147383
vt 0.199061 0.152406
vt 0.449427 0.075325
vt 0.457970 0.072508
vt 0.571719 0.268889
vt 0.583120 0.271047
vt 0.582371 0.274956
vt 0.878095 0.686701
vt 0.873187 0.688604
vt 0.833341 0.688604
vt 0.676491 0.872888
vt 0.204378 0.184631
vt 0.509705 0.591761
vt 0.949961 0.035777
vt 0.685090 0.882183
vt 0.559016 0.363858
vt 0.567790 0.326975
vt 0.201527 0.172307
vt 0.198642 0.142447
vt 0.499362 0.489074
vt 0.517399 0.483496
vt 0.567763 0.272370
vt 0.510698 0.936837
vt 0.509470 0.941427
vt 0.520131 0.938129
vt 0.683757 0.797371
vt 0.684167 0.824470
vt 0.688013 0.801848
vt 0.687090 0.841445
vt 0.561492 0.354823
vt 0.563749 0.351325
vt 0.566878 0.323899
vt 0.208709 0.178544
vt 0.206010 0.173951
vt 0.202682 0.156224
vt 0.567825 0.306858
vt 0.565870 0.298377
vt 0.572803 0.298656
vt 0.566720 0.285150
vt 0.574243 0.287604
vt 0.207683 0.138175
vt 0.514698 0.463458
vt 0.506853 0.441166
vt 0.809124 0.662262
vt 0.797206 0.661198
vt 0.803266 0.659510
vt 0.509632 0.625018
vt 0.520235 0.626146
vt 0.516447 0.630036
vt 0.511782 0.621456
vt 0.513053 0.652037
vt 0.509952 0.634088
vt 0.680703 0.902255
vt 0.200477 0.213924
vt 0.212241 0.212815
vt 0.212171 0.215222
vt 0.562221 0.327379
vt 0.202864 0.149884
vt 0.203112 0.143973
vt 0.501984 0.561441
vt 0.506119 0.434427
vt 0.515054 0.435872
vt 0.562657 0.275083
vt 0.957346 0.041458
vt 0.937257 0.047261
vt 0.670975 0.711230
vt 0.557696 0.358965
vt 0.559749 0.333809
vt 0.562300 0.330957
vt 0.206040 0.160048
vt 0.209269 0.152455
vt 0.496263 0.484016
vt 0.512569 0.470324
vt 0.961370 0.047173
vt 0.225699 0.232991
vt 0.213332 0.184901
vt 0.554146 0.319939
vt 0.570029 0.320240
vt 0.498478 0.463587
vt 0.501219 0.942932
vt 0.512870 0.946709
vt 0.510429 0.991187
vt 0.520085 0.988682
vt 0.513100 0.983102
vt 0.505380 0.662555
vt 0.674452 0.864036
vt 0.662539 0.685868
vt 0.542947 0.363214
vt 0.499467 0.440566
vt 0.560302 0.267800
vt 0.962323 0.039092
vt 0.439093 0.076123
vt 0.439223 0.071113
vt 0.672029 0.788459
vt 0.550016 0.349623
vt 0.553130 0.344466
vt 0.562391 0.313620
vt 0.558494 0.297659
vt 0.209976 0.142562
vt 0.208521 0.148432
vt 0.562128 0.289398
vt 0.568385 0.289685
vt 0.547717 0.281651
vt 0.494274 0.467734
vt 0.501174 0.671979
vt 0.507100 0.668663
vt 0.512937 0.672137
vt 0.499292 0.624014
vt 0.501178 0.965807
vt 0.508959 0.954202
vt 0.554613 0.331451
vt 0.215465 0.173481
vt 0.960603 0.049803
vt 0.945219 0.048968
vt 0.438124 0.082256
vt 0.445610 0.080718
vt 0.505041 0.981985
vt 0.500931 0.631015
vt 0.671019 0.960945
vt 0.659398 0.964984
vt 0.199700 0.206542
vt 0.231000 0.204438
vt 0.209848 0.208727
vt 0.214737 0.178479
vt 0.500126 0.568901
vt 0.650381 0.676587
vt 0.220953 0.236307
vt 0.221121 0.207953
vt 0.544903 0.338095
vt 0.555453 0.336335
vt 0.557047 0.325766
vt 0.206923 0.165572
vt 0.214040 0.165192
vt 0.213396 0.158789
vt 0.563994 0.294488
vt 0.555654 0.289300
vt 0.556082 0.284884
vt 0.221156 0.134413
vt 0.497827 0.614265
vt 0.501767 0.613324
vt 0.499351 0.616455
vt 0.501539 0.597101
vt 0.496924 0.597303
vt 0.495858 0.575009
vt 0.497125 0.570537
vt 0.495879 0.488869
vt 0.501635 0.573909
vt 0.430276 0.077296
vt 0.553474 0.271085
vt 0.500054 0.619797
vt 0.224369 0.211592
vt 0.221586 0.200775
vt 0.225083 0.203784
vt 0.213135 0.205410
vt 0.220525 0.182349
vt 0.557452 0.294569
vt 0.497567 0.666608
vt 0.214520 0.150061
vt 0.325375 0.080830
vt 0.240169 0.080830
vt 0.241755 0.078389
vt 0.489783 0.572935
vt 0.972219 0.044741
vt 0.487810 0.946161
vt 0.499999 0.949558
vt 0.657475 0.760365
vt 0.536688 0.345083
vt 0.548775 0.328298
vt 0.552351 0.323504
vt 0.552456 0.310404
vt 0.556250 0.302453
vt 0.218146 0.145434
vt 0.213083 0.145103
vt 0.267390 0.073341
vt 0.244046 0.074621
vt 0.324842 0.078426
vt 0.301155 0.075099
vt 0.488128 0.601440
vt 0.968888 0.056328
vt 0.489284 0.616065
vt 0.485042 0.018032
vt 0.489025 0.017933
vt 0.490169 0.020760
vt 0.500137 0.987718
vt 0.493398 0.994564
vt 0.504977 0.994621
vt 0.489391 0.953413
vt 0.492740 0.632645
vt 0.542603 0.352241
vt 0.221116 0.164874
vt 0.217628 0.155208
vt 0.268197 0.064774
vt 0.259285 0.064313
vt 0.320963 0.065814
vt 0.323795 0.073921
vt 0.310347 0.064555
vt 0.310316 0.071921
vt 0.243734 0.064967
vt 0.240887 0.072819
vt 0.286845 0.071649
vt 0.485394 0.437530
vt 0.494919 0.440021
vt 0.486275 0.442223
vt 0.482452 0.020731
vt 0.494981 0.463744
vt 0.490439 0.465466
vt 0.490312 0.594709
vt 0.475952 0.592345
vt 0.499864 0.592257
vt 0.422198 0.083972
vt 0.656687 0.913775
vt 0.641940 0.964105
vt 0.542411 0.329714
vt 0.551380 0.302595
vt 0.550659 0.298610
vt 0.283168 0.062789
vt 0.266268 0.062313
vt 0.511532 0.041961
vt 0.512411 0.038142
vt 0.513736 0.041613
vt 0.546444 0.293717
vt 0.749088 0.113985
vt 0.743463 0.119670
vt 0.748324 0.109982
vt 0.485449 0.013005
vt 0.482268 0.004484
vt 0.485818 0.599263
vt 0.488597 0.612754
vt 0.973327 0.039536
vt 0.491113 0.626666
vt 0.227485 0.189100
vt 0.230342 0.193025
vt 0.216861 0.195629
vt 0.251457 0.061341
vt 0.230139 0.065849
vt 0.232383 0.066297
vt 0.232857 0.084102
vt 0.230818 0.108047
vt 0.235487 0.108287
vt 0.233287 0.111610
vt 0.301975 0.062336
vt 0.311254 0.061719
vt 0.300549 0.068816
vt 0.298818 0.067169
vt 0.505675 0.034150
vt 0.514277 0.031976
vt 0.483540 0.461011
vt 0.486651 0.459344
vt 0.467434 0.015235
vt 0.431974 0.086379
vt 0.208032 0.126109
vt 0.217425 0.125126
vt 0.211074 0.129235
vt 0.488235 0.989845
vt 0.648934 0.793939
vt 0.232724 0.212540
vt 0.242653 0.223161
vt 0.528392 0.348955
vt 0.545830 0.356227
vt 0.221149 0.171269
vt 0.218583 0.152481
vt 0.220958 0.079718
vt 0.230192 0.090860
vt 0.222089 0.140834
vt 0.482167 0.515380
vt 0.486799 0.513780
vt 0.488603 0.520748
vt 0.485353 0.614250
vt 0.483005 0.447453
vt 0.487072 0.670729
vt 0.489760 0.664240
vt 0.490080 0.622101
vt 0.242830 0.233707
vt 0.227447 0.179922
vt 0.222112 0.186849
vt 0.223276 0.157195
vt 0.221306 0.097848
vt 0.231464 0.099748
vt 0.505132 0.041156
vt 0.828113 0.107485
vt 0.816277 0.100751
vt 0.827285 0.100484
vt 0.126873 0.126194
vt 0.122802 0.123766
vt 0.125861 0.119401
vt 0.224675 0.149985
vt 0.507433 0.031090
vt 0.507983 0.028292
vt 0.418738 0.080782
vt 0.222357 0.129939
vt 0.478022 0.944627
vt 0.490242 0.941148
vt 0.646683 0.737433
vt 0.533880 0.356291
vt 0.545120 0.361243
vt 0.237149 0.194805
vt 0.540319 0.315367
vt 0.548313 0.319096
vt 0.544271 0.324309
vt 0.765493 0.114666
vt 0.746429 0.120669
vt 0.478579 0.613025
vt 0.482810 0.601332
vt 0.471139 0.595335
vt 0.457282 0.575141
vt 0.541422 0.273966
vt 0.547908 0.276184
vt 0.981397 0.046600
vt 0.481535 0.954046
vt 0.485208 0.630425
vt 0.640077 0.705226
vt 0.237435 0.178586
vt 0.536597 0.328843
vt 0.224263 0.167161
vt 0.229376 0.171468
vt 0.546498 0.304454
vt 0.548550 0.313228
vt 0.219758 0.087005
vt 0.115528 0.119449
vt 0.112902 0.117049
vt 0.838483 0.112744
vt 0.469302 0.001491
vt 0.481369 0.000442
vt 0.993848 0.059629
vt 0.971681 0.059590
vt 0.469540 0.460288
vt 0.470131 0.439501
vt 0.481713 0.439020
vt 0.526594 0.381731
vt 0.540531 0.384717
vt 0.233535 0.173620
vt 0.229020 0.157049
vt 0.820894 0.113889
vt 0.472171 0.004298
vt 0.539746 0.296619
vt 0.545021 0.289644
vt 0.480142 0.997965
vt 0.486595 0.999558
vt 0.481800 0.623708
vt 0.241249 0.184208
vt 0.531985 0.333133
vt 0.536740 0.318828
vt 0.230493 0.165049
vt 0.224070 0.161851
vt 0.539816 0.306650
vt 0.545528 0.312027
vt 0.541994 0.299475
vt 0.217267 0.109869
vt 0.220281 0.104640
vt 0.209057 0.075247
vt 0.223484 0.065350
vt 0.834038 0.113187
vt 0.816094 0.118191
vt 0.488994 0.039935
vt 0.464586 0.615873
vt 0.411715 0.094965
vt 0.427528 0.092825
vt 0.411778 0.088259
vt 0.538265 0.281617
vt 0.480341 0.619658
vt 0.480534 0.991708
vt 0.479952 0.632371
vt 0.646885 0.766854
vt 0.878103 0.131184
vt 0.888317 0.137367
vt 0.898408 0.132700
vt 0.531834 0.340916
vt 0.542798 0.341738
vt 0.232648 0.153385
vt 0.233512 0.149283
vt 0.462808 0.597622
vt 0.471365 0.026527
vt 0.469951 0.436027
vt 0.474030 0.957008
vt 0.480986 0.665197
vt 0.630003 0.672483
vt 0.528622 0.322527
vt 0.213786 0.100519
vt 0.767845 0.112190
vt 0.233852 0.135448
vt 0.473686 0.623037
vt 0.469919 0.948948
vt 0.479245 0.948711
vt 0.474094 0.628886
vt 0.233875 0.162506
vt 0.535552 0.308502
vt 0.202713 0.084928
vt 0.094447 0.130300
vt 0.111527 0.126772
vt 0.123056 0.130300
vt 0.470482 0.463113
vt 0.466101 0.485799
vt 0.491131 0.487199
vt 0.227801 0.129571
vt 0.645302 0.817926
vt 0.647544 0.822759
vt 0.643935 0.858053
vt 0.647426 0.854218
vt 0.524474 0.353164
vt 0.873127 0.137367
vt 0.532326 0.311029
vt 0.535497 0.297265
vt 0.446985 0.515489
vt 0.480440 0.518015
vt 0.773854 0.126767
vt 0.743322 0.126469
vt 0.756672 0.125030
vt 0.986582 0.057393
vt 0.467074 0.469163
vt 0.733614 0.124827
vt 0.730543 0.126767
vt 0.731149 0.124896
vt 0.642745 0.823078
vt 0.638692 0.903627
vt 0.632511 0.920869
vt 0.772758 0.117064
vt 0.457215 0.513623
vt 0.404963 0.094784
vt 0.532750 0.281241
vt 0.532160 0.277395
vt 0.532926 0.272828
vt 0.469047 0.997592
vt 0.472798 0.653369
vt 0.728890 0.122615
vt 0.733002 0.122459
vt 0.727831 0.124764
vt 0.641311 0.795885
vt 0.640338 0.777619
vt 0.644577 0.775828
vt 0.641093 0.854295
vt 0.512219 0.383644
vt 0.272691 0.233099
vt 0.236152 0.207373
vt 0.253654 0.197003
vt 0.196550 0.104560
vt 0.206288 0.102029
vt 0.774827 0.114295
vt 0.239881 0.152035
vt 0.232422 0.138830
vt 0.529468 0.291412
vt 0.539069 0.287629
vt 0.474336 0.668597
vt 0.639241 0.801755
vt 0.640577 0.834208
vt 0.636256 0.883366
vt 0.641499 0.884122
vt 0.504571 0.358567
vt 0.519383 0.329528
vt 0.241257 0.172076
vt 0.827052 0.121494
vt 0.815425 0.125130
vt 0.101883 0.120696
vt 0.461964 0.031651
vt 0.097561 0.127006
vt 0.459053 0.462698
vt 0.236442 0.132478
vt 0.463331 0.618559
vt 0.092748 0.141784
vt 0.086154 0.149785
vt 0.088507 0.142481
vt 0.640780 0.758980
vt 0.639856 0.769540
vt 0.640163 0.745289
vt 0.638486 0.750026
vt 0.637566 0.690351
vt 0.266732 0.235830
vt 0.523728 0.324995
vt 0.201648 0.094780
vt 0.208808 0.091740
vt 0.201582 0.079572
vt 0.242544 0.145078
vt 0.995786 0.058022
vt 0.471544 0.616653
vt 0.457075 0.487228
vt 0.462817 0.622898
vt 0.456788 0.979723
vt 0.472840 0.992536
vt 0.464866 0.954656
vt 0.466984 0.661837
vt 0.466457 0.633471
vt 0.727235 0.115602
vt 0.636725 0.797558
vt 0.635036 0.805591
vt 0.635211 0.784627
vt 0.635725 0.793015
vt 0.635403 0.835769
vt 0.632592 0.762999
vt 0.637371 0.737438
vt 0.640108 0.735548
vt 0.634521 0.907950
vt 0.525697 0.289698
vt 0.525560 0.283145
vt 0.469588 0.466729
vt 0.466441 0.992742
vt 0.632295 0.791387
vt 0.632036 0.771141
vt 0.634307 0.747008
vt 0.634527 0.753701
vt 0.632553 0.870686
vt 0.264516 0.204250
vt 0.246995 0.169211
vt 0.524150 0.303919
vt 0.529413 0.301725
vt 0.243483 0.139049
vt 0.487360 0.229240
vt 0.493914 0.229240
vt 0.493334 0.226590
vt 0.628362 0.800853
vt 0.633137 0.829661
vt 0.515104 0.334237
vt 0.525598 0.338219
vt 0.526216 0.344725
vt 0.194043 0.108702
vt 0.520018 0.301064
vt 0.206266 0.112266
vt 0.479030 0.038784
vt 0.820135 0.133826
vt 0.818370 0.126446
vt 0.838477 0.126836
vt 0.459165 0.994592
vt 0.460245 0.660794
vt 0.454389 0.467308
vt 0.633038 0.789730
vt 0.628977 0.790681
vt 0.632032 0.797626
vt 0.630333 0.740348
vt 0.630282 0.751471
vt 0.633693 0.741349
vt 0.631170 0.858701
vt 0.628573 0.675402
vt 0.629608 0.682110
vt 0.497901 0.381205
vt 0.527183 0.378141
vt 0.245883 0.154568
vt 0.192233 0.098211
vt 0.838396 0.133834
vt 0.094101 0.127018
vt 0.098421 0.120397
vt 0.457449 0.999509
vt 0.458546 0.986189
vt 0.459458 0.622862
vt 0.454332 0.623187
vt 0.461727 0.632162
vt 0.447116 0.519324
vt 0.482428 0.520643
vt 0.448093 0.522965
vt 0.726928 0.109982
vt 0.731545 0.115962
vt 0.629129 0.732996
vt 0.631542 0.737960
vt 0.627032 0.892246
vt 0.630810 0.902406
vt 0.626062 0.716459
vt 0.629405 0.965298
vt 0.632150 0.968047
vt 0.520518 0.313971
vt 0.246796 0.143419
vt 0.518957 0.295116
vt 0.522521 0.288333
vt 0.454265 0.985684
vt 0.458159 0.510282
vt 0.457579 0.491318
vt 0.460475 0.491227
vt 0.458081 0.967935
vt 0.452490 0.969267
vt 0.456458 0.662999
vt 0.457727 0.654403
vt 0.623787 0.778434
vt 0.629143 0.780995
vt 0.624489 0.772003
vt 0.625964 0.880982
vt 0.624470 0.917910
vt 0.624300 0.926554
vt 0.249397 0.154892
vt 0.250337 0.164319
vt 0.190878 0.092796
vt 0.191724 0.082630
vt 0.245709 0.134870
vt 0.451059 0.989977
vt 0.453115 0.979807
vt 0.452477 0.512340
vt 0.454661 0.505396
vt 0.453871 0.490781
vt 0.707022 0.120886
vt 0.715450 0.116360
vt 0.724479 0.116497
vt 0.627271 0.791937
vt 0.624960 0.744833
vt 0.625492 0.762009
vt 0.249856 0.175074
vt 0.254143 0.164604
vt 0.255809 0.174488
vt 0.516819 0.311487
vt 0.514316 0.289746
vt 0.515080 0.284283
vt 0.517207 0.283492
vt 0.253640 0.136801
vt 0.449906 0.987265
vt 0.612414 0.813216
vt 0.623813 0.737712
vt 0.618769 0.702026
vt 0.509204 0.345539
vt 0.511380 0.341430
vt 0.257296 0.176469
vt 0.255409 0.186525
vt 0.253317 0.182509
vt 0.514745 0.326496
vt 0.510878 0.315207
vt 0.514066 0.319052
vt 0.256173 0.141862
vt 0.255888 0.135189
vt 0.451478 0.666978
vt 0.455692 0.666382
vt 0.447348 0.399683
vt 0.451487 0.398724
vt 0.453410 0.403462
vt 0.449038 0.486426
vt 0.707059 0.113775
vt 0.699845 0.126767
vt 0.693352 0.121402
vt 0.620885 0.905165
vt 0.264902 0.174629
vt 0.511773 0.307580
vt 0.252237 0.152210
vt 0.259338 0.155461
vt 0.257847 0.160589
vt 0.511883 0.298416
vt 0.183883 0.106080
vt 0.186607 0.076785
vt 0.197693 0.069897
vt 0.185867 0.069807
vt 0.452618 0.661007
vt 0.445730 0.647933
vt 0.445220 0.598686
vt 0.454474 0.599155
vt 0.446059 0.407485
vt 0.453772 0.413793
vt 0.615308 0.850750
vt 0.626676 0.956294
vt 0.621019 0.966997
vt 0.494878 0.352146
vt 0.500426 0.329204
vt 0.506869 0.329247
vt 0.516883 0.341678
vt 0.504048 0.321643
vt 0.260680 0.161290
vt 0.260499 0.169287
vt 0.258741 0.169845
vt 0.258637 0.147189
vt 0.260328 0.147656
vt 0.509975 0.292266
vt 0.512023 0.284298
vt 0.254374 0.131209
vt 0.259857 0.134024
vt 0.436892 0.491679
vt 0.440918 0.462525
vt 0.455011 0.446549
vt 0.431165 0.574967
vt 0.456196 0.573046
vt 0.614649 0.832761
vt 0.618645 0.688668
vt 0.277999 0.231298
vt 0.277688 0.234970
vt 0.492519 0.373276
vt 0.266222 0.169029
vt 0.509555 0.305833
vt 0.182750 0.096908
vt 0.183542 0.089099
vt 0.503576 0.289880
vt 0.505613 0.284213
vt 0.263974 0.130952
vt 0.446382 0.668190
vt 0.444832 0.660759
vt 0.444551 0.467315
vt 0.611941 0.867334
vt 0.615874 0.893644
vt 0.617673 0.723698
vt 0.616235 0.711502
vt 0.621019 0.677427
vt 0.267102 0.160624
vt 0.504258 0.308358
vt 0.267143 0.139478
vt 0.268197 0.132529
vt 0.261479 0.141291
vt 0.503661 0.281633
vt 0.510968 0.281505
vt 0.446638 0.671906
vt 0.441473 0.448537
vt 0.413537 0.597709
vt 0.456917 0.593560
vt 0.619039 0.780788
vt 0.612315 0.763481
vt 0.604910 0.780442
vt 0.615256 0.917044
vt 0.616206 0.926635
vt 0.611287 0.936831
vt 0.625181 0.943715
vt 0.608857 0.963230
vt 0.273511 0.210780
vt 0.267655 0.215686
vt 0.500395 0.306135
vt 0.152148 0.108981
vt 0.183554 0.111904
vt 0.268967 0.129297
vt 0.442362 0.622787
vt 0.427534 0.401158
vt 0.619184 0.672840
vt 0.497127 0.315202
vt 0.177849 0.071264
vt 0.184565 0.066612
vt 0.272105 0.131933
vt 0.270051 0.139292
vt 0.436229 0.507108
vt 0.437887 0.388853
vt 0.442445 0.387468
vt 0.613028 0.939873
vt 0.617597 0.939679
vt 0.276678 0.204714
vt 0.496448 0.311789
vt 0.599401 0.839672
vt 0.602572 0.866184
vt 0.607482 0.892720
vt 0.610452 0.907807
vt 0.491110 0.378198
vt 0.496194 0.306883
vt 0.498614 0.288274
vt 0.172498 0.091727
vt 0.461541 0.037001
vt 0.467840 0.038514
vt 0.596083 0.849035
vt 0.606709 0.924910
vt 0.610835 0.674253
vt 0.284066 0.232100
vt 0.272043 0.162529
vt 0.278072 0.164977
vt 0.274960 0.169973
vt 0.172970 0.098294
vt 0.488515 0.280756
vt 0.421958 0.408709
vt 0.446063 0.423563
vt 0.433296 0.656379
vt 0.599324 0.795137
vt 0.599978 0.818046
vt 0.283610 0.229849
vt 0.283409 0.225421
vt 0.280689 0.170879
vt 0.490686 0.317641
vt 0.279441 0.138155
vt 0.281025 0.157419
vt 0.273247 0.160216
vt 0.178864 0.081104
vt 0.490834 0.287151
vt 0.431425 0.647987
vt 0.430569 0.627862
vt 0.427587 0.491661
vt 0.610223 0.732197
vt 0.600653 0.743036
vt 0.612459 0.751132
vt 0.588280 0.881286
vt 0.605529 0.707899
vt 0.610070 0.693817
vt 0.612765 0.699672
vt 0.602951 0.950427
vt 0.611151 0.683348
vt 0.612479 0.671820
vt 0.489444 0.348231
vt 0.287013 0.168006
vt 0.430441 0.485950
vt 0.162378 0.093165
vt 0.408410 0.388144
vt 0.432984 0.386006
vt 0.409685 0.668224
vt 0.591068 0.888519
vt 0.603131 0.968087
vt 0.618520 0.970071
vt 0.163034 0.105021
vt 0.429270 0.505661
vt 0.596107 0.904301
vt 0.608101 0.701923
vt 0.601653 0.943454
vt 0.602032 0.960245
vt 0.290285 0.205594
vt 0.292528 0.224573
vt 0.282255 0.210026
vt 0.158330 0.086051
vt 0.165500 0.079365
vt 0.161747 0.070975
vt 0.161112 0.089606
vt 0.418486 0.649764
vt 0.427199 0.598320
vt 0.403610 0.467655
vt 0.408785 0.465939
vt 0.589916 0.837453
vt 0.591823 0.819382
vt 0.592104 0.783192
vt 0.472710 0.296494
vt 0.489857 0.308012
vt 0.447530 0.012447
vt 0.415834 0.007278
vt 0.438562 0.004253
vt 0.422875 0.463307
vt 0.433199 0.430375
vt 0.590614 0.863911
vt 0.592773 0.923762
vt 0.603666 0.933387
vt 0.598441 0.700337
vt 0.902154 0.063986
vt 0.889024 0.068241
vt 0.898197 0.059417
vt 0.886864 0.065056
vt 0.294224 0.142924
vt 0.444452 0.035434
vt 0.442499 0.028027
vt 0.591451 0.946409
vt 0.602149 0.684272
vt 0.598067 0.688264
vt 0.586030 0.674005
vt 0.294291 0.197560
vt 0.474963 0.372840
vt 0.476021 0.353070
vt 0.482027 0.353259
vt 0.156613 0.080431
vt 0.419705 0.515068
vt 0.421837 0.510889
vt 0.423601 0.516581
vt 0.420357 0.505713
vt 0.501917 0.279476
vt 0.409642 0.655959
vt 0.157541 0.093537
vt 0.413245 0.606930
vt 0.431849 0.608697
vt 0.414038 0.462138
vt 0.418056 0.452637
vt 0.580178 0.903811
vt 0.433496 0.316525
vt 0.482177 0.318439
vt 0.477885 0.334152
vt 0.155626 0.090523
vt 0.418079 0.502708
vt 0.413023 0.493759
vt 0.412751 0.491314
vt 0.410892 0.488203
vt 0.576519 0.836848
vt 0.575055 0.760894
vt 0.574046 0.782871
vt 0.572234 0.860096
vt 0.579646 0.889946
vt 0.574557 0.916128
vt 0.582832 0.929986
vt 0.590021 0.958686
vt 0.588565 0.965463
vt 0.150122 0.073087
vt 0.160691 0.067538
vt 0.435469 0.033992
vt 0.437748 0.026800
vt 0.442705 0.024897
vt 0.407916 0.400897
vt 0.416870 0.519524
vt 0.421810 0.522448
vt 0.417743 0.525267
vt 0.421768 0.519592
vt 0.575606 0.852865
vt 0.588103 0.953279
vt 0.584687 0.676591
vt 0.585023 0.971290
vt 0.407594 0.309033
vt 0.151963 0.085309
vt 0.150546 0.080133
vt 0.144975 0.111693
vt 0.159052 0.112633
vt 0.032201 0.143788
vt 0.037581 0.142652
vt 0.038128 0.147289
vt 0.153685 0.092107
vt 0.413185 0.646091
vt 0.582985 0.794693
vt 0.577967 0.816521
vt 0.589503 0.734360
vt 0.577002 0.735981
vt 0.589497 0.744322
vt 0.580166 0.937906
vt 0.583932 0.947198
vt 0.404985 0.311129
vt 0.037237 0.138251
vt 0.411992 0.455209
vt 0.415418 0.424450
vt 0.408187 0.523061
vt 0.314714 0.187256
vt 0.295135 0.215425
vt 0.150275 0.090204
vt 0.427557 0.026390
vt 0.412156 0.502585
vt 0.415795 0.507900
vt 0.411182 0.407987
vt 0.570826 0.796601
vt 0.443193 0.284593
vt 0.135544 0.071379
vt 0.151649 0.068404
vt 0.149653 0.098733
vt 0.146012 0.090380
vt 0.149484 0.094879
vt 0.405940 0.505543
vt 0.564487 0.742153
vt 0.582723 0.968442
vt 0.354811 0.157368
vt 0.144201 0.068578
vt 0.428138 0.033213
vt 0.408196 0.510236
vt 0.403637 0.575970
vt 0.412093 0.592641
vt 0.404974 0.518480
vt 0.565830 0.852437
vt 0.567939 0.832375
vt 0.557803 0.906590
vt 0.579873 0.957808
vt 0.135091 0.109228
vt 0.381062 0.014525
vt 0.404581 0.492390
vt 0.410688 0.645966
vt 0.408492 0.650113
vt 0.567149 0.811600
vt 0.570042 0.885289
vt 0.563841 0.896163
vt 0.574235 0.948699
vt 0.384241 0.222921
vt 0.404665 0.463801
vt 0.404888 0.421056
vt 0.576291 0.971205
vt 0.346286 0.221299
vt 0.435569 0.376094
vt 0.449309 0.297096
vt 0.137602 0.076273
vt 0.135888 0.068139
vt 0.404105 0.646672
vt 0.407853 0.637813
vt 0.406670 0.606456
vt 0.409299 0.606752
vt 0.407928 0.598248
vt 0.585215 0.723433
vt 0.572190 0.723001
vt 0.564336 0.932982
vt 0.564537 0.942496
vt 0.570421 0.953882
vt 0.572201 0.672730
vt 0.137345 0.081241
vt 0.420062 0.032505
vt 0.402217 0.512217
vt 0.402314 0.658893
vt 0.403188 0.594236
vt 0.401767 0.401940
vt 0.559345 0.795222
vt 0.558789 0.918276
vt 0.308024 0.130105
vt 0.329390 0.133722
vt 0.414273 0.027672
vt 0.397601 0.511969
vt 0.396459 0.517858
vt 0.402155 0.635444
vt 0.402269 0.604774
vt 0.402069 0.598461
vt 0.867199 0.064002
vt 0.858474 0.058090
vt 0.860170 0.055087
vt 0.575194 0.675828
vt 0.399582 0.463506
vt 0.399055 0.413273
vt 0.554874 0.862240
vt 0.558260 0.954503
vt 0.391591 0.304832
vt 0.420481 0.023952
vt 0.390765 0.503449
vt 0.395575 0.404834
vt 0.393970 0.520555
vt 0.386875 0.387655
vt 0.380819 0.390748
vt 0.434925 0.377886
vt 0.462357 0.380499
vt 0.135364 0.089129
vt 0.130830 0.079753
vt 0.426021 0.278338
vt 0.412901 0.024674
vt 0.393443 0.397576
vt 0.019122 0.659560
vt 0.027567 0.657832
vt 0.000468 0.657686
vt 0.118530 0.111264
vt 0.390344 0.511731
vt 0.545497 0.939279
vt 0.391337 0.434536
vt 0.398379 0.451080
vt 0.383060 0.463482
vt 0.400823 0.385601
vt 0.346674 0.575633
vt 0.543100 0.834007
vt 0.847401 0.076675
vt 0.852250 0.070190
vt 0.858652 0.076701
vt 0.857246 0.079563
vt 0.018639 0.662610
vt 0.009504 0.660651
vt 0.014605 0.665589
vt 0.368136 0.137816
vt 0.384526 0.573404
vt 0.119076 0.075508
vt 0.124349 0.085374
vt 0.388814 0.517937
vt 0.385601 0.598172
vt 0.383246 0.592938
vt 0.545662 0.879777
vt 0.120673 0.108712
vt 0.117455 0.088754
vt 0.376300 0.489803
vt 0.399490 0.487059
vt 0.391719 0.491994
vt 0.378719 0.466312
vt 0.356406 0.669782
vt 0.384328 0.659948
vt 0.544631 0.814082
vt 0.553930 0.844160
vt 0.547379 0.894572
vt 0.545057 0.917868
vt 0.532650 0.914801
vt 0.549841 0.932501
vt 0.855499 0.067284
vt 0.847508 0.047569
vt 0.565158 0.678712
vt 0.379777 0.492166
vt 0.023749 0.665950
vt 0.028689 0.665947
vt 0.400966 0.030397
vt 0.409423 0.031702
vt 0.400886 0.027372
vt 0.407423 0.022880
vt 0.535961 0.907691
vt 0.361258 0.159946
vt 0.074182 0.143363
vt 0.074755 0.151502
vt 0.078184 0.150893
vt 0.312745 0.127468
vt 0.350962 0.128315
vt 0.380184 0.507305
vt 0.385059 0.605336
vt 0.389456 0.603047
vt 0.387275 0.653670
vt 0.536278 0.859168
vt 0.841035 0.077260
vt 0.840328 0.073482
vt 0.373901 0.173352
vt 0.336245 0.204140
vt 0.067702 0.148939
vt 0.532773 0.885631
vt 0.567018 0.705750
vt 0.549865 0.712254
vt 0.550140 0.720062
vt 0.414083 0.326579
vt 0.116007 0.108745
vt 0.118328 0.082513
vt 0.380337 0.598032
vt 0.371923 0.487955
vt 0.532039 0.827979
vt 0.531882 0.875162
vt 0.534356 0.919516
vt 0.841190 0.069423
vt 0.115504 0.079957
vt 0.119205 0.078843
vt 0.070751 0.141784
vt 0.066280 0.145224
vt 0.381309 0.607202
vt 0.377756 0.405045
vt 0.381211 0.398575
vt 0.382710 0.409122
vt 0.381852 0.655635
vt 0.339009 0.388517
vt 0.540025 0.728395
vt 0.846508 0.065907
vt 0.836155 0.059929
vt 0.110017 0.069372
vt 0.124656 0.068091
vt 0.113126 0.078430
vt 0.112044 0.086945
vt 0.116091 0.084345
vt 0.003077 0.220670
vt 0.009639 0.219177
vt 0.005527 0.215804
vt 0.366692 0.386196
vt 0.377799 0.462099
vt 0.377511 0.443596
vt 0.108769 0.066714
vt 0.115727 0.066134
vt 0.010768 0.222173
vt 0.002042 0.215493
vt 0.370232 0.125364
vt 0.367931 0.616823
vt 0.559876 0.761056
vt 0.522956 0.757407
vt 0.538192 0.779792
vt 0.533302 0.892722
vt 0.525827 0.926972
vt 0.853653 0.082709
vt 0.829818 0.081725
vt 0.000468 0.222173
vt 0.109539 0.085257
vt 0.110464 0.108597
vt 0.113300 0.111286
vt 0.392396 0.025216
vt 0.394776 0.031125
vt 0.375101 0.504954
vt 0.376763 0.519342
vt 0.341989 0.591410
vt 0.527806 0.931011
vt 0.367434 0.596669
vt 0.346732 0.402273
vt 0.526747 0.897148
vt 0.038109 0.716247
vt 0.030212 0.696194
vt 0.018742 0.683534
vt 0.828016 0.073878
vt 0.348767 0.124211
vt 0.520722 0.912986
vt 0.374682 0.226370
vt 0.358375 0.280797
vt 0.358924 0.278228
vt 0.846718 0.058492
vt 0.828793 0.037101
vt 0.835124 0.041828
vt 0.049152 0.680702
vt 0.048239 0.665761
vt 0.384968 0.298302
vt 0.403389 0.151135
vt 0.101813 0.108171
vt 0.386814 0.032695
vt 0.387578 0.028537
vt 0.368679 0.489826
vt 0.372270 0.519142
vt 0.520841 0.792953
vt 0.523310 0.826369
vt 0.520946 0.860263
vt 0.518841 0.886074
vt 0.539035 0.750404
vt 0.524677 0.748921
vt 0.385796 0.313405
vt 0.381015 0.132725
vt 0.388440 0.130044
vt 0.100239 0.086141
vt 0.388246 0.022921
vt 0.344821 0.607070
vt 0.034647 0.686521
vt 0.383911 0.029549
vt 0.382465 0.024902
vt 0.376916 0.274108
vt 0.409159 0.274425
vt 0.343388 0.464395
vt 0.518349 0.894993
vt 0.514961 0.899907
vt 0.091809 0.078633
vt 0.052065 0.691291
vt 0.040388 0.701319
vt 0.327823 0.010985
vt 0.370955 0.008987
vt 0.360381 0.598689
vt 0.322214 0.468624
vt 0.357635 0.642190
vt 0.035649 0.795279
vt 0.039645 0.828504
vt 0.038132 0.779628
vt 0.518391 0.875764
vt 0.098683 0.068230
vt 0.091909 0.107106
vt 0.093463 0.091022
vt 0.355230 0.593914
vt 0.517158 0.827296
vt 0.523985 0.773868
vt 0.517202 0.764425
vt 0.533133 0.735329
vt 0.526581 0.732713
vt 0.519950 0.745208
vt 0.509489 0.907314
vt 0.371765 0.036652
vt 0.036215 0.863193
vt 0.043499 0.856025
vt 0.040293 0.891997
vt 0.511091 0.733730
vt 0.428318 0.291460
vt 0.085448 0.110466
vt 0.071698 0.112170
vt 0.371147 0.031845
vt 0.341780 0.658118
vt 0.355764 0.491802
vt 0.332169 0.487475
vt 0.046495 0.784107
vt 0.041087 0.784590
vt 0.047335 0.821961
vt 0.046944 0.760781
vt 0.046765 0.747543
vt 0.041503 0.755256
vt 0.349034 0.623341
vt 0.509690 0.914112
vt 0.270305 0.018291
vt 0.355279 0.511309
vt 0.348801 0.493252
vt 0.051006 0.749227
vt 0.822682 0.057676
vt 0.814297 0.047373
vt 0.821079 0.032709
vt 0.803412 0.072199
vt 0.801151 0.058025
vt 0.805164 0.074304
vt 0.338175 0.164144
vt 0.462418 0.158568
vt 0.082713 0.074540
vt 0.081999 0.069584
vt 0.350207 0.520069
vt 0.348030 0.511707
vt 0.330047 0.598497
vt 0.046491 0.923011
vt 0.048646 0.909392
vt 0.047503 0.857577
vt 0.050806 0.763225
vt 0.502341 0.911412
vt 0.814501 0.010528
vt 0.817706 0.008547
vt 0.824896 0.023787
vt 0.800778 0.078201
vt 0.100046 0.065871
vt 0.084734 0.080045
vt 0.083189 0.083417
vt 0.305979 0.448491
vt 0.048643 0.923805
vt 0.054548 0.743916
vt 0.055151 0.740701
vt 0.050213 0.734843
vt 0.048828 0.738312
vt 0.083807 0.066400
vt 0.330113 0.593863
vt 0.080850 0.079495
vt 0.083523 0.077299
vt 0.056567 0.847265
vt 0.055180 0.809651
vt 0.060646 0.900266
vt 0.060535 0.758266
vt 0.059941 0.745921
vt 0.809267 0.035840
vt 0.070682 0.109585
vt 0.084259 0.099381
vt 0.077502 0.084895
vt 0.076068 0.087379
vt 0.080713 0.081221
vt 0.058075 0.876146
vt 0.060957 0.856952
vt 0.055351 0.784751
vt 0.060155 0.740266
vt 0.063360 0.735468
vt 0.053298 0.733809
vt 0.374819 0.330179
vt 0.072400 0.070763
vt 0.057427 0.926718
vt 0.062064 0.923481
vt 0.063479 0.743754
vt 0.071988 0.068210
vt 0.072601 0.097122
vt 0.331567 0.493218
vt 0.329034 0.489784
vt 0.061963 0.822158
vt 0.068860 0.814519
vt 0.059940 0.730455
vt 0.056484 0.730621
vt 0.088177 0.718127
vt 0.066310 0.711975
vt 0.800979 0.045407
vt 0.375634 0.288864
vt 0.070211 0.076052
vt 0.078636 0.075471
vt 0.077745 0.079729
vt 0.339297 0.522851
vt 0.337768 0.519881
vt 0.341603 0.515326
vt 0.066390 0.783788
vt 0.811667 0.084364
vt 0.769856 0.081856
vt 0.068716 0.776240
vt 0.069022 0.080072
vt 0.077738 0.081309
vt 0.326424 0.386161
vt 0.079519 0.849668
vt 0.074527 0.743560
vt 0.076067 0.698291
vt 0.067596 0.669881
vt 0.335283 0.521815
vt 0.331907 0.503541
vt 0.297255 0.388116
vt 0.812226 0.017352
vt 0.794208 0.008098
vt 0.807904 0.010652
vt 0.330594 0.516082
vt 0.332957 0.512058
vt 0.333037 0.607563
vt 0.070816 0.844734
vt 0.081157 0.761107
vt 0.071956 0.828881
vt 0.067952 0.882927
vt 0.078528 0.679603
vt 0.067708 0.084840
vt 0.324796 0.607712
vt 0.076480 0.746483
vt 0.349191 0.367978
vt 0.422483 0.370945
vt 0.060121 0.087041
vt 0.329073 0.521709
vt 0.807587 0.006135
vt 0.087217 0.671496
vt 0.085573 0.669160
vt 0.306959 0.409233
vt 0.078967 0.924290
vt 0.325129 0.512984
vt 0.319575 0.647496
vt 0.376193 0.017459
vt 0.280208 0.020760
vt 0.290839 0.573485
vt 0.082361 0.782495
vt 0.077722 0.899148
vt 0.063546 0.074972
vt 0.059094 0.072714
vt 0.058716 0.069860
vt 0.060817 0.080128
vt 0.324744 0.510159
vt 0.324906 0.492721
vt 0.078091 0.917751
vt 0.783450 0.029132
vt 0.411362 0.184943
vt 0.352262 0.213306
vt 0.390512 0.272186
vt 0.320189 0.665804
vt 0.083299 0.805303
vt 0.083066 0.814604
vt 0.066852 0.870293
vt 0.081996 0.871071
vt 0.095396 0.678452
vt 0.786512 0.069862
vt 0.119741 0.668344
vt 0.041242 0.660571
vt 0.057794 0.067094
vt 0.280442 0.463997
vt 0.311214 0.671911
vt 0.301335 0.591250
vt 0.314043 0.489305
vt 0.305440 0.486847
vt 0.087865 0.735268
vt 0.090063 0.738558
vt 0.098103 0.693584
vt 0.055111 0.076811
vt 0.058379 0.082099
vt 0.062287 0.082100
vt 0.318909 0.602059
vt 0.329754 0.601002
vt 0.085316 0.846731
vt 0.775015 0.049139
vt 0.465744 0.154746
vt 0.054475 0.085332
vt 0.319473 0.597521
vt 0.302309 0.459705
vt 0.339644 0.460726
vt 0.087560 0.779261
vt 0.078657 0.770143
vt 0.040904 0.110669
vt 0.044725 0.068232
vt 0.305795 0.492699
vt 0.082304 0.878492
vt 0.086422 0.872682
vt 0.470475 0.151676
vt 0.050181 0.080046
vt 0.309258 0.514576
vt 0.322604 0.519481
vt 0.305628 0.511326
vt 0.293222 0.594350
vt 0.086171 0.823765
vt 0.793188 0.063079
vt 0.772717 0.060007
vt 0.772262 0.070904
vt 0.318301 0.370630
vt 0.095735 0.762502
vt 0.781108 0.016319
vt 0.779859 0.007703
vt 0.307239 0.599034
vt 0.093690 0.838299
vt 0.772312 0.069504
vt 0.035538 0.073189
vt 0.299161 0.628111
vt 0.092861 0.749362
vt 0.114732 0.746656
vt 0.450480 0.194518
vt 0.449426 0.128618
vt 0.044969 0.094024
vt 0.042991 0.085381
vt 0.262163 0.011620
vt 0.448545 0.209462
vt 0.043116 0.064383
vt 0.038590 0.058758
vt 0.045464 0.057362
vt 0.042639 0.107359
vt 0.314749 0.270185
vt 0.342414 0.269664
vt 0.118328 0.899107
vt 0.097599 0.804110
vt 0.295368 0.617992
vt 0.266405 0.575955
vt 0.136333 0.739967
vt 0.144117 0.667447
vt 0.318986 0.311123
vt 0.032666 0.096785
vt 0.272942 0.402771
vt 0.113594 0.735859
vt 0.116513 0.677125
vt 0.311118 0.295182
vt 0.837955 0.090855
vt 0.857674 0.094409
vt 0.856305 0.089102
vt 0.292444 0.609199
vt 0.028505 0.057878
vt 0.294344 0.597792
vt 0.090605 0.927276
vt 0.114128 0.925549
vt 0.117101 0.719088
vt 0.114626 0.694618
vt 0.111187 0.685631
vt 0.034155 0.084735
vt 0.027880 0.063496
vt 0.432277 0.125504
vt 0.294655 0.648981
vt 0.131971 0.744658
vt 0.116264 0.794199
vt 0.391470 0.121528
vt 0.450916 0.118675
vt 0.287055 0.515804
vt 0.291455 0.513461
vt 0.309959 0.513756
vt 0.139912 0.760057
vt 0.832745 0.094965
vt 0.275378 0.491786
vt 0.267829 0.661068
vt 0.295003 0.674470
vt 0.275178 0.671795
vt 0.141119 0.922924
vt 0.755781 0.070084
vt 0.271961 0.504309
vt 0.291436 0.634232
vt 0.761131 0.030958
vt 0.755926 0.010582
vt 0.826219 0.088806
vt 0.848751 0.088781
vt 0.760500 0.073818
vt 0.731766 0.083010
vt 0.449633 0.171113
vt 0.325165 0.340883
vt 0.310895 0.301172
vt 0.021228 0.083112
vt 0.023841 0.109615
vt 0.287103 0.603072
vt 0.296077 0.604878
vt 0.292457 0.631006
vt 0.295972 0.625473
vt 0.129957 0.688284
vt 0.018979 0.092333
vt 0.129910 0.546143
vt 0.130707 0.540989
vt 0.138109 0.540565
vt 0.132767 0.534358
vt 0.267280 0.593092
vt 0.139223 0.750236
vt 0.131476 0.825370
vt 0.008420 0.112633
vt 0.274170 0.495093
vt 0.275206 0.635413
vt 0.122281 0.545209
vt 0.127546 0.707927
vt 0.743438 0.076354
vt 0.749555 0.072646
vt 0.133612 0.677649
vt 0.016934 0.073034
vt 0.017695 0.062520
vt 0.271605 0.512370
vt 0.270564 0.609617
vt 0.262532 0.459597
vt 0.262117 0.427038
vt 0.255594 0.389485
vt 0.126349 0.548932
vt 0.126766 0.538662
vt 0.008057 0.110170
vt 0.449182 0.120775
vt 0.765128 0.049258
vt 0.754626 0.051305
vt 0.745064 0.040633
vt 0.133206 0.681072
vt 0.145353 0.672376
vt 0.450267 0.202566
vt 0.809457 0.094965
vt 0.275276 0.600131
vt 0.745523 0.005993
vt 0.725815 0.004755
vt 0.777915 0.004228
vt 0.730234 0.080373
vt 0.457061 0.214787
vt 0.270747 0.598860
vt 0.271531 0.514692
vt 0.267585 0.652971
vt 0.143300 0.747055
vt 0.141231 0.736638
vt 0.321165 0.345346
vt 0.330280 0.345564
vt 0.328365 0.349991
vt 0.005822 0.094913
vt 0.310086 0.275990
vt 0.869952 0.109014
vt 0.863344 0.102569
vt 0.849552 0.109099
vt 0.744416 0.068870
vt 0.755807 0.068466
vt 0.129375 0.856355
vt 0.744037 0.060934
vt 0.135919 0.709049
vt 0.316818 0.365719
vt 0.318754 0.351279
vt 0.456454 0.189903
vt 0.007673 0.078980
vt 0.008641 0.065219
vt 0.273981 0.603865
vt 0.266074 0.390991
vt 0.264136 0.471071
vt 0.266326 0.466995
vt 0.268427 0.620443
vt 0.289922 0.618924
vt 0.261908 0.463945
vt 0.106593 0.547227
vt 0.312425 0.343260
vt 0.318066 0.339131
vt 0.142323 0.810415
vt 0.139127 0.697510
vt 0.734391 0.074667
vt 0.472305 0.209503
vt 0.003684 0.110955
vt 0.255150 0.019931
vt 0.265222 0.495036
vt 0.264682 0.488153
vt 0.266485 0.571772
vt 0.101660 0.553028
vt 0.118244 0.550435
vt 0.737277 0.010898
vt 0.728136 0.007780
vt 0.739307 0.052752
vt 0.741494 0.046402
vt 0.739307 0.063666
vt 0.740499 0.058154
vt 0.140129 0.679713
vt 0.739396 0.068810
vt 0.139777 0.677001
vt 0.308345 0.369040
vt 0.312402 0.364684
vt 0.452209 0.207311
vt 0.468511 0.207605
vt 0.312478 0.349604
vt 0.313073 0.311718
vt 0.312325 0.308120
vt 0.004001 0.065170
vt 0.005437 0.062012
vt 0.265718 0.511940
vt 0.100529 0.542759
vt 0.736061 0.049433
vt 0.002248 0.078047
vt 0.000711 0.063201
vt 0.002745 0.091775
vt 0.143137 0.710070
vt 0.461691 0.204343
vt 0.308344 0.363728
vt 0.463117 0.201580
vt 0.457633 0.203270
vt 0.454557 0.199380
vt 0.457464 0.193357
vt 0.462712 0.193592
vt 0.460304 0.197404
vt 0.540020 0.007646
vt 0.541725 0.004355
vt 0.555256 0.006851
vt 0.269243 0.603437
vt 0.266472 0.606528
vt 0.263596 0.644019
vt 0.248217 0.386729
vt 0.886967 0.109099
vt 0.875105 0.107258
vt 0.878898 0.102791
vt 0.881525 0.099382
vt 0.145283 0.743677
vt 0.732067 0.042319
vt 0.144142 0.697078
vt 0.147444 0.675379
vt 0.303810 0.371542
vt 0.314515 0.372080
vt 0.308072 0.350281
vt 0.463811 0.198764
vt 0.305761 0.344546
vt 0.554604 0.009196
vt 0.589915 0.011350
vt 0.569948 0.008018
vt 0.590707 0.008350
vt 0.263246 0.497421
vt 0.262129 0.642139
vt 0.264747 0.596312
vt 0.269469 0.595463
vt 0.261207 0.405447
vt 0.148765 0.839709
vt 0.732305 0.034740
vt 0.732062 0.018168
vt 0.143723 0.728172
vt 0.732792 0.061066
vt 0.732981 0.057455
vt 0.735292 0.056760
vt 0.734839 0.062070
vt 0.144201 0.682314
vt 0.734101 0.067634
vt 0.149662 0.664435
vt 0.139312 0.665094
vt 0.308249 0.311276
vt 0.594562 0.016720
vt 0.590355 0.017083
vt 0.259637 0.616138
vt 0.262483 0.604266
vt 0.259022 0.469166
vt 0.890290 0.103932
vt 0.097085 0.546310
vt 0.730944 0.066203
vt 0.306664 0.300646
vt 0.458298 0.138842
vt 0.470229 0.138270
vt 0.461779 0.148444
vt 0.262892 0.600610
vt 0.568860 0.018411
vt 0.562589 0.018124
vt 0.560957 0.013982
vt 0.557581 0.018305
vt 0.534953 0.015285
vt 0.578485 0.020007
vt 0.259178 0.545606
vt 0.260981 0.541175
vt 0.262078 0.547077
vt 0.539575 0.019080
vt 0.527328 0.018891
vt 0.591723 0.021458
vt 0.598783 0.018436
vt 0.260223 0.571260
vt 0.262283 0.569918
vt 0.512264 0.019546
vt 0.517721 0.024293
vt 0.506086 0.016403
vt 0.256444 0.498338
vt 0.258431 0.484025
vt 0.150547 0.908814
vt 0.151364 0.668589
vt 0.301127 0.358584
vt 0.772755 0.142837
vt 0.770513 0.138644
vt 0.770046 0.144435
vt 0.774813 0.133523
vt 0.470280 0.189468
vt 0.464015 0.192316
vt 0.462976 0.187133
vt 0.471045 0.158365
vt 0.257361 0.461434
vt 0.256597 0.448289
vt 0.256470 0.434820
vt 0.254290 0.402311
vt 0.248753 0.652642
vt 0.258355 0.618919
vt 0.576072 0.024293
vt 0.540055 0.023092
vt 0.258942 0.594527
vt 0.261632 0.591854
vt 0.890918 0.099735
vt 0.148483 0.722727
vt 0.149915 0.697735
vt 0.728712 0.060651
vt 0.731081 0.052374
vt 0.152676 0.672591
vt 0.754375 0.144435
vt 0.757767 0.136191
vt 0.753277 0.134315
vt 0.300053 0.341781
vt 0.301382 0.319293
vt 0.300381 0.310700
vt 0.529183 0.147309
vt 0.478940 0.126398
vt 0.253334 0.646725
vt 0.253062 0.467199
vt 0.254447 0.463328
vt 0.255258 0.411716
vt 0.093719 0.537009
vt 0.104672 0.537362
vt 0.253836 0.491221
vt 0.258013 0.560381
vt 0.259391 0.555328
vt 0.094372 0.557557
vt 0.095718 0.552237
vt 0.147075 0.760975
vt 0.147047 0.740256
vt 0.727305 0.017209
vt 0.148648 0.734802
vt 0.725937 0.049545
vt 0.153426 0.697438
vt 0.298363 0.367265
vt 0.302968 0.363457
vt 0.302602 0.368773
vt 0.762840 0.138940
vt 0.759286 0.131184
vt 0.769520 0.132549
vt 0.474849 0.115502
vt 0.477881 0.118144
vt 0.139130 0.134177
vt 0.132139 0.133884
vt 0.131554 0.131184
vt 0.253130 0.551636
vt 0.148388 0.749096
vt 0.155517 0.812652
vt 0.725202 0.077119
vt 0.726778 0.068783
vt 0.729593 0.074782
vt 0.481783 0.215773
vt 0.467147 0.218549
vt 0.291999 0.367668
vt 0.245238 0.538974
vt 0.261370 0.536407
vt 0.134819 0.139727
vt 0.247885 0.533870
vt 0.253705 0.530861
vt 0.252977 0.561772
vt 0.254053 0.520245
vt 0.252043 0.499328
vt 0.258173 0.519496
vt 0.252542 0.555915
vt 0.092585 0.546945
vt 0.091902 0.540106
vt 0.723844 0.032966
vt 0.153294 0.714886
vt 0.157049 0.679060
vt 0.449906 0.229240
vt 0.463951 0.229240
vt 0.454767 0.226590
vt 0.248942 0.607801
vt 0.251238 0.601928
vt 0.244554 0.542394
vt 0.246839 0.662157
vt 0.090896 0.553547
vt 0.091274 0.548322
vt 0.150222 0.924847
vt 0.155575 0.743507
vt 0.254577 0.273783
vt 0.306504 0.284773
vt 0.095013 0.533192
vt 0.087648 0.531885
vt 0.251231 0.618090
vt 0.087190 0.123401
vt 0.089136 0.119888
vt 0.089419 0.126257
vt 0.157023 0.783637
vt 0.153579 0.756889
vt 0.154913 0.739842
vt 0.481335 0.180876
vt 0.477026 0.124014
vt 0.237183 0.451306
vt 0.244804 0.435673
vt 0.243795 0.411169
vt 0.142968 0.131319
vt 0.146057 0.134737
vt 0.240020 0.507212
vt 0.170192 0.700258
vt 0.159408 0.697308
vt 0.177728 0.674416
vt 0.149095 0.139561
vt 0.242286 0.482722
vt 0.241271 0.576435
vt 0.243915 0.571747
vt 0.243535 0.566783
vt 0.240891 0.498017
vt 0.085558 0.536312
vt 0.156305 0.915573
vt 0.158466 0.933595
vt 0.147582 0.927414
vt 0.716431 0.011778
vt 0.715121 0.038423
vt 0.151427 0.133840
vt 0.238185 0.533023
vt 0.241044 0.525957
vt 0.084995 0.539541
vt 0.157906 0.847737
vt 0.161169 0.755397
vt 0.159158 0.927929
vt 0.164789 0.922106
vt 0.704774 0.023014
vt 0.497084 0.221458
vt 0.468187 0.220959
vt 0.527753 0.143207
vt 0.245225 0.601931
vt 0.246126 0.616183
vt 0.241675 0.548871
vt 0.238463 0.546888
vt 0.077916 0.130211
vt 0.082798 0.119322
vt 0.941098 0.003025
vt 0.988843 0.003546
vt 0.985487 0.007405
vt 0.244601 0.560004
vt 0.162826 0.761804
vt 0.164344 0.737579
vt 0.174347 0.722230
vt 0.241868 0.306932
vt 0.249567 0.599386
vt 0.071803 0.124465
vt 0.080508 0.117049
vt 0.073070 0.120071
vt 0.245029 0.608550
vt 0.083285 0.531038
vt 0.243921 0.553667
vt 0.080381 0.132615
vt 0.080496 0.555472
vt 0.159776 0.826389
vt 0.705193 0.048857
vt 0.499575 0.196027
vt 0.244305 0.605723
vt 0.238386 0.462166
vt 0.237842 0.447127
vt 0.243080 0.443622
vt 0.244318 0.674081
vt 0.247432 0.673112
vt 0.227632 0.469308
vt 0.163600 0.747657
vt 0.157008 0.749251
vt 0.235954 0.542640
vt 0.863567 0.122102
vt 0.875351 0.126300
vt 0.866921 0.126767
vt 0.235679 0.413112
vt 0.243027 0.400068
vt 0.243848 0.657715
vt 0.244243 0.651223
vt 0.236202 0.489433
vt 0.240098 0.490831
vt 0.078961 0.537303
vt 0.081261 0.534553
vt 0.874624 0.116019
vt 0.241623 0.573934
vt 0.783399 0.125536
vt 0.785497 0.119002
vt 0.790238 0.120102
vt 0.237514 0.536381
vt 0.240688 0.564315
vt 0.240809 0.556897
vt 0.153090 0.141870
vt 0.150254 0.144435
vt 0.163715 0.837797
vt 0.965157 0.013693
vt 0.970316 0.010241
vt 0.978051 0.012969
vt 0.236317 0.439225
vt 0.236889 0.429928
vt 0.242292 0.429032
vt 0.234337 0.389776
vt 0.241482 0.389039
vt 0.074090 0.540419
vt 0.736800 0.099971
vt 0.737405 0.093011
vt 0.741032 0.094240
vt 0.786571 0.127064
vt 0.237813 0.494315
vt 0.133451 0.120574
vt 0.150714 0.125311
vt 0.132318 0.126767
vt 0.164326 0.117868
vt 0.161809 0.126767
vt 0.157906 0.126762
vt 0.739950 0.102875
vt 0.236516 0.523740
vt 0.237840 0.504856
vt 0.151930 0.117049
vt 0.863322 0.115695
vt 0.075028 0.556324
vt 0.080475 0.559044
vt 0.076064 0.533697
vt 0.078417 0.523289
vt 0.078911 0.534938
vt 0.019195 0.158569
vt 0.020838 0.152385
vt 0.033240 0.158569
vt 0.166935 0.916839
vt 0.238410 0.375055
vt 0.297431 0.371774
vt 0.300521 0.374488
vt 0.232388 0.505604
vt 0.231549 0.494897
vt 0.796429 0.128363
vt 0.783240 0.130300
vt 0.425774 0.103298
vt 0.430243 0.104022
vt 0.427743 0.109334
vt 0.798241 0.117049
vt 0.796299 0.124547
vt 0.362870 0.109816
vt 0.365982 0.108973
vt 0.366573 0.112633
vt 0.075589 0.566099
vt 0.079536 0.562540
vt 0.077517 0.574108
vt 0.074821 0.573554
vt 0.168118 0.822622
vt 0.167491 0.775627
vt 0.705723 0.017369
vt 0.172540 0.732948
vt 0.492936 0.127312
vt 0.237617 0.603484
vt 0.236835 0.600368
vt 0.804992 0.128079
vt 0.806516 0.117628
vt 0.808521 0.127185
vt 0.800458 0.130300
vt 0.229148 0.503369
vt 0.229335 0.498867
vt 0.230790 0.508001
vt 0.066356 0.126139
vt 0.067213 0.123106
vt 0.079419 0.546718
vt 0.071121 0.544301
vt 0.224320 0.466703
vt 0.070661 0.133165
vt 0.234377 0.387021
vt 0.234201 0.532613
vt 0.229637 0.524483
vt 0.281105 0.259985
vt 0.286545 0.256829
vt 0.286952 0.267649
vt 0.855659 0.113516
vt 0.859993 0.121284
vt 0.163052 0.905471
vt 0.167621 0.906772
vt 0.167623 0.856913
vt 0.171603 0.751447
vt 0.490902 0.123447
vt 0.720853 0.251228
vt 0.715824 0.252093
vt 0.716846 0.255009
vt 0.492416 0.115523
vt 0.495728 0.118589
vt 0.360455 0.103857
vt 0.363081 0.101587
vt 0.489478 0.112260
vt 0.227290 0.440763
vt 0.949102 0.000442
vt 0.736306 0.105565
vt 0.729343 0.101423
vt 0.072835 0.539862
vt 0.170056 0.762124
vt 0.249717 0.291378
vt 0.301742 0.294894
vt 0.410527 0.107222
vt 0.227972 0.450808
vt 0.073456 0.547693
vt 0.070511 0.548323
vt 0.230308 0.549498
vt 0.231843 0.541213
vt 0.227837 0.462325
vt 0.717114 0.092847
vt 0.849609 0.122789
vt 0.854200 0.120616
vt 0.228797 0.436067
vt 0.225980 0.429004
vt 0.068259 0.556586
vt 0.068386 0.542211
vt 0.178869 0.898228
vt 0.176036 0.757556
vt 0.242506 0.302418
vt 0.309976 0.305229
vt 0.265492 0.304739
vt 0.218116 0.500329
vt 0.408249 0.110577
vt 0.226330 0.446338
vt 0.850192 0.114265
vt 0.845439 0.122329
vt 0.843165 0.113746
vt 0.218546 0.488795
vt 0.191151 0.576383
vt 0.011021 0.147100
vt 0.014513 0.151502
vt 0.008377 0.150324
vt 0.179214 0.841047
vt 0.172759 0.788077
vt 0.177903 0.773625
vt 0.181029 0.771006
vt 0.185644 0.739832
vt 0.246559 0.284042
vt 0.335277 0.100662
vt 0.217407 0.496965
vt 0.223676 0.602976
vt 0.225868 0.533588
vt 0.229338 0.532288
vt 0.067441 0.547530
vt 0.030431 0.226590
vt 0.037431 0.229240
vt 0.044476 0.226590
vt 0.178584 0.733582
vt 0.699415 0.079809
vt 0.692588 0.073728
vt 0.722328 0.080538
vt 0.531819 0.154144
vt 0.521831 0.167935
vt 0.336639 0.109698
vt 0.216816 0.562919
vt 0.224239 0.558959
vt 0.237561 0.559538
vt 0.065597 0.540664
vt 0.052502 0.535205
vt 0.183364 0.917814
vt 0.174410 0.910295
vt 0.699838 0.041993
vt 0.544247 0.186124
vt 0.178595 0.511645
vt 0.525159 0.110172
vt 0.714709 0.102429
vt 0.025279 0.575067
vt 0.073129 0.590872
vt 0.055430 0.523697
vt 0.078402 0.519876
vt 0.233614 0.315006
vt 0.215743 0.388987
vt 0.190670 0.579161
vt 0.182550 0.777320
vt 0.514793 0.125156
vt 0.255811 0.271356
vt 0.256636 0.268611
vt 0.199123 0.549964
vt 0.222611 0.449732
vt 0.216031 0.441129
vt 0.712722 0.098745
vt 0.232587 0.256054
vt 0.182282 0.852666
vt 0.179410 0.875342
vt 0.182435 0.814631
vt 0.180200 0.816343
vt 0.185497 0.902074
vt 0.183204 0.720413
vt 0.183951 0.714418
vt 0.179197 0.720719
vt 0.180953 0.708467
vt 0.185540 0.702078
vt 0.189075 0.679094
vt 0.189591 0.675015
vt 0.212614 0.675077
vt 0.220564 0.600666
vt 0.232385 0.260840
vt 0.252940 0.266410
vt 0.218916 0.445715
vt 0.055319 0.554901
vt 0.177026 0.903262
vt 0.193897 0.910493
vt 0.196022 0.768667
vt 0.180945 0.763304
vt 0.193097 0.734451
vt 0.181936 0.727627
vt 0.188423 0.722204
vt 0.189370 0.711145
vt 0.694869 0.038126
vt 0.697093 0.034184
vt 0.696341 0.057358
vt 0.191550 0.692858
vt 0.188708 0.684426
vt 0.183566 0.690909
vt 0.534949 0.205577
vt 0.945888 0.011631
vt 0.947239 0.008856
vt 0.056645 0.520525
vt 0.169527 0.928426
vt 0.206646 0.928508
vt 0.203631 0.747425
vt 0.197293 0.744419
vt 0.190623 0.769714
vt 0.692248 0.059156
vt 0.692012 0.065088
vt 0.526590 0.121957
vt 0.521218 0.114349
vt 0.217397 0.471337
vt 0.217120 0.464287
vt 0.231915 0.253179
vt 0.025427 0.591102
vt 0.074670 0.593198
vt 0.190031 0.903863
vt 0.191187 0.863574
vt 0.212970 0.460644
vt 0.220408 0.461186
vt 0.206705 0.423736
vt 0.021626 0.593198
vt 0.693558 0.016485
vt 0.652370 0.016139
vt 0.200086 0.760084
vt 0.191549 0.824863
vt 0.194812 0.698412
vt 0.190172 0.700770
vt 0.684817 0.069075
vt 0.175185 0.992491
vt 0.199240 0.989960
vt 0.183073 0.986615
vt 0.639428 0.078177
vt 0.659118 0.074838
vt 0.189095 0.502000
vt 0.195207 0.498989
vt 0.202040 0.559998
vt 0.214407 0.446277
vt 0.712341 0.090668
vt 0.205226 0.466312
vt 0.195547 0.725254
vt 0.191040 0.728382
vt 0.195349 0.692263
vt 0.684639 0.059856
vt 0.690582 0.058091
vt 0.197468 0.683995
vt 0.193969 0.682438
vt 0.202045 0.682083
vt 0.757168 0.253938
vt 0.738124 0.249172
vt 0.761229 0.247105
vt 0.717014 0.248112
vt 0.944664 0.013693
vt 0.210359 0.443804
vt 0.193364 0.712773
vt 0.198190 0.699505
vt 0.679278 0.071934
vt 0.541124 0.217386
vt 0.177515 0.506577
vt 0.213131 0.600733
vt 0.219194 0.603390
vt 0.939503 0.006503
vt 0.206349 0.438725
vt 0.212085 0.433433
vt 0.221126 0.437513
vt 0.193505 0.885321
vt 0.195519 0.853225
vt 0.686255 0.045517
vt 0.685391 0.030833
vt 0.687060 0.026119
vt 0.684167 0.047869
vt 0.213460 0.604967
vt 0.936798 0.003302
vt 0.230138 0.936238
vt 0.205937 0.750548
vt 0.201158 0.696150
vt 0.540911 0.116752
vt 0.251082 0.268851
vt 0.539893 0.110534
vt 0.210056 0.604306
vt 0.209604 0.599513
vt 0.706066 0.102298
vt 0.703633 0.095679
vt 0.707579 0.096046
vt 0.197998 0.903907
vt 0.198761 0.874522
vt 0.194152 0.899783
vt 0.682301 0.038477
vt 0.679185 0.065604
vt 0.681890 0.052360
vt 0.174254 0.498233
vt 0.211245 0.494800
vt 0.249596 0.270251
vt 0.205382 0.461120
vt 0.208538 0.459687
vt 0.211474 0.915269
vt 0.684354 0.018561
vt 0.664086 0.017799
vt 0.196122 0.803757
vt 0.201400 0.769266
vt 0.204300 0.801866
vt 0.680426 0.027970
vt 0.682992 0.030707
vt 0.679552 0.041917
vt 0.198591 0.720128
vt 0.202000 0.712677
vt 0.244498 0.300243
vt 0.255079 0.298960
vt 0.246107 0.276893
vt 0.189641 0.489183
vt 0.188798 0.486666
vt 0.199529 0.845699
vt 0.203066 0.839505
vt 0.200226 0.818308
vt 0.202379 0.871794
vt 0.207065 0.735069
vt 0.204259 0.732218
vt 0.206522 0.739436
vt 0.198502 0.730590
vt 0.674503 0.024882
vt 0.202425 0.722253
vt 0.204076 0.700703
vt 0.676735 0.056927
vt 0.526075 0.125876
vt 0.968276 0.739598
vt 0.955524 0.738996
vt 0.957148 0.737235
vt 0.204295 0.453952
vt 0.188457 0.421714
vt 0.202465 0.901653
vt 0.205881 0.767688
vt 0.675600 0.039515
vt 0.208303 0.709436
vt 0.205654 0.685633
vt 0.529264 0.132855
vt 0.180987 0.514267
vt 0.198758 0.511647
vt 0.198758 0.524429
vt 0.681835 0.105565
vt 0.023606 0.557300
vt 0.205743 0.856228
vt 0.211420 0.693757
vt 0.673006 0.060755
vt 0.240474 0.294877
vt 0.967283 0.735484
vt 0.188211 0.390272
vt 0.190506 0.597906
vt 0.220920 0.595624
vt 0.207751 0.902239
vt 0.219617 0.360555
vt 0.225708 0.370019
vt 0.175034 0.505823
vt 0.190273 0.454501
vt 0.230160 0.740330
vt 0.208199 0.847242
vt 0.209768 0.731045
vt 0.211040 0.710789
vt 0.671876 0.068974
vt 0.211571 0.679906
vt 0.236467 0.681203
vt 0.239813 0.680222
vt 0.235981 0.301495
vt 0.960858 0.710706
vt 0.955926 0.723682
vt 0.956939 0.711897
vt 0.973725 0.732734
vt 0.958823 0.730056
vt 0.960358 0.723005
vt 0.531777 0.123571
vt 0.529578 0.125796
vt 0.185011 0.565243
vt 0.188768 0.567061
vt 0.190861 0.595188
vt 0.212504 0.776970
vt 0.213726 0.767094
vt 0.209148 0.769749
vt 0.673073 0.036022
vt 0.671244 0.027741
vt 0.230744 0.314306
vt 0.534618 0.141954
vt 0.763727 0.248534
vt 0.025773 0.521695
vt 0.048315 0.520205
vt 0.217371 0.909541
vt 0.211257 0.837727
vt 0.211054 0.883690
vt 0.210813 0.903076
vt 0.212133 0.726423
vt 0.213458 0.719197
vt 0.215320 0.701821
vt 0.668888 0.062503
vt 0.669577 0.058812
vt 0.214522 0.685894
vt 0.220622 0.686122
vt 0.226715 0.310101
vt 0.537046 0.139064
vt 0.156651 0.572880
vt 0.156410 0.576157
vt 0.139926 0.577467
vt 0.180503 0.524148
vt 0.010363 0.130951
vt 0.023452 0.122629
vt 0.004611 0.138675
vt 0.191530 0.605826
vt 0.191990 0.607968
vt 0.682882 0.098350
vt 0.190383 0.437179
vt 0.666979 0.028402
vt 0.671586 0.021341
vt 0.212979 0.734312
vt 0.216592 0.726496
vt 0.670980 0.038844
vt 0.667670 0.041283
vt 0.669578 0.051668
vt 0.538087 0.151868
vt 0.543612 0.162205
vt 0.531666 0.150920
vt 0.538395 0.148159
vt 0.147035 0.579290
vt 0.154516 0.582774
vt 0.030431 0.133834
vt 0.039722 0.118191
vt 0.036006 0.131462
vt 0.980704 0.741608
vt 0.186178 0.561753
vt 0.022306 0.140901
vt 0.000468 0.140901
vt 0.312705 0.112633
vt 0.311973 0.107758
vt 0.228387 0.755777
vt 0.230115 0.749697
vt 0.214367 0.856289
vt 0.214027 0.891008
vt 0.221896 0.768478
vt 0.217016 0.710675
vt 0.664132 0.059663
vt 0.666515 0.059667
vt 0.569192 0.070741
vt 0.142898 0.591562
vt 0.115739 0.935106
vt 0.100766 0.936506
vt 0.100410 0.933304
vt 0.154343 0.591074
vt 0.981142 0.725770
vt 0.984959 0.730854
vt 0.374203 0.103698
vt 0.375574 0.100342
vt 0.218454 0.812172
vt 0.214965 0.814502
vt 0.217782 0.904805
vt 0.218869 0.778389
vt 0.220430 0.734162
vt 0.665222 0.048651
vt 0.219079 0.710123
vt 0.567207 0.185278
vt 0.231323 0.302724
vt 0.138456 0.581221
vt 0.048944 0.130562
vt 0.542138 0.107592
vt 0.199296 0.922781
vt 0.233618 0.925348
vt 0.248916 0.936965
vt 0.217667 0.878930
vt 0.218516 0.845513
vt 0.662889 0.037221
vt 0.547632 0.152259
vt 0.093607 0.936178
vt 0.093963 0.938871
vt 0.936186 0.938704
vt 0.931380 0.943590
vt 0.931242 0.937937
vt 0.765863 0.253969
vt 0.180767 0.508835
vt 0.186993 0.577600
vt 0.224089 0.775980
vt 0.662794 0.022580
vt 0.220780 0.722714
vt 0.221642 0.711915
vt 0.662665 0.049156
vt 0.223142 0.698427
vt 0.664382 0.065794
vt 0.658615 0.056838
vt 0.206028 0.983475
vt 0.228267 0.979094
vt 0.214734 0.980654
vt 0.552516 0.172943
vt 0.986646 0.725800
vt 0.158520 0.597149
vt 0.153548 0.596170
vt 0.963637 0.937900
vt 0.953498 0.937250
vt 0.961821 0.934735
vt 0.966458 0.934936
vt 0.162513 0.605839
vt 0.157962 0.603841
vt 0.059457 0.133834
vt 0.911808 0.937271
vt 0.908528 0.946820
vt 0.905868 0.933304
vt 0.920459 0.939932
vt 0.920013 0.937236
vt 0.967011 0.944996
vt 0.962565 0.944828
vt 0.938960 0.948534
vt 0.749145 0.097480
vt 0.749816 0.105565
vt 0.745786 0.100412
vt 0.175825 0.513905
vt 0.307584 0.100444
vt 0.312060 0.099778
vt 0.025634 0.140126
vt 0.187816 0.602980
vt 0.191055 0.601513
vt 0.371379 0.102496
vt 0.678371 0.095693
vt 0.188172 0.608837
vt 0.187804 0.596722
vt 0.308090 0.112206
vt 0.186940 0.465989
vt 0.186827 0.460978
vt 0.189881 0.460881
vt 0.187247 0.452621
vt 0.186249 0.487055
vt 0.189648 0.466365
vt 0.231172 0.734716
vt 0.221217 0.877273
vt 0.225269 0.728217
vt 0.224476 0.723062
vt 0.224143 0.710654
vt 0.972991 0.693322
vt 0.973727 0.707230
vt 0.125957 0.585832
vt 0.159757 0.607417
vt 0.895815 0.029593
vt 0.902636 0.034118
vt 0.894000 0.032057
vt 0.165970 0.612529
vt 0.884083 0.032387
vt 0.879423 0.030431
vt 0.996320 0.741608
vt 0.989569 0.735863
vt 0.997677 0.739511
vt 0.858500 0.026698
vt 0.869527 0.032607
vt 0.972319 0.939685
vt 0.967206 0.937970
vt 0.084963 0.941113
vt 0.078278 0.943103
vt 0.084033 0.938223
vt 0.115610 0.944161
vt 0.954798 0.942590
vt 0.944452 0.939152
vt 0.764188 0.245244
vt 0.918137 0.947319
vt 0.170392 0.496009
vt 0.174278 0.495199
vt 0.925992 0.945166
vt 0.959550 0.952033
vt 0.931055 0.953208
vt 0.966545 0.951882
vt 0.757163 0.105006
vt 0.753474 0.102257
vt 0.371626 0.110120
vt 0.376085 0.109542
vt 0.907706 0.949973
vt 0.903069 0.945898
vt 0.181636 0.558558
vt 0.543872 0.109948
vt 0.957261 0.960689
vt 0.955156 0.957612
vt 0.185599 0.427400
vt 0.265967 0.934460
vt 0.221824 0.829984
vt 0.663533 0.031417
vt 0.657530 0.031845
vt 0.226417 0.701275
vt 0.659582 0.046056
vt 0.232594 0.692960
vt 0.224731 0.688858
vt 0.237741 0.690525
vt 0.549877 0.157624
vt 0.549261 0.160937
vt 0.122897 0.579964
vt 0.148531 0.604373
vt 0.547997 0.098486
vt 0.553839 0.100667
vt 0.545174 0.102032
vt 0.886838 0.027535
vt 0.915421 0.032020
vt 0.914570 0.034894
vt 0.907302 0.034625
vt 0.853127 0.018476
vt 0.856655 0.022941
vt 0.850655 0.024965
vt 0.877353 0.022713
vt 0.923823 0.034894
vt 0.971889 0.953266
vt 0.767794 0.246487
vt 0.003737 0.942592
vt 0.000612 0.945007
vt 0.000468 0.941522
vt 0.808521 0.101696
vt 0.801691 0.105565
vt 0.803902 0.099708
vt 0.990768 0.947649
vt 0.985338 0.953549
vt 0.981507 0.939745
vt 0.769041 0.101931
vt 0.002748 0.952895
vt 0.995786 0.947148
vt 0.991934 0.957924
vt 0.034399 0.954655
vt 0.027900 0.953758
vt 0.034641 0.950375
vt 0.006535 0.952682
vt 0.005018 0.955310
vt 0.045263 0.954230
vt 0.043797 0.957155
vt 0.065750 0.952486
vt 0.118112 0.954201
vt 0.072717 0.955293
vt 0.884373 0.956713
vt 0.885681 0.949929
vt 0.951562 0.951700
vt 0.940332 0.956756
vt 0.028830 0.956440
vt 0.926960 0.957376
vt 0.887199 0.958785
vt 0.948921 0.960282
vt 0.247744 0.742844
vt 0.242186 0.741591
vt 0.225646 0.837441
vt 0.227203 0.808265
vt 0.222483 0.805309
vt 0.224909 0.868453
vt 0.223177 0.902699
vt 0.208299 0.321333
vt 0.138837 0.595014
vt 0.524227 0.100284
vt 0.543799 0.099048
vt 0.153910 0.610061
vt 0.503216 0.099717
vt 0.497971 0.101903
vt 0.034589 0.938333
vt 0.019391 0.938358
vt 0.032252 0.935727
vt 0.165002 0.614647
vt 0.926264 0.031135
vt 0.758086 0.095086
vt 0.752408 0.092574
vt 0.052425 0.937974
vt 0.043019 0.941895
vt 0.863125 0.021364
vt 0.766366 0.241250
vt 0.768845 0.091769
vt 0.769318 0.095235
vt 0.943514 0.369796
vt 0.942862 0.368463
vt 0.946492 0.367385
vt 0.169367 0.518479
vt 0.170576 0.509182
vt 0.172899 0.510428
vt 0.006342 0.936944
vt 0.798272 0.096193
vt 0.778044 0.094425
vt 0.025337 0.949661
vt 0.170689 0.616113
vt 0.768957 0.257126
vt 0.765290 0.256609
vt 0.767251 0.259922
vt 0.160897 0.500812
vt 0.063447 0.943057
vt 0.061078 0.943960
vt 0.070305 0.948179
vt 0.173851 0.620200
vt 0.174846 0.616622
vt 0.175562 0.625000
vt 0.114174 0.946879
vt 0.080979 0.944949
vt 0.228296 0.785172
vt 0.653538 0.023444
vt 0.231068 0.727739
vt 0.232709 0.710142
vt 0.213591 0.320459
vt 0.120528 0.585200
vt 0.131405 0.599247
vt 0.996452 0.718820
vt 0.987379 0.718706
vt 0.142546 0.607138
vt 0.882985 0.021763
vt 0.778853 0.088781
vt 0.798922 0.091727
vt 0.489986 0.102032
vt 0.496542 0.096958
vt 0.951793 0.367418
vt 0.229502 0.845059
vt 0.227584 0.899587
vt 0.228325 0.872939
vt 0.654966 0.029407
vt 0.567140 0.174173
vt 0.216468 0.312091
vt 0.998394 0.721589
vt 0.155425 0.614387
vt 0.915929 0.020368
vt 0.924866 0.023350
vt 0.858005 0.014715
vt 0.771021 0.240578
vt 0.781053 0.251764
vt 0.255635 0.926352
vt 0.247009 0.735848
vt 0.654888 0.058792
vt 0.652809 0.058140
vt 0.656495 0.043898
vt 0.213677 0.328250
vt 0.569106 0.172937
vt 0.540818 0.093016
vt 0.777584 0.261220
vt 0.769715 0.260641
vt 0.947645 0.376995
vt 0.939462 0.372273
vt 0.231220 0.875885
vt 0.231600 0.842299
vt 0.232520 0.904969
vt 0.235000 0.773283
vt 0.237819 0.765821
vt 0.231020 0.770609
vt 0.207037 0.338001
vt 0.234070 0.325435
vt 0.565504 0.166633
vt 0.978585 0.690241
vt 0.970023 0.686842
vt 0.109710 0.587221
vt 0.122594 0.595299
vt 0.905533 0.017979
vt 0.531725 0.091567
vt 0.526471 0.094055
vt 0.167644 0.538652
vt 0.169406 0.548859
vt 0.161995 0.549106
vt 0.163070 0.519948
vt 0.544120 0.090818
vt 0.946473 0.382393
vt 0.645999 0.020271
vt 0.233692 0.808825
vt 0.230304 0.816490
vt 0.235206 0.725517
vt 0.649978 0.053148
vt 0.654779 0.038836
vt 0.236593 0.695138
vt 0.228667 0.972619
vt 0.226244 0.973403
vt 0.532679 0.221442
vt 0.581195 0.226865
vt 0.538997 0.224162
vt 0.125523 0.598879
vt 0.928408 0.022158
vt 0.929362 0.027208
vt 0.161242 0.539458
vt 0.534508 0.088923
vt 0.854774 0.009456
vt 0.935664 0.021817
vt 0.167458 0.515996
vt 0.780937 0.256737
vt 0.235226 0.844348
vt 0.652011 0.029700
vt 0.648646 0.026069
vt 0.235482 0.720330
vt 0.236080 0.712669
vt 0.236840 0.706384
vt 0.561964 0.074232
vt 0.182881 0.359945
vt 0.568717 0.208685
vt 0.198331 0.331383
vt 0.100846 0.587083
vt 0.983267 0.691428
vt 0.987630 0.696629
vt 0.983244 0.697447
vt 0.891197 0.015144
vt 0.525636 0.087069
vt 0.490938 0.083623
vt 0.496803 0.089405
vt 0.036218 0.444056
vt 0.032660 0.455233
vt 0.030640 0.442903
vt 0.938860 0.384906
vt 0.237527 0.901685
vt 0.648501 0.033422
vt 0.238117 0.724755
vt 0.238868 0.715205
vt 0.647728 0.042929
vt 0.651136 0.044953
vt 0.239036 0.970183
vt 0.563867 0.179414
vt 0.106430 0.590555
vt 0.907039 0.362493
vt 0.894175 0.357604
vt 0.892874 0.349909
vt 0.911431 0.360333
vt 0.528461 0.085515
vt 0.153516 0.562623
vt 0.160769 0.560727
vt 0.165188 0.565026
vt 0.155570 0.548615
vt 0.155846 0.538875
vt 0.953136 0.380190
vt 0.955274 0.373399
vt 0.960341 0.380510
vt 0.783189 0.244067
vt 0.487360 0.080316
vt 0.240969 0.731575
vt 0.238580 0.980400
vt 0.202323 0.338081
vt 0.115118 0.595919
vt 0.120110 0.597105
vt 0.209686 0.307074
vt 0.210149 0.310532
vt 0.205110 0.311740
vt 0.009348 0.408670
vt 0.005060 0.408557
vt 0.005681 0.403281
vt 0.887103 0.354837
vt 0.887248 0.348773
vt 0.019887 0.418711
vt 0.009556 0.415663
vt 0.023269 0.423210
vt 0.027920 0.421627
vt 0.150909 0.567879
vt 0.039367 0.456839
vt 0.033388 0.458755
vt 0.041276 0.462856
vt 0.044012 0.441383
vt 0.033628 0.433279
vt 0.149671 0.510446
vt 0.159882 0.505416
vt 0.961875 0.383497
vt 0.254439 0.745793
vt 0.241334 0.829452
vt 0.241789 0.791487
vt 0.237135 0.803700
vt 0.241420 0.869639
vt 0.241414 0.765555
vt 0.646421 0.030145
vt 0.243836 0.717102
vt 0.644475 0.049351
vt 0.247794 0.700251
vt 0.254761 0.696904
vt 0.243323 0.986019
vt 0.584880 0.196701
vt 0.015908 0.395653
vt 0.000468 0.398051
vt 0.908789 0.370089
vt 0.893784 0.367036
vt 0.030551 0.393544
vt 0.025652 0.401881
vt 0.034698 0.397648
vt 0.912567 0.368505
vt 0.915896 0.374463
vt 0.905197 0.012675
vt 0.924127 0.016079
vt 0.033917 0.465424
vt 0.152769 0.513710
vt 0.157290 0.522953
vt 0.038841 0.432636
vt 0.783634 0.260044
vt 0.146116 0.502006
vt 0.148489 0.498724
vt 0.965333 0.382426
vt 0.957142 0.386695
vt 0.643869 0.027093
vt 0.647481 0.022484
vt 0.244116 0.710296
vt 0.646222 0.040026
vt 0.644135 0.056297
vt 0.641266 0.054329
vt 0.197564 0.322707
vt 0.202990 0.315804
vt 0.205114 0.317098
vt 0.880661 0.362425
vt 0.878208 0.346731
vt 0.200111 0.293436
vt 0.204840 0.297776
vt 0.200242 0.305507
vt 0.888703 0.377402
vt 0.520670 0.078870
vt 0.514836 0.080536
vt 0.915417 0.014917
vt 0.910811 0.015339
vt 0.496259 0.082868
vt 0.503167 0.081945
vt 0.036038 0.405141
vt 0.038510 0.421860
vt 0.927389 0.017341
vt 0.030943 0.427062
vt 0.152626 0.520233
vt 0.932867 0.014127
vt 0.784126 0.265033
vt 0.965347 0.388152
vt 0.044102 0.455429
vt 0.190493 0.376881
vt 0.210390 0.378404
vt 0.199103 0.318219
vt 0.576119 0.141450
vt 0.572575 0.153508
vt 0.570883 0.139188
vt 0.194471 0.305492
vt 0.882613 0.370960
vt 0.876873 0.371751
vt 0.502274 0.088976
vt 0.975416 0.385212
vt 0.968691 0.378877
vt 0.976547 0.382256
vt 0.151564 0.548372
vt 0.148615 0.565800
vt 0.917291 0.382920
vt 0.901051 0.385899
vt 0.046502 0.396102
vt 0.047897 0.404270
vt 0.921494 0.382813
vt 0.920566 0.378483
vt 0.924581 0.386999
vt 0.928093 0.384736
vt 0.947764 0.387362
vt 0.242058 0.893853
vt 0.245038 0.877938
vt 0.245877 0.797048
vt 0.246167 0.766446
vt 0.159695 0.372283
vt 0.578943 0.177098
vt 0.087451 0.597841
vt 0.197469 0.312220
vt 0.878142 0.379901
vt 0.910424 0.010085
vt 0.882495 0.382083
vt 0.916381 0.012009
vt 0.792008 0.247049
vt 0.144163 0.550874
vt 0.146911 0.508077
vt 0.969144 0.385514
vt 0.790851 0.251825
vt 0.256947 0.760674
vt 0.642196 0.043542
vt 0.640334 0.040718
vt 0.642876 0.035206
vt 0.243783 0.973230
vt 0.242948 0.968750
vt 0.266707 0.693308
vt 0.194756 0.329343
vt 0.193866 0.323442
vt 0.571811 0.160066
vt 0.584370 0.168651
vt 0.584844 0.171709
vt 0.573391 0.157950
vt 0.193283 0.316459
vt 0.582248 0.126005
vt 0.581632 0.137378
vt 0.575938 0.131301
vt 0.577486 0.123820
vt 0.500078 0.079072
vt 0.512356 0.078180
vt 0.785011 0.242660
vt 0.142699 0.561293
vt 0.055132 0.461674
vt 0.045598 0.468665
vt 0.790338 0.266174
vt 0.789947 0.259371
vt 0.054683 0.436559
vt 0.631904 0.025973
vt 0.248951 0.870696
vt 0.249991 0.830795
vt 0.245083 0.842435
vt 0.249592 0.765460
vt 0.638745 0.029419
vt 0.638457 0.035929
vt 0.248731 0.719952
vt 0.249724 0.714608
vt 0.249124 0.708094
vt 0.191661 0.346823
vt 0.200642 0.345095
vt 0.584588 0.183560
vt 0.583883 0.186130
vt 0.073897 0.601747
vt 0.590429 0.182681
vt 0.580916 0.151431
vt 0.191172 0.284738
vt 0.196204 0.295759
vt 0.997019 0.391059
vt 0.993220 0.391126
vt 0.992194 0.386549
vt 0.986296 0.392648
vt 0.920897 0.004339
vt 0.928426 0.009315
vt 0.881808 0.392293
vt 0.580168 0.112236
vt 0.583377 0.114619
vt 0.047781 0.640440
vt 0.049162 0.650013
vt 0.042841 0.643414
vt 0.886671 0.385574
vt 0.891517 0.396063
vt 0.058201 0.467798
vt 0.960958 0.396697
vt 0.948979 0.393374
vt 0.629160 0.023901
vt 0.252602 0.909172
vt 0.248786 0.903762
vt 0.245325 0.902806
vt 0.637461 0.041792
vt 0.187620 0.338178
vt 0.575801 0.156051
vt 0.994248 0.394783
vt 0.999532 0.391456
vt 0.793014 0.240129
vt 0.788906 0.237698
vt 0.791689 0.244281
vt 0.789982 0.197632
vt 0.787508 0.191255
vt 0.786539 0.198213
vt 0.790442 0.278410
vt 0.787616 0.270148
vt 0.793381 0.256597
vt 0.791589 0.233169
vt 0.789518 0.221399
vt 0.050836 0.471005
vt 0.055721 0.396093
vt 0.055750 0.404039
vt 0.924141 0.395668
vt 0.279346 0.729951
vt 0.254794 0.794042
vt 0.252789 0.766467
vt 0.254262 0.715821
vt 0.251758 0.726009
vt 0.252772 0.705672
vt 0.631282 0.051548
vt 0.637084 0.049473
vt 0.579455 0.190194
vt 0.585444 0.166341
vt 0.186435 0.321920
vt 0.586855 0.151979
vt 0.588057 0.160277
vt 0.187780 0.307330
vt 0.186863 0.270212
vt 0.195418 0.279465
vt 0.904598 0.004261
vt 0.912059 0.000442
vt 0.906206 0.009395
vt 0.141423 0.508980
vt 0.139868 0.506974
vt 0.980326 0.392302
vt 0.974666 0.392393
vt 0.793166 0.194800
vt 0.792944 0.278518
vt 0.794395 0.236596
vt 0.988885 0.394922
vt 0.968046 0.392936
vt 0.972555 0.391786
vt 0.793007 0.259642
vt 0.792405 0.214580
vt 0.884551 0.400299
vt 0.954653 0.403541
vt 0.063938 0.403841
vt 0.255703 0.916825
vt 0.251833 0.900576
vt 0.252656 0.869274
vt 0.257053 0.705233
vt 0.186564 0.330421
vt 0.794849 0.289213
vt 0.795363 0.285941
vt 0.790169 0.291181
vt 0.792824 0.190920
vt 0.138250 0.500768
vt 0.991601 0.397444
vt 0.970482 0.395875
vt 0.792387 0.165699
vt 0.791266 0.155212
vt 0.787869 0.167144
vt 0.062755 0.393998
vt 0.052532 0.391562
vt 0.065419 0.462671
vt 0.633978 0.047427
vt 0.254292 0.971625
vt 0.255624 0.966614
vt 0.588299 0.135725
vt 0.794082 0.199000
vt 0.973216 0.395614
vt 0.796516 0.232359
vt 0.589063 0.104581
vt 0.064430 0.471344
vt 0.892963 0.403398
vt 0.272881 0.747106
vt 0.633682 0.037161
vt 0.632520 0.032586
vt 0.636340 0.035509
vt 0.177766 0.340881
vt 0.992835 0.657945
vt 0.983992 0.673051
vt 0.984214 0.663431
vt 0.800562 0.191405
vt 0.806150 0.242650
vt 0.134159 0.496436
vt 0.141506 0.494065
vt 0.800248 0.288436
vt 0.592650 0.107006
vt 0.587735 0.118799
vt 0.799455 0.283170
vt 0.796424 0.276511
vt 0.801145 0.149027
vt 0.062249 0.628787
vt 0.058393 0.642671
vt 0.050978 0.644555
vt 0.260250 0.911754
vt 0.259183 0.766176
vt 0.633779 0.041547
vt 0.631829 0.037940
vt 0.631584 0.043399
vt 0.262132 0.716007
vt 0.607839 0.204850
vt 0.590598 0.195700
vt 0.998071 0.647085
vt 0.133994 0.509116
vt 0.130403 0.499825
vt 0.179682 0.268710
vt 0.798910 0.226858
vt 0.797371 0.207314
vt 0.803210 0.171671
vt 0.791795 0.169940
vt 0.884918 0.408899
vt 0.879557 0.404666
vt 0.070090 0.470260
vt 0.924389 0.409701
vt 0.926808 0.403092
vt 0.896237 0.409379
vt 0.069803 0.405105
vt 0.955433 0.409656
vt 0.258318 0.827711
vt 0.261527 0.802355
vt 0.267027 0.728638
vt 0.246068 0.731179
vt 0.268162 0.695668
vt 0.598247 0.189223
vt 0.597612 0.179662
vt 0.595109 0.180309
vt 0.073869 0.604876
vt 0.182035 0.294887
vt 0.183556 0.282909
vt 0.183509 0.306184
vt 0.130107 0.507062
vt 0.130221 0.504995
vt 0.595622 0.121089
vt 0.796887 0.197212
vt 0.802617 0.245954
vt 0.800402 0.291548
vt 0.794329 0.149405
vt 0.065499 0.398467
vt 0.077011 0.399795
vt 0.260271 0.874692
vt 0.257089 0.863386
vt 0.628638 0.036137
vt 0.262827 0.723318
vt 0.260778 0.966083
vt 0.180397 0.351563
vt 0.595765 0.190735
vt 0.179662 0.334525
vt 0.185394 0.332683
vt 0.176052 0.332464
vt 0.178772 0.322527
vt 0.799252 0.188509
vt 0.802805 0.195274
vt 0.802121 0.218568
vt 0.801611 0.208871
vt 0.804053 0.224090
vt 0.811504 0.256696
vt 0.824356 0.265179
vt 0.601082 0.102384
vt 0.175534 0.258058
vt 0.187578 0.264147
vt 0.831967 0.603884
vt 0.836078 0.598564
vt 0.843345 0.615021
vt 0.073786 0.394507
vt 0.961747 0.417101
vt 0.961891 0.407177
vt 0.263610 0.845579
vt 0.267541 0.777104
vt 0.264811 0.763016
vt 0.260196 0.976609
vt 0.177160 0.355791
vt 0.176952 0.278818
vt 0.803688 0.190916
vt 0.077685 0.467381
vt 0.966538 0.410016
vt 0.954709 0.416740
vt 0.076309 0.415528
vt 0.923751 0.416832
vt 0.265790 0.829241
vt 0.265899 0.716920
vt 0.284949 0.984242
vt 0.266404 0.977798
vt 0.270020 0.986782
vt 0.176241 0.345169
vt 0.167300 0.343399
vt 0.178295 0.295062
vt 0.806789 0.235639
vt 0.822592 0.249942
vt 0.277458 0.940972
vt 0.265561 0.868005
vt 0.625031 0.040203
vt 0.625043 0.035037
vt 0.627894 0.041234
vt 0.628406 0.045557
vt 0.264433 0.711248
vt 0.263033 0.704290
vt 0.603060 0.172940
vt 0.597662 0.160554
vt 0.173333 0.312148
vt 0.177288 0.311805
vt 0.599114 0.130102
vt 0.595357 0.148355
vt 0.123735 0.507733
vt 0.122006 0.503564
vt 0.825312 0.590350
vt 0.074062 0.389476
vt 0.084981 0.393571
vt 0.965236 0.423503
vt 0.085121 0.405530
vt 0.293118 0.731266
vt 0.270147 0.913565
vt 0.623272 0.031089
vt 0.618903 0.032984
vt 0.269835 0.722141
vt 0.267855 0.711410
vt 0.270214 0.707307
vt 0.275854 0.696792
vt 0.601026 0.199829
vt 0.601141 0.157301
vt 0.174090 0.299832
vt 0.599476 0.141897
vt 0.602200 0.120461
vt 0.115651 0.529011
vt 0.119585 0.520108
vt 0.125161 0.518381
vt 0.119001 0.496012
vt 0.814331 0.229455
vt 0.808403 0.211785
vt 0.164298 0.261062
vt 0.086166 0.398231
vt 0.085611 0.463749
vt 0.077110 0.457244
vt 0.085348 0.442552
vt 0.272742 0.853594
vt 0.271086 0.762580
vt 0.621042 0.037803
vt 0.272263 0.714944
vt 0.266214 0.968054
vt 0.171605 0.354053
vt 0.080173 0.637784
vt 0.074598 0.641691
vt 0.063825 0.636213
vt 0.611090 0.101128
vt 0.071758 0.621398
vt 0.827150 0.587679
vt 0.889629 0.426138
vt 0.883721 0.425240
vt 0.887882 0.416651
vt 0.960529 0.426159
vt 0.948474 0.423948
vt 0.923974 0.426792
vt 0.897586 0.424919
vt 0.897458 0.416618
vt 0.591495 0.033011
vt 0.589070 0.220942
vt 0.639328 0.226225
vt 0.164093 0.331716
vt 0.173679 0.319918
vt 0.603886 0.135131
vt 0.604174 0.141378
vt 0.117573 0.511265
vt 0.172222 0.272465
vt 0.815801 0.290384
vt 0.164533 0.254017
vt 0.275631 0.822084
vt 0.270392 0.797859
vt 0.273345 0.794301
vt 0.037921 0.158569
vt 0.055712 0.158569
vt 0.046369 0.155919
vt 0.275187 0.705689
vt 0.603042 0.188741
vt 0.060989 0.609498
vt 0.160709 0.344299
vt 0.606846 0.148939
vt 0.602798 0.152768
vt 0.170012 0.290279
vt 0.172156 0.280611
vt 0.174505 0.290917
vt 0.092904 0.468770
vt 0.090943 0.419101
vt 0.269862 0.888307
vt 0.275811 0.873152
vt 0.610783 0.036705
vt 0.278215 0.718694
vt 0.622618 0.051729
vt 0.615945 0.045188
vt 0.623612 0.045517
vt 0.283035 0.980626
vt 0.163189 0.348527
vt 0.166683 0.304510
vt 0.169407 0.298290
vt 0.167696 0.283628
vt 0.817392 0.224289
vt 0.813737 0.205072
vt 0.087145 0.617460
vt 0.089533 0.472257
vt 0.947060 0.430380
vt 0.284642 0.737193
vt 0.278266 0.907764
vt 0.269010 0.904304
vt 0.284057 0.718920
vt 0.631247 0.232750
vt 0.059405 0.614983
vt 0.164122 0.314851
vt 0.170109 0.308476
vt 0.610011 0.160362
vt 0.608080 0.134459
vt 0.608679 0.143154
vt 0.605445 0.127100
vt 0.609798 0.127298
vt 0.164682 0.288252
vt 0.816905 0.184279
vt 0.809571 0.183323
vt 0.807458 0.187152
vt 0.828818 0.281812
vt 0.810360 0.285987
vt 0.817422 0.207229
vt 0.164548 0.267042
vt 0.614685 0.105058
vt 0.966680 0.433772
vt 0.961059 0.434389
vt 0.899992 0.435442
vt 0.599623 0.037231
vt 0.284370 0.703123
vt 0.611540 0.194003
vt 0.161481 0.321256
vt 0.163595 0.325390
vt 0.161627 0.281451
vt 0.164851 0.272405
vt 0.818176 0.195191
vt 0.827429 0.146714
vt 0.794171 0.146033
vt 0.611015 0.112753
vt 0.278812 0.837319
vt 0.279035 0.799190
vt 0.279021 0.871536
vt 0.276936 0.788050
vt 0.279392 0.760081
vt 0.276533 0.758586
vt 0.283169 0.756870
vt 0.284052 0.696496
vt 0.289429 0.692649
vt 0.138403 0.379748
vt 0.126829 0.382712
vt 0.155244 0.340424
vt 0.617728 0.181455
vt 0.614493 0.167953
vt 0.622257 0.176883
vt 0.611723 0.157080
vt 0.158755 0.304791
vt 0.163772 0.296260
vt 0.825428 0.239072
vt 0.827148 0.174659
vt 0.812491 0.175722
vt 0.601691 0.096177
vt 0.612185 0.094085
vt 0.168488 0.249753
vt 0.098867 0.394207
vt 0.888918 0.437786
vt 0.097584 0.401199
vt 0.097358 0.465123
vt 0.095426 0.454942
vt 0.607490 0.047526
vt 0.613337 0.202165
vt 0.615029 0.191728
vt 0.050630 0.617618
vt 0.616419 0.187463
vt 0.162445 0.309706
vt 0.613493 0.150722
vt 0.614935 0.129795
vt 0.611449 0.135118
vt 0.820862 0.181319
vt 0.826638 0.195531
vt 0.610981 0.090148
vt 0.948788 0.436796
vt 0.282068 0.818322
vt 0.282710 0.779261
vt 0.293593 0.698441
vt 0.604507 0.055454
vt 0.611907 0.049399
vt 0.616539 0.053574
vt 0.157880 0.355830
vt 0.615680 0.136398
vt 0.616880 0.142633
vt 0.612185 0.142982
vt 0.160626 0.298707
vt 0.160271 0.289137
vt 0.829060 0.233906
vt 0.822965 0.227799
vt 0.824251 0.216459
vt 0.824281 0.208168
vt 0.826789 0.154256
vt 0.819227 0.170332
vt 0.155796 0.263033
vt 0.289839 0.739163
vt 0.287057 0.760235
vt 0.053349 0.620685
vt 0.621191 0.163193
vt 0.157847 0.313070
vt 0.155238 0.277572
vt 0.826667 0.245255
vt 0.818667 0.242831
vt 0.306356 0.946181
vt 0.276183 0.934403
vt 0.280375 0.687289
vt 0.619179 0.166204
vt 0.155976 0.318732
vt 0.619730 0.158869
vt 0.162310 0.276513
vt 0.158881 0.268815
vt 0.827575 0.227080
vt 0.829501 0.200657
vt 0.789989 0.588019
vt 0.820066 0.609905
vt 0.966337 0.445678
vt 0.104392 0.424968
vt 0.098220 0.428520
vt 0.282798 0.886561
vt 0.288382 0.853813
vt 0.283958 0.851110
vt 0.288132 0.879792
vt 0.284386 0.810328
vt 0.289034 0.812385
vt 0.290584 0.780298
vt 0.446426 0.063087
vt 0.516934 0.063132
vt 0.150597 0.358942
vt 0.152471 0.307564
vt 0.155314 0.301154
vt 0.619479 0.131607
vt 0.618763 0.139711
vt 0.620954 0.126003
vt 0.832937 0.179535
vt 0.832907 0.190578
vt 0.152715 0.253883
vt 0.105084 0.459934
vt 0.960346 0.444650
vt 0.940502 0.444621
vt 0.925942 0.437231
vt 0.292900 0.753371
vt 0.600848 0.051298
vt 0.298341 0.693864
vt 0.154783 0.349080
vt 0.149152 0.322097
vt 0.622923 0.151246
vt 0.830766 0.181753
vt 0.822500 0.183025
vt 0.832144 0.220080
vt 0.830782 0.214367
vt 0.838274 0.286344
vt 0.827128 0.285242
vt 0.102293 0.632072
vt 0.621615 0.093654
vt 0.907977 0.445903
vt 0.293412 0.770713
vt 0.481467 0.056174
vt 0.049157 0.625000
vt 0.626051 0.145570
vt 0.626865 0.136935
vt 0.150440 0.283351
vt 0.832208 0.230828
vt 0.850375 0.153399
vt 0.631015 0.096469
vt 0.806659 0.577643
vt 0.817705 0.582837
vt 0.811519 0.584312
vt 0.293181 0.823279
vt 0.292095 0.861845
vt 0.287788 0.914144
vt 0.292052 0.912493
vt 0.151249 0.315598
vt 0.830391 0.249283
vt 0.839711 0.252358
vt 0.836764 0.245887
vt 0.842058 0.147231
vt 0.783473 0.605529
vt 0.786430 0.599347
vt 0.311482 0.942565
vt 0.291051 0.932707
vt 0.303875 0.733630
vt 0.628332 0.171092
vt 0.147442 0.277964
vt 0.837903 0.249618
vt 0.837429 0.223845
vt 0.101989 0.635151
vt 0.098093 0.642552
vt 0.153586 0.249567
vt 0.112253 0.459633
vt 0.107650 0.469577
vt 0.305029 0.923956
vt 0.629542 0.205552
vt 0.147454 0.355931
vt 0.154228 0.353807
vt 0.144355 0.350506
vt 0.146732 0.346919
vt 0.142883 0.334580
vt 0.626731 0.161319
vt 0.629176 0.130063
vt 0.839309 0.207275
vt 0.852084 0.256294
vt 0.838170 0.199676
vt 0.787425 0.580746
vt 0.149578 0.241271
vt 0.162654 0.242799
vt 0.155219 0.246052
vt 0.113974 0.393452
vt 0.105336 0.395794
vt 0.111516 0.428339
vt 0.943200 0.454549
vt 0.297328 0.855192
vt 0.299729 0.814729
vt 0.297428 0.893486
vt 0.300155 0.751584
vt 0.303915 0.743957
vt 0.299192 0.771458
vt 0.322660 0.692659
vt 0.319820 0.690403
vt 0.145255 0.319431
vt 0.629128 0.155911
vt 0.150422 0.275043
vt 0.619540 0.112139
vt 0.628584 0.109512
vt 0.621729 0.115188
vt 0.297167 0.911735
vt 0.593844 0.053299
vt 0.141054 0.340267
vt 0.634302 0.181281
vt 0.632002 0.166138
vt 0.634200 0.125328
vt 0.840000 0.181777
vt 0.832138 0.185744
vt 0.845390 0.230496
vt 0.847637 0.196920
vt 0.846357 0.188443
vt 0.630260 0.113382
vt 0.144593 0.257735
vt 0.143131 0.262061
vt 0.107883 0.401162
vt 0.906441 0.456085
vt 0.644571 0.203604
vt 0.130910 0.357610
vt 0.629367 0.152475
vt 0.631863 0.136858
vt 0.626079 0.122878
vt 0.104311 0.609919
vt 0.091907 0.613560
vt 0.090434 0.610836
vt 0.303126 0.955666
vt 0.315357 0.953038
vt 0.301178 0.879620
vt 0.302412 0.845378
vt 0.302548 0.910956
vt 0.588550 0.049326
vt 0.317747 0.704024
vt 0.297528 0.718539
vt 0.131630 0.354640
vt 0.632786 0.144889
vt 0.847998 0.180364
vt 0.845809 0.201239
vt 0.142533 0.274859
vt 0.141635 0.269899
vt 0.149677 0.270135
vt 0.135754 0.255059
vt 0.634175 0.090165
vt 0.792303 0.576784
vt 0.122801 0.398717
vt 0.119622 0.428280
vt 0.120472 0.456474
vt 0.322232 0.720738
vt 0.645958 0.194378
vt 0.626594 0.196864
vt 0.639846 0.189012
vt 0.632736 0.192679
vt 0.621530 0.188687
vt 0.644998 0.178891
vt 0.131544 0.331123
vt 0.132287 0.325560
vt 0.149957 0.327808
vt 0.635008 0.157624
vt 0.638802 0.152754
vt 0.627855 0.118548
vt 0.634310 0.120381
vt 0.851037 0.239526
vt 0.849493 0.233382
vt 0.839031 0.241393
vt 0.862159 0.149300
vt 0.150036 0.265706
vt 0.968854 0.459641
vt 0.964024 0.456484
vt 0.881127 0.462511
vt 0.881222 0.447518
vt 0.884425 0.456879
vt 0.119308 0.404789
vt 0.957810 0.455673
vt 0.306481 0.843851
vt 0.307557 0.773049
vt 0.303755 0.752301
vt 0.302403 0.783024
vt 0.310971 0.978431
vt 0.303757 0.697640
vt 0.316189 0.698831
vt 0.138689 0.307407
vt 0.144982 0.310356
vt 0.145707 0.304062
vt 0.139056 0.291365
vt 0.147060 0.291763
vt 0.140679 0.282471
vt 0.843513 0.219486
vt 0.853461 0.269414
vt 0.639673 0.104694
vt 0.622653 0.106229
vt 0.623662 0.086132
vt 0.637927 0.085822
vt 0.125861 0.394101
vt 0.303823 0.808735
vt 0.307674 0.813309
vt 0.312127 0.809084
vt 0.584306 0.054631
vt 0.641419 0.201306
vt 0.628344 0.202587
vt 0.137801 0.321308
vt 0.137104 0.318010
vt 0.143373 0.315768
vt 0.848782 0.182740
vt 0.634887 0.116605
vt 0.112935 0.615410
vt 0.314298 0.736216
vt 0.311321 0.753420
vt 0.124912 0.335232
vt 0.640133 0.164288
vt 0.644410 0.167216
vt 0.137186 0.314048
vt 0.139972 0.302884
vt 0.639325 0.132177
vt 0.116782 0.639273
vt 0.103029 0.644671
vt 0.637078 0.113408
vt 0.649144 0.101391
vt 0.134636 0.248814
vt 0.127635 0.471002
vt 0.119817 0.473057
vt 0.118044 0.467322
vt 0.953862 0.464469
vt 0.311129 0.890866
vt 0.311203 0.845656
vt 0.311165 0.914111
vt 0.330892 0.982294
vt 0.130552 0.348029
vt 0.642587 0.184296
vt 0.645049 0.186927
vt 0.642066 0.157483
vt 0.641391 0.141586
vt 0.857826 0.179025
vt 0.852072 0.208246
vt 0.844278 0.208495
vt 0.845865 0.214165
vt 0.861949 0.175055
vt 0.644243 0.094303
vt 0.130295 0.464039
vt 0.961890 0.462870
vt 0.965195 0.469823
vt 0.125866 0.423823
vt 0.135254 0.282718
vt 0.849727 0.220758
vt 0.135192 0.276599
vt 0.870336 0.287942
vt 0.843695 0.280962
vt 0.843097 0.284079
vt 0.855248 0.198931
vt 0.640678 0.119143
vt 0.128675 0.451984
vt 0.130993 0.400909
vt 0.908104 0.469275
vt 0.892641 0.460226
vt 0.317167 0.925508
vt 0.325834 0.741515
vt 0.314556 0.841200
vt 0.655264 0.168460
vt 0.132974 0.303356
vt 0.647312 0.146230
vt 0.647203 0.135169
vt 0.131154 0.264264
vt 0.139371 0.265678
vt 0.121609 0.612949
vt 0.112066 0.608216
vt 0.889493 0.468114
vt 0.122016 0.345231
vt 0.133318 0.344246
vt 0.651515 0.190187
vt 0.128951 0.315088
vt 0.134144 0.292856
vt 0.857071 0.189881
vt 0.871358 0.284667
vt 0.854330 0.217120
vt 0.132999 0.273184
vt 0.131073 0.643445
vt 0.131725 0.268538
vt 0.769223 0.594768
vt 0.130482 0.244859
vt 0.139070 0.240724
vt 0.141420 0.245530
vt 0.773567 0.578892
vt 0.883178 0.470803
vt 0.556985 0.042794
vt 0.321885 0.847864
vt 0.319527 0.806678
vt 0.320333 0.921251
vt 0.315257 0.910233
vt 0.123942 0.316470
vt 0.645772 0.111672
vt 0.635808 0.109070
vt 0.648376 0.090921
vt 0.782184 0.572880
vt 0.134363 0.426147
vt 0.956337 0.471006
vt 0.929136 0.470239
vt 0.921682 0.463184
vt 0.354197 0.965701
vt 0.321347 0.894655
vt 0.315021 0.887679
vt 0.319031 0.765818
vt 0.667994 0.213417
vt 0.646186 0.150757
vt 0.129125 0.296584
vt 0.856122 0.184028
vt 0.866674 0.257668
vt 0.857731 0.224066
vt 0.965760 0.491351
vt 0.976041 0.489018
vt 0.974357 0.496191
vt 0.130779 0.283517
vt 0.861286 0.239675
vt 0.856460 0.242725
vt 0.850835 0.248242
vt 0.647649 0.121413
vt 0.642717 0.122943
vt 0.860029 0.208303
vt 0.870266 0.151728
vt 0.759595 0.606621
vt 0.790296 0.608890
vt 0.769916 0.585841
vt 0.329039 0.746642
vt 0.113961 0.352997
vt 0.116842 0.316067
vt 0.862029 0.198648
vt 0.872412 0.170457
vt 0.655076 0.097003
vt 0.131585 0.622056
vt 0.889656 0.475607
vt 0.949956 0.478163
vt 0.925596 0.477233
vt 0.116166 0.338139
vt 0.659854 0.182581
vt 0.654177 0.186156
vt 0.660700 0.177059
vt 0.648474 0.161137
vt 0.654579 0.161211
vt 0.127092 0.278630
vt 0.866631 0.178872
vt 0.652741 0.116822
vt 0.123059 0.275061
vt 0.659728 0.111695
vt 0.965284 0.487074
vt 0.654598 0.087880
vt 0.646069 0.085247
vt 0.966359 0.554465
vt 0.972513 0.533664
vt 0.976176 0.558571
vt 0.336604 0.936513
vt 0.122090 0.308752
vt 0.125007 0.303287
vt 0.130187 0.310062
vt 0.126875 0.290823
vt 0.645733 0.126505
vt 0.650089 0.131305
vt 0.652609 0.125490
vt 0.647953 0.126074
vt 0.861577 0.185579
vt 0.871979 0.268028
vt 0.872067 0.162500
vt 0.137654 0.641993
vt 0.123079 0.269044
vt 0.962945 0.480124
vt 0.898512 0.479029
vt 0.549391 0.041781
vt 0.657242 0.190287
vt 0.656532 0.199572
vt 0.122829 0.250876
vt 0.119584 0.257129
vt 0.962001 0.561262
vt 0.965231 0.508017
vt 0.962103 0.496359
vt 0.349579 0.726168
vt 0.349932 0.809610
vt 0.340987 0.839260
vt 0.331032 0.793899
vt 0.651744 0.137311
vt 0.651560 0.144408
vt 0.124023 0.284182
vt 0.866529 0.240393
vt 0.866891 0.223439
vt 0.863158 0.231158
vt 0.865745 0.214325
vt 0.657154 0.115554
vt 0.882803 0.480124
vt 0.963526 0.529322
vt 0.338758 0.895156
vt 0.337503 0.738017
vt 0.110126 0.341540
vt 0.104828 0.335608
vt 0.111213 0.328407
vt 0.116672 0.326003
vt 0.115035 0.305969
vt 0.117182 0.298206
vt 0.122390 0.290913
vt 0.655375 0.131060
vt 0.659309 0.124794
vt 0.871842 0.252426
vt 0.859635 0.250810
vt 0.118517 0.276496
vt 0.975089 0.647840
vt 0.981253 0.652222
vt 0.974661 0.656802
vt 0.352696 0.868201
vt 0.666969 0.166080
vt 0.658939 0.150394
vt 0.654128 0.156941
vt 0.651608 0.149972
vt 0.655161 0.145281
vt 0.870400 0.220571
vt 0.872452 0.179648
vt 0.135357 0.617960
vt 0.660420 0.096918
vt 0.661693 0.093179
vt 0.956114 0.491678
vt 0.957021 0.515734
vt 0.951773 0.497364
vt 0.966937 0.644705
vt 0.966007 0.653296
vt 0.940874 0.642295
vt 0.939584 0.653657
vt 0.361188 0.962269
vt 0.569841 0.048974
vt 0.577499 0.043506
vt 0.345150 0.973708
vt 0.329015 0.972970
vt 0.663118 0.151362
vt 0.657188 0.138361
vt 0.119233 0.281519
vt 0.874043 0.256951
vt 0.873690 0.148863
vt 0.116033 0.248555
vt 0.125827 0.243952
vt 0.950373 0.488631
vt 0.338140 0.951964
vt 0.339852 0.921883
vt 0.340468 0.781835
vt 0.339648 0.750039
vt 0.092711 0.381719
vt 0.680761 0.229522
vt 0.668683 0.194046
vt 0.663959 0.183808
vt 0.109461 0.312922
vt 0.662670 0.133113
vt 0.873491 0.230163
vt 0.875273 0.287622
vt 0.754668 0.588079
vt 0.979116 0.642371
vt 0.085469 0.376144
vt 0.106187 0.377388
vt 0.107846 0.333213
vt 0.109193 0.301518
vt 0.662360 0.141822
vt 0.114193 0.286572
vt 0.116949 0.289505
vt 0.666518 0.127254
vt 0.876670 0.266472
vt 0.875562 0.151822
vt 0.135725 0.645278
vt 0.878833 0.168994
vt 0.746817 0.601120
vt 0.666900 0.106054
vt 0.760800 0.581790
vt 0.983558 0.643158
vt 0.951505 0.559539
vt 0.958101 0.554953
vt 0.950856 0.532088
vt 0.095896 0.343367
vt 0.668333 0.179696
vt 0.105164 0.316151
vt 0.112323 0.276839
vt 0.875990 0.233551
vt 0.876241 0.179988
vt 0.877834 0.175666
vt 0.114963 0.254656
vt 0.903338 0.637170
vt 0.900137 0.644539
vt 0.899345 0.634543
vt 0.339816 0.801914
vt 0.344631 0.792779
vt 0.884460 0.288447
vt 0.878676 0.286651
vt 0.877476 0.227804
vt 0.142147 0.651226
vt 0.876727 0.161901
vt 0.942428 0.490234
vt 0.945603 0.633581
vt 0.348687 0.736173
vt 0.093498 0.367142
vt 0.110890 0.292544
vt 0.113677 0.298560
vt 0.666699 0.139576
vt 0.884578 0.258435
vt 0.881233 0.257522
vt 0.882906 0.267120
vt 0.884361 0.285920
vt 0.877438 0.257689
vt 0.881348 0.234453
vt 0.880514 0.180805
vt 0.883209 0.226397
vt 0.883273 0.178818
vt 0.879407 0.165175
vt 0.882381 0.159778
vt 0.880645 0.150967
vt 0.877029 0.172010
vt 0.670465 0.117468
vt 0.143481 0.626594
vt 0.107258 0.255378
vt 0.669163 0.101185
vt 0.980510 0.634852
vt 0.910715 0.638835
vt 0.353450 0.755842
vt 0.097795 0.341028
vt 0.108904 0.347658
vt 0.667991 0.148747
vt 0.887422 0.285501
vt 0.886650 0.264249
vt 0.882354 0.181387
vt 0.748819 0.615358
vt 0.742206 0.613299
vt 0.108756 0.260609
vt 0.147097 0.635197
vt 0.986437 0.631894
vt 0.940820 0.496793
vt 0.971295 0.633496
vt 0.912707 0.629437
vt 0.327806 0.723807
vt 0.368630 0.717024
vt 0.363807 0.712033
vt 0.888104 0.255207
vt 0.885793 0.179758
vt 0.883399 0.173935
vt 0.889188 0.170622
vt 0.942389 0.560133
vt 0.943043 0.541317
vt 0.903036 0.625011
vt 0.906213 0.627796
vt 0.104668 0.280631
vt 0.888070 0.167435
vt 0.142507 0.621259
vt 0.354276 0.928424
vt 0.348155 0.945001
vt 0.352375 0.786094
vt 0.672029 0.233809
vt 0.700304 0.235902
vt 0.665424 0.236307
vt 0.679300 0.152483
vt 0.671041 0.167573
vt 0.673456 0.146736
vt 0.888993 0.161972
vt 0.678019 0.114170
vt 0.984170 0.620101
vt 0.090259 0.322904
vt 0.099345 0.325953
vt 0.156853 0.650353
vt 0.148819 0.653269
vt 0.891377 0.176596
vt 0.892483 0.150326
vt 0.884557 0.151275
vt 0.547166 0.123357
vt 0.545834 0.127057
vt 0.539794 0.129322
vt 0.145045 0.642366
vt 0.099627 0.273929
vt 0.108908 0.266967
vt 0.925997 0.491322
vt 0.921291 0.488811
vt 0.937679 0.487129
vt 0.745194 0.593451
vt 0.933841 0.496122
vt 0.979662 0.625760
vt 0.951131 0.623461
vt 0.362368 0.819704
vt 0.361506 0.977462
vt 0.354216 0.748084
vt 0.689797 0.199802
vt 0.677569 0.187967
vt 0.696752 0.186561
vt 0.894885 0.164439
vt 0.098560 0.268551
vt 0.154815 0.637595
vt 0.989601 0.615478
vt 0.936165 0.537980
vt 0.972361 0.625779
vt 0.092280 0.316057
vt 0.100784 0.320585
vt 0.898955 0.161560
vt 0.736315 0.614281
vt 0.740143 0.617933
vt 0.344979 0.966562
vt 0.686820 0.180465
vt 0.681827 0.177068
vt 0.095053 0.310114
vt 0.679907 0.132702
vt 0.098096 0.283031
vt 0.098328 0.294909
vt 0.902297 0.147961
vt 0.926335 0.499969
vt 0.932121 0.553862
vt 0.976900 0.620074
vt 0.924379 0.616210
vt 0.910974 0.621502
vt 0.358089 0.950229
vt 0.358270 0.980888
vt 0.904787 0.286830
vt 0.905359 0.257582
vt 0.557123 0.121399
vt 0.678027 0.120314
vt 0.737915 0.604366
vt 0.905440 0.602513
vt 0.905021 0.615509
vt 0.900816 0.615363
vt 0.908797 0.611561
vt 0.359584 0.739248
vt 0.371991 0.698606
vt 0.362887 0.695118
vt 0.342798 0.695364
vt 0.700723 0.231642
vt 0.060728 0.381713
vt 0.082396 0.384445
vt 0.077810 0.361601
vt 0.093348 0.296859
vt 0.098123 0.304942
vt 0.733685 0.601799
vt 0.962747 0.618721
vt 0.087154 0.312729
vt 0.086726 0.309566
vt 0.683656 0.140632
vt 0.094010 0.285377
vt 0.902053 0.570298
vt 0.907600 0.566904
vt 0.916916 0.571996
vt 0.684167 0.129169
vt 0.922177 0.568282
vt 0.900951 0.174129
vt 0.889266 0.173188
vt 0.915445 0.494155
vt 0.914182 0.504120
vt 0.925681 0.547782
vt 0.919024 0.553468
vt 0.986486 0.604049
vt 0.981353 0.606793
vt 0.970801 0.612563
vt 0.914717 0.605639
vt 0.365457 0.942552
vt 0.372765 0.751293
vt 0.356004 0.752390
vt 0.697628 0.156111
vt 0.691484 0.166330
vt 0.682101 0.171903
vt 0.874633 0.563546
vt 0.880869 0.567913
vt 0.873127 0.571996
vt 0.687484 0.145165
vt 0.685044 0.156047
vt 0.680153 0.159973
vt 0.888579 0.570867
vt 0.900318 0.145612
vt 0.730805 0.614212
vt 0.160581 0.647583
vt 0.158961 0.653107
vt 0.686392 0.121716
vt 0.909051 0.489054
vt 0.941676 0.608884
vt 0.372147 0.796992
vt 0.083166 0.332650
vt 0.086588 0.331522
vt 0.083448 0.319668
vt 0.082586 0.314087
vt 0.083058 0.306702
vt 0.877558 0.559421
vt 0.879777 0.559733
vt 0.888722 0.564540
vt 0.896466 0.565867
vt 0.904411 0.294735
vt 0.902000 0.288823
vt 0.904936 0.484541
vt 0.905182 0.491220
vt 0.912851 0.539428
vt 0.367391 0.929968
vt 0.886105 0.549637
vt 0.903878 0.559684
vt 0.902738 0.510333
vt 0.901370 0.171600
vt 0.964495 0.604411
vt 0.373327 0.733454
vt 0.361848 0.733750
vt 0.367887 0.738567
vt 0.708301 0.206592
vt 0.700204 0.166952
vt 0.075337 0.321475
vt 0.096909 0.332755
vt 0.240169 0.109099
vt 0.248267 0.101587
vt 0.247879 0.105734
vt 0.254177 0.102969
vt 0.254487 0.104637
vt 0.881021 0.553878
vt 0.263579 0.103773
vt 0.267322 0.106170
vt 0.894360 0.557600
vt 0.888151 0.525888
vt 0.895981 0.527381
vt 0.688731 0.133890
vt 0.903826 0.526946
vt 0.900904 0.514751
vt 0.897347 0.519677
vt 0.909841 0.555373
vt 0.909840 0.312127
vt 0.907600 0.291424
vt 0.907579 0.313780
vt 0.909304 0.176451
vt 0.900924 0.177363
vt 0.903183 0.179837
vt 0.904173 0.143605
vt 0.901244 0.176925
vt 0.372837 0.845352
vt 0.369425 0.964116
vt 0.695042 0.149657
vt 0.695277 0.152994
vt 0.691883 0.154626
vt 0.992041 0.579305
vt 0.984945 0.583576
vt 0.987397 0.569346
vt 0.273562 0.104147
vt 0.885166 0.524351
vt 0.884460 0.542213
vt 0.988681 0.590975
vt 0.913147 0.318659
vt 0.908918 0.318396
vt 0.983114 0.592683
vt 0.936535 0.586743
vt 0.912246 0.595735
vt 0.916293 0.589990
vt 0.978843 0.598316
vt 0.939498 0.601952
vt 0.940540 0.595164
vt 0.366979 0.722650
vt 0.976711 0.573803
vt 0.984398 0.570593
vt 0.982933 0.573765
vt 0.255448 0.096297
vt 0.971891 0.578171
vt 0.284918 0.105851
vt 0.286334 0.109099
vt 0.972311 0.587055
vt 0.962094 0.580960
vt 0.911782 0.321370
vt 0.916496 0.334816
vt 0.960571 0.591511
vt 0.910032 0.147546
vt 0.907207 0.140423
vt 0.915326 0.295708
vt 0.909796 0.164526
vt 0.921734 0.588275
vt 0.961171 0.596848
vt 0.914165 0.284558
vt 0.913756 0.253578
vt 0.910730 0.179122
vt 0.566502 0.120583
vt 0.564830 0.126111
vt 0.060126 0.348060
vt 0.073998 0.311876
vt 0.068452 0.304576
vt 0.267971 0.093461
vt 0.911687 0.090571
vt 0.908904 0.076382
vt 0.909973 0.093274
vt 0.958793 0.578501
vt 0.909468 0.117931
vt 0.911578 0.111336
vt 0.909390 0.103698
vt 0.947708 0.580986
vt 0.932601 0.584116
vt 0.915597 0.313100
vt 0.568820 0.126510
vt 0.563986 0.129385
vt 0.850218 0.140901
vt 0.843165 0.137931
vt 0.849984 0.137364
vt 0.568732 0.130300
vt 0.904526 0.175517
vt 0.384248 0.812067
vt 0.389614 0.788865
vt 0.360349 0.077570
vt 0.363948 0.078584
vt 0.349327 0.083644
vt 0.911641 0.103244
vt 0.918605 0.320419
vt 0.913308 0.141709
vt 0.914439 0.136523
vt 0.906726 0.132848
vt 0.906123 0.128288
vt 0.915786 0.120039
vt 0.906990 0.174107
vt 0.381776 0.943657
vt 0.276795 0.095861
vt 0.913617 0.128918
vt 0.917517 0.286901
vt 0.915421 0.215102
vt 0.913204 0.173725
vt 0.908909 0.168899
vt 0.049667 0.142250
vt 0.050974 0.138251
vt 0.055070 0.140530
vt 0.720328 0.225548
vt 0.709236 0.175494
vt 0.916665 0.112934
vt 0.919289 0.295190
vt 0.917441 0.305102
vt 0.049157 0.151502
vt 0.055569 0.148846
vt 0.057397 0.151502
vt 0.383596 0.705707
vt 0.055895 0.326918
vt 0.260090 0.085247
vt 0.265559 0.085902
vt 0.340543 0.087055
vt 0.354405 0.075079
vt 0.331247 0.085229
vt 0.338004 0.091026
vt 0.925617 0.323277
vt 0.922031 0.323966
vt 0.924681 0.316323
vt 0.912764 0.152489
vt 0.919016 0.153007
vt 0.913798 0.148353
vt 0.918596 0.140575
vt 0.919770 0.124123
vt 0.922893 0.250939
vt 0.399954 0.977395
vt 0.388319 0.974470
vt 0.380548 0.914281
vt 0.395481 0.961193
vt 0.364730 0.706474
vt 0.057105 0.376972
vt 0.061929 0.307689
vt 0.369575 0.068936
vt 0.365981 0.065242
vt 0.378774 0.072355
vt 0.708661 0.145654
vt 0.704765 0.153656
vt 0.276678 0.091162
vt 0.341558 0.078433
vt 0.925551 0.329160
vt 0.919902 0.179191
vt 0.923494 0.284639
vt 0.922161 0.280061
vt 0.920927 0.213243
vt 0.027508 0.346765
vt 0.065933 0.301234
vt 0.073442 0.305016
vt 0.274099 0.087429
vt 0.920507 0.114807
vt 0.379781 0.867683
vt 0.401765 0.839522
vt 0.038523 0.362149
vt 0.062551 0.293531
vt 0.064900 0.291250
vt 0.928919 0.331077
vt 0.927676 0.344677
vt 0.932814 0.279527
vt 0.923642 0.093124
vt 0.918621 0.105375
vt 0.713265 0.144257
vt 0.711507 0.149842
vt 0.932411 0.356339
vt 0.931191 0.351781
vt 0.928645 0.358350
vt 0.927651 0.352997
vt 0.931772 0.206727
vt 0.929968 0.170785
vt 0.929823 0.154717
vt 0.922253 0.082279
vt 0.393544 0.867588
vt 0.393802 0.799850
vt 0.940050 0.283344
vt 0.936679 0.287653
vt 0.922228 0.146818
vt 0.925378 0.109961
vt 0.400457 0.932697
vt 0.396979 0.752946
vt 0.734466 0.163621
vt 0.935298 0.319730
vt 0.926973 0.083068
vt 0.722101 0.194473
vt 0.729313 0.185424
vt 0.721747 0.146399
vt 0.717784 0.133386
vt 0.719655 0.138659
vt 0.934116 0.254917
vt 0.935688 0.147633
vt 0.399909 0.821335
vt 0.751448 0.229434
vt 0.033400 0.313980
vt 0.058036 0.303799
vt 0.944778 0.106673
vt 0.039282 0.305966
vt 0.060703 0.290604
vt 0.926304 0.077997
vt 0.942256 0.077506
vt 0.930946 0.074647
vt 0.946890 0.341374
vt 0.403213 0.812090
vt 0.099033 0.137367
vt 0.119382 0.134718
vt 0.090356 0.134717
vt 0.940359 0.081576
vt 0.946516 0.218719
vt 0.415699 0.738383
vt 0.740056 0.211437
vt 0.744143 0.175760
vt 0.716131 0.155265
vt 0.728824 0.145358
vt 0.956881 0.353327
vt 0.944384 0.351598
vt 0.945613 0.268003
vt 0.017243 0.380491
vt 0.026536 0.378053
vt 0.039211 0.301565
vt 0.730705 0.142312
vt 0.419159 0.792752
vt 0.948996 0.091074
vt 0.430914 0.973024
vt 0.737531 0.152994
vt 0.965659 0.310772
vt 0.425960 0.700639
vt 0.427018 0.697535
vt 0.384713 0.696875
vt 0.950398 0.159538
vt 0.418155 0.954880
vt 0.954642 0.087880
vt 0.229177 0.052940
vt 0.000468 0.048557
vt 0.088125 0.040934
vt 0.430282 0.816092
vt 0.419708 0.961517
vt 0.418988 0.931148
vt 0.421821 0.831817
vt 0.419651 0.876614
vt 0.755687 0.188359
vt 0.766476 0.164364
vt 0.966197 0.081758
vt 0.968584 0.210918
vt 0.419678 0.805002
vt 0.978352 0.301067
vt 0.971130 0.182394
vt 0.960713 0.084282
vt 0.774341 0.230520
vt 0.758228 0.234180
vt 0.761316 0.170003
vt 0.009205 0.316329
vt 0.966415 0.347525
vt 0.965995 0.258596
vt 0.753720 0.195896
vt 0.426641 0.733650
vt 0.758630 0.221622
vt 0.979584 0.153908
vt 0.957878 0.112644
vt 0.769320 0.187817
vt 0.966750 0.091817
vt 0.430111 0.870401
vt 0.429624 0.778453
vt 0.019231 0.357439
vt 0.006103 0.321314
vt 0.754046 0.151131
vt 0.990528 0.349669
vt 0.980952 0.346502
vt 0.421344 0.977346
vt 0.431743 0.801822
vt 0.761625 0.195432
vt 0.759814 0.203094
vt 0.433065 0.940263
vt 0.433163 0.953845
vt 0.777396 0.221083
vt 0.015621 0.351609
vt 0.022908 0.351444
vt 0.990005 0.085747
vt 0.432194 0.916926
vt 0.767965 0.202297
vt 0.763881 0.193041
vt 0.775861 0.163830
vt 0.434538 0.852980
vt 0.427827 0.826221
vt 0.436283 0.739541
vt 0.012014 0.359172
vt 0.010439 0.323672
vt 0.024234 0.322389
vt 0.990817 0.082220
vt 0.989977 0.091669
vt 0.983606 0.209710
vt 0.012140 0.349204
vt 0.013818 0.341826
vt 0.016505 0.347273
vt 0.770944 0.176406
vt 0.436749 0.963001
vt 0.439788 0.974149
vt 0.434927 0.701935
vt 0.005206 0.381286
vt 0.003869 0.378149
vt 0.772536 0.169409
vt 0.982155 0.235912
vt 0.777900 0.234166
vt 0.006535 0.356196
vt 0.770722 0.194203
vt 0.008979 0.343831
vt 0.012908 0.337168
vt 0.008702 0.330612
vt 0.442073 0.955959
vt 0.439638 0.806797
vt 0.439419 0.780036
vt 0.440907 0.857961
vt 0.439263 0.700944
vt 0.004525 0.349111
vt 0.989755 0.252997
vt 0.990848 0.300917
vt 0.441153 0.817790
vt 0.439816 0.951675
vt 0.776477 0.196540
vt 0.990082 0.172415
vt 0.987687 0.131210
vt 0.776558 0.206538
vt 0.827744 0.524929
vt 0.821304 0.545575
vt 0.825637 0.546127
vt 0.822327 0.432337
vt 0.821700 0.444954
vt 0.827220 0.446825
vt 0.824464 0.396865
vt 0.828414 0.403465
vt 0.774289 0.175165
vt 0.826526 0.561976
vt 0.813692 0.562558
vt 0.832235 0.565578
vt 0.814836 0.500531
vt 0.828961 0.502531
vt 0.822149 0.518130
vt 0.815685 0.446269
vt 0.816350 0.449752
vt 0.817183 0.411447
vt 0.813206 0.485324
vt 0.827302 0.496582
vt 0.815099 0.396645
vt 0.809952 0.560335
vt 0.812917 0.565685
vt 0.801178 0.559567
vt 0.803156 0.564552
vt 0.999033 0.347189
vt 0.997102 0.344689
vt 0.992476 0.119827
vt 0.993052 0.206249
vt 0.441699 0.963714
vt 0.442452 0.803478
vt 0.442052 0.702963
vt 0.839670 0.530456
vt 0.832645 0.534544
vt 0.832310 0.393552
vt 0.835821 0.561044
vt 0.824499 0.451680
vt 0.834653 0.450016
vt 0.819598 0.390985
vt 0.817611 0.296557
vt 0.836193 0.296821
vt 0.838278 0.293728
vt 0.829830 0.477529
vt 0.819423 0.478943
vt 0.819299 0.460464
vt 0.817766 0.333776
vt 0.812867 0.442513
vt 0.810929 0.474830
vt 0.779648 0.165484
vt 0.803045 0.553581
vt 0.993774 0.233169
vt 0.442595 0.868592
vt 0.779823 0.228245
vt 0.863500 0.563718
vt 0.855186 0.562113
vt 0.865594 0.565903
vt 0.838044 0.543452
vt 0.852755 0.534784
vt 0.852606 0.520814
vt 0.849813 0.502327
vt 0.842058 0.516570
vt 0.843658 0.490323
vt 0.843368 0.435229
vt 0.841518 0.394817
vt 0.834610 0.429805
vt 0.834720 0.390789
vt 0.832726 0.462688
vt 0.838407 0.466512
vt 0.829110 0.351176
vt 0.839508 0.386270
vt 0.832616 0.306862
vt 0.817886 0.315928
vt 0.828363 0.312919
vt 0.827940 0.325707
vt 0.818731 0.299621
vt 0.837635 0.300914
vt 0.815026 0.303539
vt 0.812850 0.378556
vt 0.803719 0.496318
vt 0.807948 0.300692
vt 0.805149 0.298204
vt 0.803106 0.301185
vt 0.997156 0.336033
vt 0.444241 0.972820
vt 0.866882 0.522003
vt 0.868177 0.563835
vt 0.864052 0.531351
vt 0.781254 0.221216
vt 0.862461 0.517409
vt 0.859858 0.298008
vt 0.844108 0.445391
vt 0.845700 0.460331
vt 0.840023 0.310450
vt 0.840266 0.325064
vt 0.804818 0.457892
vt 0.806318 0.426010
vt 0.807715 0.379394
vt 0.811953 0.303613
vt 0.999532 0.329047
vt 0.804482 0.305829
vt 0.997287 0.272009
vt 0.998444 0.276010
vt 0.992680 0.089967
vt 0.997315 0.176598
vt 0.872191 0.434172
vt 0.869710 0.443579
vt 0.871496 0.452951
vt 0.870466 0.411572
vt 0.444887 0.856598
vt 0.443914 0.833604
vt 0.869691 0.463108
vt 0.866141 0.449370
vt 0.871768 0.313070
vt 0.869212 0.316655
vt 0.862709 0.448832
vt 0.856200 0.469368
vt 0.862773 0.438251
vt 0.856186 0.361701
vt 0.850572 0.397215
vt 0.805306 0.355620
vt 0.806723 0.316114
vt 0.801676 0.470138
vt 0.801460 0.501378
vt 0.800763 0.541746
vt 0.996738 0.141869
vt 0.996870 0.212128
vt 0.871787 0.306223
vt 0.872191 0.297562
vt 0.866744 0.307411
vt 0.866722 0.298912
vt 0.860621 0.303279
vt 0.864143 0.350772
vt 0.861851 0.320537
vt 0.801434 0.421820
vt 0.802548 0.356814
vt 0.799506 0.489291
vt 0.999532 0.209772
vt 0.802178 0.382863
vt 0.800230 0.444090
vt 0.799521 0.390823
vt 0.798221 0.423674
vt 0.897510 0.898273
vt 0.897628 0.816537
vt 0.038915 0.000468
vt 0.001986 0.204913
vt 0.250295 0.012864
vt 0.223804 0.022923
vt 0.898408 0.705250
vt 0.001697 0.187126
vt 0.250468 0.019901
vt 0.726124 0.529818
vt 0.720383 0.401770
vt 0.872319 0.717457
vt 0.701306 0.581965
vt 0.749549 0.325087
vt 0.861242 0.731635
vt 0.680637 0.643282
vt 0.656338 0.422315
vt 0.819567 0.826481
vt 0.147925 0.212699
vt 0.138889 0.234184
vt 0.129408 0.156234
vt 0.141785 0.151873
vt 0.748678 0.844491
vt 0.150642 0.221669
vt 0.573967 0.666330
vt 0.574360 0.662724
vt 0.567849 0.656276
vt 0.613635 0.319569
vt 0.612839 0.311296
vt 0.611312 0.292671
vt 0.874270 0.608216
vt 0.611059 0.307804
vt 0.161292 0.177780
vt 0.158754 0.163394
vt 0.736479 0.657715
vt 0.742539 0.651346
vt 0.750857 0.644793
vt 0.877553 0.626793
vt 0.879682 0.638456
vt 0.553343 0.399543
vt 0.729552 0.673844
vt 0.605237 0.299327
vt 0.599413 0.291078
vt 0.603733 0.290883
vt 0.878251 0.647635
vt 0.713211 0.852358
vt 0.878145 0.655928
vt 0.762765 0.615283
vt 0.599977 0.284060
vt 0.919391 0.059629
vt 0.777372 0.615587
vt 0.818796 0.664454
vt 0.173850 0.144492
vt 0.475016 0.094784
vt 0.482678 0.091934
vt 0.471034 0.082893
vt 0.593281 0.276622
vt 0.926656 0.054841
vt 0.178005 0.138563
vt 0.185365 0.136377
vt 0.827044 0.674416
vt 0.924605 0.042430
vt 0.935167 0.050370
vt 0.521156 0.468759
vt 0.468476 0.077227
vt 0.692287 0.844276
vt 0.789896 0.615468
vt 0.795233 0.667739
vt 0.576284 0.292514
vt 0.197829 0.132710
vt 0.571699 0.295217
vt 0.513984 0.615252
vt 0.196152 0.129114
vt 0.802851 0.668436
vt 0.516992 0.669325
vt 0.524735 0.671631
vt 0.523815 0.619843
vt 0.804154 0.619742
vt 0.519937 0.650868
vt 0.515573 0.664853
vt 0.518700 0.979845
vt 0.812266 0.671162
vt 0.669166 0.832388
vt 0.499075 0.434575
vt 0.520131 0.995025
vt 0.499225 0.938608
vt 0.492425 0.435583
vt 0.218566 0.174501
vt 0.738296 0.125374
vt 0.740392 0.123704
vt 0.324140 0.064222
vt 0.487676 0.524571
vt 0.489261 0.525593
vt 0.292063 0.070613
vt 0.659246 0.952730
vt 0.321769 0.062123
vt 0.516386 0.031942
vt 0.240185 0.064709
vt 0.493769 0.674470
vt 0.654601 0.882876
vt 0.225768 0.176176
vt 0.259752 0.060512
vt 0.481062 0.523603
vt 0.837048 0.100814
vt 0.481032 0.673840
vt 0.649149 0.925288
vt 0.242574 0.196953
vt 0.813202 0.099382
vt 0.467404 0.944264
vt 0.247035 0.197018
vt 0.644781 0.749017
vt 0.208346 0.069573
vt 0.459391 0.004114
vt 0.247444 0.187702
vt 0.838251 0.123182
vt 0.206564 0.065490
vt 0.101406 0.117486
vt 0.457793 0.945368
vt 0.094611 0.151502
vt 0.096910 0.144744
vt 0.463716 0.434412
vt 0.455196 0.951211
vt 0.526759 0.277683
vt 0.024105 0.229240
vt 0.018970 0.223057
vt 0.025749 0.224458
vt 0.461602 0.489877
vt 0.015449 0.229240
vt 0.466601 0.668600
vt 0.723535 0.117774
vt 0.082865 0.151502
vt 0.196107 0.066004
vt 0.776890 0.123613
vt 0.452379 0.948351
vt 0.457844 0.433483
vt 0.449035 0.014933
vt 0.815841 0.133834
vt 0.261341 0.183245
vt 0.460532 0.511865
vt 0.778558 0.126469
vt 0.462254 0.671704
vt 0.463139 0.028544
vt 0.732687 0.111005
vt 0.457259 0.666043
vt 0.716561 0.110091
vt 0.715440 0.120592
vt 0.268156 0.184856
vt 0.251996 0.133942
vt 0.455313 0.397902
vt 0.624672 0.796405
vt 0.618959 0.769266
vt 0.620197 0.788733
vt 0.270366 0.171972
vt 0.446359 0.390638
vt 0.612353 0.794126
vt 0.435929 0.512297
vt 0.444278 0.670478
vt 0.273505 0.138034
vt 0.177968 0.066973
vt 0.279098 0.128766
vt 0.597835 0.765066
vt 0.597436 0.717593
vt 0.486565 0.372627
vt 0.393185 0.670620
vt 0.602922 0.692961
vt 0.601019 0.694040
vt 0.882801 0.071872
vt 0.030431 0.147968
vt 0.044476 0.147968
vt 0.040835 0.142693
vt 0.590954 0.687095
vt 0.874200 0.068326
vt 0.579122 0.706922
vt 0.867284 0.076849
vt 0.866608 0.079979
vt 0.427894 0.023107
vt 0.580693 0.694443
vt 0.582826 0.688518
vt 0.565105 0.733052
vt 0.400762 0.653463
vt 0.401140 0.522483
vt 0.559218 0.775363
vt 0.447380 0.275401
vt 0.572720 0.694209
vt 0.376232 0.009509
vt 0.402400 0.007507
vt 0.389070 0.405644
vt 0.020622 0.668990
vt 0.537252 0.796188
vt 0.375957 0.469603
vt 0.382097 0.518249
vt 0.064139 0.150893
vt 0.846020 0.031620
vt 0.028756 0.678352
vt 0.400859 0.022990
vt 0.031883 0.695256
vt 0.004754 0.212456
vt 0.395808 0.021820
vt 0.409999 0.351502
vt 0.831834 0.024985
vt 0.829830 0.047730
vt 0.890549 0.084364
vt 0.391346 0.021643
vt 0.830944 0.014819
vt 0.528340 0.723395
vt 0.368983 0.519327
vt 0.363358 0.516725
vt 0.365162 0.511099
vt 0.365158 0.493074
vt 0.357464 0.672901
vt 0.339924 0.672291
vt 0.356112 0.517001
vt 0.375602 0.027171
vt 0.508984 0.732827
vt 0.816908 0.000442
vt 0.818786 0.019221
vt 0.812788 0.004781
vt 0.340245 0.600837
vt 0.808508 0.002964
vt 0.360980 0.036602
vt 0.360199 0.041359
vt 0.356889 0.037052
vt 0.059198 0.061611
vt 0.351894 0.040641
vt 0.345037 0.041961
vt 0.295597 0.009097
vt 0.879682 0.088906
vt 0.774917 0.029584
vt 0.422427 0.117889
vt 0.755394 0.059763
vt 0.017438 0.059282
vt 0.294336 0.620776
vt 0.279804 0.487638
vt 0.849545 0.102925
vt 0.843165 0.106606
vt 0.128063 0.532966
vt 0.854360 0.103919
vt 0.756389 0.002710
vt 0.265633 0.516651
vt 0.000468 0.056979
vt 0.266852 0.623871
vt 0.311689 0.285709
vt 0.257141 0.010437
vt 0.536029 0.011081
vt 0.537199 0.003975
vt 0.515595 0.015276
vt 0.531410 0.012582
vt 0.512988 0.013287
vt 0.733603 0.071624
vt 0.758743 0.141383
vt 0.290944 0.266281
vt 0.292053 0.264031
vt 0.471438 0.202641
vt 0.992041 0.011488
vt 0.084489 0.118019
vt 0.086729 0.547344
vt 0.090202 0.547437
vt 0.000468 0.165636
vt 0.014513 0.165636
vt 0.012166 0.159452
vt 0.135854 0.144435
vt 0.239421 0.592967
vt 0.706295 0.082853
vt 0.245107 0.647713
vt 0.712571 0.075336
vt 0.237776 0.598620
vt 0.741105 0.089486
vt 0.288774 0.263433
vt 0.877939 0.118102
vt 0.878578 0.126767
vt 0.239621 0.571381
vt 0.131554 0.118057
vt 0.077376 0.137367
vt 0.879682 0.113706
vt 0.082438 0.523462
vt 0.732964 0.090552
vt 0.426503 0.099865
vt 0.070865 0.137108
vt 0.703244 0.062410
vt 0.225024 0.521475
vt 0.414135 0.112633
vt 0.064139 0.137367
vt 0.004989 0.145318
vt 0.000468 0.151502
vt 0.237947 0.563736
vt 0.717310 0.088781
vt 0.407240 0.099563
vt 0.700706 0.025800
vt 0.348322 0.098730
vt 0.730081 0.254022
vt 0.220659 0.598830
vt 0.694076 0.026179
vt 0.211970 0.337599
vt 0.218078 0.448476
vt 0.201771 0.386447
vt 0.691575 0.039178
vt 0.213347 0.450393
vt 0.734590 0.244347
vt 0.208731 0.463846
vt 0.197563 0.985926
vt 0.317425 0.095848
vt 0.026802 0.526364
vt 0.186197 0.387741
vt 0.186341 0.571173
vt 0.001403 0.137104
vt 0.010773 0.128116
vt 0.372524 0.112633
vt 0.208514 0.808366
vt 0.672337 0.052618
vt 0.969337 0.724110
vt 0.959687 0.700656
vt 0.114631 0.938083
vt 0.103526 0.938449
vt 0.232086 0.264383
vt 0.970835 0.718613
vt 0.035493 0.117049
vt 0.307657 0.096979
vt 0.021015 0.120403
vt 0.983814 0.716278
vt 0.875153 0.033210
vt 0.371255 0.099382
vt 0.229100 0.256218
vt 0.023388 0.529350
vt 0.988692 0.706422
vt 0.992921 0.734545
vt 0.119382 0.946466
vt 0.902203 0.948925
vt 0.228805 0.263049
vt 0.025749 0.117049
vt 0.884363 0.960689
vt 0.019195 0.589059
vt 0.980202 0.701307
vt 0.053328 0.935565
vt 0.061129 0.939057
vt 0.971378 0.957487
vt 0.118286 0.957155
vt 0.929943 0.032475
vt 0.987589 0.939397
vt 0.991799 0.944884
vt 0.938789 0.369715
vt 0.999532 0.732743
vt 0.167117 0.560978
vt 0.170822 0.565269
vt 0.768734 0.265201
vt 0.992680 0.709893
vt 0.935861 0.030307
vt 0.933157 0.373462
vt 0.934351 0.368982
vt 0.929388 0.368429
vt 0.652940 0.033644
vt 0.992819 0.704188
vt 0.143088 0.611123
vt 0.879218 0.016936
vt 0.864016 0.016851
vt 0.651397 0.038290
vt 0.995906 0.707868
vt 0.026763 0.437715
vt 0.022603 0.427431
vt 0.883332 0.015832
vt 0.010270 0.419926
vt 0.019601 0.426322
vt 0.921025 0.366426
vt 0.211514 0.314191
vt 0.006274 0.417577
vt 0.890537 0.012913
vt 0.963358 0.376164
vt 0.001656 0.402713
vt 0.565906 0.149203
vt 0.568551 0.144661
vt 0.568296 0.152632
vt 0.243910 0.725042
vt 0.577801 0.064577
vt 0.006441 0.391545
vt 0.020996 0.390568
vt 0.899412 0.010598
vt 0.202011 0.285091
vt 0.036747 0.473057
vt 0.996008 0.385746
vt 0.196841 0.275921
vt 0.999104 0.388107
vt 0.042541 0.391088
vt 0.041667 0.653269
vt 0.983054 0.383956
vt 0.145476 0.515326
vt 0.787056 0.228914
vt 0.142592 0.498830
vt 0.193311 0.268364
vt 0.054354 0.647891
vt 0.843420 0.606021
vt 0.849719 0.617933
vt 0.964792 0.400249
vt 0.254297 0.834988
vt 0.978508 0.394971
vt 0.056115 0.630072
vt 0.060713 0.389134
vt 0.834158 0.611252
vt 0.838345 0.614990
vt 0.128008 0.491761
vt 0.996028 0.404831
vt 0.070173 0.454312
vt 0.260011 0.902440
vt 0.881890 0.414419
vt 0.627205 0.050600
vt 0.271238 0.921081
vt 0.128751 0.511424
vt 0.803936 0.207864
vt 0.803145 0.200559
vt 0.179691 0.256280
vt 0.059055 0.625342
vt 0.264389 0.900421
vt 0.811693 0.247431
vt 0.594451 0.097291
vt 0.805293 0.197127
vt 0.075697 0.616038
vt 0.813435 0.244181
vt 0.089370 0.389145
vt 0.878347 0.421551
vt 0.606851 0.059074
vt 0.609267 0.186161
vt 0.113223 0.503238
vt 0.110057 0.517343
vt 0.805103 0.609846
vt 0.611094 0.118473
vt 0.106462 0.502344
vt 0.105337 0.508294
vt 0.880214 0.433407
vt 0.281261 0.839152
vt 0.614280 0.120203
vt 0.884546 0.438856
vt 0.616197 0.123463
vt 0.155813 0.271907
vt 0.822838 0.188002
vt 0.105621 0.472324
vt 0.830537 0.209453
vt 0.622279 0.089226
vt 0.888702 0.447797
vt 0.368344 0.049908
vt 0.332868 0.705873
vt 0.363615 0.055800
vt 0.855805 0.236124
vt 0.769920 0.609730
vt 0.119010 0.351826
vt 0.965468 0.565805
vt 0.980805 0.565599
vt 0.976978 0.507920
vt 0.769808 0.576290
vt 0.118664 0.263672
vt 0.334275 0.701797
vt 0.122557 0.297114
vt 0.903928 0.647225
vt 0.899512 0.656802
vt 0.916112 0.650642
vt 0.354717 0.708753
vt 0.758062 0.609746
vt 0.953204 0.566045
vt 0.669415 0.185708
vt 0.673789 0.174758
vt 0.677211 0.177964
vt 0.883982 0.148636
vt 0.940508 0.566549
vt 0.750567 0.584683
vt 0.891822 0.288002
vt 0.547344 0.130300
vt 0.929834 0.564031
vt 0.259917 0.043930
vt 0.093196 0.320753
vt 0.682720 0.164755
vt 0.400281 0.091431
vt 0.389536 0.082994
vt 0.396588 0.084088
vt 0.683604 0.165975
vt 0.926859 0.560248
vt 0.371708 0.897378
vt 0.360138 0.970337
vt 0.915173 0.562576
vt 0.868446 0.140901
vt 0.854128 0.131696
vt 0.863868 0.133500
vt 0.903854 0.166044
vt 0.379652 0.078441
vt 0.691095 0.158915
vt 0.906218 0.587414
vt 0.902613 0.590710
vt 0.245843 0.094610
vt 0.897191 0.516342
vt 0.372009 0.077379
vt 0.370890 0.075065
vt 0.288435 0.106103
vt 0.302903 0.103600
vt 0.909245 0.583736
vt 0.916851 0.587157
vt 0.847909 0.131184
vt 0.299458 0.099289
vt 0.288821 0.096453
vt 0.059457 0.146470
vt 0.351266 0.068034
vt 0.294780 0.097164
vt 0.326311 0.091431
vt 0.289250 0.093727
vt 0.923358 0.293068
vt 0.347986 0.068911
vt 0.931835 0.359982
vt 0.060087 0.384235
vt 0.350770 0.064046
vt 0.050658 0.306884
vt 0.944116 0.111714
vt 0.037159 0.327235
vt 0.020291 0.344945
vt 0.004583 0.384717
vt 0.996174 0.352002
vt 0.000468 0.381479
vt 0.444180 0.700446
vt 0.839261 0.568463
vt 0.444492 0.804147
vt 0.828090 0.335829
vt 0.444245 0.814513
vt 0.445225 0.744894
vt 0.444315 0.956909
vt 0.782303 0.232006
vt 0.445225 0.963941
vt 0.869549 0.294368
vt 0.862681 0.295065
s 1
usemtl Material_0
f 3372/1/1 3373/2/1 1/3/1
f 3396/4/2 3262/5/2 3395/6/2
f 3445/7/3 3446/8/4 3447/9/5
f 1037/10/6 3207/11/7 1058/12/8
f 3197/13/9 1038/14/10 1058/12/8
f 3203/15/11 1057/16/12 3197/13/9
f 1057/16/12 1044/17/13 3197/13/9
f 1044/17/13 1038/14/10 3197/13/9
f 1055/18/14 1056/19/15 1057/16/12
f 1036/20/16 1037/10/6 1038/14/10
f 1054/21/17 1044/17/13 1056/19/15
f 1053/22/18 1039/23/19 1044/17/13
f 1040/24/20 1039/23/19 1053/22/18
f 3026/25/21 3039/26/22 1076/27/23
f 3197/28/9 3034/29/24 3203/30/11
f 1062/31/25 1068/32/26 1073/33/27
f 1072/34/28 1078/35/29 1073/33/27
f 1079/36/30 1057/16/12 3203/15/11
f 1061/37/31 1062/31/25 1037/10/6
f 1066/38/32 1068/32/26 1062/31/25
f 1069/39/33 1067/40/34 1062/31/25
f 1066/38/32 1072/34/28 1068/32/26
f 1040/24/20 1036/20/16 1039/23/19
f 1063/41/35 1069/39/33 1061/37/31
f 1063/41/35 1067/40/34 1069/39/33
f 1041/42/36 1036/20/16 1040/24/20
f 1059/43/37 1043/44/38 1042/45/39
f 1060/46/40 1071/47/41 1059/43/37
f 3039/26/22 3025/48/42 3032/49/43
f 1076/27/23 3028/50/44 3026/25/21
f 4602/51/45 4604/52/46 1072/53/28
f 1066/38/32 4614/54/47 1072/34/28
f 1065/55/48 4614/54/47 1066/38/32
f 1049/56/49 1045/57/50 1048/58/51
f 1042/45/39 1040/24/20 1045/57/50
f 1052/59/52 1059/43/37 1042/45/39
f 1071/47/41 1064/60/53 1043/44/38
f 1071/47/41 1070/61/54 1064/60/53
f 1070/61/54 1065/55/48 1064/60/53
f 1051/62/55 1052/59/52 1047/63/56
f 1060/46/40 1074/64/57 1071/47/41
f 1574/65/58 1070/61/54 1071/47/41
f 1572/66/59 1051/62/55 1050/67/60
f 1051/62/55 1075/68/61 1052/59/52
f 1502/69/62 1075/70/61 1051/71/55
f 3202/72/63 3203/30/11 3034/29/24
f 1079/73/30 3203/74/11 3202/75/63
f 1078/76/29 4597/77/64 3029/78/65
f 4571/79/66 4614/54/47 1065/55/48
f 1572/66/59 1050/67/60 1077/80/67
f 1050/67/60 1049/56/49 1077/80/67
f 1070/61/54 4570/81/68 1065/55/48
f 4570/81/68 4571/79/66 1065/55/48
f 1529/82/69 1070/61/54 1574/65/58
f 1529/82/69 4570/81/68 1070/61/54
f 1572/83/59 1502/69/62 1051/71/55
f 1530/84/70 1528/85/71 1574/86/58
f 1528/85/71 1529/87/69 1574/86/58
f 1530/84/70 1074/88/57 1557/89/72
f 3032/49/43 3021/90/73 3031/91/74
f 3025/48/42 3021/90/73 3032/49/43
f 3031/91/74 3034/29/24 3033/92/75
f 3030/93/76 3029/78/65 3028/50/44
f 4015/94/77 1079/73/30 3202/75/63
f 4602/51/45 4603/95/78 4604/52/46
f 4123/96/79 4122/97/80 4128/98/81
f 4122/97/80 4130/99/82 4128/98/81
f 4121/100/83 1077/101/67 4130/99/82
f 3022/102/84 3202/72/63 3034/29/24
f 3031/91/74 3022/102/84 3034/29/24
f 4604/52/46 4522/103/85 4597/104/64
f 4094/105/86 4127/106/87 1079/73/30
f 4602/51/45 4599/107/88 4603/95/78
f 4112/108/89 1077/101/67 4121/100/83
f 4110/109/90 1572/110/59 4112/108/89
f 1526/111/91 4595/112/92 1529/87/69
f 1526/111/91 1529/87/69 1528/85/71
f 1508/113/93 1557/89/72 1503/114/94
f 4570/115/68 4569/116/95 4571/117/66
f 1533/118/96 1530/84/70 1534/119/97
f 1527/120/98 1530/84/70 1533/118/96
f 1497/121/99 1502/69/62 1572/83/59
f 4111/122/100 4110/109/90 4112/108/89
f 1556/123/101 1534/119/97 1557/89/72
f 1556/123/101 1535/124/102 1534/119/97
f 3206/125/103 4015/94/77 3202/75/63
f 4120/126/104 4112/108/89 4121/100/83
f 1535/124/102 1533/118/96 1534/119/97
f 3029/78/65 3014/127/105 3027/128/106
f 3031/91/74 3009/129/107 3022/102/84
f 3206/130/103 3202/72/63 3010/131/108
f 3202/72/63 3022/102/84 3010/131/108
f 4124/132/109 4123/96/79 4127/106/87
f 4131/133/110 1497/121/99 1572/83/59
f 3021/90/73 3024/134/111 3002/135/112
f 3027/128/106 3004/136/113 3024/134/111
f 3004/136/113 3027/128/106 3014/127/105
f 3012/137/114 3009/129/107 3031/91/74
f 4597/77/64 3209/138/115 3011/139/116
f 4522/103/85 3209/140/115 4597/104/64
f 4014/141/117 4015/94/77 3206/125/103
f 1501/142/118 1508/113/93 1500/143/119
f 3002/135/112 3003/144/120 3012/137/114
f 3012/137/114 3003/144/120 3009/129/107
f 4570/115/68 4568/145/121 4569/116/95
f 4595/146/92 4568/145/121 4570/115/68
f 1560/147/122 1535/124/102 1556/123/101
f 4120/126/104 4121/100/83 4119/148/123
f 1501/142/118 1504/149/124 1508/113/93
f 1514/150/125 1560/147/122 1556/123/101
f 4601/151/126 4600/152/127 4599/107/88
f 1514/150/125 1556/123/101 1555/153/128
f 3209/138/115 4641/154/129 3011/139/116
f 4600/152/127 4598/155/130 4599/107/88
f 1559/156/131 4568/145/121 4595/146/92
f 1498/157/132 1501/142/118 1500/143/119
f 1498/157/132 1500/143/119 1497/121/99
f 3003/144/120 3008/158/133 3009/129/107
f 4522/103/85 4520/159/134 4521/160/135
f 4095/161/136 4124/132/109 4094/105/86
f 1516/162/137 1527/120/98 1533/118/96
f 3002/135/112 2999/163/138 3003/144/120
f 3008/158/133 3206/130/103 3010/131/108
f 4093/164/139 4094/105/86 4014/141/117
f 4119/148/123 4111/122/100 4120/126/104
f 1519/165/140 1559/166/131 1520/167/141
f 2999/163/138 3005/168/142 3003/144/120
f 4600/152/127 4605/169/143 4598/155/130
f 4568/145/121 4567/170/144 4569/116/95
f 1583/171/145 4567/170/144 4568/145/121
f 1583/171/145 4568/145/121 1559/156/131
f 4014/141/117 4013/172/146 4093/164/139
f 4530/173/147 4520/159/134 4522/103/85
f 1514/150/125 1536/174/148 1560/147/122
f 3206/130/103 3008/158/133 3035/175/149
f 4126/176/150 4108/177/151 4119/148/123
f 1499/178/152 1501/142/118 1498/157/132
f 4013/172/146 4014/141/117 3206/125/103
f 4605/169/143 4553/179/153 4598/155/130
f 4109/180/154 4131/181/110 4110/109/90
f 3000/182/155 2996/183/156 2999/163/138
f 2997/184/157 2996/183/156 3000/182/155
f 3209/140/115 4521/160/135 4641/185/129
f 4129/186/158 4108/177/151 4126/176/150
f 1515/187/159 1536/174/148 1514/150/125
f 4013/172/146 4091/188/160 4093/164/139
f 4096/189/161 4099/190/162 4093/164/139
f 4553/179/153 4552/191/163 4531/192/164
f 4572/193/165 4552/191/163 4553/179/153
f 4108/177/151 4109/180/154 4110/109/90
f 1558/194/166 1497/121/99 4131/133/110
f 1511/195/167 1513/196/168 1512/197/169
f 1513/196/168 1514/150/125 1512/197/169
f 4091/188/160 4092/198/170 4093/164/139
f 4552/191/163 4532/199/171 4531/192/164
f 4581/200/172 4552/191/163 4572/193/165
f 4567/170/144 4581/200/172 4582/201/173
f 1499/178/152 1505/202/174 1504/149/124
f 1513/196/168 1515/187/159 1514/150/125
f 1515/187/159 1525/203/175 1536/174/148
f 4641/154/129 2859/204/176 2861/205/177
f 4530/173/147 4519/206/178 4520/159/134
f 1513/196/168 1525/203/175 1515/187/159
f 2999/163/138 2998/207/179 3005/168/142
f 3006/208/180 2896/209/181 3008/158/133
f 4012/210/182 3206/125/103 3035/211/149
f 4097/212/183 4096/189/161 4092/198/170
f 4097/212/183 4129/186/158 4096/189/161
f 4581/200/172 4534/213/184 4552/191/163
f 1489/214/185 1499/178/152 1488/215/186
f 1489/214/185 1506/216/187 1499/178/152
f 1506/216/187 1511/195/167 1505/202/174
f 2996/183/156 2998/207/179 2999/163/138
f 2998/207/179 3006/208/180 3005/168/142
f 4013/172/146 3206/125/103 4012/210/182
f 4090/217/188 4092/198/170 4091/188/160
f 4533/218/189 4519/206/178 4532/199/171
f 4090/217/188 4097/212/183 4092/198/170
f 4097/212/183 4108/177/151 4129/186/158
f 1564/219/190 1525/203/175 1513/196/168
f 1564/219/190 1524/220/191 1525/203/175
f 4107/221/192 4109/180/154 4108/177/151
f 4109/180/154 1558/222/166 4131/181/110
f 1548/223/193 1518/224/194 1524/220/191
f 1552/225/195 1513/196/168 1511/195/167
f 4097/212/183 4107/221/192 4108/177/151
f 1552/225/195 1506/216/187 1489/214/185
f 1550/226/196 1564/219/190 1552/225/195
f 1564/219/190 1513/196/168 1552/225/195
f 1548/223/193 1524/220/191 1553/227/197
f 1518/224/194 1516/162/137 1524/220/191
f 1495/228/198 1550/226/196 1552/225/195
f 1519/165/140 1561/229/199 1583/230/145
f 3006/208/180 3007/231/200 2896/209/181
f 2896/209/181 3036/232/201 3035/175/149
f 3035/211/149 3036/233/201 4012/210/182
f 4013/172/146 4008/234/202 4091/188/160
f 1583/171/145 4566/235/203 4567/170/144
f 1543/236/204 1546/237/205 1550/226/196
f 1546/237/205 1551/238/206 1550/226/196
f 2856/239/207 2854/240/208 2998/207/179
f 2997/184/157 2856/239/207 2998/207/179
f 2862/241/209 2896/209/181 3007/231/200
f 2858/242/210 2862/241/209 3007/231/200
f 4104/243/211 4107/221/192 4097/212/183
f 1546/237/205 1544/244/212 1551/238/206
f 1485/245/213 1495/228/198 1484/246/214
f 2860/247/215 2859/204/176 2850/248/216
f 4104/243/211 4097/212/183 4105/249/217
f 1544/244/212 1545/250/218 1548/223/193
f 1519/165/140 1520/167/141 1516/162/137
f 2850/248/216 2854/240/208 2856/239/207
f 2860/247/215 2850/248/216 2856/239/207
f 4105/249/217 4097/212/183 4090/217/188
f 1491/251/219 1496/252/220 1495/228/198
f 4615/253/221 2848/254/222 2859/204/176
f 4566/235/203 4554/255/223 4567/170/144
f 1539/256/224 1544/244/212 1543/236/204
f 2854/240/208 2850/248/216 2851/257/225
f 4008/234/202 4088/258/226 4091/188/160
f 4567/170/144 4554/255/223 4534/213/184
f 1584/259/227 1558/222/166 4109/180/154
f 2858/242/210 2855/260/228 2862/241/209
f 2850/248/216 2849/261/229 2851/257/225
f 2855/260/228 2863/262/230 2862/241/209
f 2848/254/222 2849/261/229 2850/248/216
f 2863/262/230 2895/263/231 2862/241/209
f 4615/253/221 4653/264/232 2848/254/222
f 3036/233/201 4011/265/233 4012/210/182
f 4520/159/134 4517/266/234 4516/267/235
f 4533/218/189 4543/268/236 4519/206/178
f 4113/269/237 4107/221/192 4104/243/211
f 4615/270/221 4518/271/238 4653/272/232
f 1487/273/239 1558/194/166 1584/274/227
f 1538/275/240 1537/276/241 1544/244/212
f 1537/276/241 1545/250/218 1544/244/212
f 4113/269/237 4109/180/154 4107/221/192
f 1481/277/242 1485/245/213 1484/246/214
f 1538/275/240 1544/244/212 1539/256/224
f 2849/261/229 2848/254/222 2847/278/243
f 2978/279/244 4011/265/233 3036/233/201
f 2896/209/181 2978/280/244 3036/232/201
f 1494/281/245 1541/282/246 1540/283/247
f 2849/261/229 2843/284/248 2851/257/225
f 2847/278/243 2843/284/248 2849/261/229
f 2848/254/222 2846/285/249 2847/278/243
f 4653/264/232 2846/285/249 2848/254/222
f 2897/286/250 2978/280/244 2896/209/181
f 4533/218/189 4536/287/251 4537/288/252
f 4534/213/184 4536/287/251 4533/218/189
f 4010/289/253 4007/290/254 4011/265/233
f 1537/276/241 1517/291/255 1545/250/218
f 1446/292/256 1516/162/137 1518/224/194
f 4010/289/253 4011/265/233 2978/279/244
f 4533/218/189 4537/288/252 4543/268/236
f 1584/259/227 4109/180/154 4113/269/237
f 1532/293/257 1538/275/240 1539/256/224
f 2843/284/248 2813/294/258 2851/257/225
f 4100/295/259 4104/243/211 4105/249/217
f 4554/255/223 4561/296/260 4536/287/251
f 1521/297/261 1537/276/241 1523/298/262
f 1521/297/261 1517/291/255 1537/276/241
f 1532/293/257 1539/256/224 1540/283/247
f 4114/299/263 1584/259/227 4113/269/237
f 2865/300/264 2866/301/265 2864/302/266
f 4543/268/236 4542/303/267 4519/206/178
f 1573/304/268 1487/273/239 1584/274/227
f 1476/305/269 1479/306/270 1481/277/242
f 1541/282/246 1532/293/257 1540/283/247
f 1523/298/262 1538/275/240 1532/293/257
f 1446/292/256 1518/224/194 1517/291/255
f 2813/294/258 2814/307/271 2852/308/272
f 2866/301/265 2867/309/273 2864/302/266
f 4518/271/238 4513/310/274 4653/272/232
f 4566/235/203 4561/296/260 4554/255/223
f 1483/311/275 1476/305/269 1481/277/242
f 2811/312/276 2813/294/258 2843/284/248
f 4626/313/277 4566/235/203 1561/314/199
f 2972/315/278 2954/316/279 2971/317/280
f 2993/318/281 2954/316/279 2972/315/278
f 2814/307/271 2992/319/282 2972/315/278
f 2863/262/230 2893/320/283 2894/321/284
f 4087/322/285 4100/295/259 4090/217/188
f 4566/235/203 4562/323/286 4561/296/260
f 1522/324/287 1521/297/261 1523/298/262
f 1445/325/288 4626/326/277 1561/229/199
f 2972/315/278 2992/319/282 2993/318/281
f 2971/317/280 2954/316/279 2878/327/289
f 2843/284/248 2835/328/290 2811/312/276
f 2847/278/243 2835/328/290 2843/284/248
f 4087/322/285 4090/217/188 4088/258/226
f 4103/329/291 4104/243/211 4100/295/259
f 4115/330/292 4113/269/237 4104/243/211
f 1463/331/293 1517/291/255 1521/297/261
f 1479/306/270 1492/332/294 1490/333/295
f 1493/334/296 1494/281/245 1490/333/295
f 2992/319/282 2954/316/279 2993/318/281
f 2894/321/284 4137/335/297 2978/280/244
f 2978/279/244 4137/336/297 4010/289/253
f 4009/337/298 4007/290/254 4010/289/253
f 4516/267/235 4512/338/299 4518/271/238
f 1492/332/294 1493/334/296 1490/333/295
f 2954/316/279 2952/339/300 2878/327/289
f 2814/307/271 2857/340/301 2992/319/282
f 2878/327/289 2870/341/302 2865/300/264
f 2846/285/249 2835/328/290 2847/278/243
f 1531/342/303 1523/298/262 1532/293/257
f 1531/342/303 1522/324/287 1523/298/262
f 2990/343/304 2953/344/305 2954/316/279
f 2991/345/306 2990/343/304 2954/316/279
f 2812/346/307 2814/307/271 2813/294/258
f 4510/347/308 4509/348/309 4516/267/235
f 1542/349/310 1531/342/303 1532/293/257
f 1531/342/303 1463/331/293 1522/324/287
f 2991/345/306 3018/350/311 2990/343/304
f 3019/351/312 3017/352/313 2857/340/301
f 4115/330/292 4114/299/263 4113/269/237
f 2952/339/300 2951/353/314 2878/327/289
f 3018/350/311 2988/354/315 2990/343/304
f 4626/313/277 1566/355/316 4562/323/286
f 1510/356/317 1549/357/318 1493/334/296
f 1549/357/318 1542/349/310 1493/334/296
f 1549/357/318 1531/342/303 1542/349/310
f 2952/339/300 2953/344/305 2951/353/314
f 2878/327/289 2951/353/314 2870/341/302
f 3017/352/313 3016/358/319 3018/350/311
f 2811/312/276 2812/346/307 2813/294/258
f 2894/321/284 2893/320/283 2886/359/320
f 2765/360/321 3017/352/313 3019/351/312
f 2810/361/322 2765/360/321 3019/351/312
f 4009/337/298 4010/289/253 4137/336/297
f 4002/362/323 4007/290/254 4009/337/298
f 1474/363/324 1479/306/270 1476/305/269
f 1479/306/270 1480/364/325 1492/332/294
f 1480/364/325 1510/356/317 1492/332/294
f 1478/365/326 1483/311/275 1487/273/239
f 1476/305/269 1483/311/275 1478/365/326
f 1480/364/325 1509/366/327 1510/356/317
f 1509/366/327 1554/367/328 1549/357/318
f 1438/368/329 1437/369/330 1446/292/256
f 2812/346/307 2810/361/322 2857/340/301
f 2870/341/302 2869/370/331 2866/301/265
f 1474/363/324 1473/371/332 1479/306/270
f 1480/364/325 1460/372/333 1509/366/327
f 2771/373/334 2775/374/335 3016/358/319
f 4101/375/336 4103/329/291 4100/295/259
f 1405/376/337 1434/377/338 1406/378/339
f 1405/376/337 1406/378/339 1407/379/340
f 2755/380/341 2771/373/334 3016/358/319
f 2765/360/321 2755/380/341 3016/358/319
f 4514/381/342 3187/382/343 4513/310/274
f 1464/383/344 1480/364/325 1473/371/332
f 1434/377/338 1435/384/345 1438/368/329
f 1460/372/333 1480/364/325 1453/385/346
f 1408/386/347 1407/379/340 1460/372/333
f 2953/344/305 2970/387/348 2950/388/349
f 2988/354/315 2984/389/350 2970/387/348
f 2985/390/351 2984/389/350 2988/354/315
f 2846/285/249 2836/391/352 2835/328/290
f 4006/392/353 4007/290/254 4003/393/354
f 4510/347/308 4507/394/355 4509/348/309
f 1573/304/268 1478/365/326 1487/273/239
f 1408/386/347 1405/376/337 1407/379/340
f 2805/395/356 2764/396/357 2810/361/322
f 2811/312/276 2808/397/358 2810/361/322
f 2846/285/249 3187/398/343 2836/391/352
f 4562/323/286 4559/399/359 4561/296/260
f 2870/341/302 2950/388/349 2871/400/360
f 1453/385/346 1418/401/361 1408/386/347
f 1432/402/362 1435/384/345 1434/377/338
f 2811/312/276 2809/403/363 2808/397/358
f 2767/404/364 2769/405/365 2770/406/366
f 1430/407/367 1405/376/337 1409/408/368
f 2984/389/350 2949/409/369 2970/387/348
f 4085/410/370 4087/322/285 4088/258/226
f 4106/411/371 4115/330/292 4101/375/336
f 1465/412/372 1464/383/344 1473/371/332
f 1410/413/373 1409/408/368 1408/386/347
f 2834/414/374 2833/415/375 2835/328/290
f 4085/410/370 4088/258/226 4006/392/353
f 1413/416/376 1430/407/367 1409/408/368
f 1432/402/362 1434/377/338 1430/407/367
f 2873/417/377 2876/418/378 2868/419/379
f 1450/420/380 1466/421/381 1464/383/344
f 2950/388/349 2872/422/382 2871/400/360
f 2754/423/383 2752/424/384 2755/380/341
f 2762/425/385 2758/426/386 2754/423/383
f 2886/359/320 2887/427/387 2888/428/388
f 4134/429/389 4009/337/298 4137/336/297
f 2888/428/388 4134/430/389 4137/335/297
f 4098/431/390 4100/295/259 4087/322/285
f 1450/420/380 1418/401/361 1453/385/346
f 4617/432/391 1566/433/316 1445/325/288
f 2756/434/392 2768/435/393 2767/404/364
f 2970/387/348 2943/436/394 2950/388/349
f 2949/409/369 2943/436/394 2970/387/348
f 2769/405/365 2782/437/395 2770/406/366
f 2767/404/364 2768/435/393 2769/405/365
f 2805/395/356 2762/425/385 2764/396/357
f 2887/427/387 2889/438/396 2888/428/388
f 4098/431/390 4101/375/336 4100/295/259
f 1475/439/397 1474/363/324 1476/305/269
f 2809/403/363 2804/440/398 2808/397/358
f 2889/438/396 4134/430/389 2888/428/388
f 4106/411/371 4114/299/263 4115/330/292
f 2782/437/395 2781/441/399 2949/409/369
f 2950/388/349 2932/442/400 2872/422/382
f 4544/443/401 4542/303/267 4543/268/236
f 1416/444/402 1408/386/347 1418/401/361
f 2753/445/403 2752/424/384 2754/423/383
f 2769/405/365 2781/441/399 2782/437/395
f 4003/393/354 4005/446/404 4006/392/353
f 2758/426/386 2753/445/403 2754/423/383
f 2833/415/375 2807/447/405 2809/403/363
f 2832/448/406 2807/447/405 2833/415/375
f 4510/347/308 4511/449/407 4507/394/355
f 4536/287/251 4538/450/408 4537/288/252
f 1464/383/344 1454/451/409 1450/420/380
f 1449/452/410 1418/401/361 1450/420/380
f 1416/444/402 1418/401/361 1449/452/410
f 2833/415/375 2834/414/374 2832/448/406
f 1562/453/411 1573/454/268 4114/299/263
f 1411/455/412 1413/416/376 1409/408/368
f 1449/452/410 1450/420/380 1451/456/413
f 1412/457/414 1410/413/373 1408/386/347
f 2768/435/393 2773/458/415 2774/459/416
f 2772/460/417 2773/458/415 2768/435/393
f 2752/424/384 2772/460/417 2756/434/392
f 2753/445/403 2750/461/418 2752/424/384
f 1469/462/419 1465/412/372 1474/363/324
f 1432/402/362 1436/463/420 1437/369/330
f 1421/464/421 1425/465/422 1413/416/376
f 2772/460/417 2776/466/423 2773/458/415
f 2836/391/352 4828/467/424 2837/468/425
f 4004/469/426 4005/446/404 4003/393/354
f 4544/443/401 4545/470/427 4542/303/267
f 4102/471/428 4101/375/336 4098/431/390
f 1421/464/421 1413/416/376 1411/455/412
f 2802/472/429 2762/425/385 2805/395/356
f 2807/447/405 2806/473/430 2804/440/398
f 2932/442/400 2874/474/431 2872/422/382
f 2943/436/394 2933/475/432 2932/442/400
f 2891/476/433 4134/430/389 2889/438/396
f 2751/477/434 2776/466/423 2752/424/384
f 2753/445/403 2746/478/435 2750/461/418
f 2758/426/386 2757/479/436 2753/445/403
f 2887/427/387 2891/476/433 2889/438/396
f 4542/303/267 4545/470/427 4511/449/407
f 4559/399/359 4565/480/437 4539/481/438
f 2750/461/418 2751/477/434 2752/424/384
f 4134/429/389 3998/482/439 4009/337/298
f 1562/483/411 1477/484/440 1478/365/326
f 4821/485/441 4617/432/391 1445/325/288
f 2757/479/436 2746/478/435 2753/445/403
f 4828/467/424 2838/486/442 2837/468/425
f 4084/487/443 4086/488/444 4085/410/370
f 1477/484/440 1469/462/419 1475/439/397
f 1447/489/445 1416/444/402 1449/452/410
f 2834/414/374 2830/490/446 2832/448/406
f 4084/487/443 4085/410/370 4005/446/404
f 4586/491/447 4540/492/448 4539/481/438
f 4565/480/437 4586/491/447 4539/481/438
f 4117/493/449 4106/411/371 4102/471/428
f 4118/494/450 1562/453/411 4116/495/451
f 1452/496/452 1449/452/410 1451/456/413
f 1422/497/453 1421/464/421 1411/455/412
f 2750/461/418 2748/498/454 2751/477/434
f 2890/499/455 2891/476/433 2887/427/387
f 4502/500/456 4550/501/457 4514/381/342
f 4004/469/426 4084/487/443 4005/446/404
f 4170/502/458 4117/493/449 4098/431/390
f 4565/480/437 4585/503/459 4586/491/447
f 1411/455/412 1412/457/414 1414/504/460
f 1417/505/461 1422/497/453 1411/455/412
f 2750/461/418 2746/478/435 2748/498/454
f 2785/506/462 2780/507/463 2779/508/464
f 2777/509/465 2785/506/462 2779/508/464
f 2762/425/385 2761/510/466 2758/426/386
f 2831/511/467 2830/490/446 2834/414/374
f 4001/512/468 4002/362/323 3998/482/439
f 4544/443/401 4555/513/469 4545/470/427
f 4089/514/470 4098/431/390 4086/488/444
f 4089/514/470 4170/502/458 4098/431/390
f 4179/515/471 4117/493/449 4170/502/458
f 4586/491/447 4627/516/472 4540/492/448
f 4179/515/471 4182/517/473 4117/493/449
f 2748/498/454 2749/518/474 2785/506/462
f 2747/519/475 2749/518/474 2748/498/454
f 2746/478/435 2747/519/475 2748/498/454
f 2834/414/374 2838/486/442 2831/511/467
f 2891/476/433 4133/520/476 4134/430/389
f 4132/521/477 4084/487/443 4004/469/426
f 4545/470/427 4573/522/478 4511/449/407
f 4182/517/473 4183/523/479 4117/493/449
f 4183/523/479 4118/494/450 4117/493/449
f 1447/489/445 1449/452/410 1452/496/452
f 2803/524/480 2804/440/398 2806/473/430
f 2931/525/481 2879/526/482 2874/474/431
f 4134/429/389 4133/527/476 3998/482/439
f 4511/449/407 4584/528/483 4507/394/355
f 3622/529/484 4084/487/443 4132/521/477
f 4573/522/478 4584/528/483 4511/449/407
f 4180/530/485 4170/502/458 4089/514/470
f 1593/531/486 4182/517/473 4179/515/471
f 4827/532/487 4564/533/488 4821/534/441
f 1470/535/489 1468/536/490 1469/462/419
f 2747/519/475 2746/478/435 2783/537/491
f 4001/512/468 4132/521/477 4004/469/426
f 4628/538/492 4574/539/493 4555/513/469
f 4627/516/472 4585/503/459 4826/540/494
f 4827/541/487 4821/485/441 4839/542/495
f 1472/543/496 1469/462/419 1477/484/440
f 1420/544/497 1416/444/402 1447/489/445
f 1415/545/498 1411/455/412 1414/504/460
f 4839/542/495 4821/485/441 1436/463/420
f 2933/475/432 2931/525/481 2932/442/400
f 3702/546/499 4084/487/443 3622/529/484
f 3702/546/499 3707/547/500 4089/514/470
f 4628/538/492 4306/548/501 4574/539/493
f 2219/549/502 4826/540/494 4837/550/503
f 4627/516/472 4826/540/494 2219/549/502
f 1426/551/504 1422/497/453 1417/505/461
f 1441/552/505 1436/463/420 1433/553/506
f 2759/554/507 2784/555/508 2783/537/491
f 2785/506/462 2749/518/474 2786/556/509
f 4550/501/457 4502/500/456 4637/557/510
f 4555/513/469 4574/539/493 4573/522/478
f 4306/548/501 4628/538/492 4818/558/511
f 4838/559/512 2219/549/502 4837/550/503
f 1429/560/513 1425/465/422 1424/561/514
f 1431/562/515 1441/552/505 1433/553/506
f 2747/519/475 2784/555/508 2787/563/516
f 2762/425/385 2802/472/429 2761/510/466
f 3620/564/517 3622/529/484 4132/521/477
f 4573/522/478 4575/565/518 4584/528/483
f 1594/566/519 1589/567/520 1593/568/486
f 1589/567/520 1585/569/521 1593/568/486
f 2223/570/522 4838/559/512 4837/550/503
f 4839/571/495 2223/570/522 4837/550/503
f 2223/572/522 4839/542/495 1441/552/505
f 1420/544/497 1414/504/460 1416/444/402
f 1439/573/523 1425/465/422 1429/560/513
f 1569/574/524 1424/561/514 1423/575/525
f 2760/576/526 2759/554/507 2757/479/436
f 2830/490/446 2823/577/527 2806/473/430
f 2829/578/528 2823/577/527 2830/490/446
f 2787/563/516 2789/579/529 2786/556/509
f 2881/580/530 2890/499/455 2877/581/531
f 2879/526/482 2880/582/532 2875/583/533
f 4166/584/534 3620/564/517 4132/521/477
f 4001/512/468 4166/584/534 4132/521/477
f 3554/585/535 3558/586/536 3557/587/537
f 2219/549/502 2213/588/538 4819/589/539
f 3554/585/535 4181/590/540 3558/586/536
f 1589/567/520 3543/591/541 1585/569/521
f 3543/591/541 1472/543/496 1585/569/521
f 1447/489/445 1452/496/452 1455/592/542
f 1439/573/523 1431/562/515 1425/465/422
f 1442/593/543 1441/552/505 1431/562/515
f 4637/594/510 2841/595/544 2838/486/442
f 3622/529/484 3701/596/545 3702/546/499
f 3701/596/545 3707/547/500 3702/546/499
f 2213/597/538 4307/598/546 4819/599/539
f 3552/600/547 3554/585/535 3557/587/537
f 1594/601/519 3554/585/535 3552/600/547
f 1442/593/543 2223/572/522 1441/552/505
f 2806/473/430 2823/577/527 2803/524/480
f 4304/602/548 4305/603/549 4306/548/501
f 4305/603/549 4574/539/493 4306/548/501
f 3692/604/550 3557/605/537 3708/606/551
f 2213/597/538 2220/607/552 4307/598/546
f 3555/608/553 3557/605/537 3692/604/550
f 3543/609/541 1589/610/520 3530/611/554
f 1448/612/555 1420/544/497 1447/489/445
f 1420/544/497 1448/612/555 1414/504/460
f 1439/573/523 1440/613/556 1431/562/515
f 1567/614/557 1471/615/558 1482/616/559
f 1443/617/560 1429/560/513 1569/574/524
f 2803/524/480 2801/618/561 2802/472/429
f 4583/619/562 4508/620/563 4507/394/355
f 3668/621/564 3708/606/551 3701/596/545
f 3668/621/564 3636/622/565 3692/604/550
f 2209/623/566 2221/624/567 2220/607/552
f 3636/622/565 3555/608/553 3692/604/550
f 2202/625/568 2209/623/566 2208/626/569
f 1567/627/557 3530/611/554 3529/628/570
f 3553/629/571 1467/630/572 1468/536/490
f 1443/617/560 1439/573/523 1429/560/513
f 1458/631/573 1431/562/515 1440/613/556
f 1567/614/557 1482/616/559 3543/591/541
f 3535/632/574 3539/633/575 1471/615/558
f 2815/634/576 2797/635/577 2791/636/578
f 2801/618/561 2761/510/466 2802/472/429
f 2787/563/516 2788/637/579 2789/579/529
f 2831/511/467 2838/486/442 2839/638/580
f 4583/619/562 4560/639/581 4508/620/563
f 3620/564/517 4166/584/534 3618/640/582
f 4574/539/493 4305/603/549 4312/641/583
f 4575/565/518 4574/539/493 4312/641/583
f 3697/642/584 3668/621/564 3701/596/545
f 3630/643/585 3636/622/565 3668/621/564
f 4281/644/586 4294/645/587 2222/646/588
f 2192/647/589 2191/648/590 2200/649/591
f 2192/647/589 2200/649/591 1581/650/592
f 2763/651/593 2797/635/577 2760/576/526
f 2879/526/482 2883/652/594 2880/582/532
f 2891/476/433 2890/499/455 2892/653/595
f 4507/394/355 4508/620/563 4504/654/596
f 4305/603/549 4303/655/597 4312/641/583
f 4305/603/549 4304/602/548 4303/655/597
f 2222/646/588 4294/645/587 4304/602/548
f 2221/656/567 4274/657/598 4281/644/586
f 2217/658/599 4274/657/598 2221/656/567
f 2199/659/600 2217/660/599 2209/623/566
f 2202/625/568 2199/659/600 2209/623/566
f 2191/648/590 2199/659/600 2202/625/568
f 1456/661/601 1447/489/445 1455/592/542
f 1456/661/601 1457/662/602 1447/489/445
f 2198/663/603 1440/664/556 1439/665/523
f 2880/582/532 2955/666/604 2882/667/605
f 4165/668/606 4166/584/534 4001/512/468
f 4165/668/606 3618/640/582 4166/584/534
f 3619/669/607 3621/670/608 3620/564/517
f 4304/602/548 4302/671/609 4303/655/597
f 3639/672/610 3668/621/564 3697/642/584
f 1419/673/611 1415/545/498 1414/504/460
f 1444/674/612 1426/551/504 1417/505/461
f 2214/675/613 2198/676/603 1439/573/523
f 2193/677/614 1458/678/573 1440/664/556
f 3534/679/615 1567/627/557 3526/680/616
f 3534/679/615 3535/681/574 1567/627/557
f 2766/682/617 2797/635/577 2763/651/593
f 2933/475/432 2794/683/618 2931/525/481
f 2934/684/619 2794/683/618 2933/475/432
f 2789/579/529 2794/683/618 2934/684/619
f 2838/486/442 2841/595/544 2839/638/580
f 2883/652/594 2955/666/604 2880/582/532
f 3698/685/620 3697/642/584 3619/669/607
f 4294/645/587 4279/686/621 4302/671/609
f 4281/644/586 4265/687/622 4294/645/587
f 3631/688/623 3635/689/624 3636/622/565
f 2199/659/600 4293/690/625 2217/660/599
f 1462/691/626 1461/692/627 1415/545/498
f 3537/693/628 3553/694/571 3539/695/575
f 3537/693/628 3539/695/575 3535/681/574
f 3525/696/629 3526/680/616 3527/697/630
f 2761/510/466 2766/682/617 2763/651/593
f 3619/669/607 3620/564/517 3618/640/582
f 4302/671/609 4300/698/631 4303/655/597
f 1568/699/632 1444/674/612 1461/692/627
f 1576/700/633 1575/701/634 1456/661/601
f 1577/702/635 1448/612/555 1457/662/602
f 1578/703/636 1419/673/611 1448/612/555
f 1568/699/632 1461/692/627 1462/691/626
f 4311/704/637 4293/690/625 2199/659/600
f 2186/705/638 2199/659/600 2191/648/590
f 2186/705/638 4311/704/637 2199/659/600
f 3537/693/628 3535/681/574 3534/679/615
f 2194/706/639 2198/663/603 2201/707/640
f 2839/638/580 2829/578/528 2831/511/467
f 4575/565/518 4310/708/641 4576/709/642
f 3613/710/643 3619/669/607 3618/640/582
f 4312/641/583 4303/655/597 4310/708/641
f 4302/671/609 4279/686/621 4300/698/631
f 4294/645/587 4265/687/622 4279/686/621
f 1578/703/636 1448/612/555 1577/702/635
f 1580/711/644 1462/691/626 1578/703/636
f 1571/712/645 2214/675/613 1443/617/560
f 2185/713/646 2186/705/638 2187/714/647
f 3532/715/648 3525/696/629 3528/716/649
f 3532/715/648 3534/679/615 3525/696/629
f 2789/579/529 2793/717/650 2794/683/618
f 4303/655/597 4300/698/631 4310/708/641
f 3613/710/643 3698/685/620 3619/669/607
f 3633/718/651 3635/689/624 3631/688/623
f 1565/719/652 1428/720/653 1426/551/504
f 4293/721/625 4272/722/654 4274/657/598
f 1579/723/655 1576/700/633 1459/724/656
f 1587/725/657 1568/699/632 1580/711/644
f 1582/726/658 1578/703/636 1577/702/635
f 2195/727/659 2194/706/639 2201/707/640
f 3538/728/660 3537/693/628 3534/679/615
f 2955/666/604 2885/729/661 2882/667/605
f 4560/639/581 4503/730/662 4508/620/563
f 4165/668/606 3617/731/663 3618/640/582
f 3629/732/664 3630/643/585 3639/672/610
f 3632/733/665 3633/718/651 3631/688/623
f 1579/723/655 1459/724/656 2181/734/666
f 1428/720/653 1570/735/667 1427/736/668
f 2188/737/669 2197/738/670 2186/705/638
f 3536/739/671 3538/728/660 3534/679/615
f 3533/740/672 3532/715/648 3528/716/649
f 2799/741/673 2798/742/674 2766/682/617
f 4576/709/642 4577/743/675 4503/730/662
f 3629/732/664 3639/672/610 3612/744/676
f 4279/686/621 4278/745/677 4300/698/631
f 4270/746/678 4278/745/677 4279/686/621
f 1601/747/679 1590/748/680 1586/749/681
f 1596/750/682 1578/703/636 1582/726/658
f 1598/751/683 1580/711/644 1578/703/636
f 1602/752/684 1597/753/685 1576/700/633
f 1596/750/682 1582/726/658 1597/753/685
f 2189/754/686 2185/713/646 2195/727/659
f 3533/740/672 3528/716/649 3541/755/687
f 2794/683/618 2795/756/688 2931/525/481
f 2792/757/689 2795/756/688 2793/717/650
f 2885/729/661 2884/758/690 2882/667/605
f 2898/759/691 3037/760/692 2891/476/433
f 4501/761/693 3190/762/694 4637/557/510
f 3037/763/692 3998/482/439 4133/527/476
f 3613/710/643 3618/640/582 3617/731/663
f 4576/709/642 4310/708/641 4577/743/675
f 4262/764/695 4260/765/696 4264/766/697
f 3676/767/698 3637/768/699 3633/718/651
f 1595/769/700 1565/719/652 1590/748/680
f 1600/770/701 1587/725/657 1599/771/702
f 3556/772/703 2179/773/704 3553/774/571
f 2095/775/705 1598/751/683 1596/750/682
f 2798/742/674 2799/741/673 2796/776/706
f 2823/577/527 2824/777/707 2803/524/480
f 4260/765/696 4257/778/708 4265/687/622
f 3667/779/709 3632/733/665 3628/780/710
f 4261/781/711 4259/782/712 4260/765/696
f 4262/764/695 4261/781/711 4260/765/696
f 4254/783/713 4262/764/695 4264/766/697
f 1588/784/714 1428/720/653 1565/719/652
f 2183/785/715 1592/786/716 2181/734/666
f 1592/786/716 1579/723/655 2181/734/666
f 3659/787/717 3662/788/718 3635/689/624
f 2010/789/719 1597/753/685 1602/752/684
f 2095/775/705 1596/750/682 1597/753/685
f 2196/790/720 2189/754/686 2195/727/659
f 4165/668/606 4167/791/721 3617/731/663
f 4278/745/677 4297/792/722 4300/698/631
f 4260/765/696 4259/782/712 4257/778/708
f 1588/784/714 1571/712/645 1428/720/653
f 2082/793/723 1595/769/700 1601/747/679
f 2096/794/724 1601/747/679 1600/770/701
f 2178/795/725 2179/773/704 3556/772/703
f 1598/751/683 2041/796/726 1599/771/702
f 2204/797/727 2196/790/720 2195/727/659
f 2196/790/720 2190/798/728 2189/754/686
f 2190/798/728 2203/799/729 2188/737/669
f 3544/800/730 3533/740/672 3541/755/687
f 2799/741/673 2817/801/731 2816/802/732
f 2816/802/732 2935/803/733 2795/756/688
f 2892/653/595 2900/804/734 2898/759/691
f 4259/782/712 4258/805/735 4257/778/708
f 4259/782/712 4276/806/736 4258/805/735
f 3638/807/737 3635/689/624 3637/768/699
f 1595/769/700 1588/784/714 1565/719/652
f 2041/796/726 2096/794/724 1600/770/701
f 3533/740/672 3545/808/738 3540/809/739
f 2931/525/481 2911/810/740 2879/526/482
f 2840/811/741 2828/812/742 2829/578/528
f 2839/638/580 2840/811/741 2829/578/528
f 2841/595/544 2840/811/741 2839/638/580
f 3610/813/743 3613/710/643 3617/731/663
f 4276/806/736 4291/814/744 4258/805/735
f 4198/815/745 3713/816/746 3685/817/747
f 3713/816/746 3676/767/698 3685/817/747
f 4254/783/713 4253/818/748 4262/764/695
f 1799/819/749 2010/789/719 1602/752/684
f 3549/820/750 3544/800/730 3541/755/687
f 2818/821/751 2822/822/752 2816/802/732
f 2816/802/732 2817/801/731 2818/821/751
f 2803/524/480 2825/823/753 2801/618/561
f 2795/756/688 2911/810/740 2931/525/481
f 2829/578/528 2828/812/742 2823/577/527
f 2900/804/734 3037/760/692 2898/759/691
f 3609/824/754 3610/813/743 3617/731/663
f 4278/745/677 4266/825/755 4297/792/722
f 4257/778/708 4256/826/756 4270/746/678
f 3665/827/757 3667/779/709 3628/780/710
f 3665/827/757 3688/828/758 3667/779/709
f 3713/816/746 3684/829/759 3676/767/698
f 4250/830/760 4253/818/748 4254/783/713
f 3638/807/737 3658/831/761 3635/689/624
f 4272/722/654 4250/830/760 4254/783/713
f 1799/819/749 1815/832/762 2010/789/719
f 1799/819/749 1798/833/763 1815/832/762
f 2205/834/764 2203/799/729 2190/798/728
f 2375/835/765 2196/790/720 2204/797/727
f 2375/835/765 2206/836/766 2196/790/720
f 2205/834/764 2196/790/720 2206/836/766
f 3547/837/767 3544/800/730 3549/820/750
f 3547/837/767 3533/740/672 3544/800/730
f 3547/837/767 3545/808/738 3533/740/672
f 2800/838/768 2819/839/769 2817/801/731
f 4258/805/735 4255/840/770 4257/778/708
f 4276/806/736 4316/841/771 4291/814/744
f 4277/842/772 4332/843/773 4276/806/736
f 4263/844/774 4286/845/775 4277/842/772
f 4253/818/748 4263/844/774 4262/764/695
f 3658/831/761 3659/787/717 3635/689/624
f 2079/846/776 1591/847/777 1588/784/714
f 1856/848/778 1799/819/749 1592/786/716
f 1800/849/779 1815/832/762 1798/833/763
f 1803/850/780 1815/832/762 1800/849/779
f 1803/850/780 1809/851/781 1815/832/762
f 2819/839/769 2818/821/751 2817/801/731
f 2801/618/561 2820/852/782 2800/838/768
f 2795/756/688 2913/853/783 2911/810/740
f 2899/854/784 2900/804/734 2892/653/595
f 2885/729/661 2901/855/785 2884/758/690
f 4291/814/744 4290/856/786 4258/805/735
f 3688/828/758 3714/857/787 3686/858/788
f 4196/859/789 4198/815/745 3714/857/787
f 4291/814/744 4316/841/771 4314/860/790
f 3715/861/791 3684/829/759 3713/816/746
f 1865/862/792 2079/846/776 2082/793/723
f 1805/863/793 1808/864/794 1809/851/781
f 3548/865/795 3545/808/738 3547/837/767
f 3548/865/795 3546/866/796 3545/808/738
f 4167/791/721 3680/867/797 3617/731/663
f 3680/867/797 3609/824/754 3617/731/663
f 4301/868/798 4310/708/641 4297/792/722
f 3627/869/799 3628/780/710 3624/870/800
f 4257/778/708 4255/840/770 4256/826/756
f 3689/871/801 3688/828/758 3665/827/757
f 4196/859/789 4187/872/802 4198/815/745
f 1864/873/803 1591/847/777 2079/846/776
f 1854/874/804 1857/875/805 1875/876/806
f 1854/874/804 1856/848/778 1857/875/805
f 2125/877/807 2271/878/808 1591/879/777
f 2153/880/809 2157/881/810 3546/866/796
f 2371/882/811 2206/836/766 2375/835/765
f 2371/882/811 2211/883/812 2206/836/766
f 2826/884/813 2820/852/782 2801/618/561
f 2825/823/753 2826/884/813 2801/618/561
f 2903/885/814 2885/729/661 2879/526/482
f 3966/886/815 3998/482/439 3965/887/816
f 4167/791/721 3999/888/817 3966/886/815
f 3666/889/818 3665/827/757 3627/869/799
f 4290/856/786 4291/814/744 4314/860/790
f 4196/859/789 3714/857/787 4199/890/819
f 1854/874/804 1853/891/820 1856/848/778
f 1853/891/820 1799/819/749 1856/848/778
f 1802/892/821 1803/850/780 1800/849/779
f 1804/893/822 1805/863/793 1803/850/780
f 2212/894/823 2374/895/824 4280/896/825
f 2157/897/810 2177/898/826 2178/795/725
f 2938/899/827 2909/900/828 2913/853/783
f 2842/901/829 2840/811/741 2841/595/544
f 3190/902/694 2989/903/830 2841/595/544
f 3623/904/831 3624/870/800 3611/905/832
f 4266/825/755 4273/906/833 4297/792/722
f 3689/871/801 3665/827/757 3666/889/818
f 4314/860/790 4313/907/834 4290/856/786
f 4332/843/773 4317/908/835 4316/841/771
f 4327/909/836 4317/908/835 4332/843/773
f 4333/910/837 4327/909/836 4332/843/773
f 4286/845/775 4298/911/838 4330/912/839
f 2270/913/840 2375/914/765 2271/878/808
f 3709/915/841 3549/916/750 3678/917/842
f 3551/918/843 3547/837/767 3549/820/750
f 3551/918/843 2150/919/844 3547/837/767
f 3550/920/845 2153/880/809 3548/865/795
f 2909/900/828 2905/921/846 2911/810/740
f 2828/812/742 2825/823/753 2824/777/707
f 2911/810/740 2905/921/846 2879/526/482
f 4290/856/786 4289/922/847 4255/840/770
f 1798/833/763 1799/819/749 1797/923/848
f 2270/913/840 2271/878/808 2125/877/807
f 2155/924/849 2177/898/826 2157/897/810
f 2800/838/768 2820/852/782 2819/839/769
f 2905/921/846 2904/925/850 2879/526/482
f 4167/791/721 4168/926/851 3680/867/797
f 4207/927/852 4199/890/819 3689/871/801
f 4313/907/834 4289/922/847 4290/856/786
f 4314/860/790 4315/928/853 4313/907/834
f 4271/929/854 4298/911/838 4263/844/774
f 1797/923/848 1799/819/749 1853/891/820
f 1802/892/821 1804/893/822 1803/850/780
f 1807/930/855 1810/931/856 1808/864/794
f 3664/932/857 3678/917/842 3659/787/717
f 2270/933/840 2216/934/858 2375/935/765
f 2919/936/859 2910/937/860 2821/938/861
f 2820/852/782 2919/936/859 2821/938/861
f 2937/939/862 2909/900/828 2938/899/827
f 4168/926/851 4167/791/721 3966/886/815
f 3607/940/863 3608/941/864 3610/813/743
f 3608/941/864 3611/905/832 3610/813/743
f 4207/927/852 4197/942/865 4199/890/819
f 4334/943/866 4289/922/847 4313/907/834
f 4315/928/853 4318/944/867 4313/907/834
f 4330/912/839 4326/945/868 4327/909/836
f 4188/946/869 4185/947/870 4187/872/802
f 4185/947/870 4186/948/871 4187/872/802
f 3654/949/872 3658/831/761 3661/950/873
f 4250/830/760 4249/951/874 4253/818/748
f 1861/952/875 1862/953/876 1864/873/803
f 2368/954/877 2210/955/878 2372/956/879
f 2146/957/880 2153/958/809 3550/959/845
f 2146/957/880 2155/960/849 2153/958/809
f 2149/961/881 2147/962/882 3550/959/845
f 2903/885/814 2902/963/883 2901/855/785
f 4413/964/884 4639/965/885 4411/966/886
f 4206/967/887 4207/927/852 3689/871/801
f 4298/911/838 4331/968/888 4330/912/839
f 4271/929/854 4284/969/889 4298/911/838
f 1801/970/890 1802/892/821 1800/849/779
f 1862/953/876 2124/971/891 1864/873/803
f 2124/971/891 2125/972/807 1864/873/803
f 3657/973/892 3664/932/857 3659/787/717
f 2177/898/826 2176/974/893 1875/975/806
f 2903/885/814 2904/925/850 2902/963/883
f 2905/921/846 2902/963/883 2904/925/850
f 2840/811/741 2827/976/894 2828/812/742
f 4168/926/851 3682/977/895 3680/867/797
f 3679/978/896 3666/889/818 3627/869/799
f 3704/979/897 3689/871/801 3666/889/818
f 4318/944/867 4334/943/866 4313/907/834
f 4326/945/868 4323/980/898 4327/909/836
f 4330/912/839 4325/981/899 4326/945/868
f 1811/982/900 1810/931/856 1807/930/855
f 1811/982/900 1812/983/901 1810/931/856
f 2176/974/893 2172/984/902 1875/975/806
f 4411/966/886 4412/985/903 4413/964/884
f 4289/922/847 4288/986/904 4255/840/770
f 4192/987/905 4195/988/906 4197/942/865
f 1848/989/907 1861/952/875 1812/983/901
f 2276/990/908 2216/934/858 2270/933/840
f 2276/990/908 2371/991/811 2216/934/858
f 2218/992/909 2215/993/910 2368/994/877
f 2148/995/911 2147/962/882 2149/961/881
f 2910/937/860 2908/996/912 2909/900/828
f 2844/997/913 2827/976/894 2840/811/741
f 3960/998/914 4168/926/851 3966/886/815
f 1863/999/915 2124/971/891 1862/953/876
f 3705/1000/916 3709/915/841 3664/932/857
f 2177/898/826 2180/1001/917 2176/974/893
f 2269/1002/918 2276/1003/908 2270/913/840
f 2820/852/782 2920/1004/919 2919/936/859
f 2826/884/813 2920/1004/919 2820/852/782
f 2827/976/894 2826/884/813 2825/823/753
f 2828/812/742 2827/976/894 2825/823/753
f 3606/1005/920 3625/1006/921 3623/904/831
f 4189/1007/922 4184/1008/923 4188/946/869
f 4284/969/889 4282/1009/924 4331/968/888
f 4282/1009/924 4339/1010/925 4331/968/888
f 3710/1011/926 3654/949/872 3706/1012/927
f 3652/1013/928 3657/973/892 3658/831/761
f 1814/1014/929 1812/983/901 1811/982/900
f 3705/1015/916 2151/1016/930 3709/1017/841
f 2144/1018/931 2155/960/849 2146/957/880
f 2364/1019/932 2368/994/877 2370/1020/933
f 3625/1006/921 3624/870/800 3623/904/831
f 3681/1021/934 3704/979/897 3679/978/896
f 4318/944/867 4321/1022/935 4334/943/866
f 4184/1008/923 4185/947/870 4188/946/869
f 3652/1013/928 3658/831/761 3654/949/872
f 1814/1014/929 1848/989/907 1812/983/901
f 2172/984/902 2173/1023/936 1874/1024/937
f 2126/1025/938 2269/1002/918 2124/1026/891
f 2365/1027/939 2218/992/909 2368/994/877
f 2145/1028/940 2144/1018/931 2146/957/880
f 2900/804/734 2906/1029/941 2987/1030/942
f 4580/1031/943 4607/1032/944 4609/1033/945
f 3681/1021/934 4206/967/887 3704/979/897
f 4338/1034/946 4288/986/904 4334/943/866
f 1806/1035/947 1802/892/821 1801/970/890
f 2364/1019/932 2365/1027/939 2368/994/877
f 2989/903/830 2845/1036/948 2842/901/829
f 3190/762/694 4412/985/903 2989/1037/830
f 4609/1033/945 4611/1038/949 4639/965/885
f 4607/1032/944 4611/1038/949 4609/1033/945
f 3626/1039/950 3624/870/800 3625/1006/921
f 3626/1039/950 3627/869/799 3624/870/800
f 3626/1039/950 3643/1040/951 3627/869/799
f 4201/1041/952 4206/967/887 3681/1021/934
f 4319/1042/953 4320/1043/954 4318/944/867
f 4325/981/899 4324/1044/955 4323/980/898
f 4184/1008/923 3717/1045/956 4185/947/870
f 3690/1046/957 3654/949/872 3710/1011/926
f 3652/1013/928 3654/949/872 3651/1047/958
f 4250/830/760 4235/1048/959 4249/951/874
f 1858/1049/960 1855/1050/961 2173/1051/936
f 1858/1049/960 1852/1052/962 1855/1050/961
f 1858/1049/960 1859/1053/963 1852/1052/962
f 1794/1054/964 1224/1055/965 1806/1035/947
f 1877/1056/966 1802/892/821 1806/1035/947
f 1877/1056/966 1811/982/900 1807/930/855
f 1794/1054/964 1806/1035/947 1796/1057/967
f 2273/1058/968 2269/1002/918 2126/1025/938
f 2161/1059/969 3664/932/857 3657/973/892
f 2161/1059/969 3705/1000/916 3664/932/857
f 2144/1018/931 2180/1060/917 2155/960/849
f 4611/1038/949 4594/1061/970 4639/965/885
f 4247/1062/971 4608/1063/972 4308/1064/973
f 4338/1034/946 4287/1065/974 4288/986/904
f 4321/1022/935 4338/1034/946 4334/943/866
f 4320/1043/954 4321/1022/935 4318/944/867
f 4184/1008/923 3718/1066/975 3717/1045/956
f 3718/1066/975 3690/1046/957 3717/1045/956
f 3717/1045/956 3690/1046/957 3710/1011/926
f 4284/969/889 4249/951/874 4282/1009/924
f 3651/1047/958 3654/949/872 3690/1046/957
f 2152/1067/976 2151/1016/930 3705/1015/916
f 2152/1067/976 2145/1028/940 2148/995/911
f 3606/1005/920 3608/941/864 3607/940/863
f 3643/1040/951 3681/1021/934 3679/978/896
f 4339/1010/925 4336/1068/977 4325/981/899
f 1877/1069/966 1224/1070/965 3458/1071/978
f 1223/1072/979 1224/1055/965 1794/1054/964
f 2180/1001/917 2175/1073/980 2176/974/893
f 2361/1074/981 2366/1075/982 2276/990/908
f 2827/976/894 2922/1076/983 2826/884/813
f 3606/1005/920 3571/1077/984 3625/1006/921
f 3694/1078/985 4201/1041/952 3681/1021/934
f 3694/1078/985 4205/1079/986 4201/1041/952
f 4191/1080/987 4190/1081/988 4189/1007/922
f 4282/1009/924 4283/1082/989 4343/1083/990
f 3451/1084/991 3458/1071/978 3456/1085/992
f 3462/1086/993 3458/1071/978 3450/1087/994
f 1748/1088/995 1859/1053/963 1858/1049/960
f 2172/984/902 2131/1089/996 2173/1023/936
f 2131/1090/996 1858/1049/960 2173/1051/936
f 1219/1091/997 3458/1092/978 1224/1093/965
f 2360/1094/998 4309/1095/999 2218/992/909
f 4309/1095/999 2369/1096/1000 2218/992/909
f 2359/1097/1001 2364/1019/932 2366/1075/982
f 2359/1097/1001 2360/1094/998 2364/1019/932
f 2143/1098/1002 2145/1028/940 2152/1067/976
f 3572/1099/1003 3606/1005/920 3607/940/863
f 4324/1044/955 4322/1100/1004 4320/1043/954
f 4336/1068/977 4328/1101/1005 4325/981/899
f 4343/1083/990 4283/1082/989 4336/1068/977
f 3452/1102/1006 3451/1084/991 3454/1103/1007
f 3461/1104/1008 2268/1105/1009 3460/1106/1010
f 2268/1105/1009 3459/1107/1011 3460/1106/1010
f 3451/1084/991 3456/1085/992 3455/1108/1012
f 3456/1085/992 3463/1109/1013 3455/1108/1012
f 3450/1087/994 3451/1084/991 2093/1110/1014
f 2268/1105/1009 3450/1087/994 3459/1107/1011
f 3456/1085/992 3458/1071/978 3463/1109/1013
f 2094/1111/1015 1867/1112/1016 1979/1113/1017
f 1224/1093/965 1223/1114/979 1219/1091/997
f 1848/989/907 1814/1014/929 1866/1115/1018
f 1814/1014/929 2042/1116/1019 1866/1115/1018
f 1860/1117/1020 1793/1118/1021 1795/1119/1022
f 2274/1120/1023 2273/1058/968 2126/1025/938
f 2826/884/813 2922/1076/983 2920/1004/919
f 2905/921/846 2908/996/912 2907/1121/1024
f 2939/1122/1025 2987/1030/942 2906/1029/941
f 3642/1123/1026 3681/1021/934 3643/1040/951
f 4193/1124/1027 4184/1008/923 4190/1081/988
f 4204/1125/1028 4184/1008/923 4193/1124/1027
f 4204/1125/1028 3718/1066/975 4184/1008/923
f 1346/1126/1029 3452/1102/1006 3316/1127/1030
f 3452/1102/1006 3454/1103/1007 3316/1127/1030
f 3300/1128/1031 1340/1129/1032 1346/1130/1029
f 3691/1131/1033 3690/1046/957 3718/1066/975
f 2264/1132/1034 2268/1133/1009 2266/1134/1035
f 3463/1135/1013 1219/1091/997 3466/1136/1036
f 1759/1137/1037 1859/1053/963 1748/1088/995
f 2131/1090/996 1771/1138/1038 1858/1049/960
f 1759/1137/1037 1860/1117/1020 1859/1053/963
f 2184/1139/1039 2175/1073/980 2180/1001/917
f 2142/1140/1040 2144/1018/931 2143/1098/1002
f 4243/1141/1041 4242/1142/1042 4246/1143/1043
f 4193/1124/1027 4190/1081/988 4191/1080/987
f 3454/1103/1007 3455/1108/1012 3313/1144/1044
f 3300/1145/1031 1346/1146/1029 3316/1147/1030
f 3311/1148/1045 3455/1149/1012 3466/1150/1036
f 2342/1151/1046 3465/1152/1047 3460/1106/1010
f 3460/1106/1010 3457/1153/1048 2342/1151/1046
f 2342/1151/1046 3457/1153/1048 2424/1154/1049
f 1339/1155/1050 2091/1156/1051 1340/1129/1032
f 1866/1115/1018 1947/1157/1052 1982/1158/1053
f 2042/1116/1019 1947/1157/1052 1866/1115/1018
f 1223/1114/979 1217/1159/1054 1219/1091/997
f 2274/1120/1023 2126/1025/938 2101/1160/1055
f 2369/1161/1000 4309/1162/999 4252/1163/1056
f 2356/1164/1057 4309/1095/999 2360/1094/998
f 2922/1076/983 2921/1165/1058 2920/1004/919
f 4408/1166/1059 4409/1167/1060 4411/966/886
f 3615/1168/1061 3572/1099/1003 3614/1169/1062
f 4322/1100/1004 4329/1170/1063 4321/1022/935
f 4336/1068/977 4342/1171/1064 4328/1101/1005
f 3298/1172/1065 3300/1145/1031 3299/1173/1066
f 4204/1125/1028 3691/1131/1033 3718/1066/975
f 4282/1009/924 4245/1174/1067 4283/1082/989
f 2100/1175/1068 2424/1176/1049 3453/1177/1069
f 2182/1178/1070 1748/1088/995 1771/1138/1038
f 1947/1157/1052 1946/1179/1071 1982/1158/1053
f 1946/1179/1071 1979/1113/1017 1982/1158/1053
f 2182/1178/1070 1771/1138/1038 2131/1090/996
f 2359/1097/1001 2356/1164/1057 2360/1094/998
f 2156/1180/1072 2154/1181/1073 2152/1067/976
f 2142/1140/1040 2184/1182/1039 2144/1018/931
f 4412/985/903 4410/1183/1074 2989/1037/830
f 4287/1065/974 4267/1184/1075 4248/1185/1076
f 4342/1171/1064 4340/1186/1077 4328/1101/1005
f 3305/1187/1078 3299/1173/1066 3313/1188/1044
f 3301/1189/1079 1340/1129/1032 3300/1128/1031
f 2338/1190/1080 3464/1191/1081 3465/1192/1047
f 2424/1193/1049 2423/1194/1082 2342/1195/1046
f 3301/1189/1079 1339/1155/1050 1340/1129/1032
f 4245/1174/1067 4285/1196/1083 4283/1082/989
f 1342/1197/1084 1358/1198/1085 2091/1156/1051
f 2367/1199/1086 2273/1058/968 2274/1120/1023
f 4309/1162/999 4234/1200/1087 4252/1163/1056
f 2367/1201/1086 2361/1074/981 2273/1202/968
f 2827/976/894 2925/1203/1088 2922/1076/983
f 3960/998/914 3711/1204/1089 4169/1205/1090
f 4242/1142/1042 4241/1206/1091 4247/1062/971
f 3696/1207/1092 4203/1208/1093 3695/1209/1094
f 2260/1210/1095 2264/1132/1034 2266/1134/1035
f 2260/1210/1095 2262/1211/1096 2264/1132/1034
f 1744/1212/1097 1745/1213/1098 2182/1178/1070
f 2043/1214/1099 1860/1117/1020 1759/1137/1037
f 1790/1215/1100 1794/1054/964 1793/1118/1021
f 3603/1216/1101 2161/1059/969 3656/1217/1102
f 2160/1218/1103 2175/1073/980 2184/1139/1039
f 2357/1219/1104 2356/1164/1057 2359/1097/1001
f 2141/1220/1105 2142/1140/1040 2143/1098/1002
f 2844/997/913 2926/1221/1106 2827/976/894
f 3571/1077/984 3606/1005/920 3572/1099/1003
f 4248/1185/1076 4239/1222/1107 4243/1141/1041
f 3641/1223/1108 3642/1123/1026 3626/1039/950
f 4267/1184/1075 4239/1222/1107 4248/1185/1076
f 3642/1123/1026 3695/1209/1094 3694/1078/985
f 4341/1224/1109 4292/1225/1110 4329/1170/1063
f 4200/1226/1111 4193/1124/1027 4194/1227/1112
f 3691/1131/1033 4204/1125/1028 4200/1226/1111
f 3305/1187/1078 3297/1228/1113 3299/1173/1066
f 2421/1229/1114 2341/1230/1115 2342/1195/1046
f 2338/1190/1080 3465/1192/1047 2341/1231/1115
f 1225/1232/1116 3311/1233/1045 3466/1136/1036
f 2131/1089/996 1742/1234/1117 2182/1235/1070
f 1945/1236/1118 1946/1179/1071 1947/1157/1052
f 1943/1237/1119 1949/1238/1120 1946/1179/1071
f 3963/1239/1121 3965/887/816 2987/1240/942
f 4292/1225/1110 4268/1241/1122 4267/1184/1075
f 4285/1196/1083 4296/1242/1123 4340/1186/1077
f 3297/1228/1113 3298/1172/1065 3299/1173/1066
f 2336/1243/1124 3464/1191/1081 2338/1190/1080
f 3466/1136/1036 1218/1244/1125 1225/1232/1116
f 3660/1245/1126 3650/1246/1127 3691/1131/1033
f 1943/1237/1119 1946/1179/1071 1945/1236/1118
f 4309/1095/999 4227/1247/1128 4234/1248/1087
f 2139/1249/1129 2184/1182/1039 2141/1220/1105
f 2184/1182/1039 2142/1140/1040 2141/1220/1105
f 4239/1222/1107 4238/1250/1130 4242/1142/1042
f 4239/1222/1107 4242/1142/1042 4243/1141/1041
f 3640/1251/1131 3641/1223/1108 3626/1039/950
f 3642/1123/1026 3644/1252/1132 3695/1209/1094
f 3644/1252/1132 3696/1207/1092 3695/1209/1094
f 4295/1253/1133 4292/1225/1110 4341/1224/1109
f 4337/1254/1134 4295/1253/1133 4341/1224/1109
f 3696/1207/1092 3687/1255/1135 4202/1256/1136
f 4200/1226/1111 4202/1256/1136 3687/1255/1135
f 4200/1226/1111 3693/1257/1137 3691/1131/1033
f 3660/1245/1126 3691/1131/1033 3693/1257/1137
f 1225/1258/1116 3304/1259/1138 3311/1148/1045
f 3292/1260/1139 3301/1261/1079 3298/1172/1065
f 2337/1262/1140 2338/1190/1080 2341/1231/1115
f 2337/1262/1140 2336/1243/1124 2338/1190/1080
f 2340/1263/1141 3464/1191/1081 2336/1243/1124
f 1338/1264/1142 1339/1155/1050 3301/1189/1079
f 1742/1265/1117 1744/1212/1097 2182/1178/1070
f 2013/1266/1143 2274/1120/1023 2094/1267/1015
f 2373/1268/1144 2274/1120/1023 2013/1266/1143
f 3655/1269/1145 3656/1217/1102 3652/1013/928
f 2373/1268/1144 2367/1199/1086 2274/1120/1023
f 2160/1270/1103 2184/1182/1039 2139/1249/1129
f 2346/1271/1146 4309/1095/999 2356/1164/1057
f 2140/1272/1147 2139/1249/1129 2141/1220/1105
f 2923/1273/1148 2921/1165/1058 2922/1076/983
f 3570/1274/1149 3571/1275/984 3572/1276/1003
f 3669/1277/1150 3640/1251/1131 3634/1278/1151
f 4268/1241/1122 4239/1222/1107 4267/1184/1075
f 4285/1196/1083 4244/1279/1152 4296/1242/1123
f 4240/1280/1153 4244/1279/1152 4245/1174/1067
f 1743/1281/1154 1745/1213/1098 1744/1212/1097
f 2090/1282/1155 1358/1198/1085 1342/1197/1084
f 1943/1237/1119 2013/1283/1143 1949/1238/1120
f 2013/1283/1143 2094/1111/1015 1949/1238/1120
f 2347/1284/1156 2356/1164/1057 2357/1219/1104
f 2140/1272/1147 2141/1220/1105 2158/1285/1157
f 2141/1220/1105 2154/1181/1073 2158/1285/1157
f 2925/1203/1088 2923/1273/1148 2922/1076/983
f 2926/1221/1106 2925/1203/1088 2827/976/894
f 2989/903/830 3042/1286/1158 2845/1036/948
f 3711/1204/1089 3615/1168/1061 3614/1169/1062
f 3645/1287/1159 3641/1223/1108 3640/1251/1131
f 4295/1253/1133 4268/1241/1122 4292/1225/1110
f 3660/1245/1126 3693/1257/1137 3687/1255/1135
f 3302/1288/1160 3297/1228/1113 3305/1187/1078
f 2260/1210/1095 2266/1134/1035 2340/1289/1141
f 4234/1200/1087 4223/1290/1161 4235/1048/959
f 4309/1095/999 2346/1271/1146 4227/1247/1128
f 2137/1291/1162 2160/1270/1103 2139/1249/1129
f 2355/1292/1163 2347/1284/1156 2358/1293/1164
f 2138/1294/1165 2139/1249/1129 2140/1272/1147
f 4269/1295/1166 4239/1222/1107 4268/1241/1122
f 4296/1242/1123 4244/1279/1152 4295/1253/1133
f 4244/1279/1152 4269/1295/1166 4295/1253/1133
f 3653/1296/1167 3660/1245/1126 3687/1255/1135
f 3295/1297/1168 3298/1172/1065 3297/1228/1113
f 2092/1298/1169 2419/1299/1170 2100/1300/1068
f 1945/1236/1118 1947/1157/1052 1948/1301/1171
f 1817/1302/1172 1811/982/900 1878/1303/1173
f 4234/1200/1087 4227/1304/1128 4223/1290/1161
f 2138/1294/1165 2137/1291/1162 2139/1249/1129
f 2923/1273/1148 2924/1305/1174 2921/1165/1058
f 2917/1306/1175 2918/1307/1176 2915/1308/1177
f 3957/1309/1178 3711/1204/1089 3960/998/914
f 3570/1274/1149 3670/1310/1179 3571/1275/984
f 3646/1311/1180 3644/1252/1132 3641/1223/1108
f 3648/1312/1181 3660/1245/1126 3653/1296/1167
f 2087/1313/1182 2100/1175/1068 2089/1314/1183
f 2263/1315/1184 1878/1316/1173 2265/1317/1185
f 2160/1218/1103 2174/1318/1186 2175/1073/980
f 1816/1319/1187 1811/982/900 1817/1302/1172
f 1816/1319/1187 1814/1014/929 1811/982/900
f 4849/1320/1188 3562/1321/1189 3561/1322/1190
f 2924/1305/1174 3064/1323/1191 2918/1307/1176
f 2940/1324/1192 2966/1325/1193 2907/1121/1024
f 3645/1287/1159 3646/1311/1180 3641/1223/1108
f 2261/1326/1194 2263/1315/1184 2262/1211/1096
f 2087/1313/1182 2092/1327/1169 2100/1175/1068
f 2275/1328/1195 2373/1268/1144 2013/1266/1143
f 3598/1329/1196 3603/1216/1101 3655/1269/1145
f 3599/1330/1197 3605/1331/1198 3603/1216/1101
f 2353/1332/1199 4227/1247/1128 2346/1271/1146
f 2159/1333/1200 2138/1294/1165 2140/1272/1147
f 2159/1333/1200 2140/1272/1147 2158/1285/1157
f 3561/1322/1190 3560/1334/1201 4848/1335/1202
f 3562/1321/1189 3559/1336/1203 3561/1322/1190
f 4849/1320/1188 3561/1322/1190 4848/1335/1202
f 2924/1305/1174 3052/1337/1204 3064/1323/1191
f 3071/1338/1205 3052/1337/1204 3013/1339/1206
f 3064/1323/1191 3044/1340/1207 2918/1307/1176
f 2987/1240/942 4016/1341/1208 3963/1239/1121
f 4409/1167/1060 4402/1342/1209 4410/1183/1074
f 4593/1343/1210 4407/1344/1211 4408/1166/1059
f 3282/1345/1212 3303/1346/1213 3304/1259/1138
f 3303/1346/1213 3302/1288/1160 3304/1259/1138
f 2261/1326/1194 2260/1210/1095 2339/1347/1214
f 4233/1348/1215 4235/1048/959 4232/1349/1216
f 3601/1350/1217 3655/1269/1145 3649/1351/1218
f 3599/1330/1197 3603/1216/1101 3598/1329/1196
f 2159/1333/1200 2158/1285/1157 3605/1352/1198
f 3052/1337/1204 3050/1353/1219 3046/1354/1220
f 3043/1355/1221 2916/1356/1222 2918/1307/1176
f 3044/1340/1207 3043/1355/1221 2918/1307/1176
f 3958/1357/1223 3957/1309/1178 3960/998/914
f 3604/1358/1224 3640/1251/1131 3669/1277/1150
f 4244/1279/1152 4233/1348/1215 4237/1359/1225
f 3282/1345/1212 3304/1259/1138 1225/1258/1116
f 2335/1360/1226 2339/1361/1214 2336/1243/1124
f 2339/1361/1214 2340/1263/1141 2336/1243/1124
f 2419/1299/1170 2420/1362/1227 2421/1229/1114
f 1330/1363/1228 1342/1197/1084 1339/1155/1050
f 2092/1298/1169 2422/1364/1229 2419/1299/1170
f 1941/1365/1230 1945/1236/1118 1948/1301/1171
f 4227/1304/1128 2353/1366/1199 4223/1290/1161
f 1747/1367/1231 2160/1270/1103 2137/1291/1162
f 3562/1368/1189 3211/1369/1232 3559/1370/1203
f 2923/1273/1148 2994/1371/1233 3073/1372/1234
f 2994/1371/1233 2974/1373/1235 3075/1374/1236
f 2944/1375/1237 2926/1221/1106 2844/997/913
f 4410/1183/1074 4402/1342/1209 3042/1376/1158
f 3677/1377/1238 3645/1287/1159 3640/1251/1131
f 3294/1378/1239 3295/1297/1168 3296/1379/1240
f 3291/1380/1241 3292/1260/1139 3295/1297/1168
f 4223/1290/1161 4219/1381/1242 4232/1349/1216
f 2160/1218/1103 1747/1382/1231 2174/1318/1186
f 1747/1367/1231 1742/1265/1117 2174/1383/1186
f 1879/1384/1243 1817/1302/1172 1878/1303/1173
f 2120/1385/1244 2137/1291/1162 2138/1294/1165
f 2120/1385/1244 1747/1367/1231 2137/1291/1162
f 2349/1386/1245 2345/1387/1246 2348/1388/1247
f 2163/1389/1248 2162/1390/1249 2159/1333/1200
f 2162/1390/1249 2138/1294/1165 2159/1333/1200
f 3560/1334/1201 3566/1391/1250 4848/1335/1202
f 3050/1353/1219 3066/1392/1251 3051/1393/1252
f 3070/1394/1253 3069/1395/1254 3052/1337/1204
f 3071/1338/1205 3070/1394/1253 3052/1337/1204
f 3050/1353/1219 3049/1396/1255 3046/1354/1220
f 2994/1371/1233 3074/1397/1256 3073/1372/1234
f 3046/1354/1220 3049/1396/1255 3043/1355/1221
f 2973/1398/1257 2974/1373/1235 2928/1399/1258
f 3043/1355/1221 2941/1400/1259 2916/1356/1222
f 2916/1356/1222 2941/1400/1259 2940/1324/1192
f 3595/1401/1260 3598/1329/1196 3601/1350/1217
f 3595/1401/1260 2165/1402/1261 3598/1329/1196
f 1823/1403/1262 1941/1365/1230 1948/1301/1171
f 2353/1332/1199 2345/1387/1246 2350/1404/1263
f 2120/1385/1244 2138/1294/1165 2162/1390/1249
f 3069/1395/1254 3211/1405/1232 3066/1392/1251
f 3072/1406/1264 3070/1394/1253 3071/1338/1205
f 3074/1397/1256 3072/1406/1264 3073/1372/1234
f 3080/1407/1265 3079/1408/1266 3075/1374/1236
f 3049/1396/1255 3048/1409/1267 3043/1355/1221
f 4407/1344/1211 4405/1410/1268 4408/1166/1059
f 4233/1348/1215 4231/1411/1269 4237/1359/1225
f 3602/1412/1270 3647/1413/1271 3645/1287/1159
f 4232/1349/1216 4219/1381/1242 4233/1348/1215
f 2353/1366/1199 2363/1414/1272 4223/1290/1161
f 3069/1415/1254 4850/1416/1273 3211/1417/1232
f 3066/1392/1251 3067/1418/1274 3051/1393/1252
f 3051/1393/1252 3063/1419/1275 3049/1396/1255
f 3616/1420/1276 3670/1421/1179 3570/1422/1149
f 3281/1423/1277 3282/1345/1212 1225/1258/1116
f 3593/1424/1278 3595/1401/1260 3601/1350/1217
f 3281/1423/1277 1225/1258/1116 1216/1425/1279
f 1331/1426/1280 1330/1363/1228 1338/1264/1142
f 3447/1427/5 2343/1428/1281 2344/1429/1282
f 4223/1290/1161 2363/1414/1272 4219/1381/1242
f 2353/1332/1199 2350/1404/1263 4214/1430/1283
f 2162/1390/1249 2163/1389/1248 1774/1431/1284
f 1818/1432/1285 1816/1319/1187 1817/1302/1172
f 4850/1433/1273 3563/1434/1286 3211/1405/1232
f 4847/1435/1287 3067/1418/1274 3066/1392/1251
f 3081/1436/1288 3078/1437/1289 3080/1407/1265
f 3082/1438/1290 3081/1436/1288 3080/1407/1265
f 3067/1418/1274 3063/1419/1275 3051/1393/1252
f 3080/1407/1265 3078/1437/1289 3079/1408/1266
f 3049/1396/1255 3063/1419/1275 3060/1439/1291
f 3049/1396/1255 3060/1439/1291 3048/1409/1267
f 2845/1036/948 2947/1440/1292 2946/1441/1293
f 3962/1442/1294 3961/1443/1295 3963/1239/1121
f 4219/1381/1242 4225/1444/1296 4233/1348/1215
f 3293/1445/1297 3294/1378/1239 3303/1346/1213
f 3447/1427/5 2344/1429/1282 3445/1446/1298
f 2422/1364/1229 3445/1447/1298 2344/1448/1282
f 2363/1449/1272 2353/1332/1199 4214/1430/1283
f 4214/1430/1283 2350/1404/1263 2354/1450/1299
f 2120/1385/1244 1746/1451/1300 1747/1367/1231
f 1746/1451/1300 1738/1452/1301 1747/1367/1231
f 1774/1431/1284 1746/1451/1300 2121/1453/1302
f 1746/1451/1300 2120/1385/1244 2121/1453/1302
f 2086/1454/1303 2088/1455/1304 2090/1456/1155
f 3566/1391/1250 3567/1457/1305 4847/1458/1287
f 2973/1398/1257 3175/1459/1306 3189/1460/1307
f 3043/1355/1221 3047/1461/1308 3045/1462/1309
f 3048/1409/1267 3047/1461/1308 3043/1355/1221
f 2926/1221/1106 2929/1463/1310 2925/1203/1088
f 2939/1122/1025 2958/1464/1311 4016/1465/1208
f 3600/1466/1312 3593/1424/1278 3602/1412/1270
f 2363/1414/1272 4212/1467/1313 4219/1381/1242
f 3591/1468/1314 3590/1469/1315 3595/1401/1260
f 4354/1470/1316 2354/1450/1299 2349/1386/1245
f 3445/1471/1298 2267/1472/1317 3446/1473/4
f 2351/1474/1318 1930/1475/1319 2349/1386/1245
f 1777/1476/1320 1739/1477/1321 1774/1431/1284
f 2086/1454/1303 2087/1313/1182 2088/1455/1304
f 3072/1406/1264 3196/1478/1322 3565/1479/1323
f 3072/1406/1264 3167/1480/1324 3196/1478/1322
f 3175/1459/1306 3081/1436/1288 3189/1460/1307
f 3061/1481/1325 3047/1461/1308 3048/1409/1267
f 3060/1439/1291 3061/1481/1325 3048/1409/1267
f 3045/1462/1309 3056/1482/1326 2941/1400/1259
f 2967/1483/1327 2966/1325/1193 2941/1400/1259
f 3056/1482/1326 2967/1483/1327 2941/1400/1259
f 4217/1484/1328 4222/1485/1329 4225/1444/1296
f 3279/1486/1330 3312/1487/1331 3295/1297/1168
f 3293/1445/1297 3279/1486/1330 3294/1378/1239
f 2363/1414/1272 4214/1488/1283 4212/1467/1313
f 4213/1489/1332 2354/1450/1299 4354/1470/1316
f 4214/1430/1283 2354/1450/1299 4213/1489/1332
f 1987/1490/1333 4354/1470/1316 2349/1386/1245
f 2052/1491/1334 3445/1471/1298 2092/1327/1169
f 2052/1491/1334 2047/1492/1335 3445/1471/1298
f 2047/1492/1335 2267/1472/1317 3445/1471/1298
f 1987/1490/1333 2349/1386/1245 1930/1475/1319
f 1739/1477/1321 1738/1452/1301 1746/1451/1300
f 2047/1492/1335 2045/1493/1336 2267/1472/1317
f 3196/1494/1322 3568/1495/1337 3564/1496/1338
f 3565/1479/1323 3196/1478/1322 3564/1497/1338
f 3077/1498/1339 3076/1499/1340 3074/1397/1256
f 3081/1436/1288 3077/1498/1339 3078/1437/1289
f 4226/1500/1341 4216/1501/1342 4221/1502/1343
f 3596/1503/1344 3593/1424/1278 3600/1466/1312
f 3592/1504/1345 3675/1505/1346 2099/1506/1347
f 4212/1467/1313 4214/1488/1283 4213/1507/1332
f 4224/1508/1348 4213/1489/1332 4354/1470/1316
f 3067/1418/1274 3119/1509/1349 3063/1419/1275
f 3155/1510/1350 3077/1498/1339 3081/1436/1288
f 2944/1375/1237 2945/1511/1351 2926/1221/1106
f 3956/1512/1352 3967/1513/1353 3957/1309/1178
f 4229/1514/1354 4353/1515/1355 4236/1516/1356
f 3671/1517/1357 3672/1518/1358 3597/1519/1359
f 4212/1467/1313 4213/1507/1332 4209/1520/1360
f 4213/1507/1332 4224/1521/1348 4209/1520/1360
f 3700/1522/1361 1777/1476/1320 3675/1523/1346
f 1927/1524/1362 2129/1525/1363 1987/1526/1333
f 1819/1527/1364 1879/1384/1243 2045/1493/1336
f 3196/1494/1322 3569/1528/1365 3568/1495/1337
f 3167/1529/1324 3083/1530/1366 3196/1494/1322
f 3047/1461/1308 3061/1481/1325 3053/1531/1367
f 4348/1532/1368 4353/1515/1355 4229/1514/1354
f 3597/1519/1359 3594/1533/1369 3596/1503/1344
f 3672/1518/1358 3594/1533/1369 3597/1519/1359
f 4211/1534/1370 4208/1535/1371 4215/1536/1372
f 4211/1534/1370 4212/1467/1313 4209/1520/1360
f 3589/1537/1373 3675/1505/1346 3592/1504/1345
f 3280/1538/1374 3293/1445/1297 3282/1345/1212
f 3288/1539/1375 3290/1540/1376 3291/1380/1241
f 3288/1539/1375 3289/1541/1377 3290/1540/1376
f 1728/1542/1378 1777/1476/1320 3700/1522/1361
f 1728/1542/1378 1726/1543/1379 1739/1477/1321
f 1736/1544/1380 1743/1281/1154 1737/1545/1381
f 1928/1546/1382 1927/1524/1362 1930/1547/1319
f 3083/1530/1366 3569/1528/1365 3196/1494/1322
f 3147/1548/1383 3061/1481/1325 3060/1439/1291
f 2926/1221/1106 2945/1511/1351 2929/1463/1310
f 2957/1549/1384 2963/1550/1385 2958/1464/1311
f 3955/1551/1386 3957/1309/1178 3958/1357/1223
f 3955/1551/1386 3956/1512/1352 3957/1309/1178
f 3954/1552/1387 3967/1513/1353 3956/1512/1352
f 3954/1552/1387 3906/1553/1388 3915/1554/1389
f 3906/1553/1388 3903/1555/1390 3616/1420/1276
f 4220/1556/1391 4275/1557/1392 4218/1558/1393
f 4218/1558/1393 4215/1536/1372 4220/1556/1391
f 4215/1536/1372 4208/1535/1371 4220/1556/1391
f 4208/1535/1371 4209/1520/1360 4210/1559/1394
f 4209/1520/1360 4228/1560/1395 4210/1559/1394
f 3674/1561/1396 3699/1562/1397 3675/1505/1346
f 2129/1563/1363 4351/1564/1398 4224/1521/1348
f 2046/1565/1399 2045/1493/1336 2047/1492/1335
f 1939/1566/1400 1940/1567/1401 1941/1365/1230
f 1788/1568/1402 1876/1569/1403 1790/1215/1100
f 3063/1419/1275 3146/1570/1404 3147/1548/1383
f 2946/1441/1293 2959/1571/1405 2944/1375/1237
f 4402/1342/1209 4403/1572/1406 3042/1376/1158
f 4403/1572/1406 3038/1573/1407 3042/1376/1158
f 2958/1464/1311 2963/1550/1385 4016/1465/1208
f 3959/1574/1408 3961/1443/1295 3962/1442/1294
f 4220/1556/1391 4347/1575/1409 4275/1557/1392
f 3673/1576/1410 3674/1561/1396 3589/1537/1373
f 3276/1577/1411 3279/1486/1330 3293/1445/1297
f 3277/1578/1412 3312/1487/1331 3279/1486/1330
f 3908/1579/1413 3914/1580/1414 3674/1561/1396
f 3914/1580/1414 3699/1562/1397 3674/1561/1396
f 2129/1563/1363 2130/1581/1415 4351/1564/1398
f 1726/1543/1379 1738/1452/1301 1739/1477/1321
f 1725/1582/1416 1723/1583/1417 1728/1542/1378
f 1820/1584/1418 1818/1432/1285 1819/1527/1364
f 1820/1584/1418 1939/1566/1400 1818/1432/1285
f 3068/1585/1419 3065/1586/1420 3061/1481/1325
f 3061/1481/1325 3065/1586/1420 3053/1531/1367
f 3175/1459/1306 3174/1587/1421 3155/1510/1350
f 3176/1588/1422 3174/1587/1421 3175/1459/1306
f 2947/1440/1292 2975/1589/1423 2946/1441/1293
f 2944/1375/1237 2959/1571/1405 2945/1511/1351
f 3955/1551/1386 3954/1552/1387 3956/1512/1352
f 4275/1557/1392 4347/1575/1409 4348/1532/1368
f 4344/1590/1424 4347/1575/1409 4220/1556/1391
f 4344/1590/1424 4220/1556/1391 4228/1560/1395
f 3673/1576/1410 3672/1518/1358 3904/1591/1425
f 4345/1592/1426 4344/1590/1424 4228/1560/1395
f 3908/1579/1413 3673/1576/1410 3904/1591/1425
f 3908/1579/1413 3674/1561/1396 3673/1576/1410
f 3276/1577/1411 3277/1578/1412 3279/1486/1330
f 4351/1564/1398 4350/1593/1427 4346/1594/1428
f 3913/1595/1429 3700/1596/1361 3914/1580/1414
f 3913/1597/1429 1725/1582/1416 3700/1522/1361
f 1938/1598/1430 1940/1567/1401 1939/1566/1400
f 1740/1599/1431 1789/1600/1432 1743/1281/1154
f 3569/1601/1365 3142/1602/1433 3113/1603/1434
f 3053/1531/1367 3065/1586/1420 3054/1604/1435
f 3055/1605/1436 3062/1606/1437 3056/1482/1326
f 2956/1607/1438 2962/1608/1439 2957/1549/1384
f 4400/1609/1440 4402/1342/1209 4404/1610/1441
f 3905/1611/1442 3904/1591/1425 3903/1555/1390
f 4346/1594/1428 4345/1592/1426 4228/1560/1395
f 3270/1612/1443 3281/1423/1277 3329/1613/1444
f 3270/1612/1443 3280/1538/1374 3281/1423/1277
f 4352/1614/1445 4350/1593/1427 2130/1581/1415
f 1735/1615/1446 1737/1545/1381 1738/1452/1301
f 1735/1615/1446 1736/1544/1380 1737/1545/1381
f 1925/1616/1447 1927/1524/1362 1928/1546/1382
f 3042/1286/1158 3038/1617/1407 2947/1440/1292
f 3056/1482/1326 3062/1606/1437 2967/1483/1327
f 2957/1549/1384 2962/1608/1439 2963/1550/1385
f 3954/1552/1387 3911/1618/1448 3906/1553/1388
f 3911/1618/1448 3903/1555/1390 3906/1553/1388
f 3286/1619/1449 3327/1620/1450 3289/1541/1377
f 4492/1621/1451 4349/1622/1452 4350/1593/1427
f 1726/1543/1379 1735/1615/1446 1738/1452/1301
f 2048/1623/1453 2046/1565/1399 2047/1492/1335
f 1926/1624/1454 4352/1625/1445 1927/1524/1362
f 2967/1483/1327 3062/1606/1437 2968/1626/1455
f 2967/1483/1327 2968/1626/1455 2961/1627/1456
f 4401/1628/1457 4403/1572/1406 4402/1342/1209
f 3907/1629/1458 3905/1611/1442 3903/1555/1390
f 3146/1570/1404 3106/1630/1459 3147/1548/1383
f 3147/1548/1383 3120/1631/1460 3068/1585/1419
f 3054/1604/1435 3065/1586/1420 3084/1632/1461
f 3084/1632/1461 3085/1633/1462 3054/1604/1435
f 3964/1634/1463 3959/1574/1408 3962/1442/1294
f 3907/1629/1458 3910/1635/1464 3905/1611/1442
f 3910/1635/1464 3909/1636/1465 3905/1611/1442
f 3274/1637/1466 3277/1578/1412 3276/1577/1411
f 1329/1638/1467 1330/1363/1228 3327/1639/1450
f 3093/1640/1468 3120/1631/1460 3147/1548/1383
f 3106/1630/1459 3093/1640/1468 3147/1548/1383
f 3065/1586/1420 3068/1585/1419 3084/1632/1461
f 3054/1604/1435 3085/1633/1462 3086/1641/1469
f 3038/1617/1407 2983/1642/1470 2975/1589/1423
f 4403/1572/1406 3041/1643/1471 3038/1573/1407
f 3955/1551/1386 3911/1618/1448 3954/1552/1387
f 4382/1644/1472 4397/1645/1473 4398/1646/1474
f 3273/1647/1475 3274/1637/1466 3276/1577/1411
f 3921/1648/1476 3913/1595/1429 3909/1636/1465
f 1932/1649/1477 1928/1546/1382 1931/1650/1478
f 1932/1649/1477 1925/1616/1447 1928/1546/1382
f 1724/1651/1479 1726/1543/1379 1723/1583/1417
f 3102/1652/1480 3104/1653/1481 3119/1509/1349
f 4416/1654/1482 3041/1643/1471 4403/1572/1406
f 4415/1655/1483 4416/1654/1482 4403/1572/1406
f 4421/1656/1484 4401/1628/1457 4398/1646/1474
f 3969/1657/1485 3911/1618/1448 3955/1551/1386
f 4372/1658/1486 4369/1659/1487 4381/1660/1488
f 3274/1637/1466 3278/1661/1489 3277/1578/1412
f 3912/1662/1490 3921/1648/1476 3909/1636/1465
f 1727/1663/1491 1731/1664/1492 1726/1543/1379
f 1731/1664/1492 1735/1615/1446 1726/1543/1379
f 2050/1665/1493 1819/1527/1364 2046/1565/1399
f 3157/1666/1494 3143/1667/1495 3153/1668/1496
f 3120/1631/1460 3088/1669/1497 3068/1585/1419
f 3176/1588/1422 3177/1670/1498 3174/1587/1421
f 2960/1671/1499 2948/1672/1500 2945/1511/1351
f 3062/1606/1437 2965/1673/1501 2968/1626/1455
f 2983/1642/1470 2982/1674/1502 2959/1571/1405
f 3041/1675/1471 2983/1642/1470 3038/1617/1407
f 3970/1676/1503 3955/1551/1386 3959/1574/1408
f 3970/1676/1503 3969/1657/1485 3955/1551/1386
f 4397/1645/1473 4422/1677/1504 4421/1656/1484
f 3912/1662/1490 3909/1636/1465 3910/1635/1464
f 1820/1584/1418 1819/1527/1364 1821/1678/1505
f 3119/1509/1349 3104/1653/1481 3106/1630/1459
f 3272/1679/1506 3274/1637/1466 3273/1647/1475
f 1922/1680/1507 4596/1681/1508 1926/1624/1454
f 1715/1682/1509 1723/1583/1417 1725/1582/1416
f 3068/1585/1419 3087/1683/1510 3084/1632/1461
f 2963/1550/1385 2977/1684/1511 3962/1685/1294
f 3271/1686/1512 3280/1538/1374 3270/1612/1443
f 2049/1687/1513 2050/1665/1493 2046/1565/1399
f 3088/1669/1497 3087/1683/1510 3068/1585/1419
f 3084/1632/1461 3149/1688/1514 3085/1633/1462
f 3178/1689/1515 3177/1670/1498 3176/1588/1422
f 3062/1606/1437 3058/1690/1516 2965/1673/1501
f 2961/1627/1456 2964/1691/1517 2962/1608/1439
f 4418/1692/1518 4417/1693/1519 4415/1655/1483
f 4414/1694/1520 4418/1692/1518 4415/1655/1483
f 3271/1686/1512 3273/1647/1475 3280/1538/1374
f 3274/1637/1466 3283/1695/1521 3278/1661/1489
f 3284/1696/1522 3278/1661/1489 3283/1695/1521
f 3284/1696/1522 3285/1697/1523 3278/1661/1489
f 3275/1698/1524 3274/1637/1466 3272/1679/1506
f 1729/1699/1525 1727/1663/1491 1724/1651/1479
f 1741/1700/1526 1743/1281/1154 1736/1544/1380
f 1824/1701/1527 1967/1702/1528 1820/1584/1418
f 3104/1653/1481 3094/1703/1529 3106/1630/1459
f 3096/1704/1530 3094/1703/1529 3104/1653/1481
f 3102/1652/1480 3096/1704/1530 3104/1653/1481
f 3113/1603/1434 3101/1705/1531 3102/1652/1480
f 2964/1691/1517 2977/1684/1511 2962/1608/1439
f 4421/1656/1484 4418/1692/1518 4414/1694/1520
f 3917/1706/1532 3912/1662/1490 3916/1707/1533
f 1213/1708/1534 1215/1709/1535 3329/1710/1444
f 1741/1700/1526 1740/1599/1431 1743/1281/1154
f 1967/1702/1528 1937/1711/1536 1820/1584/1418
f 1937/1711/1536 1935/1712/1537 1938/1598/1430
f 3106/1630/1459 3094/1703/1529 3093/1640/1468
f 3093/1640/1468 3091/1713/1538 3120/1631/1460
f 3085/1633/1462 3160/1714/1539 3086/1641/1469
f 3149/1688/1514 3160/1714/1539 3085/1633/1462
f 3086/1641/1469 3160/1714/1539 3057/1715/1540
f 3178/1689/1515 3179/1716/1541 3177/1670/1498
f 2948/1717/1500 2986/1718/1542 3178/1719/1515
f 2986/1718/1542 2630/1720/1543 3178/1719/1515
f 4368/1721/1544 4369/1659/1487 4372/1658/1486
f 1332/1722/1545 1330/1363/1228 1329/1638/1467
f 1332/1722/1545 1333/1723/1546 1330/1363/1228
f 3087/1683/1510 3149/1688/1514 3084/1632/1461
f 3275/1698/1524 3283/1695/1521 3274/1637/1466
f 3091/1713/1538 3088/1669/1497 3120/1631/1460
f 3058/1690/1516 3059/1724/1547 2965/1673/1501
f 2979/1725/1548 2980/1726/1549 2960/1671/1499
f 2981/1727/1550 2979/1725/1548 2982/1674/1502
f 4422/1677/1504 4420/1728/1551 4418/1692/1518
f 3973/1729/1552 3975/1730/1553 3971/1731/1554
f 3287/1732/1555 3285/1697/1523 3284/1696/1522
f 2083/1733/1556 2068/1734/1557 2085/1735/1558
f 2053/1736/1559 2050/1665/1493 2049/1687/1513
f 3921/1648/1476 4171/1737/1560 3913/1595/1429
f 1715/1682/1509 1719/1738/1561 1723/1583/1417
f 3343/1739/1562 3275/1698/1524 3272/1679/1506
f 1732/1740/1563 1733/1741/1564 1731/1664/1492
f 1740/1599/1431 1741/1700/1526 1733/1741/1564
f 1942/1742/1565 1936/1743/1566 1937/1711/1536
f 3149/1688/1514 3150/1744/1567 3160/1714/1539
f 2979/1725/1548 2981/1727/1550 2980/1726/1549
f 3984/1745/1568 3972/1746/1569 3974/1747/1570
f 3344/1748/1571 3275/1698/1524 3343/1739/1562
f 2054/1749/1572 2050/1665/1493 2053/1736/1559
f 2054/1749/1572 2055/1750/1573 2050/1665/1493
f 1732/1740/1563 1740/1599/1431 1733/1741/1564
f 2071/1751/1574 1822/1752/1575 2050/1665/1493
f 3096/1704/1530 3095/1753/1576 3094/1703/1529
f 3103/1754/1577 3100/1755/1578 3101/1705/1531
f 3091/1713/1538 3090/1756/1579 3088/1669/1497
f 3088/1669/1497 3089/1757/1580 3087/1683/1510
f 3160/1714/1539 3150/1744/1567 3161/1758/1581
f 3160/1714/1539 3183/1759/1582 3057/1715/1540
f 2969/1760/1583 2976/1761/1584 2964/1691/1517
f 3307/1762/1585 1332/1763/1545 3285/1697/1523
f 1335/1764/1586 1333/1723/1546 1332/1722/1545
f 1336/1765/1587 1348/1766/1588 1333/1723/1546
f 1923/1767/1589 1922/1680/1507 1925/1616/1447
f 2073/1768/1590 1348/1769/1588 1336/1770/1587
f 2073/1768/1590 2083/1733/1556 2084/1771/1591
f 3094/1703/1529 3092/1772/1592 3093/1640/1468
f 3183/1759/1582 3059/1724/1547 3057/1715/1540
f 3059/1724/1547 3020/1773/1593 2965/1673/1501
f 2981/1727/1550 2585/1774/1594 2980/1726/1549
f 2976/1761/1584 522/1775/1595 2977/1684/1511
f 3950/1776/1596 3907/1629/1458 3911/1618/1448
f 3314/1777/1597 3308/1778/1598 3287/1732/1555
f 3322/1779/1599 3270/1612/1443 1215/1780/1535
f 3402/1781/1600 3401/1782/1601 3400/1783/1602
f 3344/1748/1571 3403/1784/1603 3314/1777/1597
f 1336/1765/1587 1333/1723/1546 1335/1764/1586
f 1730/1785/1604 1732/1740/1563 1731/1664/1492
f 1719/1738/1561 1724/1651/1479 1723/1583/1417
f 3096/1704/1530 3098/1786/1605 3097/1787/1606
f 3154/1788/1607 3115/1789/1608 3114/1790/1609
f 3183/1759/1582 3184/1791/1610 3059/1724/1547
f 3204/1792/1611 3020/1773/1593 3059/1724/1547
f 2977/1684/1511 522/1775/1595 3962/1685/1294
f 3952/1793/1612 3911/1618/1448 3969/1657/1485
f 3952/1793/1612 3950/1776/1596 3911/1618/1448
f 3402/1781/1600 3403/1794/1603 3401/1782/1601
f 2071/1751/1574 2050/1665/1493 2055/1750/1573
f 1967/1702/1528 1942/1742/1565 1937/1711/1536
f 1944/1795/1613 1934/1796/1614 1936/1743/1566
f 1347/1797/1615 2073/1768/1590 1336/1770/1587
f 3095/1753/1576 3092/1772/1592 3094/1703/1529
f 4423/1798/1616 4419/1799/1617 4420/1728/1551
f 3314/1777/1597 3403/1784/1603 3326/1800/1618
f 1337/1801/1619 1336/1765/1587 1335/1764/1586
f 2056/1802/1620 2054/1749/1572 2074/1803/1621
f 1944/1795/1613 1933/1804/1622 1934/1796/1614
f 3098/1786/1605 3099/1805/1623 3097/1787/1606
f 3090/1756/1579 3089/1757/1580 3088/1669/1497
f 3059/1724/1547 3184/1791/1610 3204/1792/1611
f 2969/1760/1583 3020/1773/1593 2976/1761/1584
f 3918/1806/1624 3912/1662/1490 3917/1706/1532
f 3259/1807/1625 1335/1808/1586 3307/1762/1585
f 3269/1809/1626 3268/1810/1627 3402/1811/1600
f 3326/1800/1618 3403/1784/1603 3402/1811/1600
f 3268/1810/1627 3314/1777/1597 3326/1800/1618
f 2058/1812/1628 2056/1802/1620 2074/1803/1621
f 3115/1789/1608 3116/1813/1629 3103/1754/1577
f 2976/1761/1584 3023/1814/1630 522/1775/1595
f 4355/1815/1631 4381/1660/1488 4369/1659/1487
f 3259/1807/1625 3328/1816/1632 1335/1808/1586
f 3328/1817/1632 1337/1801/1619 1335/1764/1586
f 1719/1738/1561 1730/1785/1604 1729/1699/1525
f 2058/1812/1628 2074/1803/1621 2075/1818/1633
f 1967/1702/1528 1944/1795/1613 1942/1742/1565
f 1787/1819/1634 1788/1568/1402 1781/1820/1635
f 2072/1821/1636 2074/1803/1621 2073/1768/1590
f 2072/1821/1636 2075/1818/1633 2074/1803/1621
f 3095/1753/1576 3110/1822/1637 3092/1772/1592
f 3097/1787/1606 3107/1823/1638 3095/1753/1576
f 3150/1744/1567 3165/1824/1639 3161/1758/1581
f 3161/1758/1581 3183/1759/1582 3160/1714/1539
f 3204/1792/1611 3200/1825/1640 3020/1773/1593
f 3267/1826/1641 3269/1809/1626 3270/1612/1443
f 1213/1708/1534 1214/1827/1642 1215/1709/1535
f 2058/1812/1628 2057/1828/1643 2056/1802/1620
f 2057/1828/1643 2055/1750/1573 2056/1802/1620
f 2057/1828/1643 2071/1751/1574 2055/1750/1573
f 1734/1829/1644 1732/1740/1563 1730/1785/1604
f 1722/1830/1645 1730/1785/1604 1719/1738/1561
f 3108/1831/1646 3107/1823/1638 3097/1787/1606
f 3099/1805/1623 3108/1831/1646 3097/1787/1606
f 3092/1772/1592 3110/1822/1637 3090/1756/1579
f 3140/1832/1647 3141/1833/1648 3089/1757/1580
f 3150/1744/1567 3141/1833/1648 3165/1824/1639
f 3161/1758/1581 3184/1791/1610 3183/1759/1582
f 3204/1792/1611 3205/1834/1649 3200/1825/1640
f 2976/1761/1584 3020/1773/1593 3200/1825/1640
f 4417/1693/1519 4441/1835/1650 4416/1654/1482
f 1968/1836/1651 1967/1702/1528 1824/1701/1527
f 1968/1836/1651 1929/1837/1652 1967/1702/1528
f 1929/1837/1652 1923/1767/1589 1967/1702/1528
f 3023/1814/1630 521/1838/1653 522/1775/1595
f 4417/1693/1519 4436/1839/1654 4441/1835/1650
f 3996/1840/1655 3973/1729/1552 3964/1634/1463
f 3919/1841/1656 3917/1706/1532 3916/1707/1533
f 3309/1842/1657 3259/1807/1625 3307/1762/1585
f 1341/1843/1658 3328/1816/1632 3259/1807/1625
f 1749/1844/1659 1757/1845/1660 1734/1829/1644
f 1772/1846/1661 1773/1847/1662 1757/1845/1660
f 1772/1846/1661 1767/1848/1663 1773/1847/1662
f 3090/1756/1579 3140/1832/1647 3089/1757/1580
f 3172/1849/1664 3173/1850/1665 3115/1789/1608
f 3184/1791/1610 3191/1851/1666 3204/1792/1611
f 3205/1834/1649 3193/1852/1667 3200/1825/1640
f 3200/1825/1640 3201/1853/1668 2976/1761/1584
f 3201/1853/1668 3023/1814/1630 2976/1761/1584
f 3041/1675/1471 3040/1854/1669 2981/1727/1550
f 3919/1841/1656 3918/1806/1624 3917/1706/1532
f 3310/1855/1670 3309/1842/1657 3308/1778/1598
f 1341/1856/1658 1337/1801/1619 3328/1817/1632
f 2067/1857/1671 2058/1812/1628 2075/1818/1633
f 1718/1858/1672 1719/1738/1561 1715/1682/1509
f 1782/1859/1673 1781/1820/1635 1767/1848/1663
f 1924/1860/1674 1923/1767/1589 1929/1837/1652
f 3099/1805/1623 3109/1861/1675 3108/1831/1646
f 3090/1756/1579 3110/1822/1637 3140/1832/1647
f 3161/1758/1581 3171/1862/1676 3184/1791/1610
f 3171/1862/1676 3191/1851/1666 3184/1791/1610
f 3204/1792/1611 3191/1851/1666 3205/1834/1649
f 3193/1852/1667 3201/1853/1668 3200/1825/1640
f 4491/1863/1677 4386/1864/1678 4372/1658/1486
f 1341/1856/1658 1343/1865/1679 1337/1801/1619
f 2063/1866/1680 2058/1812/1628 2067/1857/1671
f 2069/1867/1681 2067/1857/1671 2075/1818/1633
f 1751/1868/1682 1772/1846/1661 1757/1845/1660
f 1752/1869/1683 1756/1870/1684 1772/1846/1661
f 1756/1870/1684 1767/1848/1663 1772/1846/1661
f 2069/1867/1681 2075/1818/1633 2072/1821/1636
f 3194/1871/1685 2583/1872/1686 2632/1873/1687
f 3040/1854/1669 3015/1874/1688 2981/1727/1550
f 1782/1859/1673 1767/1848/1663 1756/1870/1684
f 1977/1875/1689 1972/1876/1690 1924/1860/1674
f 1751/1868/1682 1757/1845/1660 1749/1844/1659
f 1977/1875/1689 1968/1836/1651 1824/1701/1527
f 3110/1822/1637 3136/1877/1691 3140/1832/1647
f 3191/1851/1666 3193/1852/1667 3205/1834/1649
f 3208/1878/1692 3023/1814/1630 3201/1853/1668
f 3923/1879/1693 3919/1841/1656 3916/1707/1533
f 1345/1880/1694 1337/1801/1619 1343/1865/1679
f 2059/1881/1695 2058/1812/1628 2063/1866/1680
f 1970/1882/1696 1924/1860/1674 1972/1876/1690
f 2070/1883/1697 2069/1867/1681 2072/1821/1636
f 1911/1884/1698 1922/1680/1507 1908/1885/1699
f 3165/1824/1639 3171/1862/1676 3161/1758/1581
f 3208/1878/1692 521/1838/1653 3023/1814/1630
f 4000/1886/1700 3996/1840/1655 522/1887/1595
f 3923/1879/1693 3907/1629/1458 3950/1776/1596
f 3264/1888/1701 3260/1889/1702 3310/1855/1670
f 3260/1889/1702 3259/1807/1625 3309/1842/1657
f 3927/1890/1703 3921/1648/1476 3912/1662/1490
f 1343/1865/1679 2070/1891/1697 1345/1880/1694
f 2069/1867/1681 2063/1866/1680 2067/1857/1671
f 1970/1882/1696 1921/1892/1704 1924/1860/1674
f 517/1893/1705 4000/1894/1700 522/1895/1595
f 3918/1806/1624 3927/1890/1703 3912/1662/1490
f 3315/1896/1706 3267/1826/1641 3322/1779/1599
f 2064/1897/1707 2059/1881/1695 2063/1866/1680
f 3193/1852/1667 3198/1898/1708 3201/1853/1668
f 2059/1881/1695 2057/1828/1643 2058/1812/1628
f 1973/1899/1709 1975/1900/1710 1976/1901/1711
f 1973/1899/1709 1972/1876/1690 1975/1900/1710
f 1911/1884/1698 2123/1902/1712 1922/1680/1507
f 1783/1903/1713 1787/1819/1634 1781/1820/1635
f 3108/1831/1646 3134/1904/1714 3107/1823/1638
f 2584/1905/1715 2579/1906/1716 2581/1907/1717
f 3015/1908/1688 2584/1905/1715 2581/1907/1717
f 520/1909/1718 521/1910/1653 574/1911/1719
f 4372/1658/1486 4367/1912/1720 4368/1721/1544
f 1783/1903/1713 1791/1913/1721 1787/1819/1634
f 3396/1914/1722 3259/1807/1625 3260/1889/1702
f 3262/1915/1723 3260/1889/1702 3264/1888/1701
f 2070/1883/1697 2065/1916/1724 2069/1867/1681
f 2065/1916/1724 2063/1866/1680 2069/1867/1681
f 1755/1917/1725 1782/1859/1673 1756/1870/1684
f 1755/1917/1725 1780/1918/1726 1782/1859/1673
f 3140/1832/1647 3148/1919/1727 3141/1833/1648
f 3198/1898/1708 3208/1878/1692 3201/1853/1668
f 3396/1914/1722 3260/1889/1702 3262/1915/1723
f 3266/1920/1728 3267/1826/1641 3315/1896/1706
f 3265/1921/1729 3262/1915/1723 3264/1888/1701
f 2065/1916/1724 2064/1897/1707 2063/1866/1680
f 1873/1922/1730 1825/1923/1731 2060/1924/1732
f 1868/1925/1733 1976/1901/1711 1977/1875/1689
f 1713/1926/1734 1714/1927/1735 1715/1682/1509
f 1780/1918/1726 1783/1903/1713 1781/1820/1635
f 3109/1861/1675 3133/1928/1736 3108/1831/1646
f 3135/1929/1737 3148/1919/1727 3136/1877/1691
f 3136/1877/1691 3148/1919/1727 3140/1832/1647
f 3148/1919/1727 3159/1930/1738 3141/1833/1648
f 3171/1862/1676 3170/1931/1739 3191/1851/1666
f 3168/1932/1740 3192/1933/1741 3193/1852/1667
f 3193/1852/1667 3192/1933/1741 3198/1898/1708
f 2583/1872/1686 2580/1934/1742 2574/1935/1743
f 3015/1874/1688 3040/1854/1669 2584/1936/1715
f 2062/1937/1744 1873/1922/1730 2060/1924/1732
f 3133/1928/1736 3134/1904/1714 3108/1831/1646
f 3165/1824/1639 3170/1931/1739 3171/1862/1676
f 519/1938/1745 518/1939/1746 517/1893/1705
f 3258/1940/1747 1343/1865/1679 1344/1941/1748
f 3266/1920/1728 3265/1921/1729 3267/1826/1641
f 1349/1942/1749 2065/1943/1724 1343/1865/1679
f 3159/1930/1738 3166/1944/1750 3165/1824/1639
f 3165/1824/1639 3166/1944/1750 3170/1931/1739
f 4355/1815/1631 4357/1945/1751 4382/1644/1472
f 3444/1946/1752 3395/1947/1753 3262/1948/1723
f 2123/1949/1712 4493/1950/1754 4491/1863/1677
f 2061/1951/1755 2059/1881/1695 2064/1897/1707
f 1754/1952/1756 1753/1953/1757 1750/1954/1758
f 1754/1952/1756 1755/1917/1725 1753/1953/1757
f 3134/1904/1714 3130/1955/1759 3135/1929/1737
f 2609/1956/1760 2516/1957/1761 2584/1905/1715
f 4423/1798/1616 4424/1958/1762 4433/1959/1763
f 3444/1946/1752 3339/1960/1764 3395/1947/1753
f 3148/1919/1727 3137/1961/1765 3159/1930/1738
f 3188/1962/1766 2633/1963/1767 3185/1964/1768
f 3976/1965/1769 3984/1745/1568 3974/1747/1570
f 3263/1966/1770 3266/1920/1728 3315/1896/1706
f 3265/1921/1729 3444/1967/1752 3262/1915/1723
f 1699/1968/1771 1780/1918/1726 1755/1917/1725
f 1873/1922/1730 1827/1969/1772 1825/1923/1731
f 3133/1928/1736 3127/1970/1773 3134/1904/1714
f 3130/1955/1759 3131/1971/1774 3148/1919/1727
f 3131/1971/1774 3137/1961/1765 3148/1919/1727
f 3182/1972/1775 3198/1898/1708 3192/1933/1741
f 2584/1905/1715 2516/1957/1761 2537/1973/1776
f 3397/1974/1777 3396/1914/1722 3339/1975/1764
f 3444/1946/1752 3441/1976/1778 3339/1960/1764
f 3441/1976/1778 3397/1977/1777 3339/1960/1764
f 1698/1978/1779 1755/1917/1725 1754/1952/1756
f 1906/1979/1780 1920/1980/1781 1974/1981/1782
f 1702/1982/1783 1750/1954/1758 1714/1927/1735
f 1698/1978/1779 1754/1952/1756 1702/1982/1783
f 1904/1983/1784 1911/1884/1698 1908/1885/1699
f 3185/1964/1768 2633/1963/1767 3162/1984/1785
f 2578/1985/1786 2537/1973/1776 2507/1986/1787
f 3213/1987/1788 1344/1988/1748 3396/1914/1722
f 3442/1989/1789 3396/1914/1722 3397/1974/1777
f 3443/1990/1790 3342/1991/1791 3265/1921/1729
f 3440/1992/1792 3397/1993/1777 3441/1994/1778
f 1911/1884/1698 4495/1995/1793 2123/1902/1712
f 1909/1996/1794 1903/1997/1795 1976/1901/1711
f 1713/1926/1734 1702/1982/1783 1714/1927/1735
f 3213/1987/1788 3396/1914/1722 3442/1989/1789
f 3325/1998/1796 3258/1999/1747 3213/1987/1788
f 3442/2000/1789 3397/1993/1777 3440/1992/1792
f 3441/1994/1778 3342/2001/1791 3440/1992/1792
f 2123/1949/1712 4494/2002/1797 4493/1950/1754
f 1697/2003/1798 1698/1978/1779 1702/1982/1783
f 3112/2004/1799 3125/2005/1800 3121/2006/1801
f 3137/1961/1765 3152/2007/1802 3159/1930/1738
f 3152/2007/1802 3166/1944/1750 3159/1930/1738
f 3168/1932/1740 3170/1931/1739 3166/1944/1750
f 3182/1972/1775 3199/2008/1803 3198/1898/1708
f 3040/2009/1669 2608/2010/1804 2609/1956/1760
f 3440/1992/1792 3443/2011/1790 3442/2000/1789
f 3443/1990/1790 3215/2012/1805 3442/1989/1789
f 3224/2013/1806 3263/1966/1770 3320/2014/1807
f 1350/2015/1808 1349/1942/1749 3325/2016/1796
f 1873/1922/1730 2062/1937/1744 2061/1951/1755
f 1872/2017/1809 2061/1951/1755 1354/2018/1810
f 1872/2017/1809 1873/1922/1730 2061/1951/1755
f 1784/2019/1811 1783/1903/1713 1780/1918/1726
f 3210/2020/1812 3208/1878/1692 3198/1898/1708
f 1766/2021/1813 1780/1918/1726 1699/1968/1771
f 1905/2022/1814 1906/1979/1780 1903/1997/1795
f 1827/1969/1772 1873/1922/1730 1872/2017/1809
f 3156/2023/1815 3166/1944/1750 3152/2007/1802
f 3210/2024/1812 575/2025/1816 3208/2026/1692
f 2516/1957/1761 2513/2027/1817 2507/1986/1787
f 4494/2002/1797 2123/1949/1712 4495/2028/1793
f 3182/1972/1775 3169/2029/1818 3199/2008/1803
f 4416/1654/1482 2601/2030/1819 3041/1643/1471
f 3925/2031/1820 3926/2032/1821 3918/1806/1624
f 3199/2008/1803 3210/2020/1812 3198/1898/1708
f 2577/2033/1822 2575/2034/1823 2573/2035/1824
f 534/2036/1825 516/2037/1826 518/1939/1746
f 3922/2038/1827 3919/1841/1656 3923/1879/1693
f 4367/1912/1720 4364/2039/1828 4368/1721/1544
f 3224/2013/1806 3223/2040/1829 3215/2012/1805
f 3324/2041/1830 1351/2042/1831 3325/2016/1796
f 3320/2014/1807 3223/2040/1829 3224/2013/1806
f 1870/2043/1832 1827/1969/1772 1871/2044/1833
f 3127/1970/1773 3124/2045/1834 3128/2046/1835
f 3127/1970/1773 455/2047/1836 3130/1955/1759
f 3137/1961/1765 3132/2048/1837 3152/2007/1802
f 3138/2049/1838 3139/2050/1839 3125/2005/1800
f 3156/2023/1815 3168/1932/1740 3166/1944/1750
f 4441/1835/1650 2601/2030/1819 4416/1654/1482
f 3982/2051/1840 3952/1793/1612 3969/1657/1485
f 4372/1658/1486 4370/2052/1841 4367/1912/1720
f 4386/1864/1678 4385/2053/1842 4372/1658/1486
f 4385/2053/1842 4370/2052/1841 4372/1658/1486
f 3214/2054/1843 3213/1987/1788 3215/2012/1805
f 3223/2040/1829 3214/2054/1843 3215/2012/1805
f 1351/2042/1831 1353/2055/1844 1350/2015/1808
f 1694/2056/1845 1699/1968/1771 1698/1978/1779
f 3131/1971/1774 3132/2048/1837 3137/1961/1765
f 3152/2007/1802 3132/2048/1837 3156/2023/1815
f 3168/1932/1740 3169/2029/1818 3182/1972/1775
f 534/2036/1825 518/1939/1746 541/2057/1846
f 1352/2058/1847 1351/2042/1831 3324/2041/1830
f 1351/2042/1831 1359/2059/1848 1353/2055/1844
f 3944/2060/1849 2133/2061/1850 3927/1890/1703
f 1910/2062/1851 1909/1996/1794 1868/1925/1733
f 3156/2023/1815 3132/2048/1837 3168/1932/1740
f 3132/2048/1837 3163/2063/1852 3168/1932/1740
f 3163/2063/1852 3164/2064/1853 3168/1932/1740
f 3212/2065/1854 3213/1987/1788 3214/2054/1843
f 535/2066/1855 541/2057/1846 539/2067/1856
f 1214/1827/1642 1220/2068/1857 3320/2069/1807
f 1697/2003/1798 1694/2056/1845 1698/1978/1779
f 1700/2070/1858 1766/2021/1813 1699/1968/1771
f 1829/2071/1859 1910/2062/1851 1868/1925/1733
f 1702/1982/1783 1701/2072/1860 1697/2003/1798
f 455/2073/1836 3129/2074/1861 454/2075/1862
f 455/2047/1836 454/2076/1862 3132/2048/1837
f 3216/2077/1863 3213/1987/1788 3212/2065/1854
f 3222/2078/1864 3217/2079/1865 3223/2040/1829
f 1851/2080/1866 1780/1918/1726 1766/2021/1813
f 3128/2046/1835 3124/2045/1834 3129/2081/1861
f 3123/2082/1867 3125/2005/1800 423/2083/1868
f 454/2076/1862 3163/2063/1852 3132/2048/1837
f 3151/2084/1869 3158/2085/1870 3145/2086/1871
f 3164/2064/1853 456/2087/1872 3169/2029/1818
f 534/2036/1825 541/2057/1846 535/2066/1855
f 3982/2051/1840 3984/1745/1568 3976/1965/1769
f 1700/2070/1858 1699/1968/1771 1694/2056/1845
f 3139/2050/1839 3145/2086/1871 3125/2005/1800
f 454/2076/1862 3164/2064/1853 3163/2063/1852
f 3334/2088/1873 1352/2058/1847 3324/2041/1830
f 3124/2089/1834 382/2090/1874 3129/2074/1861
f 423/2091/1868 382/2090/1874 3124/2089/1834
f 3145/2086/1871 3126/2092/1875 3125/2005/1800
f 3169/2029/1818 456/2087/1872 3199/2008/1803
f 3922/2038/1827 3920/2093/1876 3919/1841/1656
f 3225/2094/1877 3320/2014/1807 1220/2095/1857
f 1355/2096/1878 1359/2059/1848 1352/2058/1847
f 1691/2097/1879 1701/2072/1860 1702/1982/1783
f 2021/2098/1880 1828/2099/1881 1870/2043/1832
f 3129/2074/1861 324/2100/1882 453/2101/1883
f 382/2090/1874 323/2102/1884 3129/2074/1861
f 394/2103/1885 456/2104/1872 3164/2105/1853
f 1691/2097/1879 1702/1982/1783 1713/1926/1734
f 1701/2072/1860 1692/2106/1886 1697/2003/1798
f 1692/2106/1886 1694/2056/1845 1697/2003/1798
f 324/2100/1882 394/2103/1885 453/2101/1883
f 456/2087/1872 578/2107/1887 3199/2008/1803
f 4493/1950/1754 4385/2053/1842 4386/1864/1678
f 1214/1827/1642 1221/2108/1888 1220/2068/1857
f 2020/2109/1889 2022/2110/1890 2021/2098/1880
f 394/2103/1885 322/2111/1891 456/2104/1872
f 2504/2112/1892 2503/2113/1893 2501/2114/1894
f 2513/2027/1817 2515/2115/1895 2512/2116/1896
f 2551/2117/1897 2515/2115/1895 2513/2027/1817
f 4487/2118/1898 4426/2119/1899 4422/1677/1504
f 4364/2039/1828 4355/1815/1631 4369/1659/1487
f 3228/2120/1900 3227/2121/1901 3212/2065/1854
f 1355/2122/1878 2023/2123/1902 2020/2109/1889
f 1705/2124/1903 1766/2021/1813 1700/2070/1858
f 3126/2125/1875 289/2126/1904 320/2127/1905
f 394/2103/1885 321/2128/1906 322/2111/1891
f 404/2129/1907 578/2107/1887 456/2087/1872
f 2568/2130/1908 2569/2131/1909 2570/2132/1910
f 2647/2133/1911 2551/2117/1897 2609/1956/1760
f 2609/1956/1760 2608/2010/1804 2647/2133/1911
f 3324/2134/1830 3216/2077/1863 3227/2121/1901
f 3257/2135/1912 3212/2065/1854 3218/2136/1913
f 3257/2135/1912 3228/2120/1900 3212/2065/1854
f 2022/2110/1890 2020/2109/1889 2023/2123/1902
f 1889/2137/1914 1905/2022/1814 1903/1997/1795
f 2571/2138/1915 289/2126/1904 3126/2125/1875
f 456/2104/1872 322/2111/1891 404/2139/1907
f 579/2140/1916 577/2141/1917 578/2142/1887
f 3227/2121/1901 3334/2143/1873 3324/2134/1830
f 1850/2144/1918 1851/2080/1866 1705/2124/1903
f 404/2139/1907 579/2140/1916 578/2142/1887
f 3349/2145/1919 3348/2146/1920 3257/2135/1912
f 320/2127/1905 305/2147/1921 306/2148/1922
f 2571/2138/1915 283/2149/1923 289/2126/1904
f 315/2150/1924 318/2151/1925 322/2111/1891
f 2503/2113/1893 2498/2152/1926 2501/2114/1894
f 1220/2095/1857 3226/2153/1927 3225/2094/1877
f 3226/2153/1927 3220/2154/1928 3225/2094/1877
f 3331/2155/1929 3218/2136/1913 3219/2156/1930
f 3346/2157/1931 3257/2135/1912 3218/2136/1913
f 1691/2097/1879 1692/2106/1886 1701/2072/1860
f 285/2158/1932 325/2159/1933 320/2127/1905
f 321/2128/1906 315/2150/1924 322/2111/1891
f 316/2160/1934 315/2150/1924 321/2128/1906
f 580/2161/1935 545/2162/1936 576/2163/1937
f 3977/2164/1938 3982/2051/1840 3976/1965/1769
f 3252/2165/1939 3227/2121/1901 3228/2120/1900
f 320/2127/1905 325/2159/1933 305/2147/1921
f 391/2166/1940 287/2167/1941 2571/2138/1915
f 450/2168/1942 579/2140/1916 404/2139/1907
f 3333/2169/1943 3334/2143/1873 3227/2121/1901
f 3221/2170/1944 3219/2156/1930 3220/2154/1928
f 2024/2171/1945 2021/2098/1880 2022/2110/1890
f 2024/2171/1945 2080/2172/1946 2021/2098/1880
f 304/2173/1947 307/2174/1948 306/2148/1922
f 545/2162/1936 540/2175/1949 565/2176/1950
f 540/2175/1949 538/2177/1951 537/2178/1952
f 2503/2113/1893 2502/2179/1953 2498/2152/1926
f 3924/2180/1954 3920/2093/1876 3922/2038/1827
f 3253/2181/1955 3351/2182/1956 3350/2183/1957
f 1356/2184/1958 2029/2185/1959 1355/2122/1878
f 2029/2185/1959 2026/2186/1960 1355/2122/1878
f 2024/2171/1945 2022/2110/1890 2023/2123/1902
f 309/2187/1961 316/2160/1934 306/2148/1922
f 305/2147/1921 304/2173/1947 306/2148/1922
f 2571/2138/1915 287/2167/1941 283/2149/1923
f 2601/2188/1819 2600/2189/1962 2608/2010/1804
f 3221/2170/1944 3220/2154/1928 3226/2153/1927
f 316/2160/1934 311/2190/1963 315/2150/1924
f 3253/2181/1955 3252/2165/1939 3228/2120/1900
f 3350/2183/1957 3330/2191/1964 3253/2181/1955
f 3330/2191/1964 3350/2183/1957 3345/2192/1965
f 1904/1983/1784 2119/2193/1966 4495/1995/1793
f 325/2159/1933 326/2194/1967 305/2147/1921
f 458/2195/1968 580/2161/1935 579/2140/1916
f 536/2196/1969 527/2197/1970 535/2066/1855
f 1357/2198/1971 2029/2185/1959 1356/2184/1958
f 2025/2199/1972 2023/2123/1902 2026/2186/1960
f 1904/1983/1784 2009/2200/1973 2119/2193/1966
f 316/2160/1934 309/2187/1961 311/2190/1963
f 2499/2201/1974 2495/2202/1975 2500/2203/1976
f 536/2196/1969 535/2066/1855 537/2178/1952
f 4843/2204/1977 2028/2205/1978 2026/2186/1960
f 2025/2199/1972 2024/2171/1945 2023/2123/1902
f 1692/2106/1886 1693/2206/1979 1694/2056/1845
f 326/2194/1967 303/2207/1980 305/2147/1921
f 311/2190/1963 313/2208/1981 315/2150/1924
f 303/2207/1980 299/2209/1982 304/2173/1947
f 283/2149/1923 284/2210/1983 285/2158/1932
f 536/2196/1969 532/2211/1984 527/2197/1970
f 3230/2212/1985 3330/2191/1964 3219/2156/1930
f 2029/2185/1959 4843/2204/1977 2026/2186/1960
f 1683/2213/1986 1692/2106/1886 1691/2097/1879
f 317/2214/1987 458/2195/1968 450/2168/1942
f 3986/2215/1988 3981/2216/1989 3996/1840/1655
f 3229/2217/1990 3219/2156/1930 3221/2170/1944
f 3229/2217/1990 3230/2212/1985 3219/2156/1930
f 2097/2218/1991 4843/2204/1977 1357/2198/1971
f 4843/2204/1977 2029/2185/1959 1357/2198/1971
f 1683/2213/1986 1693/2206/1979 1692/2106/1886
f 2500/2203/1976 2495/2202/1975 2566/2219/1992
f 527/2197/1970 526/2220/1993 514/2221/1994
f 1907/2222/1614 1904/1983/1784 1905/2022/1814
f 287/2167/1941 286/2223/1995 283/2149/1923
f 532/2211/1984 526/2220/1993 527/2197/1970
f 2044/2224/1996 2028/2205/1978 4843/2204/1977
f 1690/2225/1997 1683/2213/1986 1691/2097/1879
f 1791/2226/1721 1222/2227/1998 1221/2108/1888
f 1222/2228/1998 1791/1913/1721 1783/1903/1713
f 309/2187/1961 308/2229/1999 311/2190/1963
f 283/2149/1923 280/2230/2000 284/2210/1983
f 3256/2231/2001 3254/2232/2002 3252/2165/1939
f 3254/2232/2002 3317/2233/2003 3252/2165/1939
f 3229/2217/1990 3330/2191/1964 3230/2212/1985
f 3337/2234/2004 3256/2231/2001 3330/2191/1964
f 2044/2224/1996 2031/2235/2005 2028/2205/1978
f 2031/2235/2005 2027/2236/2006 2025/2199/1972
f 2027/2236/2006 2080/2172/1946 2024/2171/1945
f 286/2223/1995 282/2237/2007 283/2149/1923
f 2498/2152/1926 2497/2238/2008 2495/2202/1975
f 4432/2239/2009 4430/2240/2010 4433/1959/1763
f 3944/2060/1849 1758/2241/2011 2133/2061/1850
f 1907/2222/1614 1905/2022/1814 1889/2137/1914
f 1695/2242/2012 1691/2097/1879 1713/1926/1734
f 302/2243/2013 309/2187/1961 307/2174/1948
f 310/2244/2014 302/2243/2013 307/2174/1948
f 327/2245/2015 328/2246/2016 326/2194/1967
f 533/2247/2017 532/2211/1984 536/2196/1969
f 2515/2115/1895 2551/2117/1897 2530/2248/2018
f 514/2221/1994 511/2249/2019 515/2250/2020
f 3317/2233/2003 3318/2251/2021 3252/2165/1939
f 1829/2071/1859 1883/2252/2022 1910/2062/1851
f 1717/2253/2023 1695/2242/2012 1713/1926/1734
f 1785/2254/2024 1783/1903/1713 1784/2019/1811
f 1849/2255/2025 1830/2256/2026 1828/2099/1881
f 542/2257/2027 545/2162/1936 567/2258/2028
f 537/2178/1952 538/2177/1951 536/2196/1969
f 538/2177/1951 544/2259/2029 536/2196/1969
f 532/2211/1984 533/2247/2017 526/2220/1993
f 3337/2234/2004 3240/2260/2030 3256/2231/2001
f 3335/2261/2031 3337/2234/2004 3336/2262/2032
f 1685/2263/2033 1706/2264/2034 1693/2206/1979
f 1685/2263/2033 1693/2206/1979 1683/2213/1986
f 303/2207/1980 281/2265/2035 299/2209/1982
f 2512/2116/1896 2510/2266/2036 2502/2179/1953
f 4357/1945/1751 4356/2267/2037 4426/2119/1899
f 3233/2268/2038 3335/2261/2031 3229/2217/1990
f 1688/2269/2039 1850/2144/1918 1705/2124/1903
f 1690/2225/1997 1691/2097/1879 1695/2242/2012
f 1886/2270/2040 1889/2137/1914 1902/2271/2041
f 309/2187/1961 302/2243/2013 308/2229/1999
f 311/2190/1963 301/2272/2042 312/2273/2043
f 308/2229/1999 301/2272/2042 311/2190/1963
f 3238/2274/2044 3226/2153/1927 1220/2095/1857
f 312/2273/2043 301/2272/2042 313/2208/1981
f 3254/2232/2002 3247/2275/2045 3317/2233/2003
f 3240/2260/2030 3337/2234/2004 3335/2261/2031
f 2033/2276/2046 1849/2255/2025 2027/2236/2006
f 288/2277/2047 279/2278/2048 328/2246/2016
f 4364/2039/1828 4358/2279/2049 4355/1815/1631
f 3236/2280/2050 3240/2260/2030 3335/2261/2031
f 4842/2281/2051 4843/2204/1977 1360/2282/2052
f 2032/2283/2053 2027/2236/2006 2031/2235/2005
f 1792/2284/2054 1850/2144/1918 1688/2269/2039
f 1792/2284/2054 1784/2019/1811 1850/2144/1918
f 310/2244/2014 300/2285/2055 302/2243/2013
f 2526/2286/2056 2522/2287/2057 2512/2116/1896
f 2551/2117/1897 2532/2288/2058 2530/2248/2018
f 3989/2289/2059 3986/2215/1988 3996/1840/1655
f 1785/2254/2024 1784/2019/1811 1792/2284/2054
f 301/2272/2042 296/2290/2060 313/2208/1981
f 2496/2291/2061 2494/2292/2062 2495/2202/1975
f 2497/2238/2008 2496/2291/2061 2495/2202/1975
f 1687/2293/2063 1688/2269/2039 1685/2263/2033
f 1883/2252/2022 1902/2271/2041 1910/2062/1851
f 299/2209/1982 277/2294/2064 300/2285/2055
f 281/2265/2035 277/2294/2064 299/2209/1982
f 280/2230/2000 279/2278/2048 288/2277/2047
f 2531/2295/2065 2522/2287/2057 2526/2286/2056
f 3239/2296/2066 3247/2275/2045 3254/2232/2002
f 1689/2297/2067 1683/2213/1986 1690/2225/1997
f 314/2298/2068 319/2299/2069 317/2214/1987
f 4432/2239/2009 4429/2300/2070 4430/2240/2010
f 4385/2053/1842 4371/2301/2071 4370/2052/1841
f 3233/2268/2038 3232/2302/2072 3235/2303/2073
f 1221/2108/1888 3323/2304/2074 1220/2068/1857
f 4430/2240/2010 4431/2305/2075 4436/1839/1654
f 4430/2240/2010 4429/2300/2070 4431/2305/2075
f 3319/2306/2076 3332/2307/2077 3318/2251/2021
f 3332/2307/2077 4842/2308/2051 3318/2251/2021
f 3231/2309/2078 3226/2153/1927 3238/2274/2044
f 2033/2276/2046 2027/2236/2006 2032/2283/2053
f 3945/2310/2079 1775/2311/2080 3944/2060/1849
f 1886/2270/2040 1902/2271/2041 1883/2252/2022
f 280/2230/2000 278/2312/2081 279/2278/2048
f 295/2313/2082 296/2290/2060 301/2272/2042
f 277/2294/2064 295/2313/2082 300/2285/2055
f 1684/2314/2083 1683/2213/1986 1689/2297/2067
f 2325/2315/2084 1783/1903/1713 1785/2254/2024
f 558/2316/2085 542/2257/2027 567/2258/2028
f 515/2250/2020 528/2317/2086 4000/1894/1700
f 3983/2318/2087 3982/2051/1840 3977/2164/1938
f 3234/2319/2088 3235/2303/2073 3232/2302/2072
f 1888/2320/2089 1907/2222/1614 1889/2137/1914
f 553/2321/2090 542/2257/2027 558/2316/2085
f 533/2247/2017 523/2322/2091 526/2220/1993
f 3930/2323/2092 3924/2180/1954 3922/2038/1827
f 3234/2319/2088 3232/2302/2072 3231/2309/2078
f 3341/2324/2093 4841/2325/2094 4842/2326/2051
f 1683/2213/1986 1682/2327/2095 1685/2263/2033
f 3341/2328/2093 4842/2308/2051 3332/2307/2077
f 1703/2329/2096 1688/2269/2039 1687/2293/2063
f 2479/2330/2097 2480/2331/2098 286/2223/1995
f 553/2321/2090 554/2332/2099 544/2259/2029
f 556/2333/2100 557/2334/2101 544/2259/2029
f 3237/2335/2102 3235/2303/2073 3234/2319/2088
f 3244/2336/2103 3332/2307/2077 3319/2306/2076
f 4494/2002/1797 4384/2337/2104 4385/2053/1842
f 1695/2242/2012 1707/2338/2105 1690/2225/1997
f 1703/2329/2096 1792/2284/2054 1688/2269/2039
f 319/2299/2069 583/2339/2106 458/2195/1968
f 295/2313/2082 294/2340/2107 296/2290/2060
f 544/2259/2029 554/2332/2099 556/2333/2100
f 2119/2341/1966 4525/2342/2108 4494/2002/1797
f 4840/2343/2109 2038/2344/2110 4841/2345/2094
f 1886/2270/2040 1888/2320/2089 1889/2137/1914
f 294/2340/2107 291/2346/2111 296/2290/2060
f 4840/2347/2109 4841/2325/2094 3341/2324/2093
f 2039/2348/2112 1830/2256/2026 2033/2276/2046
f 1710/2349/2113 1707/2338/2105 1695/2242/2012
f 1888/2320/2089 1904/1983/1784 1907/2222/1614
f 1775/2350/2080 1716/2351/2114 1717/2253/2023
f 1716/2351/2114 1695/2242/2012 1717/2253/2023
f 282/2237/2007 269/2352/2115 280/2230/2000
f 2532/2288/2058 2533/2353/2116 2531/2295/2065
f 2034/2354/2117 2033/2276/2046 2032/2283/2053
f 1707/2338/2105 1696/2355/2118 1690/2225/1997
f 2509/2356/2119 2508/2357/2120 2496/2291/2061
f 3340/2358/2121 3341/2324/2093 3332/2359/2077
f 286/2223/1995 269/2352/2115 282/2237/2007
f 2532/2288/2058 2648/2360/2122 2533/2353/2116
f 2601/2188/1819 2590/2361/2123 2600/2189/1962
f 4425/2362/2124 4429/2300/2070 4432/2239/2009
f 3983/2318/2087 3977/2164/1938 3980/2363/2125
f 3931/2364/2126 3922/2038/1827 3923/1879/1693
f 3241/2365/2127 3239/2296/2066 3237/2335/2102
f 3250/2366/2128 3234/2319/2088 3231/2309/2078
f 1761/2367/2129 1687/2293/2063 1686/2368/2130
f 3582/2369/2131 3588/2370/2132 1689/2297/2067
f 1682/2327/2095 1683/2213/1986 1684/2314/2083
f 1710/2349/2113 1695/2242/2012 1716/2351/2114
f 546/2371/2133 557/2334/2101 556/2333/2100
f 546/2371/2133 523/2322/2091 557/2334/2101
f 3250/2366/2128 3249/2372/2134 3234/2319/2088
f 3249/2372/2134 3237/2335/2102 3234/2319/2088
f 3585/2373/2135 4895/2374/2136 3588/2375/2132
f 4895/2374/2136 1776/2376/2137 3588/2375/2132
f 1786/2377/2138 2325/2315/2084 1785/2254/2024
f 298/2378/2139 319/2299/2069 314/2298/2068
f 277/2294/2064 276/2379/2140 295/2313/2082
f 295/2313/2082 276/2379/2140 294/2340/2107
f 3241/2365/2127 3237/2335/2102 3249/2372/2134
f 3323/2380/2074 3250/2366/2128 3238/2274/2044
f 2035/2381/2141 2033/2276/2046 2034/2354/2117
f 1708/2382/2142 1696/2355/2118 1707/2338/2105
f 4874/2383/2143 4895/2374/2136 3585/2373/2135
f 559/2384/2144 556/2333/2100 554/2332/2099
f 2650/2385/2145 2649/2386/2146 2648/2360/2122
f 509/2387/2147 514/2221/1994 523/2322/2091
f 3242/2388/2148 3243/2389/2149 3239/2296/2066
f 2034/2354/2117 2032/2283/2053 2036/2390/2150
f 1681/2391/2151 1682/2327/2095 1684/2314/2083
f 1885/2392/2152 1887/2393/2153 1886/2270/2040
f 1892/2394/2154 2009/2200/1973 1904/1983/1784
f 4874/2383/2143 3585/2373/2135 3583/2395/2155
f 4873/2396/2156 4895/2374/2136 4874/2383/2143
f 3242/2388/2148 3239/2296/2066 3241/2365/2127
f 3251/2397/2157 3250/2366/2128 3323/2380/2074
f 4494/2002/1797 4524/2398/2158 4384/2337/2104
f 4525/2342/2108 4524/2398/2158 4494/2002/1797
f 2511/2399/2159 2521/2400/2160 2517/2401/2161
f 531/2402/2162 523/2322/2091 546/2371/2133
f 509/2387/2147 510/2403/2163 511/2249/2019
f 4429/2300/2070 4442/2404/2164 4431/2305/2075
f 3340/2358/2121 3347/2405/2165 3341/2324/2093
f 3347/2405/2165 4840/2347/2109 3341/2324/2093
f 1762/2406/2166 1703/2329/2096 1687/2293/2063
f 1708/2382/2142 3582/2369/2131 1696/2355/2118
f 1681/2391/2151 1686/2368/2130 1682/2327/2095
f 1887/2393/2153 1888/2320/2089 1886/2270/2040
f 2443/2407/2167 2440/2408/2168 2479/2409/2097
f 2444/2410/2169 2650/2385/2145 2600/2189/1962
f 4431/2305/2075 4438/2411/2170 4436/1839/1654
f 1764/2412/2171 1703/2329/2096 1762/2406/2166
f 2040/2413/2172 2036/2390/2150 2038/2344/2110
f 1709/2414/2173 1708/2382/2142 1707/2338/2105
f 365/2415/2174 583/2339/2106 319/2299/2069
f 555/2416/2175 554/2332/2099 553/2321/2090
f 4074/2417/2176 3979/2418/2177 3988/2419/2178
f 3250/2366/2128 3248/2420/2179 3249/2372/2134
f 3928/2421/2180 3945/2310/2079 3926/2032/1821
f 1708/2422/2142 4892/2423/2181 3582/2424/2131
f 2533/2353/2116 2535/2425/2182 2534/2426/2183
f 1681/2391/2151 1761/2367/2129 1686/2368/2130
f 274/2427/2184 276/2379/2140 277/2294/2064
f 2524/2428/2185 2517/2401/2161 2521/2400/2160
f 2533/2353/2116 2649/2386/2146 2535/2425/2182
f 3251/2397/2157 3248/2420/2179 3250/2366/2128
f 560/2429/2186 559/2384/2144 554/2332/2099
f 3987/2430/2187 3990/2431/2188 3988/2419/2178
f 4425/2362/2124 4428/2432/2189 4429/2300/2070
f 3928/2421/2180 3925/2031/1820 3924/2180/1954
f 3245/2433/2190 3246/2434/2191 3242/2388/2148
f 3928/2421/2180 3926/2032/1821 3925/2031/1820
f 1763/2435/2192 1761/2367/2129 1681/2391/2151
f 1891/2436/2193 1892/2394/2154 1904/1983/1784
f 1832/2437/2194 1833/2438/2195 1829/2071/1859
f 1673/2439/2196 1684/2314/2083 4894/2440/2197
f 1884/2441/2198 1885/2392/2152 1883/2252/2022
f 4865/2442/2199 4873/2396/2156 4874/2383/2143
f 3991/2443/2200 3985/2444/2201 3980/2363/2125
f 275/2445/2202 291/2346/2111 294/2340/2107
f 275/2445/2202 294/2340/2107 276/2379/2140
f 562/2446/2203 546/2371/2133 559/2384/2144
f 2649/2386/2146 2589/2447/2204 2535/2425/2182
f 4431/2305/2075 4437/2448/2205 4438/2411/2170
f 3255/2449/2206 3251/2397/2157 3323/2380/2074
f 1221/2108/1888 2017/2450/2207 3323/2304/2074
f 2037/2451/2208 2039/2348/2112 2035/2381/2141
f 2017/2450/2207 1221/2108/1888 1222/2227/1998
f 2037/2451/2208 2326/2452/2209 2039/2348/2112
f 2017/2453/2207 1222/2228/1998 2325/2315/2084
f 3586/2454/2210 4874/2383/2143 4892/2455/2181
f 2514/2456/2211 2439/2457/2212 2443/2407/2167
f 2524/2428/2185 2529/2458/2213 2523/2459/2214
f 2552/2460/2215 2553/2461/2216 2524/2428/2185
f 562/2446/2203 525/2462/2217 531/2402/2162
f 2535/2425/2182 2536/2463/2218 2524/2428/2185
f 2650/2385/2145 2589/2447/2204 2649/2386/2146
f 525/2462/2217 512/2464/2219 509/2387/2147
f 531/2402/2162 525/2462/2217 509/2387/2147
f 3995/2465/2220 3994/2466/2221 3989/2289/2059
f 3994/2466/2221 3987/2430/2187 3989/2289/2059
f 4548/2467/2222 4497/2468/2223 4431/2305/2075
f 3993/2469/2224 3988/2419/2178 3990/2431/2188
f 3991/2443/2200 3983/2318/2087 3985/2444/2201
f 3992/2470/2225 3951/2471/2226 3983/2318/2087
f 3261/2472/2227 3321/2473/2228 3246/2434/2191
f 3255/2449/2206 3248/2420/2179 3251/2397/2157
f 2327/2474/2229 2034/2354/2117 2036/2390/2150
f 1673/2439/2196 1681/2391/2151 1684/2314/2083
f 4867/2475/2230 4873/2396/2156 4865/2442/2199
f 2529/2458/2213 2525/2476/2231 2523/2459/2214
f 4497/2468/2223 4437/2448/2205 4431/2305/2075
f 3993/2469/2224 3991/2443/2200 4074/2417/2176
f 2314/2477/2232 3245/2433/2190 3248/2420/2179
f 3338/2478/2233 3321/2473/2228 3261/2472/2227
f 3255/2449/2206 2322/2479/2234 3248/2420/2179
f 1764/2412/2171 1762/2406/2166 1763/2435/2192
f 298/2378/2139 365/2415/2174 319/2299/2069
f 2439/2457/2212 2440/2408/2168 2443/2407/2167
f 561/2480/2235 560/2429/2186 555/2416/2175
f 2590/2361/2123 2444/2410/2169 2600/2189/1962
f 4643/2481/2236 4497/2468/2223 4548/2467/2222
f 3997/2482/2237 3993/2469/2224 3994/2466/2221
f 3356/2483/2238 4642/2484/2239 4443/2485/2240
f 4587/2486/2241 3358/2487/2242 4444/2488/2243
f 3338/2489/2233 3261/2490/2227 2314/2491/2232
f 1765/2492/2244 1764/2412/2171 1763/2435/2192
f 2327/2474/2229 2037/2451/2208 2034/2354/2117
f 1681/2391/2151 1680/2493/2245 1763/2435/2192
f 1680/2493/2245 1765/2492/2244 1763/2435/2192
f 3577/2494/2246 1708/2382/2142 1709/2414/2173
f 4527/2495/2247 2009/2200/1973 1892/2394/2154
f 3584/2496/2248 3580/2497/2249 1708/2422/2142
f 1884/2441/2198 1883/2252/2022 1833/2438/2195
f 3581/2498/2250 3586/2499/2210 4892/2423/2181
f 582/2500/2251 558/2316/2085 583/2339/2106
f 2523/2459/2214 2520/2501/2252 2517/2401/2161
f 2525/2476/2231 2520/2501/2252 2523/2459/2214
f 561/2480/2235 562/2446/2203 560/2429/2186
f 573/2502/2253 525/2462/2217 562/2446/2203
f 524/2503/2254 510/2403/2163 512/2464/2219
f 525/2462/2217 524/2503/2254 512/2464/2219
f 4017/2504/2255 3995/2465/2220 529/2505/2256
f 4642/2484/2239 3356/2483/2238 4643/2481/2236
f 4022/2506/2257 3993/2469/2224 3997/2482/2237
f 3354/2507/2258 4443/2485/2240 4444/2488/2243
f 4022/2506/2257 4024/2508/2259 3993/2469/2224
f 2313/2509/2260 3338/2489/2233 2314/2491/2232
f 2316/2510/2261 2322/2511/2234 3255/2512/2206
f 2316/2510/2261 2313/2509/2260 2322/2511/2234
f 2320/2513/2262 2037/2451/2208 2327/2474/2229
f 3584/2514/2248 1708/2382/2142 3577/2494/2246
f 2015/2515/2263 1786/2377/2138 2078/2516/2264
f 1890/2517/2265 1888/2320/2089 1887/2393/2153
f 3584/2496/2248 3581/2498/2250 3580/2497/2249
f 274/2427/2184 271/2518/2266 276/2379/2140
f 2519/2519/2267 2518/2520/2268 2517/2401/2161
f 572/2521/2269 561/2480/2235 555/2416/2175
f 2517/2401/2161 2520/2501/2252 2519/2519/2267
f 561/2480/2235 573/2502/2253 562/2446/2203
f 2641/2522/2270 2642/2523/2271 2643/2524/2272
f 2646/2525/2273 2641/2522/2270 2643/2524/2272
f 573/2502/2253 623/2526/2274 525/2462/2217
f 2536/2463/2218 2644/2527/2275 2552/2460/2215
f 525/2462/2217 623/2526/2274 524/2503/2254
f 528/2317/2086 4017/2528/2255 529/2529/2256
f 4024/2508/2259 3992/2470/2225 3991/2443/2200
f 4024/2508/2259 4027/2530/2276 3992/2470/2225
f 2017/2531/2207 2317/2532/2277 2316/2510/2261
f 1674/2533/2278 1675/2534/2279 1673/2439/2196
f 1675/2534/2279 1681/2391/2151 1673/2439/2196
f 1834/2535/2280 1884/2441/2198 1833/2438/2195
f 3574/2536/2281 3586/2499/2210 3581/2498/2250
f 4866/2537/2282 4867/2475/2230 4865/2442/2199
f 2646/2525/2273 2640/2538/2283 2641/2522/2270
f 3933/2539/2284 3930/2323/2092 3931/2364/2126
f 4366/2540/2285 4373/2541/2286 4365/2542/2287
f 1680/2493/2245 2334/2543/2288 1765/2492/2244
f 2319/2544/2289 2103/2545/2290 2311/2546/2291
f 2012/2547/2292 2310/2548/2293 2311/2546/2291
f 1675/2534/2279 1680/2493/2245 1681/2391/2151
f 2318/2549/2294 2311/2546/2291 2317/2532/2277
f 2102/2550/2295 2103/2551/2290 2319/2552/2289
f 2312/2553/2296 2310/2548/2293 2012/2547/2292
f 2312/2553/2296 2315/2554/2297 2310/2548/2293
f 1892/2394/2154 1891/2436/2193 1890/2517/2265
f 2005/2555/2298 2017/2531/2207 2325/2556/2084
f 1991/2557/2299 2005/2558/2298 2325/2315/2084
f 2321/2559/2300 1847/2560/2301 2326/2561/2209
f 1847/2562/2301 1835/2563/2302 2326/2452/2209
f 271/2518/2266 275/2445/2202 276/2379/2140
f 280/2230/2000 269/2352/2115 268/2564/2303
f 524/2503/2254 513/2565/2304 510/2403/2163
f 4021/2566/2305 4022/2506/2257 3997/2482/2237
f 4655/2567/2306 3357/2568/2307 3358/2569/2242
f 4434/2570/2308 3357/2568/2307 4655/2567/2306
f 4434/2571/2308 4655/2572/2306 4427/2573/2309
f 4356/2267/2037 4435/2574/2310 4426/2119/1899
f 1914/2575/2311 1885/2392/2152 1884/2441/2198
f 1914/2575/2311 1901/2576/2312 1885/2392/2152
f 1901/2576/2312 1899/2577/2313 1885/2392/2152
f 1899/2577/2313 1890/2517/2265 1887/2393/2153
f 1893/2578/2314 1892/2394/2154 1890/2517/2265
f 1711/2579/2315 1709/2414/2173 1710/2349/2113
f 4872/2580/2316 1674/2533/2278 1673/2439/2196
f 2323/2581/2317 2319/2544/2289 2318/2549/2294
f 2012/2547/2292 2324/2582/2318 2312/2553/2296
f 1998/2583/2319 1869/2584/2320 2015/2515/2263
f 2005/2555/2298 2323/2581/2317 2318/2549/2294
f 1847/2560/2301 2321/2559/2300 2315/2554/2297
f 3587/2585/2321 3586/2499/2210 3574/2536/2281
f 563/2586/2322 561/2480/2235 572/2521/2269
f 573/2502/2253 561/2480/2235 564/2587/2323
f 2642/2523/2271 2491/2588/2324 2528/2589/2325
f 564/2587/2323 530/2590/2326 524/2503/2254
f 623/2526/2274 564/2587/2323 524/2503/2254
f 623/2526/2274 573/2502/2253 564/2587/2323
f 524/2503/2254 530/2590/2326 513/2565/2304
f 4643/2591/2236 3355/2592/2327 4497/2593/2223
f 4023/2594/2328 4022/2506/2257 4021/2566/2305
f 4023/2594/2328 4024/2508/2259 4022/2506/2257
f 4026/2595/2329 4028/2596/2330 4027/2530/2276
f 4365/2542/2287 4360/2597/2331 4358/2279/2049
f 4374/2598/2332 4373/2541/2286 4371/2301/2071
f 1712/2599/2333 3577/2494/2246 1709/2414/2173
f 1989/2600/2334 1986/2601/2335 1884/2441/2198
f 1986/2601/2335 1914/2575/2311 1884/2441/2198
f 1897/2602/2336 1893/2578/2314 1890/2517/2265
f 1989/2600/2334 1884/2441/2198 1834/2535/2280
f 4869/2603/2337 1672/2604/2338 4867/2475/2230
f 1843/2605/2339 1835/2563/2302 1847/2562/2301
f 2003/2606/2340 2323/2607/2317 2005/2558/2298
f 3587/2608/2321 4864/2609/2341 3586/2454/2210
f 275/2445/2202 290/2610/2342 291/2346/2111
f 480/2611/2343 555/2416/2175 582/2500/2251
f 2437/2612/2344 2439/2457/2212 2518/2520/2268
f 480/2611/2343 507/2613/2345 555/2416/2175
f 507/2613/2345 572/2521/2269 555/2416/2175
f 572/2521/2269 507/2613/2345 563/2586/2322
f 2520/2501/2252 2432/2614/2346 2519/2519/2267
f 564/2587/2323 561/2480/2235 563/2586/2322
f 564/2587/2323 551/2615/2347 530/2590/2326
f 4025/2616/2348 4020/2617/2349 4018/2618/2350
f 3354/2619/2258 3353/2620/2351 3355/2592/2327
f 4434/2570/2308 3352/2621/2352 3357/2568/2307
f 4426/2119/1899 4434/2571/2308 4427/2573/2309
f 4527/2622/2247 4526/2623/2353 4525/2342/2108
f 3573/2624/2354 3584/2625/2248 3577/2626/2246
f 2011/2627/2355 2102/2550/2295 2319/2552/2289
f 290/2610/2342 297/2628/2356 298/2378/2139
f 272/2629/2357 290/2610/2342 275/2445/2202
f 2519/2519/2267 2437/2612/2344 2518/2520/2268
f 563/2586/2322 551/2615/2347 564/2587/2323
f 2426/2630/2358 2490/2631/2359 2564/2632/2360
f 4437/2448/2205 4440/2633/2361 4439/2634/2362
f 4037/2635/2363 4021/2566/2305 4025/2616/2348
f 4021/2566/2305 4020/2617/2349 4025/2616/2348
f 3352/2621/2352 3353/2620/2351 3354/2619/2258
f 4435/2574/2310 4434/2571/2308 4426/2119/1899
f 2105/2636/2364 2012/2637/2292 2103/2551/2290
f 3573/2624/2354 3574/2638/2281 3584/2625/2248
f 2076/2639/2365 1846/2640/2366 2012/2637/2292
f 2000/2641/2367 2005/2558/2298 1991/2557/2299
f 1845/2642/2368 1844/2643/2369 2324/2644/2318
f 1844/2643/2369 1847/2562/2301 2324/2644/2318
f 1844/2643/2369 1843/2605/2339 1847/2562/2301
f 2002/2645/2370 2323/2607/2317 2003/2606/2340
f 4876/2646/2371 4866/2537/2282 4864/2609/2341
f 4868/2647/2372 4867/2475/2230 4866/2537/2282
f 2432/2614/2346 2431/2648/2373 2437/2612/2344
f 507/2613/2345 552/2649/2374 563/2586/2322
f 552/2649/2374 551/2615/2347 563/2586/2322
f 2490/2631/2359 2432/2614/2346 2491/2588/2324
f 543/2650/2375 530/2590/2326 551/2615/2347
f 4434/2651/2308 3353/2652/2376 3352/2653/2352
f 1676/2654/2377 1677/2655/2378 1675/2534/2279
f 2104/2656/2379 2105/2636/2364 2103/2551/2290
f 1720/2657/2380 1710/2349/2113 1716/2351/2114
f 1720/2657/2380 1711/2579/2315 1710/2349/2113
f 2076/2639/2365 2012/2637/2292 2105/2636/2364
f 2000/2641/2367 2002/2645/2370 2003/2606/2340
f 3394/2658/2381 4845/2659/2382 4864/2609/2341
f 4845/2659/2382 4876/2646/2371 4864/2609/2341
f 269/2352/2115 267/2660/2383 268/2564/2303
f 462/2661/2384 582/2500/2251 365/2415/2174
f 462/2661/2384 480/2611/2343 582/2500/2251
f 2490/2631/2359 2426/2630/2358 2432/2614/2346
f 3938/2662/2385 3928/2421/2180 3932/2663/2386
f 4872/2664/2316 4869/2603/2337 4871/2665/2387
f 4871/2666/2387 1674/2533/2278 4872/2580/2316
f 3393/2667/2388 4845/2668/2382 3394/2669/2381
f 271/2518/2266 272/2629/2357 275/2445/2202
f 292/2670/2389 293/2671/2390 290/2610/2342
f 462/2661/2384 479/2672/2391 480/2611/2343
f 2426/2630/2358 2431/2648/2373 2432/2614/2346
f 4435/2574/2310 4445/2673/2392 4434/2571/2308
f 4384/2337/2104 4388/2674/2393 4374/2598/2332
f 1913/2675/2394 1901/2576/2312 1914/2575/2311
f 1898/2676/2395 1897/2602/2336 1899/2577/2313
f 1898/2676/2395 1896/2677/2396 1897/2602/2336
f 1712/2678/2333 3576/2679/2397 3577/2626/2246
f 3576/2679/2397 3573/2624/2354 3577/2626/2246
f 1611/2680/2398 1844/2643/2369 1845/2642/2368
f 272/2629/2357 292/2670/2389 290/2610/2342
f 552/2649/2374 547/2681/2399 551/2615/2347
f 548/2682/2400 543/2650/2375 551/2615/2347
f 530/2590/2326 457/2683/2401 513/2565/2304
f 3576/2679/2397 3575/2684/2402 3573/2624/2354
f 3575/2684/2402 3574/2638/2281 3573/2624/2354
f 1836/2685/2403 1835/2563/2302 1843/2605/2339
f 1992/2686/2404 1994/2687/2405 1991/2557/2299
f 1994/2687/2405 1999/2688/2406 1991/2557/2299
f 1999/2688/2406 2000/2641/2367 1991/2557/2299
f 1611/2680/2398 1612/2689/2407 1844/2643/2369
f 4870/2690/2408 4869/2603/2337 4868/2647/2372
f 267/2660/2383 265/2691/2409 268/2564/2303
f 427/2692/2410 267/2660/2383 2440/2693/2168
f 2439/2457/2212 427/2694/2410 2440/2408/2168
f 2426/2630/2358 2429/2695/2411 2431/2648/2373
f 547/2681/2399 548/2682/2400 551/2615/2347
f 1760/2696/2412 3576/2679/2397 1712/2678/2333
f 4869/2603/2337 4870/2690/2408 4871/2665/2387
f 1836/2685/2403 1834/2535/2280 1835/2563/2302
f 1620/2697/2413 1846/2640/2366 2076/2639/2365
f 1619/2698/2414 1611/2680/2398 1845/2642/2368
f 4844/2699/2415 4870/2690/2408 4868/2647/2372
f 268/2564/2303 270/2700/2416 271/2518/2266
f 293/2671/2390 347/2701/2417 297/2628/2356
f 389/2702/2418 261/2703/2419 267/2660/2383
f 427/2692/2410 389/2702/2418 267/2660/2383
f 2429/2695/2411 2435/2704/2420 2431/2648/2373
f 4439/2634/2362 2591/2705/2421 2590/2706/2123
f 4373/2541/2286 4377/2707/2422 4365/2542/2287
f 1676/2654/2377 1678/2708/2423 1677/2655/2378
f 4875/2709/2424 1676/2654/2377 4871/2666/2387
f 2656/2710/2425 2655/2711/2426 2102/2550/2295
f 3393/2667/2388 3391/2712/2427 3390/2713/2428
f 2331/2714/2429 1998/2715/2319 2332/2716/2430
f 1619/2698/2414 1846/2640/2366 1620/2697/2413
f 2001/2717/2431 2002/2645/2370 2000/2641/2367
f 292/2670/2389 346/2718/2432 293/2671/2390
f 462/2661/2384 461/2719/2433 479/2672/2391
f 547/2681/2399 552/2649/2374 502/2720/2434
f 4019/2721/2435 4028/2596/2330 4026/2595/2329
f 1678/2708/2423 2333/2722/2436 1677/2655/2378
f 3389/2723/2437 4880/2724/2438 3390/2713/2428
f 3389/2723/2437 4879/2725/2439 4880/2724/2438
f 4875/2709/2424 1779/2726/2440 1676/2654/2377
f 2655/2711/2426 2104/2656/2379 2102/2550/2295
f 4870/2690/2408 4875/2727/2424 4871/2665/2387
f 1869/2584/2320 1992/2686/2404 1991/2557/2299
f 2004/2728/2441 2656/2710/2425 2011/2627/2355
f 4858/2729/2442 3393/2667/2388 3394/2669/2381
f 4858/2730/2442 3394/2658/2381 3587/2608/2321
f 270/2700/2416 273/2731/2443 272/2629/2357
f 267/2660/2383 261/2703/2419 265/2691/2409
f 2426/2630/2358 2428/2732/2444 2429/2695/2411
f 4437/2448/2205 4450/2733/2445 4440/2633/2361
f 1779/2726/2440 3410/2734/2446 1676/2654/2377
f 1913/2675/2394 1914/2575/2311 1915/2735/2447
f 1980/2736/2448 1900/2737/2449 1913/2675/2394
f 4157/2738/2450 1720/2657/2380 4158/2739/2451
f 1837/2740/2452 1989/2600/2334 1834/2535/2280
f 347/2701/2417 379/2741/2453 390/2742/2454
f 2106/2743/2455 2105/2636/2364 2104/2656/2379
f 2405/2744/2456 1779/2745/2440 4875/2746/2424
f 1950/2747/2457 1895/2748/2458 1896/2677/2396
f 4157/2738/2450 2294/2749/2459 1720/2657/2380
f 2294/2749/2459 2296/2750/2460 1720/2657/2380
f 1838/2751/2461 1836/2685/2403 1613/2752/2462
f 4877/2753/2463 2405/2754/2456 4844/2699/2415
f 4899/2755/2464 1779/2745/2440 2405/2744/2456
f 2006/2756/2465 1994/2687/2405 1992/2686/2404
f 2656/2757/2425 2004/2758/2441 2653/2759/2466
f 1623/2760/2467 1620/2697/2413 2076/2639/2365
f 2654/2761/2468 2001/2717/2431 1999/2688/2406
f 2654/2761/2468 2653/2762/2466 2001/2717/2431
f 2653/2762/2466 2004/2728/2441 2001/2717/2431
f 3578/2763/2469 3579/2764/2470 3575/2684/2402
f 270/2700/2416 350/2765/2471 273/2731/2443
f 265/2691/2409 350/2765/2471 270/2700/2416
f 462/2661/2384 379/2741/2453 461/2719/2433
f 547/2681/2399 457/2683/2401 543/2650/2375
f 2330/2766/2472 2329/2767/2473 2333/2768/2436
f 2106/2743/2455 1623/2760/2467 2105/2636/2364
f 1985/2769/2474 1900/2737/2449 1980/2736/2448
f 1985/2769/2474 1956/2770/2475 1898/2676/2395
f 1956/2770/2475 1896/2677/2396 1918/2771/2476
f 1956/2770/2475 1950/2747/2457 1896/2677/2396
f 1912/2772/2477 1894/2773/2478 1895/2748/2458
f 4878/2774/2479 4877/2753/2463 4844/2699/2415
f 3408/2775/2480 3407/2776/2481 3410/2777/2446
f 2651/2778/2482 2656/2757/2425 2653/2759/2466
f 1603/2779/2483 1613/2752/2462 1612/2689/2407
f 2295/2780/2484 2294/2781/2459 4157/2782/2450
f 3578/2783/2469 1760/2784/2412 2296/2785/2460
f 2406/2786/2485 3408/2775/2480 3410/2777/2446
f 1608/2787/2486 1611/2680/2398 1619/2698/2414
f 1608/2787/2486 1606/2788/2487 1611/2680/2398
f 4859/2789/2488 2294/2781/2459 2295/2780/2484
f 2407/2790/2489 4899/2755/2464 2405/2744/2456
f 4855/2791/2490 4858/2730/2442 3579/2792/2470
f 4891/2793/2491 4898/2794/2492 2407/2795/2489
f 4898/2796/2492 4899/2797/2464 2407/2798/2489
f 261/2703/2419 262/2799/2493 265/2691/2409
f 4039/2800/2494 4038/2801/2495 513/2802/2304
f 1603/2779/2483 1604/2803/2496 1605/2804/2497
f 2107/2805/2498 2655/2806/2426 2651/2778/2482
f 2288/2807/2499 1603/2808/2483 1605/2809/2497
f 2653/2759/2466 2654/2810/2468 2652/2811/2500
f 1950/2747/2457 1912/2772/2477 1895/2748/2458
f 2284/2812/2501 2128/2813/2502 2006/2814/2465
f 4856/2815/2503 3578/2816/2469 4859/2817/2488
f 4860/2818/2504 4856/2815/2503 4859/2817/2488
f 4855/2791/2490 3579/2792/2470 4856/2815/2503
f 349/2819/2505 348/2820/2506 346/2718/2432
f 350/2765/2471 349/2819/2505 346/2718/2432
f 2435/2704/2420 2438/2821/2507 427/2694/2410
f 507/2613/2345 481/2822/2508 502/2720/2434
f 4374/2598/2332 4375/2823/2509 4373/2541/2286
f 1778/2824/2510 1679/2825/2511 1678/2708/2423
f 918/2826/2512 2128/2827/2502 2285/2828/2513
f 2136/2829/2514 2652/2811/2500 918/2826/2512
f 1610/2830/2515 1607/2831/2516 1604/2803/2496
f 1607/2831/2516 1605/2804/2497 1604/2803/2496
f 2651/2778/2482 2652/2811/2500 2107/2805/2498
f 1609/2832/2517 1610/2830/2515 1604/2803/2496
f 2409/2833/2518 4882/2834/2519 3389/2723/2437
f 4878/2774/2479 4879/2835/2439 4881/2836/2520
f 1989/2600/2334 1882/2837/2521 1915/2735/2447
f 4901/2838/2522 2409/2833/2518 3389/2723/2437
f 1604/2803/2496 1606/2788/2487 1608/2787/2486
f 4549/2839/2523 1894/2773/2478 1912/2772/2477
f 1615/2840/2524 1614/2841/2525 1608/2787/2486
f 4139/2842/2526 2297/2843/2527 3948/2844/2528
f 1615/2840/2524 1620/2697/2413 1623/2760/2467
f 1615/2840/2524 1608/2787/2486 1620/2697/2413
f 4893/2845/2529 2407/2790/2489 4877/2846/2463
f 330/2847/2530 264/2848/2531 351/2849/2532
f 346/2718/2432 343/2850/2533 347/2701/2417
f 4389/2851/2534 4375/2823/2509 4374/2598/2332
f 916/2852/2535 918/2853/2512 2285/2854/2513
f 4528/2855/2536 4556/2856/2537 4526/2623/2353
f 2284/2812/2501 2283/2857/2538 2285/2858/2513
f 4527/2622/2247 4549/2859/2523 4528/2855/2536
f 1614/2841/2525 1609/2832/2517 1608/2787/2486
f 1984/2860/2539 1985/2769/2474 1980/2736/2448
f 1997/2861/2540 1998/2715/2319 2331/2714/2429
f 1837/2740/2452 1836/2685/2403 1838/2751/2461
f 1882/2837/2521 1989/2600/2334 1837/2740/2452
f 4889/2862/2541 3404/2863/2542 3408/2775/2480
f 4891/2793/2491 2407/2795/2489 4893/2864/2529
f 345/2865/2543 343/2850/2533 346/2718/2432
f 3936/2866/2544 3932/2663/2386 3934/2867/2545
f 2286/2868/2546 2288/2807/2499 1605/2809/2497
f 1916/2869/2547 1980/2736/2448 1913/2675/2394
f 4881/2836/2520 4882/2870/2519 2409/2871/2518
f 1621/2872/2548 1617/2873/2549 2655/2711/2426
f 1617/2873/2549 2106/2743/2455 2655/2711/2426
f 1882/2837/2521 1917/2874/2550 1915/2735/2447
f 3404/2863/2542 3406/2875/2551 3407/2776/2481
f 4881/2876/2520 4893/2845/2529 4878/2877/2479
f 1983/2878/2552 1955/2879/2553 1956/2770/2475
f 4854/2880/2554 4855/2791/2490 4856/2815/2503
f 4900/2881/2555 4891/2793/2491 4893/2864/2529
f 264/2848/2531 9/2882/2556 351/2849/2532
f 345/2865/2543 344/2883/2557 343/2850/2533
f 4440/2633/2361 2591/2705/2421 4439/2634/2362
f 3942/2884/2558 3941/2885/2559 3943/2886/2560
f 1625/2887/2561 1607/2831/2516 1610/2830/2515
f 1643/2888/2562 2286/2868/2546 1605/2809/2497
f 1981/2889/2563 1984/2860/2539 1980/2736/2448
f 2408/2890/2564 2409/2891/2518 4901/2892/2522
f 2408/2890/2564 4881/2876/2520 2409/2891/2518
f 2408/2890/2564 4893/2845/2529 4881/2876/2520
f 2293/2893/2565 1837/2740/2452 1838/2751/2461
f 2282/2894/2566 2006/2756/2465 1992/2686/2404
f 4900/2895/2555 4893/2896/2529 2408/2897/2564
f 351/2849/2532 374/2898/2567 349/2819/2505
f 429/2899/2568 384/2900/2569 345/2865/2543
f 384/2900/2569 337/2901/2570 345/2865/2543
f 379/2741/2453 449/2902/2571 461/2719/2433
f 3384/2903/2572 3932/2663/2386 3936/2866/2544
f 2283/2857/2538 2279/2904/2573 2285/2858/2513
f 1624/2905/2574 1605/2804/2497 1607/2831/2516
f 1770/2906/2575 1679/2825/2511 1778/2824/2510
f 1621/2872/2548 1618/2907/2576 1617/2873/2549
f 1618/2907/2576 1616/2908/2577 1617/2873/2549
f 4854/2880/2554 3448/2909/2578 4855/2791/2490
f 3448/2910/2578 3392/2911/2579 4855/2912/2490
f 482/2913/2580 481/2822/2508 461/2719/2433
f 2592/2914/2581 416/2915/2582 2442/2916/2583
f 4445/2673/2392 4446/2917/2584 4447/2918/2585
f 2284/2812/2501 2277/2919/2586 2283/2857/2538
f 932/2920/2587 2108/2921/2588 2107/2922/2498
f 4883/2923/2589 4891/2793/2491 4900/2881/2555
f 4884/2924/2590 4898/2794/2492 4891/2793/2491
f 262/2799/2493 260/2925/2591 263/2926/2592
f 2428/2732/2444 2434/2927/2593 2435/2704/2420
f 4445/2673/2392 4449/2928/2594 4450/2733/2445
f 2116/2929/2595 1610/2830/2515 1609/2832/2517
f 4549/2859/2523 2127/2930/2596 4528/2855/2536
f 4889/2862/2541 3409/2931/2597 3404/2863/2542
f 4863/2932/2598 4860/2818/2504 4861/2933/2599
f 4886/2934/2600 4889/2935/2541 4898/2794/2492
f 449/2902/2571 482/2913/2580 461/2719/2433
f 4029/2936/2601 4019/2721/2435 4026/2595/2329
f 1951/2937/2602 1912/2772/2477 1950/2747/2457
f 1996/2938/2603 2282/2894/2566 1992/2686/2404
f 336/2939/2604 337/2901/2570 384/2900/2569
f 4375/2823/2509 4376/2940/2605 4373/2541/2286
f 3939/2941/2606 3946/2942/2607 3928/2421/2180
f 1621/2872/2548 2109/2943/2608 1618/2907/2576
f 1919/2944/2609 1981/2889/2563 1916/2869/2547
f 2008/2945/2610 1984/2860/2539 1981/2889/2563
f 3404/2863/2542 3405/2946/2611 3406/2875/2551
f 4140/2947/2612 2297/2843/2527 4139/2842/2526
f 9/2882/2556 7/2948/2613 375/2949/2614
f 338/2950/2615 336/2939/2604 361/2951/2616
f 8/2952/2617 7/2948/2613 9/2882/2556
f 598/2953/2618 610/2954/2619 504/2955/2620
f 610/2954/2619 505/2956/2621 504/2955/2620
f 610/2954/2619 568/2957/2622 505/2956/2621
f 457/2683/2401 448/2958/2623 440/2959/2624
f 440/2959/2624 4039/2960/2494 457/2683/2401
f 1769/2961/2625 1679/2825/2511 1770/2906/2575
f 4138/2962/2626 3948/2844/2528 3953/2963/2627
f 2081/2964/2628 2008/2945/2610 1981/2889/2563
f 4140/2947/2612 4139/2842/2526 4138/2962/2626
f 3409/2931/2597 3405/2946/2611 3404/2863/2542
f 4857/2965/2629 4854/2880/2554 4856/2815/2503
f 4884/2924/2590 4891/2793/2491 4883/2923/2589
f 360/2966/2630 362/2967/2631 8/2952/2617
f 337/2901/2570 253/2968/2632 399/2969/2633
f 483/2970/2634 587/2971/2635 482/2913/2580
f 585/2972/2636 598/2953/2618 587/2971/2635
f 570/2973/2637 610/2954/2619 598/2953/2618
f 2434/2927/2593 2468/2974/2638 2469/2975/2639
f 610/2954/2619 570/2973/2637 568/2957/2622
f 2433/2976/2640 2468/2974/2638 2434/2927/2593
f 566/2977/2641 549/2978/2642 550/2979/2643
f 4450/2733/2445 4452/2980/2644 4440/2633/2361
f 1768/2981/2645 2328/2982/2646 2330/2766/2472
f 2328/2982/2646 2329/2767/2473 2330/2766/2472
f 4886/2934/2600 3409/2983/2597 4889/2935/2541
f 388/2984/2647 256/2985/2648 261/2703/2419
f 343/2850/2533 341/2986/2649 369/2987/2650
f 337/2901/2570 335/2988/2651 253/2968/2632
f 585/2972/2636 570/2973/2637 598/2953/2618
f 2452/2989/2652 2468/2974/2638 2433/2976/2640
f 2454/2990/2653 2452/2989/2652 2433/2976/2640
f 416/2915/2582 2454/2990/2653 2433/2976/2640
f 4389/2851/2534 3523/2991/2654 4376/2940/2605
f 4528/2855/2536 4557/2992/2655 4556/2856/2537
f 2109/2943/2608 1621/2872/2548 2108/2921/2588
f 1839/2993/2656 2118/2994/2657 1882/2837/2521
f 2293/2893/2565 1839/2993/2656 1837/2740/2452
f 4174/2995/2658 2297/2843/2527 4140/2947/2612
f 4862/2996/2659 4861/2933/2599 2297/2997/2527
f 6/2998/2660 5/2999/2661 7/2948/2613
f 1964/3000/2662 1919/2944/2609 1963/3001/2663
f 1952/3002/2664 1950/2747/2457 1955/2879/2553
f 4174/3003/2658 4862/2996/2659 2297/2997/2527
f 2441/3004/2665 398/3005/2666 427/2694/2410
f 399/2969/2633 370/3006/2667 344/2883/2557
f 336/2939/2604 334/3007/2668 335/2988/2651
f 622/3008/2669 566/2977/2641 569/3009/2670
f 2453/3010/2671 2452/2989/2652 2454/2990/2653
f 2592/3011/2581 414/3012/2672 416/3013/2582
f 4515/3014/2673 414/3015/2672 2592/2914/2581
f 3384/2903/2572 3938/2662/2385 3932/2663/2386
f 1626/3016/2674 1627/3017/2675 1624/2905/2574
f 932/2920/2587 2110/3018/2676 2108/2921/2588
f 2016/3019/2677 2008/2945/2610 2081/2964/2628
f 3405/2946/2611 2132/3020/2678 3406/2875/2551
f 1952/3002/2664 1951/2937/2602 1950/2747/2457
f 2293/2893/2565 1840/3021/2679 1839/2993/2656
f 588/3022/2680 586/3023/2681 483/2970/2634
f 566/2977/2641 622/3008/2669 492/3024/2682
f 2451/3025/2683 2450/3026/2684 2452/2989/2652
f 2453/3010/2671 2451/3025/2683 2452/2989/2652
f 492/3024/2682 465/3027/2685 443/3028/2686
f 465/3027/2685 439/3029/2687 443/3028/2686
f 443/3028/2686 439/3029/2687 440/2959/2624
f 2281/3030/2688 915/3031/2689 916/2852/2535
f 2171/3032/2690 2136/3033/2514 915/3031/2689
f 1769/3034/2625 2331/2714/2429 1768/2981/2645
f 1990/3035/2691 2008/2945/2610 2016/3019/2677
f 588/3022/2680 584/3036/2692 586/3023/2681
f 588/3022/2680 594/3037/2693 584/3036/2692
f 594/3037/2693 622/3008/2669 584/3036/2692
f 622/3008/2669 594/3037/2693 492/3024/2682
f 594/3037/2693 465/3027/2685 492/3024/2682
f 416/2915/2582 415/3038/2694 2453/3010/2671
f 4440/2633/2361 4452/2980/2644 4454/3039/2695
f 1642/3040/2696 1626/3016/2674 1625/2887/2561
f 2169/3041/2697 1769/2961/2625 2132/3042/2678
f 2169/3043/2697 2331/2714/2429 1769/3034/2625
f 1959/3044/2698 1957/3045/2699 1978/3046/2700
f 4862/2996/2659 4863/2932/2598 4861/2933/2599
f 2/3047/2701 4/3048/2702 5/2999/2661
f 2449/3049/2703 2587/3050/2704 2446/3051/2705
f 2451/3025/2683 2586/3052/2706 2449/3049/2703
f 594/3037/2693 439/3029/2687 465/3027/2685
f 4445/2673/2392 4447/2918/2585 4449/2928/2594
f 2110/3018/2676 2109/2943/2608 2108/2921/2588
f 2170/3053/2707 2169/3041/2697 2132/3042/2678
f 1952/3002/2664 1955/2879/2553 1957/3045/2699
f 2098/3054/2708 1997/2861/2540 2331/2714/2429
f 398/3055/2666 256/2985/2648 388/2984/2647
f 343/2850/2533 340/3056/2709 341/2986/2649
f 2449/3049/2703 2586/3052/2706 2587/3050/2704
f 595/3057/2710 439/3029/2687 594/3037/2693
f 4450/2733/2445 4449/2928/2594 4452/2980/2644
f 4556/2856/2537 1387/3058/2711 3523/2991/2654
f 4557/2992/2655 1387/3058/2711 4556/2856/2537
f 2257/3059/2712 3946/2942/2607 3939/2941/2606
f 2127/2930/2596 4558/3060/2713 4557/2992/2655
f 2168/3061/2714 2098/3062/2708 2169/3041/2697
f 4888/3063/2715 2168/3064/2714 2170/3065/2707
f 3/3066/2716 11/3067/2717 4/3048/2702
f 6/2998/2660 3/3066/2716 10/3068/2718
f 2586/3052/2706 2492/3069/2719 2587/3050/2704
f 2451/3025/2683 2461/3070/2720 2474/3071/2721
f 1628/3072/2722 1643/3073/2562 1627/3017/2675
f 3378/3074/2723 2257/3059/2712 3939/2941/2606
f 1969/3075/2724 1990/3035/2691 2122/3076/2725
f 260/2925/2591 259/3077/2726 362/2967/2631
f 2447/3078/2727 2455/3079/2728 2441/3004/2665
f 251/3080/2729 252/3081/2730 253/2968/2632
f 24/3082/2731 252/3081/2730 251/3080/2729
f 2459/3083/2732 2447/3078/2727 2558/3084/2733
f 2492/3069/2719 2467/3085/2734 2558/3084/2733
f 593/3086/2735 613/3087/2736 595/3057/2710
f 415/3038/2694 2461/3070/2720 2453/3010/2671
f 3937/3088/2737 3936/2866/2544 3935/3089/2738
f 3384/2903/2572 3940/3090/2739 3938/2662/2385
f 2290/3091/2740 1841/3092/2741 2293/2893/2565
f 12/3093/2742 16/3094/2743 23/3095/2744
f 3/3066/2716 13/3096/2745 11/3067/2717
f 484/3097/2746 590/3098/2747 483/2970/2634
f 460/3099/2748 484/3097/2746 483/2970/2634
f 590/3098/2747 589/3100/2749 483/2970/2634
f 2459/3083/2732 2458/3101/2750 2447/3078/2727
f 591/3102/2751 612/3103/2752 613/3087/2736
f 2461/3070/2720 2473/3104/2753 2474/3071/2721
f 3523/2991/2654 4380/3105/2754 4376/2940/2605
f 3380/3106/2755 2257/3107/2712 3378/3108/2723
f 1959/3044/2698 1990/3035/2691 1961/3109/2756
f 1953/3110/2757 1951/2937/2602 1952/3002/2664
f 3/3066/2716 14/3111/2758 13/3096/2745
f 253/2968/2632 128/3112/2759 370/3006/2667
f 24/3082/2731 128/3112/2759 252/3081/2730
f 2467/3085/2734 2460/3113/2760 2459/3083/2732
f 592/3114/2761 612/3103/2752 591/3102/2751
f 592/3114/2761 441/3115/2762 612/3103/2752
f 4376/2940/2605 4380/3105/2754 4378/3116/2763
f 2114/3117/2764 2115/3118/2765 2112/3119/2766
f 1959/3044/2698 1952/3002/2664 1957/3045/2699
f 4888/3063/2715 4887/3120/2767 2168/3064/2714
f 4896/3121/2768 4857/2965/2629 4856/2815/2503
f 16/3094/2743 24/3082/2731 23/3095/2744
f 13/3096/2745 17/3122/2769 16/3094/2743
f 2460/3113/2760 2458/3101/2750 2459/3083/2732
f 591/3102/2751 590/3098/2747 592/3114/2761
f 2473/3104/2753 2460/3113/2760 2467/3085/2734
f 592/3114/2761 497/3123/2770 441/3115/2762
f 2461/3070/2720 2477/3124/2771 2473/3104/2753
f 3947/3125/2772 3384/2903/2572 3936/2866/2544
f 3377/3126/2773 3380/3106/2755 3378/3108/2723
f 1953/3110/2757 1954/3127/2774 1951/2937/2602
f 2007/3128/2775 1997/3129/2540 2098/3062/2708
f 3/3066/2716 15/3130/2776 14/3111/2758
f 484/3097/2746 592/3114/2761 590/3098/2747
f 4034/3131/2777 4021/2566/2305 4036/3132/2778
f 2306/3133/2779 1626/3016/2674 1642/3040/2696
f 1960/3134/2780 1959/3044/2698 1961/3109/2756
f 369/2987/2650 380/3135/2781 460/3099/2748
f 17/3122/2769 25/3136/2782 24/3082/2731
f 596/3137/2783 597/3138/2784 592/3114/2761
f 2461/3070/2720 2493/3139/2785 2477/3124/2771
f 437/3140/2786 434/3141/2787 442/3142/2788
f 4029/2936/2601 3942/2884/2558 4019/2721/2435
f 4143/3143/2789 3937/3088/2737 3942/2884/2558
f 3365/3144/2790 3384/3145/2572 3947/3146/2772
f 3376/3147/2791 3940/3148/2739 3366/3149/2792
f 3523/2991/2654 4656/3150/2793 1386/3151/2794
f 2308/3152/2795 932/2920/2587 2135/3153/2796
f 2114/3117/2764 2116/2929/2595 2115/3118/2765
f 1995/3154/2797 1997/3129/2540 2007/3128/2775
f 124/3155/2798 123/3156/2799 127/3157/2800
f 2475/3158/2801 2546/3159/2802 2458/3101/2750
f 4162/3160/2803 3942/2884/2558 4029/2936/2601
f 4379/3161/2804 4360/2597/2331 4377/2707/2422
f 914/3162/2805 915/3031/2689 2281/3030/2688
f 914/3162/2805 2171/3032/2690 915/3031/2689
f 1628/3072/2722 1627/3017/2675 1626/3016/2674
f 1960/3134/2780 1961/3109/2756 1969/3075/2724
f 4887/3163/2767 4888/3164/2715 4886/2934/2600
f 259/3077/2726 378/3165/2806 362/2967/2631
f 15/3130/2776 26/3166/2807 25/3136/2782
f 22/3167/2808 26/3166/2807 15/3130/2776
f 18/3168/2809 22/3167/2808 15/3130/2776
f 599/3169/2810 597/3138/2784 596/3137/2783
f 599/3169/2810 601/3170/2811 597/3138/2784
f 601/3170/2811 493/3171/2812 597/3138/2784
f 2477/3124/2771 2555/3172/2813 2624/3173/2814
f 438/3174/2815 436/3175/2816 437/3140/2786
f 436/3175/2816 434/3141/2787 437/3140/2786
f 4162/3160/2803 4145/3176/2817 3942/2884/2558
f 3942/2884/2558 4145/3176/2817 4143/3143/2789
f 4380/3105/2754 4387/3177/2818 4378/3116/2763
f 4380/3178/2754 1386/3179/2794 4387/3180/2818
f 3376/3147/2791 3380/3106/2755 3377/3126/2773
f 2113/3181/2819 2114/3117/2764 2112/3119/2766
f 2255/3182/2820 2251/3183/2821 2256/3184/2822
f 2167/3185/2823 2168/3061/2714 3411/3186/2824
f 4887/3120/2767 3411/3187/2824 2168/3064/2714
f 1958/3188/2825 1959/3044/2698 1960/3134/2780
f 2462/3189/2826 2456/3190/2827 2546/3159/2802
f 485/3191/2828 600/3192/2829 599/3169/2810
f 600/3192/2829 601/3170/2811 599/3169/2810
f 2611/3193/2830 2547/3194/2831 2546/3159/2802
f 2612/3195/2832 2547/3194/2831 2611/3193/2830
f 493/3171/2812 436/3175/2816 438/3174/2815
f 4362/3196/2833 4541/3197/2834 4446/2917/2584
f 4359/3198/2835 4361/3199/2836 4362/3196/2833
f 1386/3179/2794 3423/3200/2837 4387/3180/2818
f 3423/3200/2837 1386/3179/2794 3424/3201/2838
f 3523/3202/2654 3521/3203/2839 4656/3204/2793
f 2259/3205/2840 3380/3106/2755 3376/3147/2791
f 2111/3206/2841 2113/3181/2819 2109/2943/2608
f 2113/3181/2819 2112/3119/2766 2109/2943/2608
f 2256/3184/2822 4172/3207/2842 3953/3208/2627
f 2282/3209/2566 2278/3210/2843 2277/2919/2586
f 381/3211/2844 339/3212/2845 370/3006/2667
f 22/3167/2808 27/3213/2846 26/3166/2807
f 20/3214/2847 27/3213/2846 22/3167/2808
f 124/3155/2798 121/3215/2848 123/3156/2799
f 2547/3194/2831 2462/3189/2826 2546/3159/2802
f 600/3192/2829 500/3216/2849 601/3170/2811
f 493/3171/2812 601/3170/2811 500/3216/2849
f 2550/3217/2850 2549/3218/2851 2555/3172/2813
f 4515/3014/2673 2593/3219/2852 414/3015/2672
f 3419/3220/2853 3423/3200/2837 3424/3201/2838
f 1386/3221/2794 1385/3222/2854 3422/3223/2855
f 3424/3201/2838 1386/3179/2794 3422/3224/2855
f 3363/3225/2856 2241/3226/2857 3376/3147/2791
f 2287/3227/2858 2290/3228/2740 2288/2807/2499
f 27/3213/2846 243/3229/2859 242/3230/2860
f 3/3066/2716 19/3231/2861 18/3168/2809
f 242/3230/2860 126/3232/2862 124/3155/2798
f 485/3191/2828 602/3233/2863 600/3192/2829
f 2548/3234/2864 2462/3189/2826 2547/3194/2831
f 2549/3218/2851 2548/3234/2864 2547/3194/2831
f 2550/3217/2850 2548/3234/2864 2549/3218/2851
f 499/3235/2865 436/3175/2816 500/3216/2849
f 4449/2928/2594 4451/3236/2866 4452/2980/2644
f 4144/3237/2867 4143/3143/2789 4145/3176/2817
f 4387/3180/2818 3423/3200/2837 3420/3238/2868
f 4656/3204/2793 3521/3203/2839 3522/3239/2869
f 4558/3060/2713 1387/3058/2711 4557/2992/2655
f 1988/3240/2870 4558/3060/2713 2127/2930/2596
f 258/3241/2871 257/3242/2872 259/3077/2726
f 398/3055/2666 241/3243/2873 256/2985/2648
f 21/3244/2874 28/3245/2875 27/3213/2846
f 243/3229/2859 126/3232/2862 242/3230/2860
f 124/3155/2798 126/3232/2862 121/3215/2848
f 2548/3234/2864 2539/3246/2876 2462/3189/2826
f 4387/3177/2818 4390/3247/2877 4361/3199/2836
f 3419/3220/2853 3424/3201/2838 3422/3224/2855
f 3422/3223/2855 1385/3222/2854 1384/3248/2878
f 1384/3248/2878 1385/3222/2854 3524/3249/2879
f 2241/3226/2857 2259/3205/2840 3376/3147/2791
f 2244/3250/2880 2236/3251/2881 2669/3252/2882
f 913/3253/2883 914/3162/2805 2281/3030/2688
f 2116/2929/2595 1642/3040/2696 2134/3254/2884
f 2249/3255/2885 2282/2894/2566 1996/2938/2603
f 243/3229/2859 125/3256/2886 126/3232/2862
f 2462/3189/2826 2457/3257/2887 2456/3190/2827
f 606/3258/2888 506/3259/2889 499/3235/2865
f 2541/3260/2890 2539/3246/2876 2548/3234/2864
f 506/3259/2889 476/3261/2891 499/3235/2865
f 418/3262/2892 2542/3263/2893 2550/3217/2850
f 2493/3264/2785 408/3265/2894 418/3266/2892
f 4541/3197/2834 4448/3267/2895 4446/2917/2584
f 3420/3238/2868 3423/3200/2837 3419/3220/2853
f 3374/3268/2896 2241/3226/2857 3363/3225/2856
f 3422/3224/2855 1384/3269/2878 3421/3270/2897
f 2242/3271/2898 2673/3272/2899 2254/3273/2900
f 2661/3274/2901 2242/3271/2898 2254/3273/2900
f 1384/3269/2878 1383/3275/2902 3425/3276/2903
f 3421/3270/2897 1384/3269/2878 3425/3276/2903
f 3522/3239/2869 3521/3203/2839 3524/3277/2879
f 2239/3278/2904 2240/3279/2905 2241/3280/2857
f 2669/3252/2882 3381/3281/2906 3379/3282/2907
f 2234/3283/2908 2232/3284/2909 2242/3271/2898
f 2225/3285/2910 2236/3251/2881 2244/3250/2880
f 2303/3286/2911 2308/3287/2795 2171/3288/2690
f 2116/2929/2595 2305/3289/2912 1642/3040/2696
f 2305/3289/2912 2306/3133/2779 1642/3040/2696
f 2278/3210/2843 2250/3290/2913 2280/3291/2914
f 2305/3289/2912 2116/2929/2595 2113/3181/2819
f 2251/3183/2821 4178/3292/2915 4172/3207/2842
f 2233/3293/2916 2166/3294/2917 2167/3185/2823
f 2292/3295/2918 2290/3228/2740 2287/3227/2858
f 4887/3120/2767 2229/3296/2919 3411/3187/2824
f 2229/3297/2919 2167/3185/2823 3411/3186/2824
f 2014/3298/2920 2007/3128/2775 2166/3294/2917
f 2282/3209/2566 2249/3299/2885 2278/3210/2843
f 1388/3300/2921 1382/3301/2922 1880/3302/2923
f 1382/3301/2922 1962/3303/2924 1880/3302/2923
f 1881/3304/2925 1388/3300/2921 1842/3305/2926
f 1388/3300/2921 1880/3302/2923 1842/3305/2926
f 1962/3303/2924 1953/3110/2757 1958/3188/2825
f 256/2985/2648 257/3242/2872 258/3241/2871
f 460/3099/2748 380/3135/2781 469/3306/2927
f 19/3231/2861 29/3307/2928 21/3244/2874
f 602/3233/2863 604/3308/2929 606/3258/2888
f 604/3308/2929 605/3309/2930 606/3258/2888
f 605/3309/2930 607/3310/2931 606/3258/2888
f 506/3259/2889 606/3258/2888 607/3310/2931
f 506/3259/2889 607/3310/2931 476/3261/2891
f 3369/3311/2932 3361/3312/2933 3365/3144/2790
f 4387/3180/2818 3420/3238/2868 3416/3313/2934
f 3416/3313/2934 3420/3238/2868 3419/3220/2853
f 3419/3220/2853 3422/3224/2855 3421/3270/2897
f 3425/3276/2903 1383/3275/2902 3426/3314/2935
f 2659/3315/2936 2254/3316/2900 2673/3317/2899
f 1383/3275/2902 1376/3318/2937 3426/3314/2935
f 2673/3317/2899 2235/3319/2938 2667/3320/2939
f 3381/3321/2906 2239/3322/2904 3379/3323/2907
f 3379/3324/2907 2667/3320/2939 2669/3325/2882
f 2246/3326/2940 2234/3283/2908 2243/3327/2941
f 1381/3328/2942 1376/3329/2937 1383/3330/2902
f 3524/3249/2879 3521/3331/2839 1381/3328/2942
f 2232/3284/2909 2227/3332/2943 2242/3271/2898
f 2225/3285/2910 2244/3250/2880 2235/3333/2938
f 2303/3334/2911 2171/3032/2690 914/3162/2805
f 3381/3281/2906 2238/3335/2944 2239/3278/2904
f 2673/3272/2899 2225/3285/2910 2235/3333/2938
f 1634/3336/2945 2291/3337/2946 1628/3072/2722
f 2237/3338/2947 2238/3335/2944 3381/3281/2906
f 2229/3339/2919 2227/3332/2943 2232/3284/2909
f 2236/3251/2881 2230/3340/2948 2237/3338/2947
f 2232/3284/2909 2233/3341/2916 2229/3339/2919
f 2117/3342/2949 2308/3287/2795 2302/3343/2950
f 2291/3344/2946 2287/3227/2858 2289/3345/2951
f 2292/3295/2918 2287/3227/2858 2291/3344/2946
f 2240/3279/2905 2258/3346/2952 2259/3347/2840
f 2238/3335/2944 2258/3346/2952 2240/3279/2905
f 2305/3289/2912 2113/3181/2819 2117/3348/2949
f 2225/3285/2910 2230/3340/2948 2236/3251/2881
f 2233/3293/2916 2167/3185/2823 2229/3297/2919
f 2278/3210/2843 2249/3299/2885 2250/3290/2913
f 1988/3240/2870 1377/3349/2953 4558/3060/2713
f 4887/3350/2767 2228/3351/2954 2229/3339/2919
f 1379/3352/2955 1953/3110/2757 1962/3303/2924
f 256/2985/2648 240/3353/2956 257/3242/2872
f 29/3307/2928 105/3354/2957 28/3245/2875
f 21/3244/2874 29/3307/2928 28/3245/2875
f 2538/3355/2958 2481/3356/2959 2457/3257/2887
f 2539/3246/2876 2481/3356/2959 2538/3355/2958
f 605/3309/2930 496/3357/2960 607/3310/2931
f 2542/3263/2893 2540/3358/2961 2541/3260/2890
f 2550/3217/2850 2542/3263/2893 2541/3260/2890
f 496/3357/2960 452/3359/2962 447/3360/2963
f 452/3359/2962 435/3361/2964 447/3360/2963
f 4362/3196/2833 4363/3362/2965 4396/3363/2966
f 4387/3180/2818 3416/3313/2934 4390/3364/2877
f 3425/3276/2903 3426/3314/2935 3413/3365/2967
f 1309/3366/2968 1374/3367/2969 1373/3368/2970
f 2660/3369/2971 2659/3315/2936 2673/3317/2899
f 2674/3370/2972 2246/3371/2940 2661/3372/2901
f 1205/3373/2973 2681/3374/2974 3375/3375/2975
f 2681/3374/2974 3379/3324/2907 3375/3375/2975
f 2666/3376/2976 2660/3369/2971 2667/3320/2939
f 2674/3370/2972 2683/3377/2977 2246/3371/2940
f 2245/3378/2978 2234/3283/2908 2246/3326/2940
f 919/3379/2979 2303/3334/2911 914/3162/2805
f 1370/3380/2980 2291/3381/2946 1634/3382/2945
f 2306/3383/2779 2305/3384/2912 1636/3385/2981
f 2248/3386/2982 2247/3387/2983 2683/3388/2977
f 2229/3339/2919 2228/3351/2954 2227/3332/2943
f 2245/3378/2978 2233/3341/2916 2234/3283/2908
f 2247/3387/2983 2245/3378/2978 2683/3388/2977
f 2305/3384/2912 2117/3342/2949 2299/3389/2984
f 1370/3380/2980 2292/3390/2918 2291/3381/2946
f 2238/3335/2944 2230/3340/2948 2258/3346/2952
f 2250/3391/2913 2249/3392/2885 2248/3386/2982
f 1382/3393/2922 1372/3394/2985 1364/3395/2986
f 1371/3396/2987 1881/3397/2925 2292/3390/2918
f 1366/3398/2988 1962/3399/2924 1382/3393/2922
f 1365/3400/2989 1377/3401/2953 1379/3402/2955
f 2230/3340/2948 4164/3403/2990 4178/3404/2915
f 2224/3405/2991 2228/3351/2954 2226/3406/2992
f 1372/3394/2985 1388/3407/2921 1881/3397/2925
f 2231/3408/2993 4164/3403/2990 2230/3340/2948
f 2231/3408/2993 4897/3409/2994 4164/3403/2990
f 4890/3410/2995 4897/3409/2994 2231/3408/2993
f 2226/3406/2992 4890/3410/2995 2231/3408/2993
f 340/3056/2709 249/3411/2996 341/2986/2649
f 341/2986/2649 342/3412/2997 380/3135/2781
f 38/3413/2998 103/3414/2999 104/3415/3000
f 105/3354/2957 38/3413/2998 104/3415/3000
f 29/3307/2928 35/3416/3001 105/3354/2957
f 30/3417/3002 35/3416/3001 29/3307/2928
f 103/3414/2999 125/3256/2886 104/3415/3000
f 2540/3358/2961 2481/3356/2959 2539/3246/2876
f 4146/3418/3003 4144/3237/2867 4145/3176/2817
f 3416/3313/2934 3419/3220/2853 3415/3419/3004
f 3415/3419/3004 3421/3270/2897 3413/3365/2967
f 3419/3220/2853 3421/3270/2897 3415/3419/3004
f 3421/3270/2897 3425/3276/2903 3413/3365/2967
f 1380/3420/3005 1399/3421/3006 1373/3368/2970
f 1376/3318/2937 3432/3422/3007 3426/3314/2935
f 1392/3423/3008 1380/3420/3005 1396/3424/3009
f 1367/3425/3010 1369/3426/3011 1380/3427/3005
f 1299/3428/3012 3432/3422/3007 1376/3318/2937
f 2676/3429/3013 2683/3377/2977 2674/3370/2972
f 2301/3430/3014 2303/3286/2911 924/3431/3015
f 1361/3432/3016 1363/3433/3017 1367/3425/3010
f 2668/3434/3018 2666/3376/2976 3379/3324/2907
f 919/3379/2979 924/3435/3015 2303/3334/2911
f 1653/3436/3019 2300/3437/3020 2301/3430/3014
f 1363/3433/3017 1364/3395/2986 1367/3425/3010
f 1300/3438/3021 3438/3439/3022 1374/3440/2969
f 2300/3437/3020 2299/3389/2984 2301/3430/3014
f 2307/3441/3023 1635/3442/3024 1636/3443/2981
f 1369/3426/3011 1370/3380/2980 1396/3444/3009
f 2299/3389/2984 2302/3343/2950 2301/3430/3014
f 2304/3445/3025 2299/3389/2984 2298/3446/3026
f 1367/3425/3010 1364/3395/2986 1368/3447/3027
f 1299/3428/3012 1376/3318/2937 3434/3448/3028
f 912/3449/3029 2250/3450/2913 2253/3451/3030
f 2305/3384/2912 2299/3389/2984 1636/3385/2981
f 1629/3452/3031 1628/3072/2722 2306/3133/2779
f 1368/3447/3027 1370/3380/2980 1369/3426/3011
f 3438/3453/3022 1365/3400/2989 1362/3454/3032
f 3435/3455/3033 1365/3400/2989 3438/3453/3022
f 3436/3456/3034 3435/3457/3033 3438/3458/3022
f 1378/3459/3035 1377/3401/2953 1375/3460/3036
f 1365/3400/2989 1364/3395/2986 1362/3454/3032
f 1377/3401/2953 1365/3400/2989 1375/3460/3036
f 1368/3447/3027 1371/3396/2987 1370/3380/2980
f 1364/3395/2986 1372/3394/2985 1368/3447/3027
f 1365/3400/2989 1366/3398/2988 1364/3395/2986
f 103/3414/2999 122/3461/3037 125/3256/2886
f 125/3256/2886 122/3461/3037 121/3215/2848
f 2481/3356/2959 2463/3462/3038 2457/3257/2887
f 604/3308/2929 603/3463/3039 605/3309/2930
f 603/3463/3039 501/3464/3040 605/3309/2930
f 501/3464/3040 496/3357/2960 605/3309/2930
f 4162/3160/2803 4147/3465/3041 4145/3176/2817
f 4390/3364/2877 3416/3313/2934 3418/3466/3042
f 3415/3419/3004 3412/3467/3043 3416/3313/2934
f 3386/3468/3044 3374/3268/2896 3368/3469/3045
f 3426/3314/2935 3432/3422/3007 3414/3470/3046
f 3413/3365/2967 3426/3314/2935 3414/3470/3046
f 2665/3471/3047 2660/3369/2971 2666/3376/2976
f 2309/3472/3048 2307/3473/3023 2298/3446/3026
f 2304/3445/3025 2298/3446/3026 2307/3473/3023
f 1634/3474/2945 1394/3475/3049 1396/3424/3009
f 1300/3438/3021 1374/3440/2969 1309/3476/2968
f 35/3416/3001 36/3477/3050 38/3413/2998
f 32/3478/3051 34/3479/3052 35/3416/3001
f 30/3417/3002 32/3478/3051 35/3416/3001
f 2457/3257/2887 2463/3462/3038 2455/3079/2728
f 603/3463/3039 604/3308/2929 602/3233/2863
f 2481/3356/2959 2545/3480/3053 2463/3462/3038
f 501/3464/3040 452/3359/2962 496/3357/2960
f 4396/3363/2966 4762/3481/3054 4541/3197/2834
f 4155/3482/3055 4144/3237/2867 4146/3418/3003
f 3415/3419/3004 3413/3365/2967 3412/3467/3043
f 3412/3467/3043 3413/3365/2967 3414/3470/3046
f 3385/3483/3056 3374/3268/2896 3386/3468/3044
f 1299/3428/3012 3439/3484/3057 3432/3422/3007
f 2664/3485/3058 2675/3486/3059 2674/3370/2972
f 2675/3486/3059 2676/3429/3013 2674/3370/2972
f 2682/3487/3060 2668/3434/3018 2681/3374/2974
f 1656/3488/3061 924/3435/3015 919/3379/2979
f 911/3489/3062 913/3253/2883 912/3449/3029
f 266/3490/3063 378/3165/2806 259/3077/2726
f 380/3135/2781 420/3491/3064 469/3306/2927
f 410/3492/3065 409/3493/3066 2543/3494/3067
f 4156/3495/3068 4162/3160/2803 4029/2936/2601
f 4146/3418/3003 4145/3176/2817 4147/3465/3041
f 4363/3362/2965 4392/3496/3069 4396/3363/2966
f 1400/3497/3070 1309/3366/2968 1399/3421/3006
f 920/3498/3071 912/3449/3029 921/3499/3072
f 1293/3500/3073 1286/3501/3074 1300/3438/3021
f 341/2986/2649 249/3411/2996 342/3412/2997
f 34/3479/3052 33/3502/3075 36/3477/3050
f 33/3502/3075 37/3503/3076 36/3477/3050
f 30/3417/3002 31/3504/3077 32/3478/3051
f 119/3505/3078 114/3506/3079 120/3507/3080
f 4031/3508/3081 4029/2936/2601 4030/3509/3082
f 4031/3508/3081 4156/3495/3068 4029/2936/2601
f 4162/3160/2803 4156/3495/3068 4147/3465/3041
f 4363/3362/2965 4391/3510/3083 4392/3496/3069
f 3372/3511/3084 3369/3311/2932 4155/3512/3055
f 3427/3513/3085 4390/3364/2877 3418/3466/3042
f 3417/3514/3086 3416/3313/2934 3412/3467/3043
f 2658/3515/3087 2661/3372/2901 2254/3316/2900
f 1398/3516/3088 1400/3497/3070 1391/3517/3089
f 1400/3497/3070 1399/3421/3006 1391/3517/3089
f 2309/3518/3048 1653/3519/3019 1652/3520/3090
f 1649/3521/3091 2307/3441/3023 2309/3518/3048
f 1308/3522/3092 1309/3366/2968 1400/3497/3070
f 1293/3500/3073 1285/3523/3093 1286/3501/3074
f 2455/3079/2728 2464/3524/3094 398/3005/2666
f 37/3503/3076 102/3525/3095 101/3526/3096
f 101/3526/3096 119/3505/3078 120/3507/3080
f 102/3525/3095 119/3505/3078 101/3526/3096
f 608/3527/3097 603/3463/3039 469/3306/2927
f 2561/3528/3098 2544/3529/3099 409/3493/3066
f 501/3464/3040 451/3530/3100 452/3359/2962
f 408/3265/2894 409/3531/3066 410/3532/3065
f 4457/3533/3101 2594/3534/3102 4515/3535/2673
f 4448/3267/2895 4451/3236/2866 4449/2928/2594
f 3417/3514/3086 3427/3513/3085 3418/3466/3042
f 3418/3466/3042 3416/3313/2934 3417/3514/3086
f 3430/3536/3103 3417/3514/3086 3412/3467/3043
f 2680/3537/3104 2679/3538/3105 2675/3486/3059
f 1651/3539/3106 2309/3518/3048 1652/3520/3090
f 1402/3540/3107 1308/3522/3092 1398/3516/3088
f 1308/3522/3092 1400/3497/3070 1398/3516/3088
f 2684/3541/3108 2682/3487/3060 1205/3373/2973
f 2680/3537/3104 920/3542/3071 2679/3538/3105
f 1649/3521/3091 1658/3543/3109 2307/3441/3023
f 920/3498/3071 910/3544/3110 912/3449/3029
f 2463/3462/3038 2464/3524/3094 2455/3079/2728
f 33/3502/3075 39/3545/3111 37/3503/3076
f 2637/3546/3112 2466/3547/3113 2463/3462/3038
f 609/3548/3114 624/3549/3115 501/3464/3040
f 624/3549/3115 490/3550/3116 501/3464/3040
f 4515/3014/2673 2594/3551/3102 2593/3219/2852
f 4035/3552/3117 4034/3131/2777 4036/3132/2778
f 4452/2980/2644 4455/3553/3118 4454/3039/2695
f 4448/3267/2895 4541/3197/2834 4451/3236/2866
f 4148/3554/3119 4146/3418/3003 4147/3465/3041
f 4390/3364/2877 3427/3513/3085 4391/3555/3083
f 3387/3556/3120 3388/3557/3121 3371/3558/3122
f 2657/3559/3123 2658/3515/3087 2659/3315/2936
f 1397/3560/3124 1398/3516/3088 1391/3517/3089
f 1397/3560/3124 1402/3540/3107 1398/3516/3088
f 1394/3475/3049 1404/3561/3125 1395/3562/3126
f 1166/3563/3127 2671/3564/3128 2670/3565/3129
f 1284/3566/3130 1286/3501/3074 1285/3523/3093
f 33/3502/3075 31/3504/3077 39/3545/3111
f 40/3567/3131 39/3545/3111 31/3504/3077
f 2637/3546/3112 2556/3568/3132 2466/3547/3113
f 469/3306/2927 614/3569/3133 608/3527/3097
f 614/3569/3133 609/3548/3114 608/3527/3097
f 614/3569/3133 618/3570/3134 609/3548/3114
f 624/3549/3115 609/3548/3114 618/3570/3134
f 624/3549/3115 618/3570/3134 490/3550/3116
f 2561/3528/3098 2559/3571/3135 2563/3572/3136
f 408/3265/2894 2562/3573/3137 409/3531/3066
f 4541/3197/2834 4546/3574/3138 4451/3236/2866
f 3417/3514/3086 4752/3575/3139 3427/3513/3085
f 1325/3576/3140 1326/3577/3141 3430/3578/3103
f 1325/3576/3140 3430/3578/3103 3437/3579/3142
f 1403/3580/3143 1402/3540/3107 1397/3560/3124
f 1659/3581/3144 1655/3582/3145 1656/3583/3061
f 1657/3584/3146 1652/3520/3090 1655/3582/3145
f 1650/3585/3147 1649/3521/3091 1651/3539/3106
f 1291/3586/3148 1308/3587/3092 1294/3588/3149
f 1663/3589/3150 919/3379/2979 911/3489/3062
f 1314/3590/3151 1404/3561/3125 1634/3474/2945
f 1291/3586/3148 1285/3523/3093 1293/3500/3073
f 420/3491/3064 495/3591/3152 469/3306/2927
f 495/3591/3152 614/3569/3133 469/3306/2927
f 408/3265/2894 407/3592/3153 2562/3573/3137
f 4175/3593/3154 4156/3495/3068 4031/3508/3081
f 4175/3593/3154 4147/3465/3041 4156/3495/3068
f 4834/3594/3155 4752/3575/3139 3417/3514/3086
f 1328/3595/3156 4834/3594/3155 3417/3514/3086
f 4177/3596/3157 3387/3597/3120 1212/3598/3158
f 1209/3599/3159 3388/3600/3121 4177/3601/3157
f 4836/3602/3160 1328/3603/3156 3430/3578/3103
f 1204/3604/3161 1206/3605/3162 1209/3599/3159
f 1204/3604/3161 1191/3606/3163 1206/3605/3162
f 1190/3607/3164 1191/3606/3163 1204/3604/3161
f 1663/3608/3150 1659/3581/3144 1656/3583/3061
f 1657/3584/3146 1650/3585/3147 1652/3520/3090
f 1650/3585/3147 1651/3539/3106 1652/3520/3090
f 1167/3609/3165 2672/3610/3166 2671/3564/3128
f 1167/3609/3165 1154/3611/3167 2672/3610/3166
f 1153/3612/3168 2670/3565/3129 2684/3613/3108
f 1633/3614/3169 1630/3615/3170 1635/3442/3024
f 1292/3616/3171 1291/3586/3148 1294/3588/3149
f 381/3211/2844 250/3617/3172 339/3212/2845
f 47/3618/3173 112/3619/3174 111/3620/3175
f 39/3545/3111 47/3618/3173 111/3620/3175
f 41/3621/3176 47/3618/3173 39/3545/3111
f 111/3620/3175 112/3619/3174 114/3506/3079
f 114/3506/3079 112/3619/3174 115/3622/3177
f 2556/3568/3132 2554/3623/3178 2466/3547/3113
f 617/3624/3179 618/3570/3134 614/3569/3133
f 2561/3528/3098 2560/3625/3180 2559/3571/3135
f 472/3626/3181 445/3627/3182 451/3530/3100
f 451/3530/3100 445/3627/3182 435/3361/2964
f 414/3012/2672 406/3628/3183 2493/3264/2785
f 4451/3236/2866 4453/3629/3184 4452/2980/2644
f 3427/3513/3085 4752/3575/3139 4391/3555/3083
f 1210/3630/3185 4177/3601/3157 1212/3631/3158
f 1210/3630/3185 1209/3599/3159 4177/3601/3157
f 1321/3632/3186 1327/3633/3187 1326/3577/3141
f 1321/3632/3186 1326/3577/3141 1325/3576/3140
f 3848/3634/3188 1203/3635/3189 1210/3630/3185
f 1172/3636/3190 1203/3635/3189 3848/3634/3188
f 1321/3632/3186 1325/3576/3140 1323/3637/3191
f 1321/3632/3186 1323/3637/3191 1322/3638/3192
f 2662/3639/3193 2658/3515/3087 2657/3559/3123
f 2677/3640/3194 2680/3537/3104 2675/3486/3059
f 2672/3610/3166 1154/3611/3167 2689/3641/3195
f 1646/3642/3196 1649/3521/3091 1648/3643/3197
f 1155/3644/3198 1153/3612/3168 2684/3613/3108
f 1153/3612/3168 1166/3563/3127 2670/3565/3129
f 926/3645/3199 910/3544/3110 920/3498/3071
f 1631/3646/3200 1314/3647/3151 1629/3452/3031
f 1314/3647/3151 1634/3336/2945 1629/3452/3031
f 1292/3616/3171 1294/3588/3149 1296/3648/3201
f 1290/3649/3202 1291/3586/3148 1292/3616/3171
f 381/3211/2844 115/3622/3177 250/3617/3172
f 2466/3547/3113 2478/3650/3203 2465/3651/3204
f 478/3652/3205 490/3550/3116 618/3570/3134
f 2559/3571/3135 2560/3625/3180 2557/3653/3206
f 490/3550/3116 478/3652/3205 472/3626/3181
f 2562/3654/3137 422/3655/3207 2560/3625/3180
f 3373/3656/3208 4161/3657/3209 1/3658/3210
f 4835/3659/3211 4761/3660/3212 4836/3602/3160
f 1211/3661/3213 1210/3662/3185 3845/3663/3214
f 1317/3664/3215 1327/3633/3187 1321/3632/3186
f 1320/3665/3216 1391/3517/3089 1390/3666/3217
f 1320/3665/3216 1397/3560/3124 1391/3517/3089
f 2678/3667/3218 2664/3485/3058 2663/3668/3219
f 1315/3669/3220 1393/3670/3221 1395/3562/3126
f 1169/3671/3222 1170/3672/3223 1190/3607/3164
f 2688/3673/3224 2680/3537/3104 2677/3640/3194
f 1155/3644/3198 1171/3674/3225 1170/3672/3223
f 1650/3585/3147 1647/3675/3226 1648/3643/3197
f 1647/3675/3226 1646/3642/3196 1648/3643/3197
f 2692/3676/3227 920/3542/3071 2688/3673/3224
f 926/3645/3199 920/3498/3071 2692/3677/3227
f 1136/3678/3228 1292/3616/3171 1296/3648/3201
f 1153/3612/3168 1150/3679/3229 1166/3563/3127
f 342/3412/2997 420/3491/3064 380/3135/2781
f 4042/3680/3230 4039/2800/2494 442/3681/2788
f 4453/3629/3184 4455/3553/3118 4452/2980/2644
f 4147/3465/3041 4175/3593/3154 4148/3554/3119
f 4160/3682/3231 4161/3657/3209 3373/3656/3208
f 4160/3682/3231 1212/3598/3158 4161/3657/3209
f 4732/3683/3232 4761/3684/3212 4835/3685/3211
f 3775/3686/3233 1211/3661/3213 3845/3663/3214
f 1324/3687/3234 4743/3688/3235 4835/3659/3211
f 1393/3670/3221 1390/3666/3217 1389/3689/3236
f 1310/3690/3237 1403/3691/3143 1320/3692/3216
f 1669/3693/3238 1657/3584/3146 1659/3581/3144
f 922/3694/3239 1659/3581/3144 1663/3608/3150
f 1295/3695/3240 1321/3632/3186 1322/3638/3192
f 1633/3614/3169 1646/3642/3196 1647/3675/3226
f 1306/3696/3241 1317/3664/3215 1321/3632/3186
f 1156/3697/3242 1169/3671/3222 1172/3636/3190
f 1151/3698/3243 1170/3672/3223 1169/3671/3222
f 1151/3698/3243 1155/3644/3198 1170/3672/3223
f 1289/3699/3244 1295/3695/3240 1297/3700/3245
f 1282/3701/3246 1289/3699/3244 1288/3702/3247
f 1283/3703/3248 1282/3701/3246 1284/3566/3130
f 1282/3701/3246 1288/3702/3247 1284/3566/3130
f 42/3704/3249 44/3705/3250 41/3621/3176
f 80/3706/3251 81/3707/3252 112/3619/3174
f 4041/3708/3253 4039/2800/2494 4042/3680/3230
f 4391/3510/3083 4393/3709/3254 4392/3496/3069
f 4391/3555/3083 4752/3575/3139 4756/3710/3255
f 1212/3598/3158 4160/3682/3231 3840/3711/3256
f 3845/3663/3214 1212/3598/3158 3840/3711/3256
f 3775/3686/3233 3845/3663/3214 3840/3711/3256
f 1324/3687/3234 4758/3712/3257 4743/3688/3235
f 2686/3713/3258 2678/3667/3218 2663/3668/3219
f 1318/3714/3259 4758/3712/3257 1324/3687/3234
f 2686/3713/3258 2690/3715/3260 2678/3667/3218
f 2690/3715/3260 2677/3640/3194 2678/3667/3218
f 2692/3676/3227 2688/3673/3224 2677/3640/3194
f 861/3716/3261 1663/3589/3150 911/3489/3062
f 929/3717/3262 1647/3675/3226 1669/3693/3238
f 1306/3696/3241 1321/3632/3186 1295/3695/3240
f 1632/3718/3263 1630/3615/3170 1633/3614/3169
f 1632/3718/3263 1631/3646/3200 1630/3615/3170
f 1136/3678/3228 1296/3648/3201 1298/3719/3264
f 891/3720/3265 911/3489/3062 910/3544/3110
f 81/3707/3252 82/3721/3266 115/3622/3177
f 2602/3722/3267 2606/3723/3268 2607/3724/3269
f 422/3655/3207 2602/3722/3267 2560/3625/3180
f 412/3725/3270 422/3726/3207 2562/3573/3137
f 445/3627/3182 433/3727/3271 435/3361/2964
f 4149/3728/3272 4146/3418/3003 4148/3554/3119
f 4159/3729/3273 4160/3682/3231 3373/3656/3208
f 4752/3730/3139 4745/3731/3274 4756/3732/3255
f 4159/3729/3273 3840/3711/3256 4160/3682/3231
f 4747/3733/3275 4745/3731/3274 4752/3730/3139
f 3798/3734/3276 3775/3686/3233 3840/3711/3256
f 4699/3735/3277 4698/3736/3278 4743/3737/3235
f 4758/3738/3257 4699/3735/3277 4743/3737/3235
f 1401/3739/3279 1319/3740/3280 1393/3670/3221
f 922/3741/3239 1663/3589/3150 861/3716/3261
f 929/3717/3262 1669/3693/3238 1671/3742/3281
f 1146/3743/3282 1157/3744/3283 1154/3611/3167
f 888/3745/3284 926/3645/3199 2692/3677/3227
f 888/3745/3284 865/3746/3285 926/3645/3199
f 865/3746/3285 891/3720/3265 910/3544/3110
f 1282/3701/3246 1306/3696/3241 1295/3695/3240
f 1144/3747/3286 1153/3612/3168 1151/3698/3243
f 1144/3747/3286 1150/3679/3229 1153/3612/3168
f 339/3212/2845 250/3617/3172 249/3411/2996
f 2465/3651/3204 2470/3748/3287 2464/3524/3094
f 46/3749/3288 52/3750/3289 48/3751/3290
f 44/3705/3250 46/3749/3288 48/3751/3290
f 80/3706/3251 79/3752/3291 81/3707/3252
f 2607/3724/3269 2588/3753/3292 2478/3650/3203
f 2635/3754/3293 2588/3753/3292 2607/3724/3269
f 2606/3723/3268 2635/3754/3293 2607/3724/3269
f 621/3755/3294 475/3756/3295 474/3757/3296
f 4041/3708/3253 4035/3552/3117 4036/3132/2778
f 4072/3758/3297 4031/3508/3081 4033/3759/3298
f 4175/3593/3154 4031/3508/3081 4072/3758/3297
f 4392/3496/3069 4394/3760/3299 4660/3761/3300
f 4393/3709/3254 4394/3760/3299 4392/3496/3069
f 4756/3710/3255 3428/3762/3301 4391/3555/3083
f 3428/3763/3301 4393/3709/3254 4391/3510/3083
f 3798/3734/3276 3840/3711/3256 4159/3729/3273
f 4698/3736/3278 4720/3764/3302 4732/3683/3232
f 3775/3686/3233 3736/3765/3303 3778/3766/3304
f 1313/3767/3305 1311/3768/3306 1401/3769/3279
f 1305/3770/3307 1310/3690/3237 1401/3769/3279
f 928/3771/3308 931/3772/3309 2690/3715/3260
f 931/3772/3309 2677/3640/3194 2690/3715/3260
f 1318/3714/3259 4832/3773/3310 4758/3712/3257
f 4832/3774/3310 4730/3775/3311 4758/3738/3257
f 1181/3776/3312 2691/3777/3313 1157/3778/3283
f 4832/3773/3310 1318/3714/3259 1307/3779/3314
f 1277/3780/3315 1307/3779/3314 1306/3696/3241
f 1149/3781/3316 1157/3744/3283 1146/3743/3282
f 1276/3782/3317 1279/3783/3318 1290/3649/3202
f 2470/3748/3287 2471/3784/3319 2464/3524/3094
f 49/3785/3320 45/3786/3321 43/3787/3322
f 52/3750/3289 79/3752/3291 80/3706/3251
f 2478/3650/3203 2588/3753/3292 2465/3651/3204
f 2606/3723/3268 2604/3788/3323 2635/3754/3293
f 4175/3593/3154 4150/3789/3324 4148/3554/3119
f 4747/3733/3275 4746/3790/3325 4745/3731/3274
f 4730/3775/3311 4699/3735/3277 4758/3738/3257
f 1312/3791/3326 1313/3767/3305 1314/3792/3151
f 889/3793/3327 1671/3794/3281 862/3795/3328
f 875/3796/3329 1632/3797/3263 927/3798/3330
f 928/3799/3308 888/3745/3284 931/3800/3309
f 788/3801/3331 891/3720/3265 865/3746/3285
f 881/3802/3332 894/3803/3333 1671/3794/3281
f 1277/3780/3315 4832/3773/3310 1307/3779/3314
f 1149/3781/3316 1181/3804/3312 1157/3744/3283
f 1277/3780/3315 1306/3696/3241 1282/3701/3246
f 1152/3805/3334 1145/3806/3335 1156/3697/3242
f 1278/3807/3336 1282/3701/3246 1279/3783/3318
f 342/3412/2997 352/3808/3337 420/3491/3064
f 52/3750/3289 76/3809/3338 79/3752/3291
f 76/3809/3338 83/3810/3339 79/3752/3291
f 508/3811/3340 621/3755/3294 619/3812/3341
f 475/3756/3295 621/3755/3294 508/3811/3340
f 508/3811/3340 473/3813/3342 475/3756/3295
f 473/3813/3342 474/3757/3296 475/3756/3295
f 422/3655/3207 425/3814/3343 2603/3815/3344
f 4035/3552/3117 4033/3759/3298 4034/3131/2777
f 4546/3574/3138 4547/3816/3345 4451/3236/2866
f 4175/3593/3154 4072/3758/3297 4150/3789/3324
f 4720/3764/3302 4744/3817/3346 4746/3790/3325
f 3798/3734/3276 3776/3818/3347 3775/3686/3233
f 4720/3764/3302 4672/3819/3348 4702/3820/3349
f 3741/3821/3350 3736/3765/3303 3775/3686/3233
f 3736/3765/3303 3737/3822/3351 3783/3823/3352
f 2691/3824/3313 925/3825/3353 2685/3826/3354
f 1638/3827/3355 1637/3828/3356 1632/3718/3263
f 1303/3829/3357 1302/3830/3358 1310/3690/3237
f 885/3831/3359 1632/3797/3263 875/3796/3329
f 843/3832/3360 888/3745/3284 928/3799/3308
f 869/3833/3361 881/3802/3332 1671/3794/3281
f 1304/3834/3362 1303/3829/3357 1305/3770/3307
f 1125/3835/3363 1298/3719/3264 1301/3836/3364
f 843/3832/3360 784/3837/3365 888/3745/3284
f 784/3837/3365 788/3801/3331 865/3746/3285
f 871/3838/3366 894/3803/3333 881/3802/3332
f 1251/3839/3367 4832/3773/3310 1277/3780/3315
f 1232/3840/3368 1279/3783/3318 1276/3782/3317
f 1232/3840/3368 1278/3807/3336 1279/3783/3318
f 1143/3841/3369 1144/3747/3286 1145/3806/3335
f 266/3490/3063 383/3842/3370 378/3165/2806
f 50/3843/3371 51/3844/3372 46/3749/3288
f 45/3786/3321 50/3843/3371 46/3749/3288
f 49/3785/3320 50/3843/3371 45/3786/3321
f 79/3752/3291 83/3810/3339 82/3721/3266
f 508/3811/3340 467/3845/3373 473/3813/3342
f 4154/3846/3374 4159/3729/3273 3373/3656/3208
f 3776/3818/3347 3798/3734/3276 4159/3729/3273
f 3741/3821/3350 3775/3686/3233 3776/3818/3347
f 4698/3736/3278 4672/3819/3348 4720/3764/3302
f 1106/3847/3375 925/3848/3353 2691/3849/3313
f 885/3831/3359 1638/3850/3355 1632/3797/3263
f 1640/3851/3376 1631/3646/3200 1637/3828/3356
f 792/3852/3377 1304/3834/3362 1312/3791/3326
f 1126/3853/3378 1125/3835/3363 1301/3836/3364
f 765/3854/3379 793/3855/3380 1304/3856/3362
f 1164/3857/3381 1152/3805/3334 3839/3858/3382
f 1142/3859/3383 1149/3781/3316 1146/3743/3282
f 1142/3859/3383 1144/3747/3286 1143/3841/3369
f 342/3412/2997 249/3411/2996 352/3808/3337
f 2603/3815/3344 2605/3860/3384 2604/3788/3323
f 473/3813/3342 467/3845/3373 445/3627/3182
f 413/3861/3385 425/3862/3343 422/3726/3207
f 3776/3818/3347 4159/3729/3273 4154/3846/3374
f 4698/3736/3278 4673/3863/3386 4672/3819/3348
f 872/3864/3387 885/3831/3359 875/3796/3329
f 886/3865/3388 1301/3836/3364 1302/3830/3358
f 886/3865/3388 1126/3853/3378 1301/3836/3364
f 870/3866/3389 871/3838/3366 869/3833/3361
f 1281/3867/3390 4730/3775/3311 4832/3774/3310
f 1149/3781/3316 1182/3868/3391 1181/3804/3312
f 1250/3869/3392 1251/3839/3367 1277/3780/3315
f 82/3721/3266 386/3870/3393 250/3617/3172
f 2616/3871/3394 2631/3872/3395 2636/3873/3396
f 3383/3874/3397 4149/3728/3272 4150/3789/3324
f 3382/3875/3398 3373/3876/3208 4149/3877/3272
f 885/3831/3359 904/3878/3399 1638/3850/3355
f 859/3879/3400 862/3795/3328 861/3716/3261
f 1641/3880/3401 1312/3881/3326 1640/3851/3376
f 845/3882/3402 925/3848/3353 1106/3847/3375
f 4730/3775/3311 4704/3883/3403 4675/3884/3404
f 844/3885/3405 785/3886/3406 843/3832/3360
f 764/3887/3407 793/3855/3380 765/3854/3379
f 1087/3888/3408 1088/3889/3409 1098/3890/3410
f 240/3353/2956 266/3490/3063 257/3242/2872
f 49/3785/3320 54/3891/3411 50/3843/3371
f 83/3810/3339 84/3892/3412 82/3721/3266
f 76/3809/3338 84/3892/3412 83/3810/3339
f 2614/3893/3413 2615/3894/3414 2616/3871/3394
f 2613/3895/3415 2615/3894/3414 2614/3893/3413
f 508/3811/3340 489/3896/3416 467/3845/3373
f 4453/3629/3184 4456/3897/3417 4455/3553/3118
f 4547/3816/3345 4618/3898/3418 4453/3629/3184
f 4660/3761/3300 4618/3898/3418 4547/3816/3345
f 3382/3875/3398 4149/3877/3272 3383/3899/3397
f 1645/3900/3419 1637/3828/3356 1638/3827/3355
f 1644/3901/3420 1641/3880/3401 1640/3851/3376
f 3736/3765/3303 3727/3902/3421 3737/3822/3351
f 874/3903/3422 882/3904/3423 872/3864/3387
f 1316/3905/3424 765/3854/3379 792/3906/3377
f 1247/3907/3425 1281/3908/3390 1251/3839/3367
f 1104/3909/3426 1182/3868/3391 1149/3781/3316
f 1104/3909/3426 1149/3781/3316 1142/3859/3383
f 1230/3910/3427 1250/3869/3392 1231/3911/3428
f 1242/3912/3429 1247/3907/3425 1250/3869/3392
f 1242/3912/3429 1250/3869/3392 1230/3910/3427
f 1141/3913/3430 1142/3859/3383 1143/3841/3369
f 1230/3910/3427 1231/3911/3428 1229/3914/3431
f 74/3915/3432 75/3916/3433 76/3809/3338
f 4851/3917/3434 619/3812/3341 616/3918/3435
f 75/3916/3433 84/3892/3412 76/3809/3338
f 445/3627/3182 446/3919/3436 433/3727/3271
f 4393/3709/3254 4395/3920/3437 4394/3760/3299
f 4736/3921/3438 4757/3922/3439 4756/3732/3255
f 4757/3923/3439 3428/3762/3301 4756/3710/3255
f 3735/3924/3440 3726/3925/3441 3740/3926/3442
f 1661/3927/3443 1660/3928/3444 1645/3900/3419
f 1660/3928/3444 1637/3828/3356 1645/3900/3419
f 4675/3884/3404 4674/3929/3445 4673/3863/3386
f 3726/3925/3441 3727/3902/3421 3736/3765/3303
f 883/3930/3446 904/3878/3399 885/3831/3359
f 860/3931/3447 859/3879/3400 861/3716/3261
f 1088/3932/3409 845/3882/3402 1106/3847/3375
f 764/3887/3407 886/3933/3388 793/3855/3380
f 1148/3934/3448 1141/3913/3430 1143/3841/3369
f 1158/3935/3449 1141/3913/3430 1148/3934/3448
f 383/3842/3370 54/3891/3411 49/3785/3320
f 59/3936/3450 74/3915/3432 58/3937/3451
f 2615/3894/3414 2628/3938/3452 2631/3872/3395
f 620/3939/3453 489/3896/3416 619/3812/3341
f 413/3861/3385 2622/3940/3454 425/3862/3343
f 4141/3941/3455 4150/3789/3324 4072/3758/3297
f 4394/3760/3299 4606/3942/3456 4660/3761/3300
f 4153/3943/3457 4154/3846/3374 3382/3944/3398
f 3782/3945/3458 3776/3818/3347 4154/3846/3374
f 3744/3946/3459 3741/3821/3350 3776/3818/3347
f 1645/3947/3419 1638/3850/3355 904/3878/3399
f 887/3948/3460 904/3878/3399 883/3930/3446
f 882/3904/3423 876/3949/3461 877/3950/3462
f 873/3951/3463 874/3903/3422 870/3866/3389
f 787/3952/3464 891/3720/3265 788/3801/3331
f 783/3953/3465 784/3837/3365 785/3886/3406
f 4678/3954/3466 4675/3884/3404 4704/3883/3403
f 3738/3955/3467 3790/3956/3468 3737/3822/3351
f 1121/3957/3469 1280/3958/3470 1125/3959/3363
f 1160/3960/3471 1158/3935/3449 1148/3934/3448
f 1234/3961/3472 1229/3914/3431 1235/3962/3473
f 59/3936/3450 71/3963/3474 74/3915/3432
f 71/3963/3474 75/3916/3433 74/3915/3432
f 75/3916/3433 85/3964/3475 84/3892/3412
f 85/3964/3475 86/3965/3476 84/3892/3412
f 413/3861/3385 411/3966/3477 2622/3940/3454
f 4141/3941/3455 4072/3758/3297 4040/3967/3478
f 4153/3943/3457 3782/3945/3458 4154/3846/3374
f 3721/3968/3479 3726/3925/3441 3735/3924/3440
f 904/3878/3399 1662/3969/3480 1645/3947/3419
f 873/3951/3463 877/3950/3462 876/3949/3461
f 876/3949/3461 874/3903/3422 873/3951/3463
f 1159/3970/3481 1104/3909/3426 1142/3859/3383
f 1234/3961/3472 1235/3962/3473 1280/3971/3470
f 1226/3972/3482 1229/3914/3431 1234/3961/3472
f 1158/3935/3449 1139/3973/3483 1141/3913/3430
f 1226/3972/3482 1228/3974/3484 1229/3914/3431
f 70/3975/3485 85/3964/3475 75/3916/3433
f 488/3976/3486 489/3896/3416 620/3939/3453
f 406/3628/3183 2596/3977/3487 405/3978/3488
f 2595/3979/3489 2596/3977/3487 406/3628/3183
f 4141/3941/3455 4151/3980/3490 4150/3789/3324
f 4152/3981/3491 3382/3944/3398 3383/3874/3397
f 3782/3945/3458 3744/3946/3459 3776/3818/3347
f 3769/3982/3492 3721/3968/3479 3735/3924/3440
f 887/3948/3460 1662/3969/3480 904/3878/3399
f 873/3951/3463 870/3866/3389 868/3983/3493
f 853/3984/3494 891/3720/3265 787/3952/3464
f 239/3985/3495 240/3353/2956 241/3243/2873
f 71/3963/3474 70/3975/3485 75/3916/3433
f 59/3936/3450 60/3986/3496 71/3963/3474
f 4851/3917/3434 488/3976/3486 620/3939/3453
f 2626/3987/3497 2629/3988/3498 2628/3938/3452
f 2627/3989/3499 2626/3987/3497 2628/3938/3452
f 2625/3990/3500 2626/3987/3497 2627/3989/3499
f 486/3991/3501 446/3919/3436 468/3992/3502
f 411/3966/3477 405/3978/3488 2622/3940/3454
f 4153/3943/3457 3382/3944/3398 4152/3981/3491
f 4702/3820/3349 4676/3993/3503 4736/3921/3438
f 4669/3994/3504 4676/3993/3503 4702/3820/3349
f 3756/3995/3505 3769/3982/3492 3742/3996/3506
f 4674/3929/3445 4684/3997/3507 4671/3998/3508
f 1665/3999/3509 1664/4000/3510 1661/3927/3443
f 1664/4000/3510 1660/3928/3444 1661/3927/3443
f 1124/4001/3511 1280/3958/3470 1121/3957/3469
f 1202/4002/3512 1174/4003/3513 1160/3960/3471
f 1234/3961/3472 1280/3971/3470 1134/4004/3514
f 1161/4005/3515 1139/3973/3483 1158/3935/3449
f 249/3411/2996 247/4006/3516 352/3808/3337
f 383/3842/3370 113/4007/3517 54/3891/3411
f 2645/4008/3518 2472/4009/3519 2470/3748/3287
f 4853/4010/3520 488/3976/3486 4851/3917/3434
f 487/4011/3521 477/4012/3522 486/3991/3501
f 446/3919/3436 444/4013/3523 433/3727/3271
f 4453/3629/3184 4645/4014/3524 4456/3897/3417
f 4670/4015/3525 4669/3994/3504 4671/3998/3508
f 3792/4016/3526 3769/3982/3492 3756/3995/3505
f 4684/3997/3507 4677/4017/3527 4671/3998/3508
f 4683/4018/3528 4684/3997/3507 4674/3929/3445
f 893/4019/3529 1668/4020/3530 880/4021/3531
f 1664/4000/3510 905/4022/3532 1644/3901/3420
f 884/4023/3533 873/3951/3463 868/3983/3493
f 884/4023/3533 890/4024/3534 873/3951/3463
f 3721/3968/3479 3720/4025/3535 3726/3925/3441
f 3720/4025/3535 3727/3902/3421 3726/3925/3441
f 1165/4026/3536 1158/3935/3449 1160/3960/3471
f 1163/4027/3537 1159/3970/3481 1147/4028/3538
f 1161/4005/3515 1162/4029/3539 1139/3973/3483
f 1162/4029/3539 1147/4028/3538 1139/3973/3483
f 60/3986/3496 67/4030/3540 70/3975/3485
f 85/3964/3475 87/4031/3541 86/3965/3476
f 2629/3988/3498 2623/4032/3542 2645/4008/3518
f 2626/3987/3497 2623/4032/3542 2629/3988/3498
f 4852/4033/3543 487/4011/3521 4853/4010/3520
f 487/4011/3521 488/3976/3486 4853/4010/3520
f 405/3978/3488 2620/4034/3544 2622/3940/3454
f 4141/3941/3455 4142/4035/3545 4151/3980/3490
f 1083/4036/3546 907/4037/3547 1088/3889/3409
f 1085/4038/3548 1083/4036/3546 1088/3889/3409
f 4678/3954/3466 4679/4039/3549 4674/3929/3445
f 1086/4040/3550 1085/4038/3548 1087/3888/3408
f 1124/4001/3511 1134/4041/3514 1280/3958/3470
f 1174/4003/3513 1165/4026/3536 1160/3960/3471
f 1244/4042/3551 1248/4043/3552 1243/4044/3553
f 1237/4045/3554 1227/4046/3555 1226/3972/3482
f 1233/4047/3556 1240/4048/3557 1228/3974/3484
f 1240/4048/3557 1241/4049/3558 1228/3974/3484
f 2471/3784/3319 424/4050/3559 398/3005/2666
f 2623/4032/3542 2472/4009/3519 2645/4008/3518
f 487/4011/3521 4852/4033/3543 477/4012/3522
f 477/4012/3522 444/4013/3523 446/3919/3436
f 4458/4051/3560 4459/4052/3561 2594/3534/3102
f 4142/4035/3545 4141/3941/3455 4040/3967/3478
f 4618/3898/3418 4645/4014/3524 4453/3629/3184
f 3746/4053/3562 3743/4054/3563 3744/3946/3459
f 4684/3997/3507 4755/4055/3564 4677/4017/3527
f 4755/4055/3564 4759/4056/3565 4677/4017/3527
f 1668/4020/3530 1666/4057/3566 880/4021/3531
f 3719/4058/3567 3720/4025/3535 3721/3968/3479
f 907/4059/3547 845/3882/3402 1088/3932/3409
f 3732/4060/3568 3738/3955/3467 3727/3902/3421
f 1163/4027/3537 1147/4028/3538 1162/4029/3539
f 67/4030/3540 69/4061/3569 70/3975/3485
f 70/3975/3485 69/4061/3569 89/4062/3570
f 89/4062/3570 90/4063/3571 87/4031/3541
f 4851/4064/3434 4852/4065/3543 4853/4066/3520
f 4852/4033/3543 498/4067/3572 477/4012/3522
f 3428/3763/3301 4636/4068/3573 4395/3920/3437
f 4757/3923/3439 4636/4069/3573 3428/3762/3301
f 3809/4070/3574 4153/3943/3457 4152/3981/3491
f 3809/4070/3574 3782/3945/3458 4153/3943/3457
f 4677/4017/3527 4754/4071/3575 4717/4072/3576
f 4759/4056/3565 4754/4071/3575 4677/4017/3527
f 3887/4073/3577 3722/4074/3578 3791/4075/3579
f 1134/4004/3514 1237/4045/3554 1234/3961/3472
f 1165/4026/3536 1161/4005/3515 1158/3935/3449
f 1175/4076/3580 1159/3970/3481 1163/4027/3537
f 1168/4077/3581 1162/4029/3539 1161/4005/3515
f 61/4078/3582 62/4079/3583 67/4030/3540
f 2482/4080/3584 2471/3784/3319 2472/4009/3519
f 89/4062/3570 69/4061/3569 90/4063/3571
f 494/4081/3585 4852/4033/3543 4851/3917/3434
f 494/4081/3585 498/4067/3572 4852/4033/3543
f 2620/4082/3544 2619/4083/3586 2621/4084/3587
f 444/4013/3523 477/4012/3522 498/4067/3572
f 2596/3977/3487 403/4085/3588 405/3978/3488
f 3835/4086/3589 3383/3874/3397 4151/3980/3490
f 3889/4087/3590 3884/4088/3591 3792/4016/3526
f 3888/4089/3592 3722/4074/3578 3887/4073/3577
f 839/4090/3593 890/4024/3534 884/4023/3533
f 839/4090/3593 893/4091/3529 890/4024/3534
f 1080/4092/3594 1083/4036/3546 1085/4038/3548
f 1175/4076/3580 1180/4093/3595 1159/3970/3481
f 1236/4094/3596 1227/4046/3555 1237/4045/3554
f 1236/4094/3596 1233/4047/3556 1227/4046/3555
f 386/3870/3393 248/4095/3597 250/3617/3172
f 113/4007/3517 63/4096/3598 57/4097/3599
f 470/4098/3600 494/4081/3585 4851/3917/3434
f 4459/4052/3561 4460/4099/3601 2594/3534/3102
f 3429/4100/3602 4636/4069/3573 4757/3923/3439
f 3794/4101/3603 3793/4102/3604 3756/3995/3505
f 4717/4072/3576 4718/4103/3605 4670/4015/3525
f 4755/4055/3564 4811/4104/3606 4812/4105/3607
f 4728/4106/3608 4811/4104/3606 4755/4055/3564
f 4809/4107/3609 4811/4104/3606 4728/4106/3608
f 3870/4108/3610 3888/4089/3592 3887/4073/3577
f 1667/4109/3611 1664/4110/3510 1665/4111/3509
f 786/4112/3612 785/3886/3406 789/4113/3613
f 839/4090/3593 828/4114/3614 893/4091/3529
f 3723/4115/3615 3720/4025/3535 3719/4058/3567
f 4679/4039/3549 4680/4116/3616 4674/3929/3445
f 3720/4025/3535 3732/4060/3568 3727/3902/3421
f 1086/4040/3550 1080/4092/3594 1085/4038/3548
f 1130/4117/3617 1237/4045/3554 1134/4004/3514
f 1238/4118/3618 1236/4094/3596 1237/4045/3554
f 1245/4119/3619 1240/4048/3557 1233/4047/3556
f 2482/4080/3584 2483/4120/3620 2471/3784/3319
f 2483/4120/3620 424/4050/3559 2471/3784/3319
f 498/4067/3572 503/4121/3621 444/4013/3523
f 4395/3920/3437 4619/4122/3622 4606/3942/3456
f 3752/4123/3623 3756/3995/3505 3745/4124/3624
f 4759/4056/3565 4812/4105/3607 4754/4071/3575
f 3870/4108/3610 3871/4125/3625 3888/4089/3592
f 3724/4126/3626 3719/4058/3567 3722/4074/3578
f 828/4114/3614 840/4127/3627 893/4091/3529
f 863/4128/3628 1126/4129/3378 764/3887/3407
f 4680/4116/3616 4701/4130/3629 4683/4018/3528
f 1130/4117/3617 1238/4118/3618 1237/4045/3554
f 249/3411/2996 248/4095/3597 247/4006/3516
f 68/4131/3630 77/4132/3631 69/4061/3569
f 67/4030/3540 68/4131/3630 69/4061/3569
f 62/4079/3583 64/4133/3632 67/4030/3540
f 78/4134/3633 91/4135/3634 88/4136/3635
f 77/4132/3631 91/4135/3634 78/4134/3633
f 91/4135/3634 92/4137/3636 88/4136/3635
f 503/4121/3621 498/4067/3572 494/4081/3585
f 431/4138/3637 430/4139/3638 444/4013/3523
f 4043/4140/3639 4042/3680/3230 4073/4141/3640
f 4152/3981/3491 3383/3874/3397 3835/4086/3589
f 3777/4142/3641 3746/4053/3562 3782/3945/3458
f 4676/3993/3503 4706/4143/3642 4736/3921/3438
f 4669/3994/3504 4668/4144/3643 4665/4145/3644
f 4670/4015/3525 4718/4103/3605 4668/4144/3643
f 4754/4071/3575 4751/4146/3645 4717/4072/3576
f 3879/4147/3646 3884/4088/3591 3889/4087/3590
f 3879/4147/3646 3872/4148/3647 3884/4088/3591
f 842/4149/3648 839/4090/3593 884/4023/3533
f 766/4150/3649 1316/3905/3424 905/4151/3532
f 4733/4152/3650 4714/4153/3651 4678/3954/3466
f 3732/4060/3568 1201/4154/3652 3738/3955/3467
f 1179/4155/3653 1165/4026/3536 1174/4003/3513
f 1249/4156/3654 1248/4043/3552 1244/4042/3551
f 1176/4157/3655 1165/4026/3536 1179/4155/3653
f 1176/4157/3655 1168/4077/3581 1161/4005/3515
f 1177/4158/3656 1163/4027/3537 1173/4159/3657
f 4851/3917/3434 352/3808/3337 470/4098/3600
f 2619/4083/3586 2484/4160/3658 2472/4009/3519
f 503/4121/3621 431/4138/3637 444/4013/3523
f 4645/4014/3524 4646/4161/3659 4456/3897/3417
f 4619/4122/3622 4646/4161/3659 4645/4014/3524
f 4636/4068/3573 3431/4162/3660 4395/3920/3437
f 3429/4100/3602 3431/4163/3660 4636/4069/3573
f 4736/3921/3438 4706/4143/3642 4662/4164/3661
f 3899/4165/3662 3793/4102/3604 3794/4101/3603
f 4754/4071/3575 4805/4166/3663 4751/4146/3645
f 4809/4107/3609 4800/4167/3664 4810/4168/3665
f 896/4169/3666 766/4150/3649 1664/4110/3510
f 819/4170/3667 840/4127/3627 828/4114/3614
f 3723/4115/3615 3719/4058/3567 3724/4126/3626
f 4753/4171/3668 4714/4153/3651 4733/4152/3650
f 1239/4172/3669 1236/4094/3596 1238/4118/3618
f 94/4173/3670 93/4174/3671 77/4132/3631
f 77/4132/3631 93/4174/3671 91/4135/3634
f 93/4174/3671 92/4137/3636 91/4135/3634
f 464/4175/3672 503/4121/3621 494/4081/3585
f 2488/4176/3673 2617/4177/3674 2618/4178/3675
f 4142/4035/3545 4135/4179/3676 3835/4086/3589
f 3777/4142/3641 3782/3945/3458 3809/4070/3574
f 3879/4147/3646 3889/4087/3590 3899/4165/3662
f 4754/4071/3575 4812/4105/3607 4805/4166/3663
f 4780/4180/3677 4781/4181/3678 4813/4182/3679
f 3873/4183/3680 3869/4184/3681 3872/4148/3647
f 3869/4184/3681 3870/4108/3610 3872/4148/3647
f 810/4185/3682 826/4186/3683 842/4149/3648
f 827/4187/3684 830/4188/3685 828/4114/3614
f 760/4189/3686 764/3887/3407 761/4190/3687
f 3728/4191/3688 3720/4025/3535 3723/4115/3615
f 386/3870/3393 385/4192/3689 248/4095/3597
f 93/4174/3671 95/4193/3690 92/4137/3636
f 4135/4179/3676 4142/4035/3545 4040/3967/3478
f 4662/4194/3661 3431/4163/3660 3429/4100/3602
f 4751/4146/3645 4738/4195/3691 4718/4103/3605
f 3879/4147/3646 3899/4165/3662 3895/4196/3692
f 4813/4182/3679 4781/4181/3678 4805/4166/3663
f 3868/4197/3693 3870/4108/3610 3869/4184/3681
f 867/4198/3694 842/4149/3648 866/4199/3695
f 236/4200/3696 238/4201/3697 239/3985/3495
f 2484/4160/3658 2482/4080/3584 2472/4009/3519
f 2488/4176/3673 2484/4160/3658 2617/4177/3674
f 433/3727/3271 430/4139/3638 432/4202/3698
f 4676/3993/3503 4665/4145/3644 4706/4143/3642
f 4738/4195/3691 4719/4203/3699 4718/4103/3605
f 3795/4204/3700 3895/4196/3692 3794/4101/3603
f 4805/4166/3663 4814/4205/3701 4751/4146/3645
f 3868/4197/3693 3885/4206/3702 3871/4125/3625
f 3885/4206/3702 3725/4207/3703 3724/4126/3626
f 825/4208/3704 827/4187/3684 826/4186/3683
f 833/4209/3705 819/4170/3667 828/4114/3614
f 1109/4210/3706 1121/3957/3469 1120/4211/3707
f 1131/4212/3708 1238/4118/3618 1130/4117/3617
f 1176/4157/3655 1183/4213/3709 1178/4214/3710
f 65/4215/3711 117/4216/3712 110/4217/3713
f 72/4218/3714 117/4216/3712 65/4215/3711
f 110/4217/3713 117/4216/3712 254/4219/3715
f 255/4220/3716 100/4221/3717 254/4219/3715
f 464/4175/3672 494/4081/3585 470/4098/3600
f 2594/3551/3102 4460/4222/3601 2595/4223/3489
f 4046/4224/3718 4135/4179/3676 4040/3967/3478
f 3880/4225/3719 3873/4183/3680 3879/4147/3646
f 3880/4225/3719 3878/4226/3720 3873/4183/3680
f 4780/4180/3677 4779/4227/3721 4781/4181/3678
f 4779/4227/3721 4782/4228/3722 4781/4181/3678
f 4776/4229/3723 4780/4180/3677 4800/4167/3664
f 822/4230/3724 766/4150/3649 896/4169/3666
f 818/4231/3725 840/4127/3627 819/4170/3667
f 3720/4025/3535 3731/4232/3726 3732/4060/3568
f 1184/4233/3727 1173/4159/3657 1178/4214/3710
f 1253/4234/3728 1252/4235/3729 1239/4172/3669
f 1252/4235/3729 1246/4236/3730 1239/4172/3669
f 117/4216/3712 255/4220/3716 254/4219/3715
f 96/4237/3731 385/4192/3689 386/3870/3393
f 2488/4176/3673 2486/4238/3732 2484/4160/3658
f 431/4138/3637 503/4121/3621 464/4175/3672
f 464/4175/3672 401/4239/3733 431/4138/3637
f 431/4138/3637 401/4239/3733 430/4139/3638
f 3834/4240/3734 3809/4070/3574 3835/4086/3589
f 3779/4241/3735 3795/4204/3700 3752/4123/3623
f 4751/4146/3645 4814/4205/3701 4738/4195/3691
f 4789/4242/3736 4814/4205/3701 4805/4166/3663
f 4781/4181/3678 4789/4242/3736 4805/4166/3663
f 823/4243/3737 896/4169/3666 1670/4244/3738
f 829/4245/3739 831/4246/3740 827/4187/3684
f 923/4247/3741 846/4248/3742 907/4059/3547
f 3725/4207/3703 3728/4191/3688 3723/4115/3615
f 1080/4092/3594 1082/4249/3743 1083/4036/3546
f 4714/4153/3651 4687/4250/3744 4679/4039/3549
f 1254/4251/3745 1245/4119/3619 1246/4236/3730
f 97/4252/3746 96/4237/3731 95/4193/3690
f 100/4221/3717 97/4252/3746 95/4193/3690
f 4460/4222/3601 2596/4253/3487 2595/4223/3489
f 3433/4254/3747 3431/4163/3660 4662/4194/3661
f 4782/4228/3722 4783/4255/3748 4781/4181/3678
f 4779/4227/3721 4795/4256/3749 4782/4228/3722
f 3867/4257/3750 3868/4197/3693 3869/4184/3681
f 824/4258/3751 825/4208/3704 810/4185/3682
f 753/4259/3752 760/4189/3686 761/4190/3687
f 4687/4250/3744 4681/4260/3753 4679/4039/3549
f 1131/4261/3708 1130/4262/3617 1122/4263/3754
f 1253/4234/3728 1238/4118/3618 1131/4212/3708
f 1183/4213/3709 1184/4233/3727 1178/4214/3710
f 1252/4235/3729 1254/4251/3745 1246/4236/3730
f 117/4216/3712 232/4264/3755 255/4220/3716
f 72/4218/3714 116/4265/3756 117/4216/3712
f 66/4266/3757 73/4267/3758 72/4218/3714
f 3892/4268/3759 3880/4225/3719 3895/4196/3692
f 4782/4228/3722 4795/4256/3749 4783/4255/3748
f 852/4269/3760 853/3984/3494 850/4270/3761
f 811/4271/3762 867/4198/3694 852/4269/3760
f 864/4272/3763 863/4128/3628 760/4189/3686
f 1112/4273/3764 1111/4274/3765 1120/4211/3707
f 238/4201/3697 237/4275/3766 332/4276/3767
f 385/4192/3689 246/4277/3768 248/4095/3597
f 4719/4203/3699 4667/4278/3769 4668/4144/3643
f 3867/4257/3750 3866/4279/3770 3868/4197/3693
f 851/4280/3771 811/4271/3762 852/4269/3760
f 834/4281/3772 829/4245/3739 825/4208/3704
f 834/4281/3772 825/4208/3704 824/4258/3751
f 1089/4282/3773 923/4283/3741 907/4037/3547
f 1082/4249/3743 1089/4282/3773 1083/4036/3546
f 3731/4232/3726 3747/4284/3774 3732/4060/3568
f 1109/4210/3706 1122/4263/3754 1121/3957/3469
f 1189/4285/3775 1187/4286/3776 1184/4233/3727
f 66/4266/3757 106/4287/3777 73/4267/3758
f 4456/3897/3417 4463/4288/3778 4458/4051/3560
f 4135/4179/3676 3851/4289/3779 3833/4290/3780
f 3817/4291/3781 3810/4292/3782 3833/4290/3780
f 3810/4292/3782 3834/4240/3734 3833/4290/3780
f 3834/4240/3734 3810/4292/3782 3809/4070/3574
f 3748/4293/3783 3746/4053/3562 3777/4142/3641
f 4815/4294/3784 4738/4195/3691 4814/4205/3701
f 4777/4295/3785 4795/4256/3749 4779/4227/3721
f 4776/4229/3723 4777/4295/3785 4779/4227/3721
f 829/4245/3739 836/4296/3786 831/4246/3740
f 782/4297/3787 784/3837/3365 783/3953/3465
f 837/4298/3788 819/4170/3667 833/4209/3705
f 766/4150/3649 761/4190/3687 1316/3905/3424
f 1110/4299/3789 1122/4263/3754 1109/4210/3706
f 1197/4300/3790 1179/4301/3653 3797/4302/3791
f 1197/4303/3790 1186/4304/3792 1179/4155/3653
f 1188/4305/3793 1189/4285/3775 1184/4233/3727
f 1253/4234/3728 1257/4306/3794 1252/4235/3729
f 118/4307/3795 233/4308/3796 232/4264/3755
f 116/4265/3756 118/4307/3795 232/4264/3755
f 108/4309/3797 118/4307/3795 116/4265/3756
f 99/4310/3798 387/4311/3799 96/4237/3731
f 98/4312/3800 96/4237/3731 97/4252/3746
f 432/4202/3698 376/4313/3801 4073/4314/3640
f 3810/4292/3782 3777/4142/3641 3809/4070/3574
f 4719/4203/3699 4738/4195/3691 4667/4278/3769
f 3811/4315/3802 3795/4204/3700 3779/4241/3735
f 4789/4242/3736 4802/4316/3803 4814/4205/3701
f 3866/4279/3770 3874/4317/3804 3868/4197/3693
f 851/4280/3771 852/4269/3760 850/4270/3761
f 4748/4318/3805 4749/4319/3806 4803/4320/3807
f 106/4287/3777 107/4321/3808 73/4267/3758
f 232/4264/3755 233/4308/3796 98/4312/3800
f 98/4312/3800 99/4310/3798 96/4237/3731
f 2488/4176/3673 2489/4322/3809 2486/4238/3732
f 3780/4323/3810 3777/4142/3641 3810/4292/3782
f 4665/4145/3644 4663/4324/3811 4706/4143/3642
f 4738/4195/3691 4737/4325/3812 4667/4278/3769
f 4776/4229/3723 4775/4326/3813 4777/4295/3785
f 821/4327/3814 822/4230/3724 823/4243/3737
f 821/4327/3814 823/4243/3737 841/4328/3815
f 838/4329/3816 834/4281/3772 824/4258/3751
f 816/4330/3817 819/4170/3667 837/4298/3788
f 816/4330/3817 818/4231/3725 819/4170/3667
f 815/4331/3818 841/4328/3815 818/4231/3725
f 4749/4319/3806 4804/4332/3819 4803/4320/3807
f 3729/4333/3820 3728/4191/3688 3730/4334/3821
f 3729/4333/3820 3720/4025/3535 3728/4191/3688
f 3729/4333/3820 3731/4232/3726 3720/4025/3535
f 1197/4303/3790 1185/4335/3822 1186/4304/3792
f 1259/4336/3823 1254/4251/3745 1257/4306/3794
f 4463/4288/3778 4464/4337/3824 4458/4051/3560
f 4045/4338/3825 3851/4289/3779 4046/4224/3718
f 4814/4205/3701 4802/4316/3803 4815/4294/3784
f 4789/4242/3736 4784/4339/3826 4802/4316/3803
f 4777/4295/3785 4794/4340/3827 4795/4256/3749
f 4774/4341/3828 4775/4326/3813 4776/4229/3723
f 1096/4342/3829 1084/4343/3830 1194/4344/3831
f 424/4345/3559 358/4346/3832 398/3055/2666
f 129/4347/3833 231/4348/3834 118/4307/3795
f 108/4309/3797 129/4347/3833 118/4307/3795
f 107/4321/3808 129/4347/3833 108/4309/3797
f 118/4307/3795 231/4348/3834 233/4308/3796
f 107/4321/3808 130/4349/3835 129/4347/3833
f 2485/4350/3836 2483/4120/3620 2482/4080/3584
f 421/4351/3837 470/4098/3600 459/4352/3838
f 3851/4289/3779 3901/4353/3839 3817/4291/3781
f 4737/4325/3812 4738/4195/3691 4815/4294/3784
f 4785/4354/3840 4784/4339/3826 4783/4255/3748
f 4794/4340/3827 4785/4354/3840 4783/4255/3748
f 4795/4256/3749 4794/4340/3827 4783/4255/3748
f 820/4355/3841 822/4230/3724 821/4327/3814
f 847/4356/3842 837/4298/3788 836/4296/3786
f 3864/4357/3843 3886/4358/3844 3874/4317/3804
f 3886/4358/3844 3890/4359/3845 3874/4317/3804
f 3733/4360/3846 3747/4284/3774 3731/4232/3726
f 4713/4361/3847 4681/4260/3753 4687/4250/3744
f 1110/4299/3789 1127/4362/3848 1122/4263/3754
f 1198/4363/3849 1185/4335/3822 1197/4303/3790
f 1195/4364/3850 1189/4285/3775 1188/4305/3793
f 1195/4364/3850 1196/4365/3851 1189/4285/3775
f 377/4366/3852 459/4352/3838 352/3808/3337
f 4619/4122/3622 4621/4367/3853 4640/4368/3854
f 4652/4369/3855 4620/4370/3856 3433/4371/3747
f 4665/4145/3644 4664/4372/3857 4663/4324/3811
f 3750/4373/3858 3751/4374/3859 3749/4375/3860
f 4801/4376/3861 4737/4325/3812 4815/4294/3784
f 4802/4316/3803 4801/4376/3861 4815/4294/3784
f 4785/4354/3840 4786/4377/3862 4784/4339/3826
f 4773/4378/3863 4772/4379/3864 4774/4341/3828
f 4772/4379/3864 4775/4326/3813 4774/4341/3828
f 821/4327/3814 841/4328/3815 815/4331/3818
f 801/4380/3865 804/4381/3866 806/4382/3867
f 804/4381/3866 810/4185/3682 806/4382/3867
f 847/4356/3842 816/4330/3817 837/4298/3788
f 753/4259/3752 752/4383/3868 760/4189/3686
f 3890/4359/3845 3886/4358/3844 3799/4384/3869
f 3733/4360/3846 3731/4232/3726 3729/4333/3820
f 1127/4385/3848 1262/4386/3870 1131/4212/3708
f 1272/4387/3871 1265/4388/3872 1263/4389/3873
f 1198/4363/3849 1193/4390/3874 1185/4335/3822
f 1258/4391/3875 1253/4234/3728 1262/4386/3870
f 129/4347/3833 230/4392/3876 231/4348/3834
f 226/4393/3877 225/4394/3878 227/4395/3879
f 2596/3977/3487 393/4396/3880 403/4085/3588
f 463/4397/3881 364/4398/3882 401/4239/3733
f 4784/4339/3826 4801/4376/3861 4802/4316/3803
f 3881/4399/3883 3880/4225/3719 3882/4400/3884
f 3877/4401/3885 3876/4402/3886 3875/4403/3887
f 3865/4404/3888 3866/4279/3770 3867/4257/3750
f 838/4329/3816 835/4405/3889 834/4281/3772
f 780/4406/3890 782/4297/3787 783/3953/3465
f 4680/4116/3616 4685/4407/3891 4700/4408/3892
f 1265/4409/3872 1272/4410/3871 4713/4361/3847
f 1198/4363/3849 1197/4303/3790 2745/4411/3893
f 231/4348/3834 230/4392/3876 228/4412/3894
f 230/4392/3876 229/4413/3895 228/4412/3894
f 228/4412/3894 186/4414/3896 227/4395/3879
f 186/4414/3896 226/4393/3877 227/4395/3879
f 229/4413/3895 186/4414/3896 228/4412/3894
f 421/4351/3837 463/4397/3881 470/4098/3600
f 2489/4322/3809 393/4415/3880 2485/4350/3836
f 4045/4338/3825 4046/4224/3718 4041/3708/3253
f 4640/4368/3854 4657/4416/3897 4647/4417/3898
f 3751/4374/3859 3768/4418/3899 3779/4241/3735
f 3808/4419/3900 3898/4420/3901 3811/4315/3802
f 3876/4402/3886 3865/4404/3888 3875/4403/3887
f 814/4421/3902 820/4355/3841 821/4327/3814
f 4773/4378/3863 4771/4422/3903 4772/4379/3864
f 1096/4342/3829 1081/4423/3904 1084/4343/3830
f 387/4311/3799 392/4424/3905 385/4192/3689
f 226/4393/3877 195/4425/3906 225/4394/3878
f 4657/4416/3897 4464/4337/3824 4647/4417/3898
f 3774/4426/3907 3748/4293/3783 3780/4323/3810
f 4740/4427/3908 4711/4428/3909 4737/4325/3812
f 4801/4376/3861 4740/4427/3908 4737/4325/3812
f 3808/4419/3900 3894/4429/3910 3898/4420/3901
f 3860/4430/3911 3876/4402/3886 3877/4401/3885
f 4777/4295/3785 4778/4431/3912 4794/4340/3827
f 1092/4432/3913 848/4433/3914 1089/4282/3773
f 4804/4332/3819 4770/4434/3915 4771/4422/3903
f 4682/4435/3916 4685/4407/3891 4680/4116/3616
f 1080/4092/3594 1081/4423/3904 1082/4249/3743
f 3757/4436/3917 3747/4284/3774 3733/4360/3846
f 2744/4437/3918 1096/4438/3829 1192/4439/3919
f 1264/4440/3920 1257/4306/3794 1258/4391/3875
f 131/4441/3921 224/4442/3922 230/4392/3876
f 106/4287/3777 132/4443/3923 130/4349/3835
f 186/4414/3896 195/4425/3906 226/4393/3877
f 2596/3977/3487 2597/4444/3924 393/4396/3880
f 3901/4353/3839 3813/4445/3925 3817/4291/3781
f 4661/4446/3926 4651/4447/3927 3433/4371/3747
f 4786/4377/3862 4806/4448/3928 4801/4376/3861
f 4794/4340/3827 4788/4449/3929 4785/4354/3840
f 856/4450/3930 766/4150/3649 820/4355/3841
f 817/4451/3931 895/4452/3932 849/4453/3933
f 817/4451/3931 847/4356/3842 895/4452/3932
f 762/4454/3934 761/4190/3687 766/4150/3649
f 4713/4361/3847 4697/4455/3935 4681/4260/3753
f 1196/4365/3851 2743/4456/3936 1192/4439/3919
f 1266/4457/3937 1262/4386/3870 1138/4458/3938
f 1199/4459/3939 1195/4364/3850 1193/4390/3874
f 1266/4457/3937 1264/4440/3920 1258/4391/3875
f 3861/4460/3940 3864/4357/3843 3865/4404/3888
f 897/4461/3941 817/4451/3931 849/4453/3933
f 3863/4462/3942 3886/4358/3844 3864/4357/3843
f 1102/4463/3943 781/4464/3944 848/4465/3914
f 802/4466/3945 815/4331/3818 816/4330/3817
f 4770/4434/3915 4769/4467/3946 4771/4422/3903
f 1082/4249/3743 1092/4432/3913 1089/4282/3773
f 1196/4365/3851 1200/4468/3947 2743/4456/3936
f 2742/4469/3948 1199/4459/3939 1193/4390/3874
f 1267/4470/3949 1260/4471/3950 1259/4336/3823
f 106/4287/3777 136/4472/3951 132/4443/3923
f 387/4311/3799 190/4473/3952 392/4424/3905
f 224/4442/3922 223/4474/3953 186/4414/3896
f 421/4351/3837 364/4398/3882 463/4397/3881
f 4665/4145/3644 4666/4475/3954 4664/4372/3857
f 4667/4278/3769 4666/4475/3954 4665/4145/3644
f 3862/4476/3955 3860/4430/3911 3881/4399/3883
f 4785/4354/3840 4787/4477/3956 4786/4377/3862
f 4794/4340/3827 4790/4478/3957 4788/4449/3929
f 787/3952/3464 782/4297/3787 850/4270/3761
f 3734/4479/3958 3730/4334/3821 3800/4480/3959
f 1096/4342/3829 1097/4481/3960 1081/4423/3904
f 2744/4482/3918 1097/4481/3960 1096/4342/3829
f 1268/4483/3961 1263/4389/3873 1260/4471/3950
f 3814/4484/3962 3812/4485/3963 3813/4445/3925
f 4622/4486/3964 4620/4370/3856 4652/4369/3855
f 3807/4487/3965 3894/4429/3910 3808/4419/3900
f 4788/4449/3929 4787/4477/3956 4785/4354/3840
f 3859/4488/3966 3861/4460/3940 3876/4402/3886
f 3863/4462/3942 3864/4357/3843 3861/4460/3940
f 812/4489/3967 814/4421/3902 815/4331/3818
f 1102/4463/3943 777/4490/3968 781/4464/3944
f 807/4491/3969 817/4451/3931 897/4461/3941
f 3897/4492/3970 3886/4358/3844 3863/4462/3942
f 1092/4432/3913 1102/4493/3943 848/4433/3914
f 817/4451/3931 816/4330/3817 847/4356/3842
f 3897/4492/3970 3801/4494/3971 3886/4358/3844
f 3886/4358/3844 3801/4494/3971 3800/4480/3959
f 1112/4273/3764 1107/4495/3972 1111/4274/3765
f 3838/4496/3973 2745/4497/3893 3788/4498/3974
f 1118/4499/3975 1127/4362/3848 1110/4299/3789
f 4833/4500/3976 1263/4389/3873 1268/4483/3961
f 4833/4500/3976 1272/4387/3871 1263/4389/3873
f 2483/4120/3620 400/4501/3977 424/4050/3559
f 161/4502/3978 175/4503/3979 186/4414/3896
f 223/4474/3953 161/4502/3978 186/4414/3896
f 135/4504/3980 133/4505/3981 132/4443/3923
f 3767/4506/3982 3808/4419/3900 3768/4418/3899
f 4770/4434/3915 4694/4507/3983 4769/4467/3946
f 4685/4407/3891 4694/4507/3983 4715/4508/3984
f 1272/4410/3871 4734/4509/3985 4713/4361/3847
f 1138/4510/3938 1127/4362/3848 1118/4499/3975
f 2741/4511/3986 1199/4459/3939 2742/4469/3948
f 1138/4458/3938 1269/4512/3987 1266/4457/3937
f 1269/4512/3987 1264/4440/3920 1266/4457/3937
f 1270/4513/3988 1267/4470/3949 1261/4514/3989
f 424/4345/3559 2565/4515/3990 358/4346/3832
f 106/4287/3777 332/4276/3767 136/4472/3951
f 133/4505/3981 160/4516/3991 134/4517/3992
f 136/4472/3951 135/4504/3980 132/4443/3923
f 186/4414/3896 175/4503/3979 185/4518/3993
f 4464/4337/3824 4465/4519/3994 4459/4052/3561
f 4787/4477/3956 4797/4520/3995 4786/4377/3862
f 3858/4521/3996 3859/4488/3966 3860/4430/3911
f 812/4489/3967 813/4522/3997 814/4421/3902
f 856/4450/3930 820/4355/3841 813/4522/3997
f 812/4489/3967 815/4331/3818 802/4466/3945
f 773/4523/3998 782/4297/3787 780/4406/3890
f 797/4524/3999 802/4466/3945 807/4491/3969
f 802/4466/3945 817/4451/3931 807/4491/3969
f 3838/4496/3973 3788/4498/3974 3757/4436/3917
f 2739/4525/4000 2744/4526/3918 2743/4527/3936
f 134/4517/3992 161/4502/3978 223/4474/3953
f 133/4505/3981 135/4504/3980 160/4516/3991
f 3858/4521/3996 3860/4430/3911 3862/4476/3955
f 3857/4528/4001 3863/4462/3942 3861/4460/3940
f 800/4529/4002 803/4530/4003 809/4531/4004
f 4769/4467/3946 4768/4532/4005 4796/4533/4006
f 798/4534/4007 802/4466/3945 797/4524/3999
f 749/4535/4008 752/4383/3868 753/4259/3752
f 4694/4507/3983 4768/4532/4005 4769/4467/3946
f 1113/4536/4009 1112/4273/3764 864/4537/3763
f 3734/4479/3958 3800/4480/3959 3801/4494/3971
f 1107/4495/3972 1108/4538/4010 1109/4210/3706
f 185/4518/3993 187/4539/4011 195/4425/3906
f 4047/4540/4012 3901/4353/3839 4045/4338/3825
f 3753/4541/4013 3767/4506/3982 3751/4374/3859
f 3767/4506/3982 3807/4487/3965 3808/4419/3900
f 4790/4478/3957 4787/4477/3956 4788/4449/3929
f 3858/4521/3996 3857/4528/4001 3859/4488/3966
f 3857/4528/4001 3861/4460/3940 3859/4488/3966
f 805/4542/4014 813/4522/3997 812/4489/3967
f 805/4542/4014 812/4489/3967 802/4466/3945
f 762/4454/3934 754/4543/4015 761/4190/3687
f 4734/4509/3985 4705/4544/4016 4697/4455/3935
f 1097/4481/3960 1091/4545/4017 1081/4423/3904
f 1267/4470/3949 1273/4546/4018 1268/4483/3961
f 3518/4547/4019 1271/4548/4020 1269/4512/3987
f 1271/4548/4020 1270/4513/3988 1269/4512/3987
f 3815/4549/4021 3812/4485/3963 3814/4484/3962
f 4649/4550/4022 4650/4551/4023 4651/4447/3927
f 4664/4372/3857 4712/4552/4024 4661/4446/3926
f 4731/4553/4025 4710/4554/4026 4711/4428/3909
f 4797/4520/3995 4731/4553/4025 4806/4448/3928
f 3883/4555/4027 3897/4492/3970 3863/4462/3942
f 805/4542/4014 802/4466/3945 798/4534/4007
f 763/4556/4028 762/4454/3934 856/4450/3930
f 4694/4507/3983 4723/4557/4029 4768/4532/4005
f 3801/4494/3971 3897/4492/3970 3802/4558/4030
f 4685/4407/3891 4686/4559/4031 4694/4507/3983
f 2744/4526/3918 2739/4525/4000 1097/4560/3960
f 1275/4561/4032 4734/4509/3985 4833/4562/3976
f 2738/4563/4033 2741/4564/3986 2742/4565/3948
f 136/4472/3951 137/4566/4034 135/4504/3980
f 3806/4567/4035 3893/4568/4036 3896/4569/4037
f 3893/4568/4036 3858/4521/3996 3862/4476/3955
f 3856/4570/4038 3857/4528/4001 3858/4521/3996
f 4792/4571/4039 4791/4572/4040 4790/4478/3957
f 4768/4532/4005 4765/4573/4041 4799/4574/4042
f 3883/4555/4027 3863/4462/3942 3857/4528/4001
f 3802/4558/4030 3897/4492/3970 3883/4555/4027
f 808/4575/4043 813/4522/3997 805/4542/4014
f 775/4576/4044 773/4523/3998 780/4406/3890
f 749/4535/4008 753/4259/3752 750/4577/4045
f 1092/4432/3913 1090/4578/4046 1102/4493/3943
f 3739/4579/4047 3734/4479/3958 3801/4494/3971
f 4697/4455/3935 4705/4544/4016 4682/4435/3916
f 1274/4580/4048 1269/4512/3987 1138/4458/3938
f 3519/4581/4049 1273/4546/4018 1267/4470/3949
f 400/4501/3977 2565/4582/3990 424/4050/3559
f 4621/4367/3853 4623/4583/4050 4466/4584/4051
f 4790/4478/3957 4791/4572/4040 4787/4477/3956
f 3786/4585/4052 3757/4436/3917 3763/4586/4053
f 3786/4585/4052 3838/4496/3973 3757/4436/3917
f 2734/4587/4054 2738/4563/4033 2742/4565/3948
f 2737/4588/4055 2736/4589/4056 2743/4527/3936
f 2736/4589/4056 2739/4525/4000 2743/4527/3936
f 392/4424/3905 221/4590/4057 246/4277/3768
f 174/4591/4058 175/4503/3979 161/4502/3978
f 165/4592/4059 174/4591/4058 161/4502/3978
f 178/4593/4060 187/4539/4011 185/4518/3993
f 4466/4584/4051 4465/4519/3994 4464/4337/3824
f 4793/4594/4061 4798/4595/4062 4787/4477/3956
f 4791/4572/4040 4793/4594/4061 4787/4477/3956
f 3853/4596/4063 3857/4528/4001 3856/4570/4038
f 4765/4573/4041 4791/4572/4040 4799/4574/4042
f 3853/4596/4063 3883/4555/4027 3857/4528/4001
f 790/4597/4064 794/4598/4065 800/4529/4002
f 794/4598/4065 796/4599/4066 800/4529/4002
f 794/4598/4065 795/4600/4067 796/4599/4066
f 4694/4507/3983 4693/4601/4068 4723/4557/4029
f 1275/4602/4032 4833/4500/3976 1273/4546/4018
f 2735/4603/4069 2741/4564/3986 2738/4563/4033
f 159/4604/4070 161/4502/3978 160/4516/3991
f 187/4539/4011 189/4605/4071 190/4473/3952
f 3819/4606/4072 3816/4607/4073 3814/4484/3962
f 3787/4608/4074 3754/4609/4075 3774/4426/3907
f 3754/4609/4075 3753/4541/4013 3750/4373/3858
f 3765/4610/4076 3806/4567/4035 3767/4506/3982
f 3805/4611/4077 3893/4568/4036 3806/4567/4035
f 3854/4612/4078 3853/4596/4063 3856/4570/4038
f 4765/4573/4041 4763/4613/4079 4791/4572/4040
f 3802/4558/4030 3883/4555/4027 3853/4596/4063
f 4723/4557/4029 4726/4614/4080 4768/4532/4005
f 770/4615/4081 790/4597/4064 791/4616/4082
f 3771/4617/4083 3739/4579/4047 3802/4558/4030
f 3516/4618/4084 1275/4619/4032 1273/4620/4018
f 161/4502/3978 158/4621/4085 165/4592/4059
f 3815/4549/4021 3787/4608/4074 3774/4426/3907
f 4666/4475/3954 4688/4622/4086 4664/4372/3857
f 4722/4623/4087 4729/4624/4088 4816/4625/4089
f 4798/4595/4062 4766/4626/4090 4816/4625/4089
f 767/4627/4091 794/4598/4065 790/4597/4064
f 757/4628/4092 763/4556/4028 767/4627/4091
f 1081/4423/3904 1090/4578/4046 1082/4249/3743
f 1097/4481/3960 1100/4629/4093 1091/4545/4017
f 4734/4509/3985 4742/4630/4094 4705/4544/4016
f 1275/4561/4032 4830/4631/4095 4734/4509/3985
f 2732/4632/4096 2739/4525/4000 2736/4589/4056
f 2732/4632/4096 1097/4560/3960 2739/4525/4000
f 2730/4633/4097 2736/4589/4056 2737/4588/4055
f 2730/4633/4097 2729/4634/4098 2736/4589/4056
f 3511/4635/4099 3516/4618/4084 3519/4636/4049
f 3516/4618/4084 1273/4620/4018 3519/4636/4049
f 3514/4637/4100 3519/4636/4049 1271/4638/4020
f 2565/4515/3990 146/4639/4101 358/4346/3832
f 159/4604/4070 158/4621/4085 161/4502/3978
f 417/4640/4102 400/4501/3977 2487/4641/4103
f 393/4396/3880 373/4642/4104 417/4643/4102
f 4729/4624/4088 4708/4644/4105 4710/4554/4026
f 3765/4610/4076 3805/4611/4077 3806/4567/4035
f 4798/4595/4062 4764/4645/4106 4766/4626/4090
f 4793/4594/4061 4764/4645/4106 4798/4595/4062
f 3802/4558/4030 3853/4596/4063 3803/4646/4107
f 4765/4573/4041 4726/4614/4080 4763/4613/4079
f 772/4647/4108 773/4523/3998 775/4576/4044
f 757/4628/4092 754/4543/4015 763/4556/4028
f 754/4543/4015 762/4454/3934 763/4556/4028
f 1135/4648/4109 752/4383/3868 749/4535/4008
f 3849/4649/4110 3850/4650/4111 3786/4585/4052
f 4734/4509/3985 4830/4631/4095 4742/4630/4094
f 1097/4560/3960 2732/4632/4096 1100/4651/4093
f 2730/4633/4097 2737/4588/4055 2735/4603/4069
f 3511/4635/4099 3519/4636/4049 3514/4637/4100
f 236/4200/3696 147/4652/4112 237/4275/3766
f 135/4504/3980 138/4653/4113 159/4604/4070
f 190/4473/3952 221/4590/4057 392/4424/3905
f 178/4593/4060 180/4654/4114 187/4539/4011
f 187/4539/4011 188/4655/4115 189/4605/4071
f 4057/4656/4116 4043/4140/3639 4073/4141/3640
f 4465/4519/3994 4462/4657/4117 4459/4052/3561
f 4466/4584/4051 4468/4658/4118 4465/4519/3994
f 4624/4659/4119 4623/4583/4050 4622/4486/3964
f 4664/4372/3857 4688/4622/4086 4712/4552/4024
f 3755/4660/4120 3753/4541/4013 3754/4609/4075
f 4726/4614/4080 4725/4661/4121 4763/4613/4079
f 770/4615/4081 768/4662/4122 767/4627/4091
f 768/4662/4122 757/4628/4092 767/4627/4091
f 1101/4663/4123 775/4576/4044 777/4490/3968
f 1115/4664/4124 1118/4499/3975 1108/4538/4010
f 3512/4665/4125 1275/4619/4032 3516/4618/4084
f 190/4473/3952 189/4605/4071 221/4590/4057
f 2597/4444/3924 373/4642/4104 393/4396/3880
f 4050/4666/4126 4044/4667/4127 4043/4140/3639
f 3816/4607/4073 3818/4668/4128 3815/4549/4021
f 3753/4541/4013 3758/4669/4129 3765/4610/4076
f 4716/4670/4130 4722/4623/4087 4766/4626/4090
f 4763/4613/4079 4725/4661/4121 4764/4645/4106
f 3772/4671/4131 3803/4646/4107 3804/4672/4132
f 3772/4671/4131 3771/4617/4083 3803/4646/4107
f 4693/4601/4068 4692/4673/4133 4723/4557/4029
f 1101/4663/4123 776/4674/4134 775/4576/4044
f 748/4675/4135 749/4535/4008 750/4577/4045
f 1102/4493/3943 1090/4578/4046 1101/4676/4123
f 1101/4663/4123 777/4490/3968 1102/4463/3943
f 755/4677/4136 750/4577/4045 754/4543/4015
f 1114/4678/4137 1107/4495/3972 1113/4536/4009
f 4705/4544/4016 4696/4679/4138 4682/4435/3916
f 3520/4680/4139 1118/4499/3975 1115/4664/4124
f 3512/4665/4125 4830/4681/4095 1275/4619/4032
f 2728/4682/4140 2731/4683/4141 2734/4587/4054
f 2728/4682/4140 2727/4684/4142 2731/4683/4141
f 2727/4684/4142 2730/4633/4097 2731/4683/4141
f 180/4654/4114 188/4655/4115 187/4539/4011
f 4048/4685/4143 4047/4540/4012 4044/4667/4127
f 4648/4686/4144 4624/4659/4119 4649/4550/4022
f 3787/4608/4074 3770/4687/4145 3754/4609/4075
f 4692/4673/4133 4725/4661/4121 4726/4614/4080
f 3760/4688/4146 3771/4617/4083 3772/4671/4131
f 769/4689/4147 757/4628/4092 768/4662/4122
f 769/4689/4147 771/4690/4148 757/4628/4092
f 771/4690/4148 774/4691/4149 757/4628/4092
f 4693/4601/4068 4686/4559/4031 4692/4673/4133
f 3796/4692/4150 3849/4649/4110 3786/4585/4052
f 3515/4693/4151 1137/4694/4152 3520/4695/4139
f 2729/4634/4098 1100/4651/4093 2732/4632/4096
f 2729/4634/4098 2730/4633/4097 2727/4684/4142
f 175/4503/3979 174/4591/4058 177/4696/4153
f 179/4697/4154 180/4654/4114 178/4593/4060
f 3755/4660/4120 3758/4669/4129 3753/4541/4013
f 903/4698/4155 909/4699/4156 1101/4663/4123
f 776/4674/4134 1101/4663/4123 909/4699/4156
f 771/4690/4148 769/4689/4147 779/4700/4157
f 1090/4578/4046 903/4701/4155 1101/4676/4123
f 751/4702/4158 750/4577/4045 755/4677/4136
f 1105/4703/4159 1100/4651/4093 2729/4634/4098
f 3512/4665/4125 3516/4618/4084 3511/4635/4099
f 3478/4704/4160 3511/4635/4099 3514/4637/4100
f 188/4655/4115 193/4705/4161 189/4605/4071
f 4050/4666/4126 4043/4140/3639 4057/4656/4116
f 4049/4706/4162 4048/4685/4143 4044/4667/4127
f 3758/4669/4129 3766/4707/4163 3765/4610/4076
f 3766/4707/4163 3773/4708/4164 3765/4610/4076
f 4716/4670/4130 4709/4709/4165 4708/4644/4105
f 3766/4707/4163 3772/4671/4131 3773/4708/4164
f 4725/4661/4121 4692/4673/4133 4716/4670/4130
f 4692/4673/4133 4709/4709/4165 4716/4670/4130
f 634/4710/4166 745/4711/4167 647/4712/4168
f 646/4713/4169 909/4699/4156 903/4698/4155
f 776/4674/4134 909/4699/4156 647/4712/4168
f 778/4714/4170 776/4674/4134 647/4712/4168
f 745/4711/4167 778/4714/4170 647/4712/4168
f 727/4715/4171 769/4689/4147 745/4711/4167
f 769/4689/4147 778/4714/4170 745/4711/4167
f 744/4716/4172 779/4700/4157 627/4717/4173
f 771/4690/4148 779/4700/4157 744/4716/4172
f 644/4718/4174 774/4691/4149 744/4716/4172
f 759/4719/4175 741/4720/4176 751/4702/4158
f 748/4675/4135 751/4702/4158 741/4720/4176
f 742/4721/4177 748/4675/4135 741/4720/4176
f 755/4677/4136 754/4543/4015 756/4722/4178
f 4696/4679/4138 4691/4723/4179 4686/4559/4031
f 4742/4630/4094 4696/4679/4138 4705/4544/4016
f 1100/4629/4093 2740/4724/4180 1091/4545/4017
f 3846/4725/4181 3849/4649/4110 3796/4692/4150
f 4742/4630/4094 4830/4631/4095 3517/4726/4182
f 3483/4727/4183 4830/4681/4095 3512/4665/4125
f 3478/4704/4160 3514/4637/4100 3513/4728/4184
f 180/4654/4114 191/4729/4185 188/4655/4115
f 189/4605/4071 193/4705/4161 221/4590/4057
f 4048/4685/4143 3852/4730/4186 4047/4540/4012
f 3900/4731/4187 3852/4730/4186 3819/4606/4072
f 4709/4709/4165 4689/4732/4188 4708/4644/4105
f 636/4733/4189 633/4734/4190 646/4713/4169
f 744/4716/4172 627/4717/4173 632/4735/4191
f 1117/4736/4192 1116/4737/4193 1113/4536/4009
f 3789/4738/4194 3796/4692/4150 3763/4586/4053
f 2740/4724/4180 1094/4739/4195 1091/4545/4017
f 4742/4630/4094 3517/4726/4182 4696/4679/4138
f 3483/4727/4183 3517/4740/4182 4830/4681/4095
f 1105/4703/4159 2729/4634/4098 2725/4741/4196
f 3482/4742/4197 3483/4727/4183 3511/4635/4099
f 3483/4727/4183 3512/4665/4125 3511/4635/4099
f 3477/4743/4198 3478/4704/4160 3513/4728/4184
f 245/4744/4199 216/4745/4200 244/4746/4201
f 636/4733/4189 646/4713/4169 903/4698/4155
f 633/4734/4190 625/4747/4202 634/4710/4166
f 625/4747/4202 626/4748/4203 627/4717/4173
f 626/4748/4203 632/4735/4191 627/4717/4173
f 2417/4749/4204 774/4691/4149 644/4718/4174
f 758/4750/4205 759/4719/4175 755/4677/4136
f 2723/4751/4206 2724/4752/4207 2728/4682/4140
f 3509/4753/4208 3484/4754/4209 3515/4693/4151
f 3755/4660/4120 3759/4755/4210 3758/4669/4129
f 3759/4755/4210 3760/4688/4146 3758/4669/4129
f 4686/4559/4031 4691/4723/4179 4692/4673/4133
f 759/4719/4175 2413/4756/4211 741/4720/4176
f 758/4750/4205 756/4722/4178 2417/4749/4204
f 758/4750/4205 755/4677/4136 756/4722/4178
f 1105/4757/4159 2740/4724/4180 1100/4629/4093
f 2725/4741/4196 2729/4634/4098 2727/4684/4142
f 137/4566/4034 139/4758/4212 138/4653/4113
f 137/4566/4034 140/4759/4213 139/4758/4212
f 174/4591/4058 179/4697/4154 177/4696/4153
f 181/4760/4214 191/4729/4185 180/4654/4114
f 4461/4761/4215 2598/4762/4216 4523/4763/4217
f 4703/4764/4218 4721/4765/4219 4688/4622/4086
f 4689/4732/4188 4690/4766/4220 4688/4622/4086
f 4692/4673/4133 4691/4723/4179 4689/4732/4188
f 4691/4723/4179 4690/4766/4220 4689/4732/4188
f 2413/4756/4211 739/4767/4221 741/4720/4176
f 2413/4756/4211 759/4719/4175 758/4750/4205
f 3517/4726/4182 4724/4768/4222 4696/4679/4138
f 3483/4727/4183 3492/4769/4223 3517/4740/4182
f 3821/4770/4224 3820/4771/4225 3816/4607/4073
f 4690/4766/4220 4703/4764/4218 4688/4622/4086
f 903/4701/4155 1095/4772/4226 1099/4773/4227
f 2416/4774/4228 644/4718/4174 626/4748/4203
f 1132/4775/4229 740/4776/4230 739/4767/4221
f 2416/4777/4228 2415/4778/4231 2417/4779/4204
f 1093/4780/4232 1095/4772/4226 903/4701/4155
f 1094/4739/4195 1095/4772/4226 1093/4780/4232
f 3784/4781/4233 3789/4738/4194 3764/4782/4234
f 2704/4783/4235 1103/4784/4236 2740/4785/4180
f 1129/4786/4237 1115/4664/4124 1114/4678/4137
f 1105/4703/4159 2704/4783/4235 2740/4785/4180
f 1105/4703/4159 2725/4741/4196 2713/4787/4238
f 3481/4788/4239 3483/4727/4183 3482/4742/4197
f 3470/4789/4240 3478/4704/4160 3477/4743/4198
f 3470/4789/4240 3482/4742/4197 3478/4704/4160
f 165/4592/4059 164/4790/4241 174/4591/4058
f 2597/4444/3924 222/4791/4242 373/4642/4104
f 188/4655/4115 194/4792/4243 193/4705/4161
f 4050/4666/4126 4049/4706/4162 4044/4667/4127
f 4468/4658/4118 4467/4793/4244 4465/4519/3994
f 4486/4794/4245 4474/4795/4246 4468/4658/4118
f 2413/4756/4211 743/4796/4247 739/4767/4221
f 3784/4781/4233 3764/4782/4234 3759/4755/4210
f 4696/4679/4138 4724/4768/4222 4691/4723/4179
f 2715/4797/4248 3789/4738/4194 3784/4781/4233
f 2740/4724/4180 1103/4798/4236 1094/4739/4195
f 3846/4725/4181 3789/4738/4194 2715/4797/4248
f 3517/4740/4182 3492/4769/4223 4724/4799/4222
f 2704/4783/4235 1105/4703/4159 2713/4787/4238
f 3483/4727/4183 3481/4788/4239 3492/4769/4223
f 2713/4787/4238 2725/4741/4196 2699/4800/4249
f 3481/4788/4239 3482/4742/4197 3480/4801/4250
f 3480/4801/4250 3482/4742/4197 3470/4789/4240
f 3820/4771/4225 3842/4802/4251 3830/4803/4252
f 738/4804/4253 1132/4775/4229 739/4767/4221
f 1119/4805/4254 1117/4736/4192 1132/4806/4229
f 1119/4805/4254 1116/4737/4193 1117/4736/4192
f 373/4642/4104 2565/4515/3990 400/4807/3977
f 4486/4794/4245 4485/4808/4255 4474/4795/4246
f 4631/4809/4256 4485/4808/4255 4486/4794/4245
f 3842/4802/4251 3831/4810/4257 3830/4803/4252
f 4695/4811/4258 4703/4764/4218 4690/4766/4220
f 3781/4812/4259 3759/4755/4210 3761/4813/4260
f 733/4814/4261 1132/4775/4229 738/4804/4253
f 2693/4815/4262 2699/4800/4249 2694/4816/4263
f 3481/4788/4239 3480/4801/4250 3479/4817/4264
f 3468/4818/4265 3470/4789/4240 3476/4819/4266
f 147/4652/4112 144/4820/4267 140/4759/4213
f 2597/4444/3924 428/4821/4268 222/4791/4242
f 4468/4658/4118 4474/4795/4246 4467/4793/4244
f 635/4822/4269 633/4734/4190 636/4733/4189
f 635/4822/4269 629/4823/4270 633/4734/4190
f 629/4823/4270 625/4747/4202 633/4734/4190
f 645/4824/4271 2415/4778/4231 2416/4777/4228
f 4691/4723/4179 4707/4825/4272 4695/4811/4258
f 1119/4805/4254 1114/4678/4137 1116/4737/4193
f 1128/4826/4273 1114/4678/4137 1119/4805/4254
f 1103/4798/4236 1095/4772/4226 1094/4739/4195
f 3487/4827/4274 3485/4828/4275 1129/4829/4237
f 2704/4783/4235 2713/4787/4238 2693/4815/4262
f 3468/4818/4265 3476/4819/4266 3475/4830/4276
f 194/4792/4243 197/4831/4277 193/4705/4161
f 4462/4657/4117 2598/4762/4216 4461/4761/4215
f 218/4832/4278 4136/4833/4279 363/4834/4280
f 4469/4835/4281 2598/4762/4216 4462/4657/4117
f 4054/4836/4282 4057/4656/4116 4136/4837/4279
f 4051/4838/4283 4049/4706/4162 4050/4666/4126
f 4051/4838/4283 4048/4685/4143 4049/4706/4162
f 3831/4810/4257 3836/4839/4284 3785/4840/4285
f 738/4804/4253 739/4767/4221 743/4796/4247
f 3487/4841/4274 1129/4786/4237 1128/4826/4273
f 3492/4769/4223 3481/4788/4239 3479/4817/4264
f 3467/4842/4286 3470/4789/4240 3468/4818/4265
f 3480/4801/4250 3470/4789/4240 3467/4842/4286
f 2388/4843/4287 3843/4844/4288 3842/4802/4251
f 4695/4811/4258 4727/4845/4289 4703/4764/4218
f 3836/4839/4284 3832/4846/4290 3761/4813/4260
f 3832/4847/4290 2711/4848/4291 3784/4849/4233
f 4724/4768/4222 4739/4850/4292 4707/4825/4272
f 2715/4851/4248 3784/4849/4233 2711/4848/4291
f 900/4852/4293 758/4750/4205 857/4853/4294
f 1103/4784/4236 2704/4783/4235 2700/4854/4295
f 2696/4855/4296 2695/4856/4297 2697/4857/4298
f 2700/4854/4295 2693/4815/4262 2696/4855/4296
f 2704/4783/4235 2693/4815/4262 2700/4854/4295
f 4724/4799/4222 3492/4769/4223 4820/4858/4299
f 3492/4769/4223 3479/4817/4264 3486/4859/4300
f 3479/4817/4264 3467/4842/4286 3471/4860/4301
f 3472/4861/4302 3468/4818/4265 3475/4830/4276
f 144/4820/4267 141/4862/4303 140/4759/4213
f 158/4621/4085 164/4790/4241 165/4592/4059
f 140/4759/4213 141/4862/4303 139/4758/4212
f 191/4729/4185 209/4863/4304 192/4864/4305
f 4467/4793/4244 4469/4835/4281 4462/4657/4117
f 2397/4865/4306 4632/4866/4307 2399/4867/4308
f 3843/4868/4288 2733/4869/4309 3831/4870/4257
f 4760/4871/4310 4767/4872/4311 4735/4873/4312
f 2733/4869/4309 3836/4874/4284 3831/4870/4257
f 4727/4845/4289 4760/4871/4310 4703/4764/4218
f 4739/4850/4292 4727/4845/4289 4695/4811/4258
f 733/4814/4261 737/4875/4313 1132/4775/4229
f 737/4876/4313 1119/4805/4254 1132/4806/4229
f 2726/4877/4314 736/4878/4315 1095/4772/4226
f 737/4876/4313 1128/4826/4273 1119/4805/4254
f 4724/4768/4222 4820/4879/4299 4739/4850/4292
f 1095/4772/4226 1103/4798/4236 2726/4877/4314
f 737/4876/4313 3487/4841/4274 1128/4826/4273
f 1103/4784/4236 2700/4854/4295 2726/4880/4314
f 4820/4858/4299 3492/4769/4223 3486/4859/4300
f 3486/4859/4300 3479/4817/4264 3471/4860/4301
f 3471/4860/4301 3467/4842/4286 3469/4881/4316
f 3467/4842/4286 3468/4818/4265 3469/4881/4316
f 179/4697/4154 176/4882/4317 181/4760/4214
f 4056/4883/4318 3847/4884/4319 4048/4685/4143
f 3822/4885/4320 3824/4886/4321 3821/4770/4224
f 2388/4843/4287 2722/4887/4322 3843/4844/4288
f 2722/4888/4322 2721/4889/4323 3843/4868/4288
f 2721/4889/4323 2720/4890/4324 3843/4868/4288
f 2718/4891/4325 3832/4847/4290 3836/4874/4284
f 2705/4892/4326 635/4822/4269 736/4893/4315
f 736/4894/4315 2726/4880/4314 2705/4895/4326
f 2726/4880/4314 2700/4854/4295 2705/4895/4326
f 2696/4855/4296 2697/4857/4298 2698/4896/4327
f 141/4862/4303 142/4897/4328 139/4758/4212
f 2716/4898/4329 2720/4890/4324 2721/4889/4323
f 2707/4899/4330 2711/4848/4291 2718/4891/4325
f 2705/4895/4326 2696/4855/4296 673/4900/4331
f 673/4900/4331 2696/4855/4296 2698/4896/4327
f 2700/4854/4295 2696/4855/4296 2705/4895/4326
f 900/4852/4293 901/4901/4332 758/4750/4205
f 3471/4860/4301 3469/4881/4316 3473/4902/4333
f 3486/4859/4300 3471/4860/4301 3473/4902/4333
f 210/4903/4334 207/4904/4335 197/4831/4277
f 211/4905/4336 210/4903/4334 197/4831/4277
f 209/4863/4304 211/4905/4336 197/4831/4277
f 4474/4795/4246 4473/4906/4337 4467/4793/4244
f 4484/4907/4338 4474/4795/4246 4485/4808/4255
f 3847/4884/4319 3837/4908/4339 3823/4909/4340
f 4632/4866/4307 4484/4907/4338 4631/4809/4256
f 2388/4910/4287 2387/4911/4341 2722/4912/4322
f 2387/4911/4341 2381/4913/4342 2722/4912/4322
f 2381/4913/4342 2389/4914/4343 2722/4912/4322
f 2389/4915/4343 2716/4898/4329 2722/4888/4322
f 2378/4916/4344 2717/4917/4345 2389/4914/4343
f 2716/4898/4329 2712/4918/4346 2720/4890/4324
f 2714/4919/4347 2709/4920/4348 2716/4898/4329
f 2707/4899/4330 2718/4891/4325 2712/4918/4346
f 4760/4871/4310 4739/4850/4292 3508/4921/4349
f 2709/4920/4348 2707/4899/4330 2712/4918/4346
f 2709/4920/4348 2706/4922/4350 2707/4899/4330
f 653/4923/4351 2706/4922/4350 2709/4920/4348
f 2710/4924/4352 653/4923/4351 2709/4920/4348
f 4739/4850/4292 4820/4879/4299 3508/4921/4349
f 2706/4922/4350 2701/4925/4353 2707/4899/4330
f 653/4923/4351 673/4900/4331 2706/4922/4350
f 640/4926/4354 638/4927/4355 673/4928/4331
f 650/4929/4356 645/4930/4271 628/4931/4357
f 3496/4932/4358 737/4875/4313 733/4814/4261
f 902/4933/4359 900/4852/4293 857/4853/4294
f 158/4621/4085 163/4934/4360 164/4790/4241
f 146/4639/4101 145/4935/4361 144/4820/4267
f 4467/4793/4244 4473/4906/4337 4469/4835/4281
f 3837/4908/4339 3847/4884/4319 4056/4883/4318
f 4825/4936/4362 3510/4937/4363 4824/4938/4364
f 4760/4939/4310 3507/4940/4365 4824/4941/4364
f 2378/4916/4344 2377/4942/4366 2717/4917/4345
f 2719/4943/4367 2714/4919/4347 2717/4944/4345
f 3508/4945/4349 3507/4940/4365 4760/4939/4310
f 2719/4943/4367 2710/4924/4352 2714/4919/4347
f 652/4946/4368 640/4926/4354 653/4947/4351
f 3508/4945/4349 4820/4858/4299 3505/4948/4369
f 3493/4949/4370 3488/4950/4371 3494/4951/4372
f 3505/4948/4369 3486/4859/4300 3491/4952/4373
f 4820/4858/4299 3486/4859/4300 3505/4948/4369
f 3473/4902/4333 3474/4953/4374 3489/4954/4375
f 207/4904/4335 210/4903/4334 215/4955/4376
f 4050/4666/4126 4057/4656/4116 4054/4836/4282
f 3504/4956/4377 3510/4957/4363 4825/4958/4362
f 2380/4959/4378 2381/4913/4342 2387/4911/4341
f 2380/4959/4378 2378/4916/4344 2381/4913/4342
f 3504/4956/4377 4825/4958/4362 3503/4960/4379
f 2383/4961/4380 2719/4962/4367 2377/4942/4366
f 3507/4940/4365 3506/4963/4381 4825/4958/4362
f 3506/4963/4381 3501/4964/4382 3503/4960/4379
f 652/4946/4368 930/4965/4383 2719/4966/4367
f 3501/4964/4382 3495/4967/4384 3493/4949/4370
f 730/4968/4385 746/4969/4386 3496/4932/4358
f 639/4970/4387 638/4927/4355 640/4926/4354
f 732/4971/4388 730/4968/4385 733/4814/4261
f 3493/4949/4370 3494/4951/4372 3498/4972/4389
f 3491/4952/4373 3490/4973/4390 3505/4948/4369
f 637/4974/4391 630/4975/4392 629/4823/4270
f 631/4976/4393 650/4929/4356 628/4931/4357
f 650/4977/4356 2414/4978/4394 645/4824/4271
f 4055/4979/4395 4048/4685/4143 4051/4838/4283
f 4055/4979/4395 4056/4883/4318 4048/4685/4143
f 3827/4980/4396 3825/4981/4397 3822/4885/4320
f 3825/4981/4397 3824/4886/4321 3822/4885/4320
f 2376/4982/4398 2378/4916/4344 2380/4959/4378
f 899/4983/4399 3504/4984/4377 3502/4985/4400
f 3504/4956/4377 3503/4960/4379 3502/4986/4400
f 3499/4987/4401 898/4988/4402 3500/4989/4403
f 3500/4990/4403 3493/4949/4370 3499/4991/4401
f 641/4992/4404 639/4970/4387 640/4926/4354
f 637/4974/4391 638/4927/4355 639/4970/4387
f 3398/4993/4405 902/4994/4359 2414/4978/4394
f 901/4995/4332 2412/4996/4406 2410/4997/4407
f 3398/4993/4405 2418/4998/4408 902/4994/4359
f 2418/4999/4408 901/4901/4332 900/4852/4293
f 164/4790/4241 166/5000/4409 174/4591/4058
f 163/4934/4360 166/5000/4409 164/4790/4241
f 174/4591/4058 176/4882/4317 179/4697/4154
f 176/4882/4317 182/5001/4410 181/4760/4214
f 2376/4982/4398 2377/4942/4366 2378/4916/4344
f 2392/5002/4411 3504/5003/4377 899/5004/4399
f 2403/5005/4412 899/4983/4399 3502/4985/4400
f 3502/4985/4400 3500/4989/4403 2403/5005/4412
f 898/4988/4402 2403/5005/4412 3500/4989/4403
f 858/5006/4413 641/4992/4404 652/4946/4368
f 730/4968/4385 726/5007/4414 746/4969/4386
f 726/5007/4414 725/5008/4415 746/4969/4386
f 725/5008/4415 3497/5009/4416 746/4969/4386
f 3498/5010/4389 718/5011/4417 3499/4987/4401
f 2412/5012/4406 901/4901/4332 2418/4999/4408
f 141/4862/4303 143/5013/4418 142/4897/4328
f 2379/5014/4419 2377/4942/4366 2376/4982/4398
f 718/5011/4417 898/4988/4402 3499/4987/4401
f 725/5008/4415 720/5015/4420 3497/5009/4416
f 720/5015/4420 3498/5010/4389 3497/5009/4416
f 720/5015/4420 718/5011/4417 3498/5010/4389
f 639/4970/4387 643/5016/4421 637/4974/4391
f 643/5016/4421 648/5017/4422 630/4975/4392
f 649/5018/4423 732/4971/4388 908/5019/4424
f 2412/5020/4406 2418/5021/4408 3398/5022/4405
f 181/4760/4214 182/5001/4410 191/4729/4185
f 4473/4906/4337 4475/5023/4425 4469/4835/4281
f 4484/4907/4338 4483/5024/4426 4474/4795/4246
f 2404/5025/4427 2403/5005/4412 898/4988/4402
f 2404/5025/4427 898/4988/4402 718/5011/4417
f 651/5026/4428 639/4970/4387 642/5027/4429
f 908/5028/4424 3399/5029/4430 649/5030/4423
f 2412/5020/4406 3398/5022/4405 3399/5029/4430
f 215/4955/4376 212/5031/4431 216/4745/4200
f 4062/5032/4432 3837/4908/4339 4056/4883/4318
f 892/5033/4433 660/5034/4434 2380/4959/4378
f 2401/5035/4435 2395/5036/4436 899/5004/4399
f 2402/5037/4437 2401/5035/4435 2403/5038/4412
f 655/5039/4438 858/5006/4413 2386/5040/4439
f 642/5027/4429 641/4992/4404 654/5041/4440
f 654/5041/4440 651/5026/4428 642/5027/4429
f 731/5042/4441 649/5018/4423 701/5043/4442
f 724/5044/4443 711/5045/4444 726/5007/4414
f 710/5046/4445 718/5011/4417 720/5015/4420
f 721/5047/4446 648/5017/4422 643/5016/4421
f 222/4791/4242 2599/5048/4447 199/5049/4448
f 142/4897/4328 143/5013/4418 149/5050/4449
f 145/4935/4361 148/5051/4450 143/5013/4418
f 166/5000/4409 176/4882/4317 174/4591/4058
f 210/4903/4334 212/5031/4431 215/4955/4376
f 209/4863/4304 210/4903/4334 211/4905/4336
f 216/4745/4200 212/5031/4431 217/5052/4451
f 4054/4836/4282 4052/5053/4452 4050/4666/4126
f 3828/5054/4453 3825/4981/4397 3827/4980/4396
f 2393/5055/4454 2394/5056/4455 2397/5057/4306
f 2394/5058/4455 4633/5059/4456 2397/4865/4306
f 2382/5060/4457 2376/4982/4398 660/5034/4434
f 2400/5061/4458 2395/5036/4436 2401/5035/4435
f 655/5039/4438 2386/5040/4439 657/5062/4459
f 701/5043/4442 649/5018/4423 717/5063/4460
f 711/5045/4444 725/5008/4415 726/5007/4414
f 674/5064/4461 722/5065/4462 643/5016/4421
f 719/5066/4463 648/5017/4422 721/5047/4446
f 717/5063/4460 648/5017/4422 719/5066/4463
f 4061/5067/4464 4056/4883/4318 4055/4979/4395
f 3828/5054/4453 3827/4980/4396 3837/4908/4339
f 3829/5068/4465 3826/5069/4466 3825/4981/4397
f 658/5070/4467 2382/5060/4457 660/5034/4434
f 710/5046/4445 712/5071/4468 718/5011/4417
f 156/5072/4469 162/5073/4470 163/4934/4360
f 4053/5074/4471 4055/4979/4395 4051/4838/4283
f 4173/5075/4472 892/5076/4433 3829/5068/4465
f 656/5077/4473 657/5062/4459 658/5078/4467
f 675/5079/4474 722/5065/4462 674/5064/4461
f 712/5071/4468 713/5080/4475 2402/5081/4437
f 2394/5058/4455 4635/5082/4476 4634/5083/4477
f 729/5084/4478 659/5085/4479 892/5086/4433
f 659/5085/4479 660/5087/4434 892/5086/4433
f 656/5077/4473 654/5041/4440 655/5039/4438
f 677/5088/4480 717/5063/4460 719/5066/4463
f 700/5089/4481 699/5090/4482 701/5043/4442
f 713/5080/4475 2396/5091/4483 2402/5081/4437
f 155/5092/4484 162/5073/4470 156/5072/4469
f 173/5093/4485 182/5001/4410 176/4882/4317
f 4061/5067/4464 4062/5032/4432 4056/4883/4318
f 669/5094/4486 674/5064/4461 663/5095/4487
f 669/5094/4486 675/5079/4474 674/5064/4461
f 677/5088/4480 719/5066/4463 721/5047/4446
f 709/5096/4488 704/5097/4489 710/5046/4445
f 704/5097/4489 712/5071/4468 710/5046/4445
f 704/5097/4489 713/5080/4475 712/5071/4468
f 162/5073/4470 166/5000/4409 163/4934/4360
f 143/5013/4418 150/5098/4490 149/5050/4449
f 191/4729/4185 182/5001/4410 208/5099/4491
f 4484/4907/4338 4490/5100/4492 4483/5024/4426
f 662/5101/4493 663/5095/4487 654/5041/4440
f 714/5102/4494 2396/5091/4483 713/5080/4475
f 191/4729/4185 208/5099/4491 209/4863/4304
f 4474/4795/4246 4478/5103/4495 4473/4906/4337
f 4483/5024/4426 4482/5104/4496 4478/5103/4495
f 4635/5082/4476 4579/5105/4497 4634/5083/4477
f 723/5106/4498 4625/5107/4499 4635/5082/4476
f 677/5088/4480 721/5047/4446 678/5108/4500
f 704/5097/4489 709/5096/4488 702/5109/4501
f 162/5073/4470 167/5110/4502 166/5000/4409
f 209/4863/4304 208/5099/4491 210/4903/4334
f 4469/4835/4281 4470/5111/4503 2598/4762/4216
f 210/4903/4334 208/5099/4491 212/5031/4431
f 4070/5112/4504 4173/5075/4472 4071/5113/4505
f 706/5114/4506 714/5102/4494 713/5080/4475
f 4635/5082/4476 4625/5107/4499 4579/5105/4497
f 4163/5115/4507 4173/5075/4472 4070/5112/4504
f 4163/5115/4507 729/5116/4478 4173/5075/4472
f 723/5117/4498 747/5118/4508 4625/5119/4499
f 661/5120/4509 656/5077/4473 659/5085/4479
f 166/5000/4409 170/5121/4510 173/5093/4485
f 4475/5023/4425 4470/5111/4503 4469/4835/4281
f 3449/5122/4511 4070/5123/4512 4071/5124/4505
f 707/5125/4513 747/5118/4508 723/5117/4498
f 681/5126/4514 699/5090/4482 700/5089/4481
f 167/5110/4502 170/5121/4510 166/5000/4409
f 208/5099/4491 213/5127/4515 212/5031/4431
f 4476/5128/4516 4475/5023/4425 4473/4906/4337
f 4490/5100/4492 4489/5129/4517 4483/5024/4426
f 4579/5105/4497 4490/5100/4492 4498/5130/4518
f 4625/5107/4499 4592/5131/4519 4579/5105/4497
f 734/5132/4520 666/5133/4521 729/5084/4478
f 661/5120/4509 663/5095/4487 662/5101/4493
f 669/5094/4486 676/5134/4522 675/5079/4474
f 707/5125/4513 714/5102/4494 706/5114/4506
f 4064/5135/4523 4058/5136/4524 4054/4836/4282
f 4052/5053/4452 4054/4836/4282 4058/5136/4524
f 4579/5105/4497 4592/5131/4519 4490/5100/4492
f 734/5137/4520 729/5116/4478 4163/5115/4507
f 747/5138/4508 4592/5131/4519 4625/5107/4499
f 173/5093/4485 184/5139/4525 182/5001/4410
f 182/5001/4410 184/5139/4525 208/5099/4491
f 698/5140/4526 707/5125/4513 706/5114/4506
f 199/5049/4448 198/5141/4527 148/5051/4450
f 4061/5067/4464 4055/4979/4395 4053/5074/4471
f 4482/5104/4496 4476/5128/4516 4478/5103/4495
f 4592/5131/4519 4591/5142/4528 4490/5100/4492
f 664/5143/4529 663/5095/4487 661/5120/4509
f 219/5144/4530 4064/5145/4523 372/5146/4531
f 4475/5023/4425 4476/5128/4516 4470/5111/4503
f 694/5147/4532 702/5109/4501 699/5090/4482
f 184/5139/4525 213/5127/4515 208/5099/4491
f 4058/5136/4524 4053/5074/4471 4052/5053/4452
f 151/5148/4533 150/5098/4490 148/5051/4450
f 708/5149/4534 707/5125/4513 698/5140/4526
f 2598/5150/4216 426/5151/4535 2599/5152/4447
f 167/5110/4502 203/5153/4536 170/5121/4510
f 198/5141/4527 196/5154/4537 148/5051/4450
f 150/5098/4490 152/5155/4538 155/5092/4484
f 162/5073/4470 171/5156/4539 167/5110/4502
f 155/5092/4484 168/5157/4540 162/5073/4470
f 4489/5129/4517 4488/5158/4541 4482/5104/4496
f 747/5138/4508 4590/5159/4542 4591/5142/4528
f 4829/5160/4543 747/5118/4508 707/5125/4513
f 682/5161/4544 694/5147/4532 681/5126/4514
f 173/5093/4485 183/5162/4545 184/5139/4525
f 663/5095/4487 664/5143/4529 668/5163/4546
f 668/5163/4546 676/5134/4522 669/5094/4486
f 682/5161/4544 692/5164/4547 694/5147/4532
f 715/5165/4548 4829/5160/4543 707/5125/4513
f 196/5154/4537 151/5148/4533 148/5051/4450
f 2598/4762/4216 4471/5166/4549 426/5167/4535
f 170/5121/4510 183/5162/4545 173/5093/4485
f 4591/5142/4528 4578/5168/4550 4490/5100/4492
f 708/5149/4534 715/5165/4548 707/5125/4513
f 150/5098/4490 151/5148/4533 152/5155/4538
f 4591/5142/4528 4590/5159/4542 4578/5168/4550
f 728/5169/4551 734/5137/4520 4163/5115/4507
f 667/5170/4552 664/5143/4529 661/5120/4509
f 679/5171/4553 676/5134/4522 668/5163/4546
f 4482/5104/4496 4481/5172/4554 4476/5128/4516
f 152/5155/4538 168/5157/4540 155/5092/4484
f 214/5173/4555 219/5144/4530 212/5031/4431
f 170/5121/4510 203/5153/4536 183/5162/4545
f 4476/5128/4516 4477/5174/4556 4470/5111/4503
f 690/5175/4557 694/5147/4532 692/5164/4547
f 695/5176/4558 694/5147/4532 690/5175/4557
f 4490/5100/4492 4496/5177/4559 4489/5129/4517
f 690/5175/4557 696/5178/4560 695/5176/4558
f 172/5179/4561 171/5156/4539 168/5157/4540
f 213/5127/4515 206/5180/4562 214/5173/4555
f 184/5139/4525 206/5180/4562 213/5127/4515
f 4058/5136/4524 4059/5181/4563 4053/5074/4471
f 4083/5182/4564 4163/5115/4507 4070/5112/4504
f 4829/5183/4543 4590/5159/4542 747/5138/4508
f 728/5184/4551 670/5185/4565 667/5170/4552
f 426/5186/4535 198/5141/4527 2599/5048/4447
f 203/5153/4536 205/5187/4566 183/5162/4545
f 4529/5188/4567 4480/5189/4568 4481/5172/4554
f 4488/5158/4541 4529/5188/4567 4481/5172/4554
f 728/5169/4551 4163/5115/4507 4083/5182/4564
f 151/5148/4533 153/5190/4569 152/5155/4538
f 196/5154/4537 154/5191/4570 151/5148/4533
f 4477/5174/4556 4472/5192/4571 4470/5111/4503
f 4480/5189/4568 4477/5174/4556 4476/5128/4516
f 4078/5193/4572 4079/5194/4573 4059/5181/4563
f 1033/5195/4574 4829/5160/4543 715/5165/4548
f 151/5148/4533 154/5191/4570 153/5190/4569
f 169/5196/4575 172/5179/4561 168/5157/4540
f 205/5187/4566 206/5180/4562 184/5139/4525
f 4480/5189/4568 4479/5197/4576 4477/5174/4556
f 4488/5158/4541 4535/5198/4577 4529/5188/4567
f 4829/5183/4543 4654/5199/4578 4590/5159/4542
f 204/5200/4579 202/5201/4580 171/5156/4539
f 214/5173/4555 368/5202/4581 219/5144/4530
f 206/5180/4562 368/5202/4581 214/5173/4555
f 4060/5203/4582 4059/5181/4563 4058/5136/4524
f 4076/5204/4583 4083/5182/4564 4069/5205/4584
f 1033/5195/4574 4654/5206/4578 4829/5160/4543
f 705/5207/4585 715/5165/4548 696/5178/4560
f 683/5208/4586 692/5164/4547 682/5161/4544
f 204/5200/4579 203/5153/4536 202/5201/4580
f 4059/5181/4563 4060/5203/4582 4078/5193/4572
f 4082/5209/4587 4067/5210/4588 4081/5211/4589
f 4488/5158/4541 4496/5177/4559 4535/5198/4577
f 4578/5168/4550 4588/5212/4590 4496/5177/4559
f 198/5141/4527 200/5213/4591 196/5154/4537
f 426/5186/4535 4658/5214/4592 198/5141/4527
f 169/5196/4575 204/5200/4579 172/5179/4561
f 396/5215/4593 4064/5145/4523 219/5144/4530
f 4065/5216/4594 4063/5217/4595 4064/5135/4523
f 4063/5217/4595 4058/5136/4524 4064/5135/4523
f 4477/5174/4556 4479/5197/4576 4472/5192/4571
f 4590/5159/4542 4589/5218/4596 4578/5168/4550
f 680/5219/4597 683/5208/4586 682/5161/4544
f 4471/5166/4549 4658/5220/4592 426/5167/4535
f 4060/5203/4582 4077/5221/4598 4078/5193/4572
f 4077/5221/4598 4082/5209/4587 4078/5193/4572
f 4496/5177/4559 4500/5222/4599 4535/5198/4577
f 4075/5223/4600 4067/5210/4588 4082/5209/4587
f 4075/5223/4600 4068/5224/4601 4067/5210/4588
f 1007/5225/4602 4083/5182/4564 4068/5224/4601
f 4083/5182/4564 4076/5204/4583 4068/5224/4601
f 4578/5168/4550 4589/5218/4596 4588/5212/4590
f 196/5154/4537 235/5226/4603 154/5191/4570
f 205/5187/4566 357/5227/4604 367/5228/4605
f 203/5153/4536 357/5227/4604 205/5187/4566
f 169/5196/4575 354/5229/4606 204/5200/4579
f 396/5215/4593 395/5230/4607 4064/5145/4523
f 970/5231/4608 1007/5225/4602 4075/5223/4600
f 685/5232/4609 680/5219/4597 684/5233/4610
f 356/5234/4611 357/5227/4604 203/5153/4536
f 367/5228/4605 395/5230/4607 368/5202/4581
f 169/5196/4575 234/5235/4612 354/5229/4606
f 4496/5177/4559 4616/5236/4613 4500/5222/4599
f 683/5208/4586 689/5237/4614 690/5175/4557
f 689/5237/4614 691/5238/4615 690/5175/4557
f 4658/5214/4592 200/5213/4591 198/5141/4527
f 204/5200/4579 354/5229/4606 356/5234/4611
f 235/5226/4603 234/5235/4612 154/5191/4570
f 4499/5239/4616 4472/5192/4571 4479/5197/4576
f 952/5240/4617 964/5241/4618 963/5242/4619
f 977/5243/4620 978/5244/4621 972/5245/4622
f 4588/5212/4590 4616/5236/4613 4496/5177/4559
f 976/5246/4623 977/5243/4620 975/5247/4624
f 4659/5248/4625 4616/5236/4613 4588/5212/4590
f 966/5249/4626 965/5250/4627 970/5251/4608
f 949/5252/4628 965/5250/4627 964/5241/4618
f 950/5253/4629 949/5252/4628 951/5254/4630
f 978/5244/4621 1005/5255/4631 944/5256/4632
f 976/5246/4623 983/5257/4633 977/5243/4620
f 948/5258/4634 949/5252/4628 947/5259/4635
f 983/5257/4633 1005/5255/4631 977/5243/4620
f 976/5246/4623 1001/5260/4636 983/5257/4633
f 1010/5261/4637 1007/5262/4602 965/5250/4627
f 1007/5262/4602 1014/5263/4638 4083/5264/4564
f 4654/5199/4578 4589/5218/4596 4590/5159/4542
f 1014/5265/4638 672/5266/4639 728/5184/4551
f 697/5267/4640 705/5207/4585 696/5178/4560
f 687/5268/4641 689/5237/4614 683/5208/4586
f 4658/5214/4592 201/5269/4642 200/5213/4591
f 366/5270/4643 397/5271/4644 395/5230/4607
f 367/5228/4605 366/5270/4643 395/5230/4607
f 958/5272/4645 952/5240/4617 959/5273/4646
f 975/5247/4624 972/5245/4622 974/5274/4647
f 963/5242/4619 966/5249/4626 967/5275/4648
f 972/5245/4622 942/5276/4649 939/5277/4650
f 975/5247/4624 977/5243/4620 972/5245/4622
f 951/5254/4630 964/5241/4618 952/5240/4617
f 974/5274/4647 995/5278/4651 976/5246/4623
f 4659/5279/4625 1003/5280/4652 4616/5281/4613
f 945/5282/4653 946/5283/4654 947/5259/4635
f 947/5259/4635 949/5252/4628 950/5253/4629
f 943/5284/4655 946/5283/4654 945/5282/4653
f 942/5276/4649 944/5256/4632 943/5284/4655
f 944/5256/4632 948/5258/4634 946/5283/4654
f 943/5284/4655 944/5256/4632 946/5283/4654
f 994/5285/4656 1001/5260/4636 995/5278/4651
f 1005/5255/4631 1008/5286/4657 944/5256/4632
f 1001/5260/4636 1008/5286/4657 1005/5255/4631
f 983/5257/4633 1001/5260/4636 1005/5255/4631
f 1008/5286/4657 1029/5287/4658 948/5258/4634
f 1026/5288/4659 4659/5248/4625 4589/5218/4596
f 1013/5289/4660 1007/5262/4602 1010/5261/4637
f 687/5268/4641 683/5208/4586 686/5290/4661
f 235/5226/4603 353/5291/4662 234/5235/4612
f 4472/5192/4571 4551/5292/4663 4471/5166/4549
f 969/5293/4664 968/5294/4665 466/5295/4666
f 968/5294/4665 970/5251/4608 466/5295/4666
f 968/5294/4665 961/5296/4667 967/5275/4648
f 960/5297/4668 961/5296/4667 968/5294/4665
f 957/5298/4669 952/5240/4617 958/5272/4645
f 954/5299/4670 950/5253/4629 953/5300/4671
f 959/5273/4646 961/5296/4667 960/5297/4668
f 950/5253/4629 952/5240/4617 953/5300/4671
f 955/5301/4672 947/5259/4635 954/5299/4670
f 947/5259/4635 950/5253/4629 954/5299/4670
f 938/5302/4673 972/5245/4622 939/5277/4650
f 979/5303/4674 974/5274/4647 973/5304/4675
f 982/5305/4676 974/5274/4647 979/5303/4674
f 941/5306/4677 945/5282/4653 940/5307/4678
f 939/5277/4650 942/5276/4649 941/5306/4677
f 942/5276/4649 943/5284/4655 941/5306/4677
f 988/5308/4679 995/5278/4651 981/5309/4680
f 993/5310/4681 996/5311/4682 992/5312/4683
f 992/5312/4683 996/5311/4682 990/5313/4684
f 1003/5280/4652 997/5314/4685 998/5315/4686
f 998/5315/4686 997/5314/4685 993/5310/4681
f 994/5285/4656 995/5278/4651 988/5308/4679
f 996/5311/4682 994/5285/4656 990/5313/4684
f 997/5314/4685 1006/5316/4687 996/5311/4682
f 1001/5260/4636 1032/5317/4688 1008/5286/4657
f 1013/5289/4660 1014/5263/4638 1007/5262/4602
f 1028/5318/4689 1013/5289/4660 1029/5287/4658
f 4654/5199/4578 1026/5288/4659 4589/5218/4596
f 1026/5319/4659 4654/5320/4578 1033/5321/4574
f 1014/5265/4638 671/5322/4690 672/5266/4639
f 4831/5323/4691 201/5269/4642 4658/5214/4592
f 491/5324/4692 466/5295/4666 397/5325/4644
f 491/5324/4692 962/5326/4693 466/5295/4666
f 962/5326/4693 968/5294/4665 969/5293/4664
f 4472/5192/4571 4638/5327/4694 4551/5292/4663
f 960/5297/4668 968/5294/4665 962/5326/4693
f 4499/5239/4616 4638/5327/4694 4472/5192/4571
f 954/5299/4670 953/5300/4671 956/5328/4695
f 957/5298/4669 958/5272/4645 960/5297/4668
f 1003/5280/4652 1000/5329/4696 4616/5281/4613
f 938/5302/4673 939/5277/4650 934/5330/4697
f 934/5330/4697 939/5277/4650 935/5331/4698
f 981/5309/4680 982/5305/4676 979/5303/4674
f 935/5331/4698 939/5277/4650 940/5307/4678
f 991/5332/4699 992/5312/4683 986/5333/4700
f 986/5333/4700 988/5308/4679 981/5309/4680
f 1030/5334/4701 1029/5287/4658 1008/5286/4657
f 1032/5317/4688 1035/5335/4702 1008/5286/4657
f 1032/5317/4688 1034/5336/4703 1035/5335/4702
f 4659/5279/4625 1026/5319/4659 1027/5337/4704
f 1008/5286/4657 1035/5335/4702 1030/5334/4701
f 735/5338/4705 671/5322/4690 1014/5265/4638
f 1026/5319/4659 1033/5321/4574 1025/5339/4706
f 735/5338/4705 688/5340/4707 671/5322/4690
f 735/5338/4705 1016/5341/4708 688/5340/4707
f 1025/5342/4706 705/5207/4585 697/5267/4640
f 693/5343/4709 689/5237/4614 687/5268/4641
f 691/5238/4615 689/5237/4614 693/5343/4709
f 693/5343/4709 697/5267/4640 691/5238/4615
f 355/5344/4710 1011/5345/4711 1012/5346/4712
f 419/5347/4713 1011/5345/4711 355/5344/4710
f 353/5291/4662 419/5348/4713 355/5349/4710
f 1011/5345/4711 402/5350/4714 1012/5346/4712
f 971/5351/4715 491/5324/4692 402/5350/4714
f 1011/5345/4711 971/5351/4715 402/5350/4714
f 1031/5352/4716 1009/5353/4717 419/5347/4713
f 937/5354/4718 933/5355/4719 956/5328/4695
f 933/5355/4719 954/5299/4670 956/5328/4695
f 956/5328/4695 957/5298/4669 962/5326/4693
f 936/5356/4720 985/5357/4721 980/5358/4722
f 980/5358/4722 938/5302/4673 936/5356/4720
f 981/5309/4680 980/5358/4722 985/5357/4721
f 935/5331/4698 955/5301/4672 933/5355/4719
f 980/5358/4722 979/5303/4674 938/5302/4673
f 986/5333/4700 981/5309/4680 985/5357/4721
f 1027/5337/4704 1022/5359/4723 1006/5316/4687
f 1026/5319/4659 1024/5360/4724 1027/5337/4704
f 1017/5361/4725 1028/5318/4689 1029/5287/4658
f 1030/5334/4701 1017/5361/4725 1029/5287/4658
f 1015/5362/4726 735/5363/4705 1013/5289/4660
f 1028/5318/4689 1015/5362/4726 1013/5289/4660
f 1017/5361/4725 1015/5362/4726 1028/5318/4689
f 1023/5364/4727 697/5267/4640 693/5343/4709
f 1023/5364/4727 1025/5342/4706 697/5267/4640
f 688/5340/4707 716/5365/4728 686/5290/4661
f 471/5366/4729 1009/5353/4717 1031/5352/4716
f 1009/5353/4717 971/5351/4715 419/5347/4713
f 4831/5367/4691 1002/5368/4730 471/5366/4729
f 1004/5369/4731 1002/5368/4730 4831/5367/4691
f 1004/5369/4731 1000/5329/4696 999/5370/4732
f 984/5371/4733 985/5357/4721 936/5356/4720
f 987/5372/4734 985/5357/4721 984/5371/4733
f 936/5356/4720 933/5355/4719 937/5354/4718
f 1020/5373/4735 1017/5361/4725 1030/5334/4701
f 1024/5360/4724 1023/5374/4727 1022/5359/4723
f 1017/5361/4725 1016/5375/4708 1015/5362/4726
f 1016/5341/4708 1019/5376/4736 688/5340/4707
f 1019/5376/4736 687/5268/4641 716/5365/4728
f 1019/5376/4736 693/5343/4709 687/5268/4641
f 1022/5359/4723 1021/5377/4737 1020/5373/4735
f 1018/5378/4738 1016/5375/4708 1017/5361/4725
f 1023/5374/4727 693/5379/4709 1021/5377/4737
f 1018/5378/4738 1019/5380/4736 1016/5375/4708
f 1020/5373/4735 1019/5380/4736 1018/5378/4738
f 1058/5381/8 3207/5382/7 3033/92/75
f 1037/10/6 1073/33/27 3207/11/7
f 1038/14/10 1037/10/6 1058/12/8
f 1037/10/6 1062/31/25 1073/33/27
f 1056/19/15 1044/17/13 1057/16/12
f 1036/20/16 1061/37/31 1037/10/6
f 1054/21/17 1056/19/15 1055/18/14
f 1054/21/17 1053/22/18 1044/17/13
f 3033/92/75 3039/26/22 3032/49/43
f 3207/5382/7 3039/26/22 3033/92/75
f 3207/5382/7 1076/27/23 3039/26/22
f 3207/11/7 1073/33/27 1076/5383/23
f 3197/28/9 3033/92/75 3034/29/24
f 3197/28/9 1058/5381/8 3033/92/75
f 1068/32/26 1072/34/28 1073/33/27
f 1072/53/28 4604/52/46 1078/5384/29
f 1079/36/30 1055/18/14 1057/16/12
f 1079/36/30 4128/5385/81 1055/18/14
f 1039/23/19 1038/14/10 1044/17/13
f 1039/23/19 1036/20/16 1038/14/10
f 1061/37/31 1069/39/33 1062/31/25
f 1067/40/34 1066/38/32 1062/31/25
f 1048/58/51 1054/21/17 1055/18/14
f 1041/42/36 1061/37/31 1036/20/16
f 1046/5386/4739 1053/22/18 1054/21/17
f 1063/41/35 1066/38/32 1067/40/34
f 1046/5386/4739 1040/24/20 1053/22/18
f 1048/58/51 1046/5386/4739 1054/21/17
f 1046/5386/4739 1045/57/50 1040/24/20
f 1059/43/37 1071/47/41 1043/44/38
f 1052/59/52 1060/46/40 1059/43/37
f 3039/26/22 3026/25/21 3025/48/42
f 1076/27/23 3030/93/76 3028/50/44
f 1076/27/23 1073/5387/27 3030/93/76
f 1078/76/29 3029/78/65 3030/93/76
f 1078/76/29 3030/93/76 1073/5387/27
f 4614/5388/47 4602/51/45 1072/53/28
f 4130/5389/82 1055/18/14 4128/5385/81
f 4130/5389/82 1048/58/51 1055/18/14
f 4130/5389/82 1049/56/49 1048/58/51
f 1063/41/35 1065/55/48 1066/38/32
f 1041/42/36 1063/41/35 1061/37/31
f 1045/57/50 1046/5386/4739 1048/58/51
f 1042/45/39 1041/42/36 1040/24/20
f 1042/45/39 1043/44/38 1041/42/36
f 1043/44/38 1064/60/53 1041/42/36
f 1064/60/53 1063/41/35 1041/42/36
f 1064/60/53 1065/55/48 1063/41/35
f 1047/63/56 1045/57/50 1049/56/49
f 1047/63/56 1052/59/52 1042/45/39
f 1047/63/56 1042/45/39 1045/57/50
f 1050/67/60 1047/63/56 1049/56/49
f 1051/62/55 1047/63/56 1050/67/60
f 1074/64/57 1574/65/58 1071/47/41
f 1075/68/61 1060/46/40 1052/59/52
f 1075/70/61 1074/88/57 1060/5390/40
f 1074/88/57 1530/84/70 1574/86/58
f 1557/89/72 1074/88/57 1075/70/61
f 1078/5384/29 4604/52/46 4597/104/64
f 1077/80/67 1049/56/49 4130/5389/82
f 1529/87/69 4595/112/92 4570/5391/68
f 1503/114/94 1075/70/61 1502/69/62
f 1503/114/94 1557/89/72 1075/70/61
f 3033/92/75 3032/49/43 3031/91/74
f 3026/25/21 3028/50/44 3027/128/106
f 1079/73/30 4123/96/79 4128/98/81
f 4122/97/80 4121/100/83 4130/99/82
f 4112/108/89 1572/110/59 1077/101/67
f 3028/50/44 3029/78/65 3027/128/106
f 4127/106/87 4123/96/79 1079/73/30
f 1500/143/119 1503/114/94 1502/69/62
f 1557/89/72 1534/119/97 1530/84/70
f 3024/134/111 3021/90/73 3025/48/42
f 3026/25/21 3024/134/111 3025/48/42
f 3026/25/21 3027/128/106 3024/134/111
f 4604/52/46 4603/95/78 4522/103/85
f 4614/5388/47 4601/151/126 4602/51/45
f 1497/121/99 1500/143/119 1502/69/62
f 1508/113/93 1555/153/128 1557/89/72
f 4602/51/45 4601/151/126 4599/107/88
f 4119/148/123 4121/100/83 4122/97/80
f 1527/120/98 1528/85/71 1530/84/70
f 1527/120/98 1526/111/91 1528/85/71
f 4599/107/88 4530/173/147 4603/95/78
f 4123/96/79 4119/148/123 4122/97/80
f 4571/117/66 4569/116/95 4614/5388/47
f 1500/143/119 1508/113/93 1503/114/94
f 4015/94/77 4094/105/86 1079/73/30
f 1555/153/128 1556/123/101 1557/89/72
f 3021/90/73 3012/137/114 3031/91/74
f 4597/77/64 3011/139/116 3029/78/65
f 4124/132/109 4119/148/123 4123/96/79
f 4614/5388/47 4569/116/95 4601/151/126
f 4120/126/104 4111/122/100 4112/108/89
f 4131/181/110 1572/110/59 4110/109/90
f 3012/137/114 3021/90/73 3002/135/112
f 3024/134/111 3004/136/113 3002/135/112
f 3029/78/65 3011/139/116 3014/127/105
f 3014/127/105 3001/5392/4740 3004/136/113
f 3009/129/107 3010/131/108 3022/102/84
f 4014/141/117 4094/105/86 4015/94/77
f 4603/95/78 4530/173/147 4522/103/85
f 4094/105/86 4124/132/109 4127/106/87
f 1526/111/91 1559/166/131 4595/112/92
f 3014/127/105 3011/139/116 3001/5392/4740
f 1504/149/124 1507/5393/4741 1508/113/93
f 1507/5393/4741 1555/153/128 1508/113/93
f 4522/103/85 4521/160/135 3209/140/115
f 1507/5393/4741 1514/150/125 1555/153/128
f 1516/162/137 1526/111/91 1527/120/98
f 3004/136/113 3000/182/155 3002/135/112
f 4125/5394/4742 4119/148/123 4124/132/109
f 4601/151/126 4569/116/95 4600/152/127
f 3011/139/116 2861/205/177 3001/5392/4740
f 3009/129/107 3008/158/133 3010/131/108
f 1516/162/137 1520/167/141 1526/111/91
f 1520/167/141 1559/166/131 1526/111/91
f 3011/139/116 4641/154/129 2861/205/177
f 4599/107/88 4598/155/130 4530/173/147
f 1536/174/148 1535/124/102 1560/147/122
f 1536/174/148 1533/118/96 1535/124/102
f 3002/135/112 3000/182/155 2999/163/138
f 4095/161/136 4125/5394/4742 4124/132/109
f 3003/144/120 3005/168/142 3008/158/133
f 3001/5392/4740 3000/182/155 3004/136/113
f 3001/5392/4740 2995/5395/4743 3000/182/155
f 3001/5392/4740 2861/205/177 2995/5395/4743
f 4093/164/139 4095/161/136 4094/105/86
f 1504/149/124 1505/202/174 1507/5393/4741
f 4095/161/136 4099/190/162 4125/5394/4742
f 4125/5394/4742 4126/176/150 4119/148/123
f 4108/177/151 4111/122/100 4119/148/123
f 1512/197/169 1514/150/125 1507/5393/4741
f 4598/155/130 4531/192/164 4530/173/147
f 4099/190/162 4126/176/150 4125/5394/4742
f 4605/169/143 4582/201/173 4572/193/165
f 4600/152/127 4582/201/173 4605/169/143
f 1519/165/140 1583/230/145 1559/166/131
f 1499/178/152 1504/149/124 1501/142/118
f 1505/202/174 1512/197/169 1507/5393/4741
f 3000/182/155 2995/5395/4743 2860/247/215
f 2995/5395/4743 2861/205/177 2860/247/215
f 4093/164/139 4099/190/162 4095/161/136
f 4598/155/130 4553/179/153 4531/192/164
f 4572/193/165 4553/179/153 4605/169/143
f 4569/116/95 4567/170/144 4600/152/127
f 4567/170/144 4582/201/173 4600/152/127
f 4108/177/151 4110/109/90 4111/122/100
f 3005/168/142 3006/208/180 3008/158/133
f 1525/203/175 1516/162/137 1533/118/96
f 1488/215/186 1499/178/152 1498/157/132
f 3000/182/155 2860/247/215 2997/184/157
f 4096/189/161 4126/176/150 4099/190/162
f 4096/189/161 4129/186/158 4126/176/150
f 1536/174/148 1525/203/175 1533/118/96
f 1486/5396/4744 1488/215/186 1497/121/99
f 1488/215/186 1498/157/132 1497/121/99
f 4092/198/170 4096/189/161 4093/164/139
f 4582/201/173 4581/200/172 4572/193/165
f 1525/203/175 1524/220/191 1516/162/137
f 1505/202/174 1511/195/167 1512/197/169
f 4531/192/164 4519/206/178 4530/173/147
f 4531/192/164 4532/199/171 4519/206/178
f 1558/194/166 1486/5396/4744 1497/121/99
f 1486/5396/4744 1484/246/214 1488/215/186
f 1506/216/187 1505/202/174 1499/178/152
f 2861/205/177 2859/204/176 2860/247/215
f 4552/191/163 4534/213/184 4532/199/171
f 4532/199/171 4534/213/184 4533/218/189
f 1553/227/197 1524/220/191 1564/219/190
f 1484/246/214 1489/214/185 1488/215/186
f 1552/225/195 1511/195/167 1506/216/187
f 3035/175/149 3008/158/133 2896/209/181
f 4521/160/135 4615/270/221 4641/185/129
f 4581/200/172 4567/170/144 4534/213/184
f 1495/228/198 1552/225/195 1489/214/185
f 1550/226/196 1553/227/197 1564/219/190
f 3006/208/180 2998/207/179 3007/231/200
f 1548/223/193 1553/227/197 1551/238/206
f 1583/171/145 1561/314/199 4566/235/203
f 1551/238/206 1553/227/197 1550/226/196
f 2996/183/156 2997/184/157 2998/207/179
f 1486/5396/4744 1483/311/275 1484/246/214
f 1484/246/214 1495/228/198 1489/214/185
f 4641/154/129 4615/253/221 2859/204/176
f 1496/252/220 1550/226/196 1495/228/198
f 1496/252/220 1543/236/204 1550/226/196
f 1551/238/206 1544/244/212 1548/223/193
f 1548/223/193 1547/5397/4745 1518/224/194
f 1487/273/239 1486/5396/4744 1558/194/166
f 3007/231/200 2998/207/179 2858/242/210
f 2998/207/179 2854/240/208 2858/242/210
f 2997/184/157 2860/247/215 2856/239/207
f 4520/159/134 4518/271/238 4521/160/135
f 4521/160/135 4518/271/238 4615/270/221
f 2859/204/176 2848/254/222 2850/248/216
f 4012/210/182 4008/234/202 4013/172/146
f 1544/244/212 1546/237/205 1543/236/204
f 1487/273/239 1483/311/275 1486/5396/4744
f 1485/245/213 1491/251/219 1495/228/198
f 2862/241/209 2895/263/231 2896/209/181
f 4088/258/226 4090/217/188 4091/188/160
f 1545/250/218 1547/5397/4745 1548/223/193
f 1491/251/219 1543/236/204 1496/252/220
f 1491/251/219 1539/256/224 1543/236/204
f 2854/240/208 2853/5398/4746 2858/242/210
f 1540/283/247 1539/256/224 1491/251/219
f 2858/242/210 2853/5398/4746 2855/260/228
f 2896/209/181 2895/263/231 2897/286/250
f 4011/265/233 4008/234/202 4012/210/182
f 1483/311/275 1481/277/242 1484/246/214
f 2854/240/208 2851/257/225 2853/5398/4746
f 4520/159/134 4516/267/235 4518/271/238
f 4519/206/178 4517/266/234 4520/159/134
f 1516/162/137 1445/325/288 1519/165/140
f 4554/255/223 4536/287/251 4534/213/184
f 1519/165/140 1445/325/288 1561/229/199
f 4007/290/254 4008/234/202 4011/265/233
f 1481/277/242 1479/306/270 1485/245/213
f 1491/251/219 1494/281/245 1540/283/247
f 2855/260/228 2864/302/266 2863/262/230
f 1479/306/270 1490/333/295 1485/245/213
f 1490/333/295 1491/251/219 1485/245/213
f 1517/291/255 1547/5397/4745 1545/250/218
f 2853/5398/4746 2852/308/272 2855/260/228
f 2851/257/225 2852/308/272 2853/5398/4746
f 2851/257/225 2813/294/258 2852/308/272
f 1523/298/262 1537/276/241 1538/275/240
f 2855/260/228 2865/300/264 2864/302/266
f 2852/308/272 2865/300/264 2855/260/228
f 2897/286/250 2894/321/284 2978/280/244
f 2895/263/231 2894/321/284 2897/286/250
f 4090/217/188 4100/295/259 4105/249/217
f 1517/291/255 1518/224/194 1547/5397/4745
f 1490/333/295 1494/281/245 1491/251/219
f 2863/262/230 2864/302/266 2867/309/273
f 4007/290/254 4006/392/353 4008/234/202
f 4008/234/202 4006/392/353 4088/258/226
f 2852/308/272 2971/317/280 2865/300/264
f 2863/262/230 2894/321/284 2895/263/231
f 4517/266/234 4510/347/308 4516/267/235
f 4519/206/178 4542/303/267 4510/347/308
f 4519/206/178 4510/347/308 4517/266/234
f 4114/299/263 1573/454/268 1584/259/227
f 2865/300/264 2971/317/280 2878/327/289
f 2852/308/272 2972/315/278 2971/317/280
f 2852/308/272 2814/307/271 2972/315/278
f 1446/292/256 1437/369/330 1445/325/288
f 1446/292/256 1445/325/288 1516/162/137
f 1522/324/287 1463/331/293 1521/297/261
f 2865/300/264 2870/341/302 2866/301/265
f 2863/262/230 2867/309/273 2893/320/283
f 4518/271/238 4512/338/299 4513/310/274
f 4626/313/277 4562/323/286 4566/235/203
f 1493/334/296 1541/282/246 1494/281/245
f 1463/331/293 1446/292/256 1517/291/255
f 2992/319/282 2991/345/306 2954/316/279
f 4513/310/274 3187/382/343 4653/272/232
f 4516/267/235 4509/348/309 4512/338/299
f 4115/330/292 4104/243/211 4103/329/291
f 2952/339/300 2954/316/279 2953/344/305
f 2992/319/282 2857/340/301 2991/345/306
f 2991/345/306 3017/352/313 3018/350/311
f 2857/340/301 3017/352/313 2991/345/306
f 1542/349/310 1532/293/257 1541/282/246
f 2814/307/271 2812/346/307 2857/340/301
f 1493/334/296 1542/349/310 1541/282/246
f 1566/433/316 4626/326/277 1445/325/288
f 2990/343/304 2988/354/315 2953/344/305
f 1510/356/317 1493/334/296 1492/332/294
f 2857/340/301 2810/361/322 3019/351/312
f 1438/368/329 1446/292/256 1463/331/293
f 1510/356/317 1509/366/327 1549/357/318
f 3018/350/311 3016/358/319 2988/354/315
f 2867/309/273 2868/419/379 2893/320/283
f 2866/301/265 2868/419/379 2867/309/273
f 2869/370/331 2868/419/379 2866/301/265
f 1549/357/318 1406/378/339 1531/342/303
f 1531/342/303 1434/377/338 1463/331/293
f 1554/367/328 1406/378/339 1549/357/318
f 2811/312/276 2810/361/322 2812/346/307
f 2810/361/322 2764/396/357 2765/360/321
f 2894/321/284 2888/428/388 4137/335/297
f 2886/359/320 2888/428/388 2894/321/284
f 1406/378/339 1434/377/338 1531/342/303
f 1434/377/338 1438/368/329 1463/331/293
f 1473/371/332 1480/364/325 1479/306/270
f 1460/372/333 1554/367/328 1509/366/327
f 1460/372/333 1407/379/340 1554/367/328
f 1407/379/340 1406/378/339 1554/367/328
f 2988/354/315 2970/387/348 2953/344/305
f 2988/354/315 2775/374/335 2985/390/351
f 3016/358/319 2775/374/335 2988/354/315
f 3017/352/313 2765/360/321 3016/358/319
f 4653/264/232 3187/398/343 2846/285/249
f 4513/310/274 4512/338/299 4514/381/342
f 2953/344/305 2950/388/349 2951/353/314
f 2835/328/290 2833/415/375 2811/312/276
f 1466/421/381 1453/385/346 1480/364/325
f 2810/361/322 2808/397/358 2805/395/356
f 1464/383/344 1466/421/381 1480/364/325
f 2775/374/335 2770/406/366 2984/389/350
f 2775/374/335 2984/389/350 2985/390/351
f 2771/373/334 2767/404/364 2775/374/335
f 2771/373/334 2755/380/341 2767/404/364
f 2765/360/321 2764/396/357 2755/380/341
f 2811/312/276 2833/415/375 2809/403/363
f 2893/320/283 2868/419/379 2886/359/320
f 4002/362/323 4003/393/354 4007/290/254
f 4101/375/336 4115/330/292 4103/329/291
f 1453/385/346 1408/386/347 1460/372/333
f 2951/353/314 2950/388/349 2870/341/302
f 2775/374/335 2767/404/364 2770/406/366
f 2764/396/357 2754/423/383 2755/380/341
f 2984/389/350 2770/406/366 2782/437/395
f 2870/341/302 2871/400/360 2869/370/331
f 3187/398/343 4828/467/424 2836/391/352
f 4509/348/309 4506/5399/4747 4512/338/299
f 1409/408/368 1405/376/337 1408/386/347
f 1430/407/367 1434/377/338 1405/376/337
f 1435/384/345 1437/369/330 1438/368/329
f 2767/404/364 2755/380/341 2756/434/392
f 2764/396/357 2762/425/385 2754/423/383
f 3187/382/343 4550/501/457 4828/5400/424
f 4514/381/342 4550/501/457 3187/382/343
f 4507/394/355 4506/5399/4747 4509/348/309
f 4537/288/252 4544/443/401 4543/268/236
f 1566/355/316 4563/5401/4748 4562/323/286
f 1474/363/324 1465/412/372 1473/371/332
f 1450/420/380 1453/385/346 1466/421/381
f 2984/389/350 2782/437/395 2949/409/369
f 2869/370/331 2871/400/360 2872/422/382
f 2836/391/352 2834/414/374 2835/328/290
f 2886/359/320 2868/419/379 2876/418/378
f 1437/369/330 1436/463/420 1445/325/288
f 2755/380/341 2752/424/384 2756/434/392
f 2868/419/379 2869/370/331 2873/417/377
f 1432/402/362 1437/369/330 1435/384/345
f 4005/446/404 4085/410/370 4006/392/353
f 4617/5402/391 4563/5401/4748 1566/355/316
f 2869/370/331 2872/422/382 2873/417/377
f 2886/359/320 2876/418/378 2887/427/387
f 4561/296/260 4559/399/359 4536/287/251
f 4562/323/286 4563/5401/4748 4559/399/359
f 4085/410/370 4086/488/444 4087/322/285
f 4537/288/252 4538/450/408 4544/443/401
f 1478/365/326 1475/439/397 1476/305/269
f 2836/391/352 2837/468/425 2834/414/374
f 4086/488/444 4098/431/390 4087/322/285
f 1425/465/422 1430/407/367 1413/416/376
f 2809/403/363 2807/447/405 2804/440/398
f 2768/435/393 2774/459/416 2769/405/365
f 1454/451/409 1464/383/344 1465/412/372
f 1454/451/409 1451/456/413 1450/420/380
f 4559/399/359 4539/481/438 4536/287/251
f 1562/483/411 1478/365/326 1573/304/268
f 1475/439/397 1469/462/419 1474/363/324
f 2768/435/393 2756/434/392 2772/460/417
f 2804/440/398 2805/395/356 2808/397/358
f 2781/441/399 2780/507/463 2949/409/369
f 2769/405/365 2778/5403/4749 2781/441/399
f 1410/413/373 1411/455/412 1409/408/368
f 1412/457/414 1411/455/412 1410/413/373
f 2778/5403/4749 2780/507/463 2781/441/399
f 2769/405/365 2774/459/416 2778/5403/4749
f 2943/436/394 2932/442/400 2950/388/349
f 2949/409/369 2934/684/619 2943/436/394
f 2949/409/369 2780/507/463 2934/684/619
f 2876/418/378 2873/417/377 2877/581/531
f 2872/422/382 2874/474/431 2873/417/377
f 4542/303/267 4511/449/407 4510/347/308
f 4536/287/251 4539/481/438 4538/450/408
f 4116/495/451 1562/453/411 4114/299/263
f 1468/536/490 1454/451/409 1465/412/372
f 2774/459/416 2773/458/415 2778/5403/4749
f 2772/460/417 2752/424/384 2776/466/423
f 4506/5399/4747 4505/5404/4750 4512/338/299
f 4106/411/371 4116/495/451 4114/299/263
f 1416/444/402 1412/457/414 1408/386/347
f 1436/463/420 4821/485/441 1445/325/288
f 2934/684/619 2933/475/432 2943/436/394
f 2873/417/377 2875/583/533 2877/581/531
f 2873/417/377 2874/474/431 2875/583/533
f 4512/338/299 4505/5404/4750 4514/381/342
f 4102/471/428 4106/411/371 4101/375/336
f 1478/365/326 1477/484/440 1475/439/397
f 2804/440/398 2802/472/429 2805/395/356
f 2807/447/405 2830/490/446 2806/473/430
f 2832/448/406 2830/490/446 2807/447/405
f 3998/482/439 4002/362/323 4009/337/298
f 4563/5401/4748 4564/533/488 4559/399/359
f 2778/5403/4749 2773/458/415 2779/508/464
f 2773/458/415 2777/509/465 2779/508/464
f 2776/466/423 2777/509/465 2773/458/415
f 2776/466/423 2751/477/434 2777/509/465
f 2778/5403/4749 2779/508/464 2780/507/463
f 2876/418/378 2877/581/531 2887/427/387
f 4539/481/438 4540/492/448 4538/450/408
f 4564/533/488 4565/480/437 4559/399/359
f 1431/562/515 1432/402/362 1430/407/367
f 2874/474/431 2879/526/482 2875/583/533
f 4514/381/342 4505/5404/4750 4502/500/456
f 4117/493/449 4118/494/450 4116/495/451
f 4117/493/449 4116/495/451 4106/411/371
f 4563/5401/4748 4617/5402/391 4564/533/488
f 4118/5405/450 1563/5406/4751 1562/483/411
f 1563/5406/4751 1477/484/440 1562/483/411
f 1469/462/419 1468/536/490 1465/412/372
f 2777/509/465 2748/498/454 2785/506/462
f 2751/477/434 2748/498/454 2777/509/465
f 2875/583/533 2880/582/532 2877/581/531
f 4001/512/468 4003/393/354 4002/362/323
f 4538/450/408 4540/492/448 4544/443/401
f 4117/493/449 4102/471/428 4098/431/390
f 1454/451/409 1452/496/452 1451/456/413
f 1431/562/515 1433/553/506 1432/402/362
f 1433/553/506 1436/463/420 1432/402/362
f 2758/426/386 2761/510/466 2757/479/436
f 2834/414/374 2837/468/425 2838/486/442
f 2887/427/387 2877/581/531 2890/499/455
f 4001/512/468 4004/469/426 4003/393/354
f 4089/514/470 4086/488/444 4084/487/443
f 4540/492/448 4555/513/469 4544/443/401
f 4586/491/447 4585/503/459 4627/516/472
f 4564/533/488 4585/503/459 4565/480/437
f 4821/534/441 4564/533/488 4617/5402/391
f 1424/561/514 1425/465/422 1421/464/421
f 2932/442/400 2931/525/481 2874/474/431
f 4505/5404/4750 4506/5399/4747 4504/654/596
f 4555/513/469 4573/522/478 4545/470/427
f 4540/492/448 4628/538/492 4555/513/469
f 4564/533/488 4826/540/494 4585/503/459
f 4183/5407/479 1563/5406/4751 4118/5405/450
f 1563/5406/4751 1472/543/496 1477/484/440
f 1455/592/542 1452/496/452 1454/451/409
f 1425/465/422 1431/562/515 1430/407/367
f 2780/507/463 2786/556/509 2934/684/619
f 2785/506/462 2786/556/509 2780/507/463
f 4180/530/485 4179/515/471 4170/502/458
f 4540/492/448 4627/516/472 4628/538/492
f 4564/533/488 4827/532/487 4826/540/494
f 4183/5407/479 1472/543/496 1563/5406/4751
f 1415/545/498 1417/505/461 1411/455/412
f 2746/478/435 2759/554/507 2783/537/491
f 3702/546/499 4089/514/470 4084/487/443
f 3558/5408/536 4181/5409/540 4179/515/471
f 3558/5408/536 4179/515/471 4180/530/485
f 4627/516/472 2219/549/502 4628/538/492
f 4181/5409/540 1593/531/486 4179/515/471
f 1593/531/486 1585/5410/521 4182/517/473
f 1585/5410/521 4183/523/479 4182/517/473
f 4183/5407/479 1585/569/521 1472/543/496
f 2804/440/398 2803/524/480 2802/472/429
f 2746/478/435 2757/479/436 2759/554/507
f 4550/501/457 4637/557/510 4828/5400/424
f 4507/394/355 4504/654/596 4506/5399/4747
f 3707/547/500 3558/5408/536 4180/530/485
f 3707/547/500 4180/530/485 4089/514/470
f 4818/558/511 4628/538/492 2219/549/502
f 4827/532/487 4839/571/495 4826/540/494
f 1472/543/496 1470/535/489 1469/462/419
f 1470/535/489 1471/615/558 1468/536/490
f 1422/497/453 1423/575/525 1421/464/421
f 1423/575/525 1424/561/514 1421/464/421
f 1441/552/505 4839/542/495 1436/463/420
f 2877/581/531 2880/582/532 2881/580/530
f 4828/467/424 4637/594/510 2838/486/442
f 4507/394/355 4584/528/483 4583/619/562
f 3707/5411/500 3557/587/537 3558/586/536
f 4818/558/511 2219/549/502 4819/589/539
f 4826/540/494 4839/571/495 4837/550/503
f 2749/518/474 2747/519/475 2787/563/516
f 2783/537/491 2784/555/508 2747/519/475
f 2757/479/436 2761/510/466 2760/576/526
f 2749/518/474 2787/563/516 2786/556/509
f 4505/5404/4750 4504/654/596 4502/500/456
f 4818/558/511 4819/589/539 4306/548/501
f 4181/5409/540 1594/5412/519 1593/531/486
f 3543/591/541 1470/535/489 1472/543/496
f 1482/616/559 1471/615/558 1470/535/489
f 1569/574/524 1429/560/513 1424/561/514
f 2830/490/446 2831/511/467 2829/578/528
f 4575/565/518 4583/619/562 4584/528/483
f 4573/522/478 4574/539/493 4575/565/518
f 3708/606/551 3557/605/537 3707/547/500
f 4819/589/539 4307/5413/546 4306/548/501
f 2208/5414/569 2213/588/538 2219/549/502
f 1594/601/519 4181/590/540 3554/585/535
f 2208/626/569 2219/5415/502 4838/5416/512
f 1581/650/592 2208/626/569 4838/5416/512
f 4838/5416/512 2223/5417/522 1581/650/592
f 3543/591/541 1482/616/559 1470/535/489
f 1468/536/490 1467/630/572 1454/451/409
f 1459/724/656 1455/592/542 1454/451/409
f 1414/504/460 1412/457/414 1416/444/402
f 2784/555/508 2759/554/507 2815/634/576
f 2759/554/507 2760/576/526 2815/634/576
f 2784/555/508 2788/637/579 2787/563/516
f 3701/596/545 3708/606/551 3707/547/500
f 3555/5418/553 3552/600/547 3557/587/537
f 3555/5418/553 3529/628/570 3552/600/547
f 3552/600/547 3530/611/554 1594/601/519
f 1581/650/592 2200/649/591 2208/626/569
f 3530/611/554 1589/610/520 1594/601/519
f 1471/615/558 3553/629/571 1468/536/490
f 1427/736/668 1423/575/525 1422/497/453
f 2784/555/508 2815/634/576 2788/637/579
f 2760/576/526 2761/510/466 2763/651/593
f 4307/5413/546 4304/602/548 4306/548/501
f 2209/623/566 2220/607/552 2213/597/538
f 2208/626/569 2209/623/566 2213/597/538
f 3555/5418/553 3683/5419/4752 3529/628/570
f 3529/628/570 3530/611/554 3552/600/547
f 1442/593/543 1458/631/573 2223/572/522
f 1458/631/573 1581/5420/592 2223/572/522
f 1467/630/572 1459/724/656 1454/451/409
f 1426/551/504 1427/736/668 1422/497/453
f 3539/633/575 3553/629/571 1471/615/558
f 2815/634/576 2791/636/578 2788/637/579
f 2760/576/526 2797/635/577 2815/634/576
f 2786/556/509 2789/579/529 2934/684/619
f 2881/580/530 2892/653/595 2890/499/455
f 3621/670/608 3622/529/484 3620/564/517
f 3668/621/564 3692/604/550 3708/606/551
f 4307/5413/546 2222/646/588 4304/602/548
f 2220/607/552 2222/5421/588 4307/598/546
f 2220/607/552 2221/624/567 2222/5421/588
f 3636/622/565 3683/5422/4752 3555/608/553
f 2200/649/591 2202/625/568 2208/626/569
f 1567/627/557 3543/609/541 3530/611/554
f 1458/678/573 2192/647/589 1581/650/592
f 1415/545/498 1461/692/627 1417/505/461
f 1458/631/573 1442/593/543 1431/562/515
f 1567/614/557 3535/632/574 1471/615/558
f 2880/582/532 2882/667/605 2881/580/530
f 4575/565/518 4576/709/642 4560/639/581
f 4575/565/518 4560/639/581 4583/619/562
f 3621/670/608 3697/642/584 3622/529/484
f 3697/642/584 3701/596/545 3622/529/484
f 2221/656/567 4281/644/586 2222/646/588
f 2209/623/566 2217/660/599 2221/624/567
f 2191/648/590 2202/625/568 2200/649/591
f 3527/697/630 1567/627/557 3529/628/570
f 1427/736/668 1569/574/524 1423/575/525
f 3663/5423/4753 3712/5424/4754 3683/5422/4752
f 3712/5425/4754 3529/628/570 3683/5419/4752
f 1457/662/602 1448/612/555 1447/489/445
f 2193/677/614 2192/647/589 1458/678/573
f 3712/5425/4754 3527/697/630 3529/628/570
f 3526/680/616 1567/627/557 3527/697/630
f 2791/636/578 2790/5426/4755 2788/637/579
f 2788/637/579 2790/5426/4755 2789/579/529
f 2891/476/433 2892/653/595 2898/759/691
f 3619/669/607 3697/642/584 3621/670/608
f 4294/645/587 4302/671/609 4304/602/548
f 2217/658/599 4293/721/625 4274/657/598
f 1448/612/555 1419/673/611 1414/504/460
f 1461/692/627 1444/674/612 1417/505/461
f 1459/724/656 1456/661/601 1455/592/542
f 1570/735/667 1443/617/560 1569/574/524
f 1443/617/560 2214/675/613 1439/573/523
f 2187/714/647 2191/648/590 2192/647/589
f 3531/5427/4756 3527/697/630 3712/5425/4754
f 2791/636/578 2797/635/577 2792/757/689
f 2790/5426/4755 2793/717/650 2789/579/529
f 4502/500/456 4501/761/693 4637/557/510
f 4281/644/586 4274/657/598 4265/687/622
f 3631/688/623 3636/622/565 3630/643/585
f 3635/689/624 3663/5423/4753 3636/622/565
f 3663/5423/4753 3683/5422/4752 3636/622/565
f 1419/673/611 1462/691/626 1415/545/498
f 1575/701/634 1457/662/602 1456/661/601
f 1427/736/668 1570/735/667 1569/574/524
f 2187/714/647 2186/705/638 2191/648/590
f 2194/706/639 2193/677/614 1440/664/556
f 2198/663/603 2194/706/639 1440/664/556
f 3531/5427/4756 3528/716/649 3527/697/630
f 3525/696/629 3534/679/615 3526/680/616
f 2791/636/578 2792/757/689 2790/5426/4755
f 2801/618/561 2766/682/617 2761/510/466
f 4504/654/596 4503/730/662 4502/500/456
f 4508/620/563 4503/730/662 4504/654/596
f 4312/641/583 4310/708/641 4575/565/518
f 3639/672/610 3630/643/585 3668/621/564
f 1459/724/656 1576/700/633 1456/661/601
f 1578/703/636 1462/691/626 1419/673/611
f 2214/5428/613 2201/707/640 2198/663/603
f 2194/706/639 2187/714/647 2193/677/614
f 2187/714/647 2192/647/589 2193/677/614
f 3663/5423/4753 3531/5429/4756 3712/5424/4754
f 3528/716/649 3525/696/629 3527/697/630
f 2790/5426/4755 2792/757/689 2793/717/650
f 2181/734/666 1467/630/572 3553/629/571
f 1580/711/644 1568/699/632 1462/691/626
f 1568/699/632 1586/749/681 1444/674/612
f 1582/726/658 1457/662/602 1575/701/634
f 1582/726/658 1577/702/635 1457/662/602
f 3531/5427/4756 3541/755/687 3528/716/649
f 2797/635/577 2798/742/674 2792/757/689
f 2766/682/617 2798/742/674 2797/635/577
f 2882/667/605 2884/758/690 2881/580/530
f 4502/500/456 4503/730/662 4501/761/693
f 3612/744/676 3697/642/584 3698/685/620
f 4274/657/598 4264/766/697 4265/687/622
f 1444/674/612 1590/748/680 1565/719/652
f 1565/719/652 1426/551/504 1444/674/612
f 1428/720/653 1427/736/668 1426/551/504
f 2181/734/666 1459/724/656 1467/630/572
f 1586/749/681 1590/748/680 1444/674/612
f 1570/735/667 1571/712/645 1443/617/560
f 2179/773/704 2181/5430/666 3553/774/571
f 1587/725/657 1586/749/681 1568/699/632
f 3635/689/624 3662/788/718 3663/5423/4753
f 2272/5431/4757 2201/707/640 2214/5428/613
f 3537/693/628 3556/5432/703 3553/694/571
f 3662/788/718 3531/5429/4756 3663/5423/4753
f 2194/706/639 2185/713/646 2187/714/647
f 2197/738/670 4311/704/637 2186/705/638
f 3538/728/660 3556/5432/703 3537/693/628
f 2195/727/659 2185/713/646 2194/706/639
f 2883/652/594 2885/729/661 2955/666/604
f 4560/639/581 4576/709/642 4503/730/662
f 3612/744/676 3698/685/620 3613/710/643
f 3612/744/676 3639/672/610 3697/642/584
f 3628/780/710 3631/688/623 3630/643/585
f 4274/657/598 4254/783/713 4264/766/697
f 1428/720/653 1571/712/645 1570/735/667
f 1576/700/633 1597/753/685 1575/701/634
f 1597/753/685 1582/726/658 1575/701/634
f 4311/5433/637 4272/722/654 4293/721/625
f 3536/739/671 3534/679/615 3532/715/648
f 2793/717/650 2795/756/688 2794/683/618
f 3999/888/817 4165/668/606 4001/512/468
f 4265/687/622 4270/746/678 4279/686/621
f 3628/780/710 3632/733/665 3631/688/623
f 4264/766/697 4260/765/696 4265/687/622
f 3637/768/699 3635/689/624 3633/718/651
f 4274/657/598 4272/722/654 4254/783/713
f 1571/5434/645 1591/879/777 2214/5435/613
f 1579/723/655 1602/752/684 1576/700/633
f 1601/747/679 1595/769/700 1590/748/680
f 1599/771/702 1587/725/657 1580/711/644
f 1591/879/777 2272/5436/4757 2214/5435/613
f 2204/797/727 2195/727/659 2201/707/640
f 2185/713/646 2188/737/669 2186/705/638
f 3662/788/718 3541/5437/687 3531/5429/4756
f 2189/754/686 2188/737/669 2185/713/646
f 3540/809/739 3536/739/671 3532/715/648
f 2792/757/689 2798/742/674 2796/776/706
f 3037/760/692 4133/520/476 2891/476/433
f 3998/482/439 3999/888/817 4001/512/468
f 3628/780/710 3630/643/585 3629/732/664
f 3632/733/665 3676/767/698 3633/718/651
f 2179/773/704 2183/5438/715 2181/5430/666
f 1579/723/655 1592/786/716 1602/752/684
f 1600/770/701 1586/749/681 1587/725/657
f 1600/770/701 1601/747/679 1586/749/681
f 1596/750/682 1598/751/683 1578/703/636
f 1599/771/702 1580/711/644 1598/751/683
f 2197/5439/670 4272/722/654 4311/5433/637
f 2204/797/727 2201/707/640 2272/5431/4757
f 2188/737/669 2203/799/729 2197/738/670
f 3533/740/672 3540/809/739 3532/715/648
f 2795/756/688 2792/757/689 2796/776/706
f 3685/817/747 3676/767/698 3632/733/665
f 2197/5439/670 4280/5440/825 4272/722/654
f 3542/5441/4758 3538/728/660 3536/739/671
f 2796/776/706 2799/741/673 2816/802/732
f 2796/776/706 2816/802/732 2795/756/688
f 2884/758/690 2892/653/595 2881/580/530
f 3999/888/817 4167/791/721 4165/668/606
f 4265/687/622 4257/778/708 4270/746/678
f 3667/779/709 3686/858/788 3632/733/665
f 3686/858/788 3685/817/747 3632/733/665
f 1599/771/702 2041/796/726 1600/770/701
f 3659/787/717 3678/917/842 3662/788/718
f 2010/789/719 2095/775/705 1597/753/685
f 3538/5442/660 2178/795/725 3556/772/703
f 3678/917/842 3541/5437/687 3662/788/718
f 2190/798/728 2188/737/669 2189/754/686
f 3540/809/739 3542/5441/4758 3536/739/671
f 2766/682/617 2800/838/768 2799/741/673
f 3624/870/800 3628/780/710 3629/732/664
f 4261/781/711 4276/806/736 4259/782/712
f 3676/767/698 3684/829/759 3637/768/699
f 1588/784/714 1591/847/777 1571/712/645
f 1857/5443/805 2183/5438/715 2179/773/704
f 1601/747/679 2096/794/724 2082/793/723
f 2095/775/705 2041/796/726 1598/751/683
f 2010/789/719 1815/832/762 2095/775/705
f 2799/741/673 2800/838/768 2817/801/731
f 2801/618/561 2800/838/768 2766/682/617
f 2883/652/594 2879/526/482 2885/729/661
f 4310/708/641 4580/1031/943 4577/743/675
f 3688/828/758 3686/858/788 3667/779/709
f 4261/781/711 4277/842/772 4276/806/736
f 4263/844/774 4277/842/772 4261/781/711
f 4261/781/711 4262/764/695 4263/844/774
f 1857/875/805 1592/786/716 2183/785/715
f 1815/832/762 1809/851/781 2041/796/726
f 1815/832/762 2041/796/726 2095/775/705
f 1809/851/781 1813/5444/4759 2041/796/726
f 1813/5444/4759 2096/794/724 2041/796/726
f 2271/878/808 2204/5445/727 2272/5436/4757
f 2212/894/823 4280/896/825 2197/738/670
f 2212/894/823 2197/738/670 2203/799/729
f 3538/5442/660 2157/897/810 2178/795/725
f 3542/5441/4758 2157/881/810 3538/728/660
f 2935/803/733 2816/802/732 2822/822/752
f 2795/756/688 2935/803/733 2913/853/783
f 4310/708/641 4301/868/798 4580/1031/943
f 3610/813/743 3611/905/832 3612/744/676
f 3612/744/676 3613/710/643 3610/813/743
f 4300/698/631 4297/792/722 4310/708/641
f 3611/905/832 3624/870/800 3629/732/664
f 3611/905/832 3629/732/664 3612/744/676
f 4270/746/678 4266/825/755 4278/745/677
f 3684/829/759 3638/807/737 3637/768/699
f 2082/793/723 1588/784/714 1595/769/700
f 2082/793/723 2079/846/776 1588/784/714
f 2179/773/704 1875/975/806 1857/5443/805
f 1592/786/716 1799/819/749 1602/752/684
f 2178/795/725 1875/975/806 2179/773/704
f 1591/879/777 2271/878/808 2272/5436/4757
f 3678/917/842 3549/916/750 3541/5437/687
f 2205/834/764 2190/798/728 2196/790/720
f 3546/866/796 2157/881/810 3542/5441/4758
f 3546/866/796 3540/809/739 3545/808/738
f 3546/866/796 3542/5441/4758 3540/809/739
f 2803/524/480 2824/777/707 2825/823/753
f 2935/803/733 2822/822/752 2936/5446/4760
f 2884/758/690 2899/854/784 2892/653/595
f 3190/902/694 2841/595/544 4637/594/510
f 4270/746/678 4256/826/756 4266/825/755
f 3714/857/787 3685/817/747 3686/858/788
f 3714/857/787 4198/815/745 3685/817/747
f 4316/841/771 4276/806/736 4332/843/773
f 1857/875/805 1856/848/778 1592/786/716
f 1865/862/792 2082/793/723 2096/794/724
f 1813/5444/4759 1865/862/792 2096/794/724
f 2271/5447/808 2375/835/765 2204/797/727
f 2205/834/764 2207/5448/4761 2203/799/729
f 2207/5448/4761 2212/894/823 2203/799/729
f 2818/821/751 2936/5446/4760 2822/822/752
f 2936/5446/4760 2913/853/783 2935/803/733
f 3966/886/815 3999/888/817 3998/482/439
f 3627/869/799 3665/827/757 3628/780/710
f 4198/815/745 4187/872/802 3713/816/746
f 4277/842/772 4333/910/837 4332/843/773
f 4187/872/802 3715/861/791 3713/816/746
f 3703/5449/4762 3638/807/737 3684/829/759
f 4280/5440/825 4251/5450/4763 4272/722/654
f 1805/863/793 1809/851/781 1803/850/780
f 1808/864/794 1810/931/856 1809/851/781
f 1810/931/856 1813/5444/4759 1809/851/781
f 2210/955/878 2207/5448/4761 2205/834/764
f 2818/821/751 2821/938/861 2936/5446/4760
f 2824/777/707 2823/577/527 2828/812/742
f 3965/887/816 3998/482/439 3037/763/692
f 4503/730/662 4413/964/884 4501/761/693
f 4577/743/675 4413/964/884 4503/730/662
f 4199/890/819 3714/857/787 3688/828/758
f 4277/842/772 4286/845/775 4333/910/837
f 3715/861/791 3703/5449/4762 3684/829/759
f 3661/950/873 3658/831/761 3638/807/737
f 1865/862/792 1864/873/803 2079/846/776
f 4272/722/654 4251/5450/4763 4250/830/760
f 1812/983/901 1813/5444/4759 1810/931/856
f 2211/883/812 2210/955/878 2206/836/766
f 2210/955/878 2205/834/764 2206/836/766
f 2153/880/809 3546/866/796 3548/865/795
f 2818/821/751 2819/839/769 2821/938/861
f 2913/853/783 2909/900/828 2911/810/740
f 2884/758/690 2901/855/785 2899/854/784
f 4273/906/833 4301/868/798 4297/792/722
f 4258/805/735 4290/856/786 4255/840/770
f 3689/871/801 4199/890/819 3688/828/758
f 4316/841/771 4315/928/853 4314/860/790
f 4187/872/802 4186/948/871 3715/861/791
f 3716/5451/4764 3703/5449/4762 3715/861/791
f 4263/844/774 4298/911/838 4286/845/775
f 3703/5449/4762 3661/950/873 3638/807/737
f 1864/873/803 2125/972/807 1591/847/777
f 1874/5452/937 1854/874/804 1875/876/806
f 1861/952/875 1865/862/792 1813/5444/4759
f 1861/952/875 1864/873/803 1865/862/792
f 1805/863/793 1807/930/855 1808/864/794
f 2374/5453/824 4251/5450/4763 4280/5440/825
f 2178/795/725 2177/898/826 1875/975/806
f 4577/743/675 4609/1033/945 4413/964/884
f 4333/910/837 4286/845/775 4330/912/839
f 4186/948/871 3716/5451/4764 3715/861/791
f 4253/818/748 4271/929/854 4263/844/774
f 2210/955/878 2215/5454/910 2207/5448/4761
f 2150/919/844 3548/865/795 3547/837/767
f 2821/938/861 2937/939/862 2936/5446/4760
f 2885/729/661 2903/885/814 2901/855/785
f 2879/526/482 2904/925/850 2903/885/814
f 2913/853/783 2937/939/862 2938/899/827
f 2936/5446/4760 2937/939/862 2913/853/783
f 4580/1031/943 4609/1033/945 4577/743/675
f 3608/941/864 3623/904/831 3611/905/832
f 4199/890/819 4195/988/906 4196/859/789
f 4316/841/771 4317/908/835 4315/928/853
f 4195/988/906 4187/872/802 4196/859/789
f 4195/988/906 4188/946/869 4187/872/802
f 4333/910/837 4330/912/839 4327/909/836
f 3658/831/761 3657/973/892 3659/787/717
f 1813/5444/4759 1812/983/901 1861/952/875
f 1796/1057/967 1801/970/890 1800/849/779
f 1804/893/822 1807/930/855 1805/863/793
f 2374/895/824 2212/894/823 2207/5448/4761
f 3709/1017/841 3551/5455/843 3549/5456/750
f 2155/960/849 2157/5457/810 2153/958/809
f 2371/882/811 2372/956/879 2211/883/812
f 2372/956/879 2210/955/878 2211/883/812
f 2819/839/769 2820/852/782 2821/938/861
f 2989/903/830 2842/901/829 2841/595/544
f 1797/923/848 1796/1057/967 1798/833/763
f 1798/833/763 1796/1057/967 1800/849/779
f 2216/5458/858 2371/882/811 2375/835/765
f 2215/5454/910 2374/895/824 2207/5448/4761
f 2149/961/881 3550/959/845 3548/5459/795
f 2937/939/862 2821/938/861 2910/937/860
f 4413/964/884 4412/985/903 4501/761/693
f 3609/824/754 3607/940/863 3610/813/743
f 4256/826/756 4246/1143/1043 4266/825/755
f 4197/942/865 4195/988/906 4199/890/819
f 4315/928/853 4317/908/835 4318/944/867
f 3716/5451/4764 3706/1012/927 3703/5449/4762
f 3703/5449/4762 3706/1012/927 3661/950/873
f 4253/818/748 4249/951/874 4271/929/854
f 1854/874/804 1852/1052/962 1853/891/820
f 1875/975/806 2172/984/902 1874/1024/937
f 2124/1026/891 2270/913/840 2125/877/807
f 3664/932/857 3709/915/841 3678/917/842
f 2368/954/877 2215/5454/910 2210/955/878
f 2150/5460/844 2149/961/881 3548/5459/795
f 2937/939/862 2910/937/860 2909/900/828
f 2909/900/828 2908/996/912 2905/921/846
f 4609/1033/945 4639/965/885 4413/964/884
f 4301/868/798 4308/1064/973 4580/1031/943
f 4327/909/836 4319/1042/953 4317/908/835
f 4327/909/836 4323/980/898 4319/1042/953
f 3717/1045/956 3716/5451/4764 4186/948/871
f 3706/1012/927 3654/949/872 3661/950/873
f 1855/1050/961 1852/1052/962 1854/874/804
f 2371/991/811 2370/1020/933 2372/5461/879
f 2901/855/785 2902/963/883 2899/854/784
f 3682/977/895 3609/824/754 3680/867/797
f 4273/906/833 4308/1064/973 4301/868/798
f 3643/1040/951 3679/978/896 3627/869/799
f 3704/979/897 4206/967/887 3689/871/801
f 4330/912/839 4331/968/888 4325/981/899
f 4298/911/838 4284/969/889 4331/968/888
f 2218/5462/909 2374/895/824 2215/5454/910
f 2370/1020/933 2368/994/877 2372/5461/879
f 3709/1017/841 2151/1016/930 3551/5455/843
f 2151/1016/930 2150/5460/844 3551/5455/843
f 2147/962/882 2146/957/880 3550/959/845
f 2899/854/784 2906/1029/941 2900/804/734
f 4266/825/755 4246/1143/1043 4273/906/833
f 4206/967/887 4197/942/865 4207/927/852
f 4317/908/835 4319/1042/953 4318/944/867
f 4189/1007/922 4188/946/869 4195/988/906
f 4185/947/870 3717/1045/956 4186/948/871
f 3716/5451/4764 3717/1045/956 3706/1012/927
f 1874/5452/937 1855/1050/961 1854/874/804
f 1852/1052/962 1797/923/848 1853/891/820
f 2124/1026/891 2269/1002/918 2270/913/840
f 2150/5460/844 2148/995/911 2149/961/881
f 2842/901/829 2844/997/913 2840/811/741
f 2902/963/883 2906/1029/941 2899/854/784
f 2987/1030/942 3037/760/692 2900/804/734
f 3037/763/692 2987/1240/942 3965/887/816
f 3608/941/864 3606/1005/920 3623/904/831
f 3679/978/896 3704/979/897 3666/889/818
f 4192/987/905 4189/1007/922 4195/988/906
f 1848/989/907 1862/953/876 1861/952/875
f 1852/1052/962 1795/1119/1022 1797/923/848
f 1795/1119/1022 1796/1057/967 1797/923/848
f 1802/892/821 1807/930/855 1804/893/822
f 2155/924/849 2180/1001/917 2177/898/826
f 2366/1075/982 2370/1020/933 2371/991/811
f 2910/937/860 2919/936/859 2912/5463/4765
f 4501/761/693 4412/985/903 3190/762/694
f 4246/1143/1043 4247/1062/971 4273/906/833
f 4334/943/866 4288/986/904 4289/922/847
f 4249/951/874 4284/969/889 4271/929/854
f 2173/1051/936 1855/1050/961 1874/5452/937
f 1848/989/907 1863/999/915 1862/953/876
f 1806/1035/947 1801/970/890 1796/1057/967
f 1863/999/915 2126/5464/938 2124/971/891
f 2374/5453/824 4252/1163/1056 4251/5450/4763
f 2369/1096/1000 2374/5465/824 2218/992/909
f 2276/990/908 2366/1075/982 2371/991/811
f 2151/1016/930 2148/995/911 2150/5460/844
f 2145/1028/940 2146/957/880 2147/962/882
f 4247/1062/971 4308/1064/973 4273/906/833
f 4206/967/887 4201/1041/952 4197/942/865
f 4326/945/868 4325/981/899 4323/980/898
f 3717/1045/956 3710/1011/926 3706/1012/927
f 2369/1161/1000 4252/1163/1056 2374/5453/824
f 2366/1075/982 2364/1019/932 2370/1020/933
f 2919/936/859 2920/1004/919 2912/5463/4765
f 2910/937/860 2912/5463/4765 2908/996/912
f 2905/921/846 2906/1029/941 2902/963/883
f 4308/1064/973 4607/1032/944 4580/1031/943
f 4255/840/770 4248/1185/1076 4243/1141/1041
f 4255/840/770 4243/1141/1041 4256/826/756
f 4331/968/888 4339/1010/925 4325/981/899
f 1795/1119/1022 1794/1054/964 1796/1057/967
f 2145/1028/940 2147/962/882 2148/995/911
f 3682/977/895 3614/1169/1062 3609/824/754
f 3609/824/754 3572/1099/1003 3607/940/863
f 4243/1141/1041 4246/1143/1043 4256/826/756
f 4288/986/904 4248/1185/1076 4255/840/770
f 4201/1041/952 4192/987/905 4197/942/865
f 4323/980/898 4320/1043/954 4319/1042/953
f 4324/1044/955 4320/1043/954 4323/980/898
f 4190/1081/988 4184/1008/923 4189/1007/922
f 1224/1055/965 1877/1056/966 1806/1035/947
f 1877/1056/966 1807/930/855 1802/892/821
f 1866/1115/1018 1867/1112/1016 1863/999/915
f 1866/1115/1018 1863/999/915 1848/989/907
f 4251/5450/4763 4235/1048/959 4250/830/760
f 2269/5466/918 2273/1202/968 2276/990/908
f 2365/1027/939 2360/1094/998 2218/992/909
f 2152/1067/976 2148/995/911 2151/1016/930
f 3965/887/816 3961/1443/1295 3966/886/815
f 4639/965/885 4594/1061/970 4408/1166/1059
f 4639/965/885 4408/1166/1059 4411/966/886
f 3614/1169/1062 3572/1099/1003 3609/824/754
f 4308/1064/973 4608/1063/972 4607/1032/944
f 1859/1053/963 1795/1119/1022 1852/1052/962
f 1867/1112/1016 2101/5467/1055 1863/999/915
f 2101/5467/1055 2126/5464/938 1863/999/915
f 4251/5450/4763 4252/1163/1056 4235/1048/959
f 2176/974/893 2175/1073/980 2172/984/902
f 3682/977/895 4168/926/851 3614/1169/1062
f 4321/1022/935 4335/5468/4766 4338/1034/946
f 4339/1010/925 4343/1083/990 4336/1068/977
f 4282/1009/924 4343/1083/990 4339/1010/925
f 3462/1086/993 1877/1069/966 3458/1071/978
f 2273/1202/968 2361/1074/981 2276/990/908
f 2364/1019/932 2360/1094/998 2365/1027/939
f 2905/921/846 2907/1121/1024 2906/1029/941
f 3961/1443/1295 3960/998/914 3966/886/815
f 4168/926/851 4169/1205/1090 3614/1169/1062
f 4335/5468/4766 4287/1065/974 4338/1034/946
f 4205/1079/986 4192/987/905 4201/1041/952
f 4192/987/905 4191/1080/987 4189/1007/922
f 4325/981/899 4328/1101/1005 4324/1044/955
f 3450/1087/994 3458/1071/978 3451/1084/991
f 2268/1105/1009 3462/1086/993 3450/1087/994
f 1982/1158/1053 1867/1112/1016 1866/1115/1018
f 1878/1316/1173 1877/5469/966 3462/5470/993
f 1793/1118/1021 1794/1054/964 1795/1119/1022
f 1878/1303/1173 1811/982/900 1877/1056/966
f 2361/1074/981 2359/1097/1001 2366/1075/982
f 2143/1098/1002 2144/1018/931 2145/1028/940
f 2920/1004/919 2921/1165/1058 2912/5463/4765
f 2912/5463/4765 2915/1308/1177 2908/996/912
f 4288/986/904 4287/1065/974 4248/1185/1076
f 4320/1043/954 4322/1100/1004 4321/1022/935
f 2093/1110/1014 3451/1084/991 3452/1102/1006
f 3454/1103/1007 3451/1084/991 3455/1108/1012
f 2266/5471/1035 2268/1105/1009 3461/1104/1008
f 2091/5472/1051 3453/1177/1069 2093/5473/1014
f 3453/5474/1069 3450/1087/994 2093/1110/1014
f 3459/1107/1011 3450/1087/994 3457/1153/1048
f 3463/1135/1013 3458/1092/978 1219/1091/997
f 1748/1088/995 1858/1049/960 1771/1138/1038
f 2262/1211/1096 1878/1316/1173 3462/5470/993
f 2262/1211/1096 3462/5470/993 2268/1133/1009
f 1979/1113/1017 1867/1112/1016 1982/1158/1053
f 2094/1111/1015 2101/5467/1055 1867/1112/1016
f 1860/1117/1020 1795/1119/1022 1859/1053/963
f 3652/1013/928 3656/1217/1102 3657/973/892
f 2184/1182/1039 2180/1060/917 2144/1018/931
f 2842/901/829 2845/1036/948 2844/997/913
f 2906/1029/941 2907/1121/1024 2930/5475/4767
f 3960/998/914 4169/1205/1090 4168/926/851
f 3571/1077/984 3634/1278/1151 3625/1006/921
f 3642/1123/1026 3694/1078/985 3681/1021/934
f 3465/1152/1047 3464/5476/1081 3460/1106/1010
f 3464/5476/1081 2266/5471/1035 3460/1106/1010
f 2266/5471/1035 3461/1104/1008 3460/1106/1010
f 1346/1126/1029 2093/1110/1014 3452/1102/1006
f 1340/1129/1032 2091/1156/1051 1346/1130/1029
f 2091/1156/1051 2093/5477/1014 1346/1130/1029
f 3460/1106/1010 3459/1107/1011 3457/1153/1048
f 3455/1108/1012 3463/1109/1013 3466/5478/1036
f 2424/1154/1049 3457/1153/1048 3453/5474/1069
f 3457/1153/1048 3450/1087/994 3453/5474/1069
f 2264/1132/1034 2262/1211/1096 2268/1133/1009
f 3690/1046/957 3650/1246/1127 3651/1047/958
f 3656/1217/1102 2161/1059/969 3657/973/892
f 2156/1180/1072 3705/1015/916 2161/5479/969
f 2908/996/912 2914/5480/4768 2907/1121/1024
f 4411/966/886 4410/1183/1074 4412/985/903
f 3626/1039/950 3642/1123/1026 3643/1040/951
f 3695/1209/1094 4205/1079/986 3694/1078/985
f 4335/5468/4766 4299/5481/4769 4287/1065/974
f 4329/1170/1063 4299/5481/4769 4335/5468/4766
f 4205/1079/986 4203/1208/1093 4192/987/905
f 4321/1022/935 4329/1170/1063 4335/5468/4766
f 4324/1044/955 4328/1101/1005 4322/1100/1004
f 3313/1188/1044 3455/1149/1012 3311/1148/1045
f 3299/5482/1066 3454/1103/1007 3313/1144/1044
f 3299/5482/1066 3316/1127/1030 3454/1103/1007
f 3299/1173/1066 3300/1145/1031 3316/1147/1030
f 3691/1131/1033 3650/1246/1127 3690/1046/957
f 2088/1455/1304 3453/1177/1069 2091/5472/1051
f 4249/951/874 4245/1174/1067 4282/1009/924
f 3651/1047/958 3649/1351/1218 3652/1013/928
f 2154/1181/1073 2143/1098/1002 2152/1067/976
f 2930/5475/4767 2939/1122/1025 2906/1029/941
f 4607/1032/944 4593/1343/1210 4594/1061/970
f 4611/1038/949 4607/1032/944 4594/1061/970
f 4246/1143/1043 4242/1142/1042 4247/1062/971
f 3634/1278/1151 3626/1039/950 3625/1006/921
f 4194/1227/1112 4191/1080/987 4192/987/905
f 4194/1227/1112 4193/1124/1027 4191/1080/987
f 3311/1148/1045 3305/1187/1078 3313/1188/1044
f 4336/1068/977 4283/1082/989 4342/1171/1064
f 1339/1155/1050 1342/1197/1084 2091/1156/1051
f 1219/1091/997 1217/1159/1054 3466/1136/1036
f 1358/5483/1085 2088/1455/1304 2091/5472/1051
f 2088/1455/1304 2100/1175/1068 3453/1177/1069
f 1946/1179/1071 1949/1238/1120 1979/1113/1017
f 1979/1113/1017 1949/1238/1120 2094/1111/1015
f 4249/951/874 4235/1048/959 4245/1174/1067
f 2265/1317/1185 1878/1316/1173 2262/1211/1096
f 1948/1301/1171 1947/1157/1052 2042/1116/1019
f 2172/984/902 2174/1318/1186 2131/1089/996
f 2175/1073/980 2174/1318/1186 2172/984/902
f 2156/1180/1072 2152/1067/976 3705/1015/916
f 2915/1308/1177 2914/5480/4768 2908/996/912
f 4594/1061/970 4593/1343/1210 4408/1166/1059
f 4299/5481/4769 4267/1184/1075 4287/1065/974
f 4203/1208/1093 4205/1079/986 3695/1209/1094
f 4203/1208/1093 4202/1256/1136 4194/1227/1112
f 4203/1208/1093 4194/1227/1112 4192/987/905
f 4200/1226/1111 4204/1125/1028 4193/1124/1027
f 3304/1259/1138 3305/1187/1078 3311/1148/1045
f 3298/1172/1065 3301/1261/1079 3300/1145/1031
f 2182/1178/1070 1745/1213/1098 1748/1088/995
f 2089/1314/1183 2100/1175/1068 2088/1455/1304
f 2917/1306/1175 2915/1308/1177 2912/5463/4765
f 4411/966/886 4409/1167/1060 4410/1183/1074
f 4169/1205/1090 3711/1204/1089 3614/1169/1062
f 4241/1206/1091 4608/1063/972 4247/1062/971
f 4329/1170/1063 4292/1225/1110 4299/5481/4769
f 4322/1100/1004 4341/1224/1109 4329/1170/1063
f 4328/1101/1005 4340/1186/1077 4337/1254/1134
f 4328/1101/1005 4337/1254/1134 4322/1100/1004
f 4342/1171/1064 4283/1082/989 4285/1196/1083
f 2341/1231/1115 3465/1192/1047 2342/5484/1046
f 2100/1300/1068 2423/1194/1082 2424/1193/1049
f 3650/1246/1127 3649/1351/1218 3651/1047/958
f 1745/1213/1098 1759/1137/1037 1748/1088/995
f 2094/1267/1015 2274/1120/1023 2101/1160/1055
f 1790/1215/1100 1223/1072/979 1794/1054/964
f 4252/1163/1056 4234/1200/1087 4235/1048/959
f 3603/5485/1101 2156/1180/1072 2161/5479/969
f 2361/1074/981 2357/1219/1104 2359/1097/1001
f 2154/1181/1073 2141/1220/1105 2143/1098/1002
f 2921/1165/1058 2917/1306/1175 2912/5463/4765
f 2907/1121/1024 2942/5486/4770 2930/5475/4767
f 4299/5481/4769 4292/1225/1110 4267/1184/1075
f 3696/1207/1092 4202/1256/1136 4203/1208/1093
f 4337/1254/1134 4341/1224/1109 4322/1100/1004
f 4202/1256/1136 4200/1226/1111 4194/1227/1112
f 4342/1171/1064 4285/1196/1083 4340/1186/1077
f 2423/1194/1082 2421/1229/1114 2342/1195/1046
f 2174/1318/1186 1742/1234/1117 2131/1089/996
f 2367/1201/1086 2358/1293/1164 2361/1074/981
f 2358/1293/1164 2357/1219/1104 2361/1074/981
f 4410/1183/1074 3042/1376/1158 2989/1037/830
f 3963/1239/1121 3961/1443/1295 3965/887/816
f 4241/1206/1091 4610/5487/4771 4608/1063/972
f 3669/1277/1150 3634/1278/1151 3571/1077/984
f 2340/1263/1141 2266/5488/1035 3464/1191/1081
f 1217/1159/1054 1218/1244/1125 3466/1136/1036
f 2156/1180/1072 2158/1285/1157 2154/1181/1073
f 3640/1251/1131 3626/1039/950 3634/1278/1151
f 4337/1254/1134 4296/1242/1123 4295/1253/1133
f 4340/1186/1077 4296/1242/1123 4337/1254/1134
f 3693/1257/1137 4200/1226/1111 3687/1255/1135
f 4285/1196/1083 4245/1174/1067 4244/1279/1152
f 2423/1194/1082 2419/1299/1170 2421/1229/1114
f 2100/1300/1068 2419/1299/1170 2423/1194/1082
f 2263/1315/1184 2265/1317/1185 2262/1211/1096
f 2367/1201/1086 2355/1292/1163 2358/1293/1164
f 2914/5480/4768 2940/1324/1192 2907/1121/1024
f 2914/5480/4768 2916/1356/1222 2940/1324/1192
f 4608/1063/972 4610/5487/4771 4607/1032/944
f 3615/1168/1061 3570/1422/1149 3572/1099/1003
f 4238/1250/1130 4241/1206/1091 4242/1142/1042
f 3641/1223/1108 3644/1252/1132 3642/1123/1026
f 1743/1281/1154 1759/1137/1037 1745/1213/1098
f 3655/1269/1145 3603/1216/1101 3656/1217/1102
f 2358/1293/1164 2347/1284/1156 2357/1219/1104
f 2347/1284/1156 2346/1271/1146 2356/1164/1057
f 2915/1308/1177 2916/1356/1222 2914/5480/4768
f 2942/5486/4770 2956/1607/1438 2930/5475/4767
f 4295/1253/1133 4269/1295/1166 4268/1241/1122
f 3644/1252/1132 3687/1255/1135 3696/1207/1092
f 3302/1288/1160 3305/1187/1078 3304/1259/1138
f 3648/1312/1181 3649/1351/1218 3650/1246/1127
f 3648/1312/1181 3650/1246/1127 3660/1245/1126
f 4245/1174/1067 4235/1048/959 4240/1280/1153
f 2042/1116/1019 1823/1403/1262 1948/1301/1171
f 1823/1403/1262 2042/1116/1019 1814/1014/929
f 2355/1292/1163 2367/1201/1086 2373/5489/1144
f 3603/5485/1101 3605/1352/1198 2156/1180/1072
f 3605/1352/1198 2158/1285/1157 2156/1180/1072
f 2907/1121/1024 2966/1325/1193 2942/5486/4770
f 4610/5487/4771 4612/5490/4772 4607/1032/944
f 3571/1077/984 3670/1421/1179 3669/1277/1150
f 3653/1296/1167 3687/1255/1135 3644/1252/1132
f 4235/1048/959 4223/1290/1161 4232/1349/1216
f 1816/1319/1187 1823/1403/1262 1814/1014/929
f 2921/1165/1058 2924/1305/1174 2917/1306/1175
f 2925/1203/1088 2927/5491/4773 2923/1273/1148
f 2845/1036/948 2944/1375/1237 2844/997/913
f 2939/1122/1025 4016/1465/1208 2987/1030/942
f 4607/1032/944 4612/5490/4772 4593/1343/1210
f 3646/1311/1180 3653/1296/1167 3644/1252/1132
f 3292/1260/1139 3306/5492/4774 3301/1261/1079
f 2335/1360/1226 2336/1243/1124 2337/1262/1140
f 1217/1159/1054 1216/5493/1279 1218/1244/1125
f 3649/1351/1218 3655/1269/1145 3652/1013/928
f 2917/1306/1175 2924/1305/1174 2918/1307/1176
f 2923/1273/1148 3013/1339/1206 2924/1305/1174
f 2915/1308/1177 2918/1307/1176 2916/1356/1222
f 3957/1309/1178 3615/1168/1061 3711/1204/1089
f 4353/1515/1355 4610/5487/4771 4241/1206/1091
f 4238/1250/1130 4230/5494/4775 4241/1206/1091
f 4269/1295/1166 4244/1279/1152 4239/1222/1107
f 3646/1311/1180 3648/1312/1181 3653/1296/1167
f 2425/5495/4776 2337/1262/1140 2341/1231/1115
f 3302/1288/1160 3296/1379/1240 3297/1228/1113
f 3296/1379/1240 3295/1297/1168 3297/1228/1113
f 3306/5492/4774 1338/5496/1142 3301/1261/1079
f 4235/1048/959 4233/1348/1215 4240/1280/1153
f 1218/1244/1125 1216/5493/1279 1225/1232/1116
f 2340/1289/1141 2339/1347/1214 2260/1210/1095
f 2260/1210/1095 2261/1326/1194 2262/1211/1096
f 1743/1281/1154 2043/1214/1099 1759/1137/1037
f 2090/1456/1155 2088/1455/1304 1358/5483/1085
f 2348/1388/1247 2347/1284/1156 2355/1292/1163
f 2345/1387/1246 2346/1271/1146 2347/1284/1156
f 3559/1336/1203 3560/1334/1201 3561/1322/1190
f 3064/1323/1191 3046/1354/1220 3044/1340/1207
f 3013/1339/1206 3052/1337/1204 2924/1305/1174
f 2923/1273/1148 3073/1372/1234 3013/1339/1206
f 4239/1222/1107 4237/1359/1225 4238/1250/1130
f 4239/1222/1107 4244/1279/1152 4237/1359/1225
f 2425/5495/4776 2335/1360/1226 2337/1262/1140
f 3303/1346/1213 3296/1379/1240 3302/1288/1160
f 3295/1297/1168 3292/1260/1139 3298/1172/1065
f 2421/1229/1114 2425/5497/4776 2341/1230/1115
f 1742/1265/1117 1743/1281/1154 1744/1212/1097
f 2043/1214/1099 1793/1118/1021 1860/1117/1020
f 2275/5498/1195 2355/1292/1163 2373/5489/1144
f 2345/1387/1246 2347/1284/1156 2348/1388/1247
f 2353/1332/1199 2346/1271/1146 2345/1387/1246
f 3066/5499/1251 3562/1368/1189 4849/5500/1188
f 3064/1323/1191 3052/1337/1204 3046/1354/1220
f 3013/1339/1206 3073/1372/1234 3071/1338/1205
f 2927/5491/4773 2994/1371/1233 2923/1273/1148
f 2927/5491/4773 2974/1373/1235 2994/1371/1233
f 2925/1203/1088 2928/1399/1258 2927/5491/4773
f 4593/1343/1210 4612/5490/4772 4407/1344/1211
f 4230/5494/4775 4353/1515/1355 4241/1206/1091
f 3670/1421/1179 3604/1358/1224 3669/1277/1150
f 4240/1280/1153 4233/1348/1215 4244/1279/1152
f 3645/1287/1159 3647/1413/1271 3646/1311/1180
f 3647/1413/1271 3648/1312/1181 3646/1311/1180
f 3647/1413/1271 3649/1351/1218 3648/1312/1181
f 3647/1413/1271 3601/1350/1217 3649/1351/1218
f 2421/1229/1114 2420/1362/1227 2425/5497/4776
f 1338/1264/1142 1330/1363/1228 1339/1155/1050
f 2419/1299/1170 2422/1364/1229 2420/1362/1227
f 3601/1350/1217 3598/1329/1196 3655/1269/1145
f 1943/1237/1119 2275/5501/1195 2013/1283/1143
f 2088/1455/1304 2087/1313/1182 2089/1314/1183
f 2275/5498/1195 2352/5502/4777 2355/1292/1163
f 3599/1330/1197 2164/5503/4778 3605/1331/1198
f 4848/5504/1202 3066/5505/1251 4849/5506/1188
f 3052/1337/1204 3066/1392/1251 3050/1353/1219
f 3046/1354/1220 3043/1355/1221 3044/1340/1207
f 2928/1399/1258 2974/1373/1235 2927/5491/4773
f 4238/1250/1130 4226/1500/1341 4230/5494/4775
f 3303/1346/1213 3294/1378/1239 3296/1379/1240
f 2425/5495/4776 2339/1361/1214 2335/1360/1226
f 1945/1236/1118 1941/1365/1230 1943/1237/1119
f 1941/1365/1230 1940/1567/1401 1943/1237/1119
f 2263/5507/1184 1879/1384/1243 1878/1303/1173
f 1816/1319/1187 1818/1432/1285 1823/1403/1262
f 2349/1386/1245 2350/1404/1263 2345/1387/1246
f 2163/1389/1248 2159/1333/1200 3605/1352/1198
f 4847/5508/1287 3066/5505/1251 4848/5504/1202
f 3066/5499/1251 3211/1369/1232 3562/1368/1189
f 3052/1337/1204 3069/1395/1254 3066/1392/1251
f 3073/1372/1234 3072/1406/1264 3071/1338/1205
f 3075/1374/1236 3074/1397/1256 2994/1371/1233
f 3957/1309/1178 3915/1554/1389 3615/1168/1061
f 3604/1358/1224 3677/1377/1238 3640/1251/1131
f 4238/1250/1130 4231/1411/1269 4226/1500/1341
f 4237/1359/1225 4231/1411/1269 4238/1250/1130
f 3290/1540/1376 1338/5496/1142 3306/5492/4774
f 2420/1362/1227 2344/1448/1282 2425/5497/4776
f 2343/1428/1281 2339/1361/1214 2425/5495/4776
f 2165/1402/1261 3599/1330/1197 3598/1329/1196
f 2352/5502/4777 2348/1388/1247 2355/1292/1163
f 2165/1402/1261 2164/5503/4778 3599/1330/1197
f 2351/1474/1318 2349/1386/1245 2348/1388/1247
f 2164/5509/4778 2163/1389/1248 3605/1352/1198
f 3560/1334/1201 3564/1496/1338 3566/1391/1250
f 3559/1336/1203 3563/5510/1286 3564/1496/1338
f 3559/1336/1203 3564/1496/1338 3560/1334/1201
f 3211/1369/1232 3563/5511/1286 3559/1370/1203
f 3566/1391/1250 4847/1458/1287 4848/1335/1202
f 3075/1374/1236 3082/1438/1290 3080/1407/1265
f 3050/1353/1219 3051/1393/1252 3049/1396/1255
f 3075/1374/1236 3079/1408/1266 3074/1397/1256
f 3075/1374/1236 2974/1373/1235 3082/1438/1290
f 2973/1398/1257 3082/1438/1290 2974/1373/1235
f 2929/1463/1310 2928/1399/1258 2925/1203/1088
f 2956/1607/1438 2957/1549/1384 2930/5475/4767
f 4236/1516/1356 4353/1515/1355 4230/5494/4775
f 3677/1377/1238 3600/1466/1312 3645/1287/1159
f 3602/1412/1270 3601/1350/1217 3647/1413/1271
f 3290/1540/1376 3306/5492/4774 3292/1260/1139
f 3290/1540/1376 1331/5512/1280 1338/5496/1142
f 2344/1429/1282 2343/1428/1281 2425/5495/4776
f 2422/1364/1229 2344/1448/1282 2420/1362/1227
f 2339/1347/1214 3446/5513/4 2261/1326/1194
f 3446/5513/4 2263/1315/1184 2261/1326/1194
f 2362/5514/4779 2352/5502/4777 2275/5498/1195
f 2362/5515/4779 2275/5501/1195 1943/1237/1119
f 1743/1281/1154 1789/1600/1432 2043/1214/1099
f 1223/1114/979 1876/5516/1403 1217/1159/1054
f 1823/1403/1262 1818/1432/1285 1941/1365/1230
f 1789/1600/1432 1793/1118/1021 2043/1214/1099
f 1789/1600/1432 1790/1215/1100 1793/1118/1021
f 1790/1215/1100 1876/1569/1403 1223/1072/979
f 2352/5502/4777 2351/1474/1318 2348/1388/1247
f 3069/1395/1254 3070/1394/1253 4850/1433/1273
f 2845/1036/948 2946/1441/1293 2944/1375/1237
f 2930/5475/4767 2958/1464/1311 2939/1122/1025
f 2940/1324/1192 2941/1400/1259 2966/1325/1193
f 3961/1443/1295 3959/1574/1408 3960/998/914
f 3967/1513/1353 3915/1554/1389 3957/1309/1178
f 4353/1515/1355 4612/5490/4772 4610/5487/4771
f 3616/1420/1276 3570/1422/1149 3615/1168/1061
f 3600/1466/1312 3602/1412/1270 3645/1287/1159
f 3291/1380/1241 3290/1540/1376 3292/1260/1139
f 2343/1428/1281 3446/5517/4 2339/1361/1214
f 1217/1159/1054 1213/1708/1534 1216/5493/1279
f 3595/1401/1260 3590/1469/1315 2165/1402/1261
f 1876/5516/1403 1213/1708/1534 1217/1159/1054
f 2052/1491/1334 2092/1327/1169 2087/1313/1182
f 1940/1567/1401 2362/5515/4779 1943/1237/1119
f 2354/1450/1299 2350/1404/1263 2349/1386/1245
f 2121/1453/1302 2162/1390/1249 1774/1431/1284
f 2120/1385/1244 2162/1390/1249 2121/1453/1302
f 3070/1394/1253 3565/1479/1323 4850/1433/1273
f 3072/1406/1264 3565/1479/1323 3070/1394/1253
f 2941/1400/1259 3043/1355/1221 3045/1462/1309
f 2942/5486/4770 2966/1325/1193 2961/1627/1456
f 4016/1341/1208 3962/1442/1294 3963/1239/1121
f 4353/1515/1355 4613/5518/4780 4612/5490/4772
f 3604/1358/1224 3600/1466/1312 3677/1377/1238
f 4233/1348/1215 4225/1444/1296 4231/1411/1269
f 3602/1412/1270 3593/1424/1278 3601/1350/1217
f 3282/1345/1212 3293/1445/1297 3303/1346/1213
f 3447/1427/5 3446/5517/4 2343/1428/1281
f 2092/1327/1169 3445/1471/1298 2422/5519/1229
f 2267/5520/1317 2263/1315/1184 3446/5513/4
f 1774/1431/1284 2164/5509/4778 2165/5521/1261
f 1738/1452/1301 1742/1265/1117 1747/1367/1231
f 1334/5522/4781 2090/1282/1155 1342/1197/1084
f 2362/5514/4779 1930/1475/1319 2352/5502/4777
f 1930/1475/1319 2351/1474/1318 2352/5502/4777
f 1774/1431/1284 2163/1389/1248 2164/5509/4778
f 1939/1566/1400 1941/1365/1230 1818/1432/1285
f 4847/1458/1287 3567/1457/1305 3067/5523/1274
f 3565/1479/1323 3563/1434/1286 4850/1433/1273
f 3074/1397/1256 3076/1499/1340 3072/1406/1264
f 3082/1438/1290 3189/1460/1307 3081/1436/1288
f 2973/1398/1257 3189/1460/1307 3082/1438/1290
f 2928/1399/1258 2929/1463/1310 2973/1398/1257
f 2930/5475/4767 2957/1549/1384 2958/1464/1311
f 4612/5490/4772 4613/5518/4780 4407/1344/1211
f 4221/1502/1343 4236/1516/1356 4230/5494/4775
f 4230/5494/4775 4226/1500/1341 4221/1502/1343
f 3671/1517/1357 3604/1358/1224 3670/1421/1179
f 4231/1411/1269 4222/1485/1329 4226/1500/1341
f 4225/1444/1296 4222/1485/1329 4231/1411/1269
f 1330/1363/1228 1334/5522/4781 1342/1197/1084
f 2099/5524/1347 1774/1431/1284 2165/5521/1261
f 2099/5524/1347 1777/1476/1320 1774/1431/1284
f 1739/1477/1321 1746/1451/1300 1774/1431/1284
f 2045/1493/1336 1879/1384/1243 2263/5507/1184
f 2045/1493/1336 2263/5507/1184 2267/1472/1317
f 1819/1527/1364 1817/1302/1172 1879/1384/1243
f 3564/1496/1338 3144/5525/4782 3567/1457/1305
f 3564/1496/1338 3567/1457/1305 3566/1391/1250
f 3563/5510/1286 3565/5526/1323 3564/1496/1338
f 3072/1406/1264 3076/1499/1340 3167/1480/1324
f 3078/1437/1289 3077/1498/1339 3074/1397/1256
f 3078/1437/1289 3074/1397/1256 3079/1408/1266
f 2845/1036/948 3042/1286/1158 2947/1440/1292
f 2942/5486/4770 2961/1627/1456 2956/1607/1438
f 4408/1166/1059 4404/1610/1441 4409/1167/1060
f 4405/1410/1268 4404/1610/1441 4408/1166/1059
f 3915/1554/1389 3906/1553/1388 3615/1168/1061
f 3906/1553/1388 3616/1420/1276 3615/1168/1061
f 3616/1420/1276 3671/1517/1357 3670/1421/1179
f 3597/1519/1359 3596/1503/1344 3604/1358/1224
f 4222/1485/1329 4216/1501/1342 4226/1500/1341
f 3596/1503/1344 3600/1466/1312 3604/1358/1224
f 4225/1444/1296 4219/1381/1242 4217/1484/1328
f 3593/1424/1278 3591/1468/1314 3595/1401/1260
f 3312/1487/1331 3291/1380/1241 3295/1297/1168
f 3279/1486/1330 3295/1297/1168 3294/1378/1239
f 2099/1506/1347 2165/1402/1261 3590/1469/1315
f 1738/1452/1301 1737/1545/1381 1742/1265/1117
f 1737/1545/1381 1743/1281/1154 1742/1265/1117
f 1940/1567/1401 1935/1712/1537 2362/5515/4779
f 1819/1527/1364 1818/1432/1285 1817/1302/1172
f 3564/1496/1338 3568/1495/1337 3144/5525/4782
f 3060/1439/1291 3063/1419/1275 3147/1548/1383
f 4613/5518/4780 4406/5527/4783 4407/1344/1211
f 4221/1502/1343 4229/1514/1354 4236/1516/1356
f 3671/1517/1357 3597/1519/1359 3604/1358/1224
f 4217/1484/1328 4216/1501/1342 4222/1485/1329
f 4219/1381/1242 4212/1467/1313 4217/1484/1328
f 3590/1469/1315 3592/1504/1345 2099/1506/1347
f 3329/1613/1444 3281/1423/1277 1216/1425/1279
f 1213/1708/1534 3329/1710/1444 1216/5493/1279
f 4354/5528/1316 2129/1563/1363 4224/1521/1348
f 3675/1523/1346 1777/1476/1320 2099/5524/1347
f 2129/1525/1363 4354/5529/1316 1987/1526/1333
f 1930/1547/1319 1927/1524/1362 1987/1526/1333
f 1728/1542/1378 1739/1477/1321 1777/1476/1320
f 3067/1418/1274 3567/5530/1305 3119/1509/1349
f 3175/1459/1306 3155/1510/1350 3081/1436/1288
f 4409/1167/1060 4404/1610/1441 4402/1342/1209
f 4353/1515/1355 4348/1532/1368 4613/5518/4780
f 4221/1502/1343 4218/1558/1393 4229/1514/1354
f 4217/1484/1328 4211/1534/1370 4216/1501/1342
f 4217/1484/1328 4212/1467/1313 4211/1534/1370
f 3589/1537/1373 3590/1469/1315 3591/1468/1314
f 3589/1537/1373 3592/1504/1345 3590/1469/1315
f 3312/1487/1331 3288/1539/1375 3291/1380/1241
f 3699/1562/1397 3700/1596/1361 3675/1505/1346
f 1935/1712/1537 1931/1650/1478 2362/5515/4779
f 1931/1650/1478 1930/1547/1319 2362/5515/4779
f 3167/1480/1324 3076/1499/1340 3083/5531/1366
f 3045/1462/1309 3055/1605/1436 3056/1482/1326
f 3047/1461/1308 3053/1531/1367 3045/1462/1309
f 3959/1574/1408 3958/1357/1223 3960/998/914
f 4407/1344/1211 4406/5527/4783 4405/1410/1268
f 3967/1513/1353 3954/1552/1387 3915/1554/1389
f 3616/1420/1276 3903/1555/1390 3671/1517/1357
f 4275/1557/1392 4348/1532/1368 4229/1514/1354
f 4218/1558/1393 4275/1557/1392 4229/1514/1354
f 4221/1502/1343 4216/1501/1342 4218/1558/1393
f 4216/1501/1342 4215/1536/1372 4218/1558/1393
f 4216/1501/1342 4211/1534/1370 4215/1536/1372
f 3594/1533/1369 3593/1424/1278 3596/1503/1344
f 3594/1533/1369 3589/1537/1373 3593/1424/1278
f 3589/1537/1373 3591/1468/1314 3593/1424/1278
f 4211/1534/1370 4209/1520/1360 4208/1535/1371
f 3289/1541/1377 3327/1620/1450 1331/5512/1280
f 3289/1541/1377 1331/5512/1280 3290/1540/1376
f 3567/5530/1305 3144/5532/4782 3119/1509/1349
f 3568/1495/1337 3569/1528/1365 3144/5525/4782
f 2966/1325/1193 2967/1483/1327 2961/1627/1456
f 3672/1518/1358 3671/1517/1357 3903/1555/1390
f 3672/1518/1358 3673/1576/1410 3594/1533/1369
f 3673/1576/1410 3589/1537/1373 3594/1533/1369
f 4210/1559/1394 4228/1560/1395 4208/1535/1371
f 4224/1521/1348 4228/1560/1395 4209/1520/1360
f 4224/1521/1348 4346/1594/1428 4228/1560/1395
f 3674/1561/1396 3675/1505/1346 3589/1537/1373
f 3280/1538/1374 3282/1345/1212 3281/1423/1277
f 4224/1521/1348 4351/1564/1398 4346/1594/1428
f 1725/1582/1416 1728/1542/1378 3700/1522/1361
f 1931/1650/1478 1928/1546/1382 1930/1547/1319
f 3063/1419/1275 3119/1509/1349 3146/1570/1404
f 3076/1499/1340 3077/1498/1339 3083/5531/1366
f 3045/1462/1309 3054/1604/1435 3055/1605/1436
f 3045/1462/1309 3053/1531/1367 3054/1604/1435
f 2963/1550/1385 3962/1685/1294 4016/1465/1208
f 4348/1532/1368 4399/5533/4784 4613/5518/4780
f 4208/1535/1371 4228/1560/1395 4220/1556/1391
f 3327/1639/1450 1330/1363/1228 1331/1426/1280
f 3700/1596/1361 3699/1562/1397 3914/1580/1414
f 1927/1524/1362 2130/5534/1415 2129/1525/1363
f 1723/1583/1417 1726/1543/1379 1728/1542/1378
f 2046/1565/1399 1819/1527/1364 2045/1493/1336
f 3569/1601/1365 3118/5535/4785 3144/5532/4782
f 3083/5531/1366 3142/1602/1433 3569/1601/1365
f 3077/1498/1339 3142/1602/1433 3083/5531/1366
f 3068/1585/1419 3061/1481/1325 3147/1548/1383
f 3175/1459/1306 2973/1398/1257 3176/1588/1422
f 2929/1463/1310 3176/1588/1422 2973/1398/1257
f 4405/1410/1268 4400/1609/1440 4404/1610/1441
f 4406/5527/4783 4400/1609/1440 4405/1410/1268
f 4613/5518/4780 4399/5533/4784 4406/5527/4783
f 4347/1575/1409 4399/5533/4784 4348/1532/1368
f 3904/1591/1425 3672/1518/1358 3903/1555/1390
f 3280/1538/1374 3276/1577/1411 3293/1445/1297
f 4346/1594/1428 4350/1593/1427 4345/1592/1426
f 2130/1581/1415 4350/1593/1427 4351/1564/1398
f 1927/1524/1362 4352/1625/1445 2130/5534/1415
f 2051/5536/4786 2048/1623/1453 2047/1492/1335
f 2051/5536/4786 2047/1492/1335 2052/1491/1334
f 1938/1598/1430 1935/1712/1537 1940/1567/1401
f 3119/1509/1349 3144/5532/4782 3118/5535/4785
f 3569/1601/1365 3113/1603/1434 3118/5535/4785
f 3077/1498/1339 3155/1510/1350 3153/1668/1496
f 2946/1441/1293 2975/1589/1423 2959/1571/1405
f 4347/1575/1409 4382/1644/1472 4399/5533/4784
f 4344/1590/1424 4382/1644/1472 4347/1575/1409
f 4345/1592/1426 4349/1622/1452 4344/1590/1424
f 3286/1619/1449 3289/1541/1377 3288/1539/1375
f 4345/1592/1426 4350/1593/1427 4349/1622/1452
f 3908/1579/1413 3913/1595/1429 3914/1580/1414
f 4171/5537/1560 1725/1582/1416 3913/1597/1429
f 3153/1668/1496 3155/1510/1350 3157/1666/1494
f 3174/1587/1421 3157/1666/1494 3155/1510/1350
f 4344/1590/1424 4381/1660/1488 4382/1644/1472
f 4349/1622/1452 4381/1660/1488 4344/1590/1424
f 3905/1611/1442 3908/1579/1413 3904/1591/1425
f 3278/1661/1489 3288/1539/1375 3312/1487/1331
f 4352/1614/1445 4492/1621/1451 4350/1593/1427
f 2087/1313/1182 2051/5536/4786 2052/1491/1334
f 1788/1568/1402 1790/1215/1100 1789/1600/1432
f 2945/1511/1351 2948/1672/1500 2929/1463/1310
f 2947/1440/1292 3038/1617/1407 2975/1589/1423
f 4402/1342/1209 4400/1609/1440 4401/1628/1457
f 4406/5527/4783 4399/5533/4784 4400/1609/1440
f 4383/5538/4787 4381/1660/1488 4349/1622/1452
f 3905/1611/1442 3909/1636/1465 3908/1579/1413
f 3278/1661/1489 3286/1619/1449 3288/1539/1375
f 3286/1619/1449 1329/5539/1467 3327/1620/1450
f 4492/1621/1451 4383/5538/4787 4349/1622/1452
f 3909/1636/1465 3913/1595/1429 3908/1579/1413
f 3119/1509/1349 3106/1630/1459 3146/1570/1404
f 3118/5535/4785 3113/1603/1434 3102/1652/1480
f 3077/1498/1339 3153/1668/1496 3142/1602/1433
f 2948/1672/1500 3176/1588/1422 2929/1463/1310
f 2959/1571/1405 2960/1671/1499 2945/1511/1351
f 2956/1607/1438 2961/1627/1456 2962/1608/1439
f 3959/1574/1408 3955/1551/1386 3958/1357/1223
f 4400/1609/1440 4398/1646/1474 4401/1628/1457
f 4399/5533/4784 4398/1646/1474 4400/1609/1440
f 4382/1644/1472 4398/1646/1474 4399/5533/4784
f 3911/1618/1448 3907/1629/1458 3903/1555/1390
f 3280/1538/1374 3273/1647/1475 3276/1577/1411
f 4352/1614/1445 4596/5540/1508 4492/1621/1451
f 1926/1624/1454 4596/1681/1508 4352/1625/1445
f 3118/5535/4785 3102/1652/1480 3119/1509/1349
f 2975/1589/1423 2983/1642/1470 2959/1571/1405
f 3278/1661/1489 3312/1487/1331 3277/1578/1412
f 1733/1741/1564 1736/1544/1380 1735/1615/1446
f 2085/1735/1558 2087/1313/1182 2086/1454/1303
f 3176/1588/1422 2948/1672/1500 3178/1689/1515
f 3054/1604/1435 3086/1641/1469 3057/1715/1540
f 3054/1604/1435 3057/1715/1540 3055/1605/1436
f 4414/1694/1520 4415/1655/1483 4403/1572/1406
f 4401/1628/1457 4414/1694/1520 4403/1572/1406
f 4397/1645/1473 4421/1656/1484 4398/1646/1474
f 3907/1629/1458 3916/1707/1533 3910/1635/1464
f 4381/1660/1488 4383/5538/4787 4372/1658/1486
f 1925/1616/1447 1926/1624/1454 1927/1524/1362
f 2961/1627/1456 2968/1626/1455 2965/1673/1501
f 4401/1628/1457 4421/1656/1484 4414/1694/1520
f 3916/1707/1533 3912/1662/1490 3910/1635/1464
f 3285/1697/1523 1329/5539/1467 3286/1619/1449
f 1724/1651/1479 1727/1663/1491 1726/1543/1379
f 2087/1313/1182 2085/1735/1558 2051/5536/4786
f 3142/1602/1433 3105/5541/4788 3113/1603/1434
f 3153/1668/1496 3143/1667/1495 3142/1602/1433
f 3174/1587/1421 3181/5542/4789 3157/1666/1494
f 3055/1605/1436 3057/1715/1540 3058/1690/1516
f 3968/5543/4790 3959/1574/1408 3964/1634/1463
f 3968/5543/4790 3970/1676/1503 3959/1574/1408
f 3285/1697/1523 3286/1619/1449 3278/1661/1489
f 3285/1697/1523 1332/1763/1545 1329/5539/1467
f 1731/1664/1492 1733/1741/1564 1735/1615/1446
f 4176/5544/4791 1725/1582/1416 4171/5537/1560
f 4492/1621/1451 4491/1863/1677 4383/5538/4787
f 1333/1723/1546 1334/5522/4781 1330/1363/1228
f 2049/1687/1513 2046/1565/1399 2048/1623/1453
f 1820/1584/1418 1937/1711/1536 1939/1566/1400
f 3157/1666/1494 3154/1788/1607 3143/1667/1495
f 3055/1605/1436 3058/1690/1516 3062/1606/1437
f 2959/1571/1405 2979/1725/1548 2960/1671/1499
f 2962/1608/1439 2977/1684/1511 2963/1550/1385
f 2961/1627/1456 2965/1673/1501 2964/1691/1517
f 2049/1687/1513 2048/1623/1453 2051/5536/4786
f 2123/1949/1712 4492/1621/1451 4596/5540/1508
f 1741/1700/1526 1736/1544/1380 1733/1741/1564
f 2090/1456/1155 2084/1771/1591 2086/1454/1303
f 3105/5541/4788 3101/1705/1531 3113/1603/1434
f 3143/1667/1495 3114/1790/1609 3142/1602/1433
f 2982/1674/1502 2979/1725/1548 2959/1571/1405
f 4415/1655/1483 4417/1693/1519 4416/1654/1482
f 2051/5536/4786 2068/1734/1557 2049/1687/1513
f 1937/1711/1536 1938/1598/1430 1939/1566/1400
f 1935/1712/1537 1932/1649/1477 1931/1650/1478
f 1925/1616/1447 1922/1680/1507 1926/1624/1454
f 4176/5544/4791 1715/1682/1509 1725/1582/1416
f 3142/1602/1433 3114/1790/1609 3105/5541/4788
f 3157/1666/1494 3181/5542/4789 3154/1788/1607
f 3174/1587/1421 3177/1670/1498 3181/5542/4789
f 3058/1690/1516 3057/1715/1540 3059/1724/1547
f 2960/1671/1499 2986/5545/1542 2948/1672/1500
f 3964/1634/1463 3973/1729/1552 3968/5543/4790
f 3971/1731/1554 3970/1676/1503 3968/5543/4790
f 3971/1731/1554 3972/1746/1569 3970/1676/1503
f 3972/1746/1569 3969/1657/1485 3970/1676/1503
f 4491/1863/1677 4372/1658/1486 4383/5538/4787
f 4492/1621/1451 2123/1949/1712 4491/1863/1677
f 2051/5536/4786 2085/1735/1558 2068/1734/1557
f 2068/1734/1557 2053/1736/1559 2049/1687/1513
f 1740/1599/1431 1781/1820/1635 1789/1600/1432
f 1348/1769/1588 2084/1771/1591 2090/1456/1155
f 2084/1771/1591 2085/1735/1558 2086/1454/1303
f 2050/1665/1493 1822/1752/1575 1819/1527/1364
f 1822/1752/1575 1821/1678/1505 1819/1527/1364
f 3102/1652/1480 3098/1786/1605 3096/1704/1530
f 3102/1652/1480 3101/1705/1531 3098/1786/1605
f 4421/1656/1484 4422/1677/1504 4418/1692/1518
f 3271/1686/1512 3272/1679/1506 3273/1647/1475
f 1333/1723/1546 1348/1766/1588 2090/1282/1155
f 1333/1723/1546 2090/1282/1155 1334/5522/4781
f 1781/1820/1635 1788/1568/1402 1789/1600/1432
f 1821/1678/1505 1824/1701/1527 1820/1584/1418
f 3143/1667/1495 3154/1788/1607 3114/1790/1609
f 2960/1671/1499 2980/1726/1549 2986/5545/1542
f 2983/1642/1470 2981/1727/1550 2982/1674/1502
f 3973/1729/1552 3971/1731/1554 3968/5543/4790
f 4418/1692/1518 4419/1799/1617 4417/1693/1519
f 4418/1692/1518 4420/1728/1551 4419/1799/1617
f 3974/1747/1570 3972/1746/1569 3971/1731/1554
f 3269/1809/1626 3272/1679/1506 3271/1686/1512
f 1729/1699/1525 1731/1664/1492 1727/1663/1491
f 1935/1712/1537 1934/1796/1614 1932/1649/1477
f 3105/5541/4788 3103/1754/1577 3101/1705/1531
f 2965/1673/1501 2969/1760/1583 2964/1691/1517
f 3962/1442/1294 3996/1840/1655 3964/1634/1463
f 3975/1730/1553 3974/1747/1570 3971/1731/1554
f 3283/1695/1521 3287/1732/1555 3284/1696/1522
f 1937/1711/1536 1936/1743/1566 1935/1712/1537
f 1936/1743/1566 1934/1796/1614 1935/1712/1537
f 3105/5541/4788 3114/1790/1609 3103/1754/1577
f 3149/1688/1514 3087/1683/1510 3150/1744/1567
f 3177/1670/1498 3179/1716/1541 3181/5542/4789
f 2630/5546/1543 3179/1716/1541 3178/1689/1515
f 2986/1718/1542 2980/5547/1549 2630/1720/1543
f 2964/1691/1517 2976/1761/1584 2977/1684/1511
f 3269/5548/4792 3400/1783/1602 3272/5549/1506
f 1215/1780/1535 3270/1612/1443 3329/1613/1444
f 2084/1771/1591 2083/1733/1556 2085/1735/1558
f 1825/1923/1731 1824/1701/1527 1821/1678/1505
f 3181/5542/4789 3172/1849/1664 3154/1788/1607
f 2965/1673/1501 3020/1773/1593 2969/1760/1583
f 4422/1677/1504 4423/1798/1616 4420/1728/1551
f 3283/1695/1521 3344/1748/1571 3314/1777/1597
f 3400/1783/1602 3401/1782/1601 3343/5550/1562
f 3343/5550/1562 3272/5549/1506 3400/1783/1602
f 3275/1698/1524 3344/1748/1571 3283/1695/1521
f 3403/1784/1603 3344/1748/1571 3343/1739/1562
f 1876/5516/1403 1214/1827/1642 1213/1708/1534
f 1933/1804/1622 1925/1616/1447 1932/1649/1477
f 1822/1752/1575 1825/1923/1731 1821/1678/1505
f 3096/1704/1530 3097/1787/1606 3095/1753/1576
f 3101/1705/1531 3100/1755/1578 3098/1786/1605
f 3093/1640/1468 3092/1772/1592 3091/1713/1538
f 3087/1683/1510 3089/1757/1580 3150/1744/1567
f 2630/5546/1543 3180/5551/4793 3179/1716/1541
f 2983/1642/1470 3041/1675/1471 2981/1727/1550
f 3314/1777/1597 3287/1732/1555 3283/1695/1521
f 3287/1732/1555 3307/1762/1585 3285/1697/1523
f 3270/1612/1443 3269/1809/1626 3271/1686/1512
f 3401/1782/1601 3403/1794/1603 3343/5550/1562
f 1730/1785/1604 1731/1664/1492 1729/1699/1525
f 2083/1733/1556 2053/1736/1559 2068/1734/1557
f 2074/1803/1621 2054/1749/1572 2053/1736/1559
f 1719/1738/1561 1729/1699/1525 1724/1651/1479
f 2073/1768/1590 2084/1771/1591 1348/1769/1588
f 3092/1772/1592 3090/1756/1579 3091/1713/1538
f 3308/1778/1598 3307/1762/1585 3287/1732/1555
f 1335/1808/1586 1332/1763/1545 3307/1762/1585
f 3269/5548/1626 3402/1781/1600 3400/1783/1602
f 2083/1733/1556 2074/1803/1621 2053/1736/1559
f 1923/1767/1589 1925/1616/1447 1933/1804/1622
f 2073/1768/1590 2074/1803/1621 2083/1733/1556
f 2980/5547/1549 3180/5552/4793 2630/1720/1543
f 522/1887/1595 3996/1840/1655 3962/1442/1294
f 2056/1802/1620 2055/1750/1573 2054/1749/1572
f 1934/1796/1614 1933/1804/1622 1932/1649/1477
f 1942/1742/1565 1944/1795/1613 1936/1743/1566
f 1922/1680/1507 2123/1902/1712 4596/1681/1508
f 3154/1788/1607 3172/1849/1664 3115/1789/1608
f 3179/1716/1541 3186/5553/4794 3181/5542/4789
f 3984/1745/1568 3969/1657/1485 3972/1746/1569
f 3100/1755/1578 3099/1805/1623 3098/1786/1605
f 3114/1790/1609 3115/1789/1608 3103/1754/1577
f 3181/5542/4789 3186/5553/4794 3172/1849/1664
f 2980/5547/1549 2582/5554/4795 3180/5552/4793
f 2585/5555/1594 2582/5554/4795 2980/5547/1549
f 3268/1810/1627 3326/1800/1618 3402/1811/1600
f 1337/1801/1619 1347/5556/1615 1336/1765/1587
f 4419/1799/1617 4436/1839/1654 4417/1693/1519
f 4381/1660/1488 4355/1815/1631 4382/1644/1472
f 3314/1777/1597 3310/1855/1670 3308/1778/1598
f 1876/5516/1403 1791/2226/1721 1214/1827/1642
f 1967/1702/1528 1933/1804/1622 1944/1795/1613
f 1967/1702/1528 1923/1767/1589 1933/1804/1622
f 1788/1568/1402 1791/1913/1721 1876/1569/1403
f 1787/1819/1634 1791/1913/1721 1788/1568/1402
f 3095/1753/1576 3107/1823/1638 3110/1822/1637
f 3089/1757/1580 3141/1833/1648 3150/1744/1567
f 3179/1716/1541 3195/5557/4796 3186/5553/4794
f 3180/5551/4793 3195/5557/4796 3179/1716/1541
f 3309/1842/1657 3307/1762/1585 3308/1778/1598
f 3267/1826/1641 3270/1612/1443 3322/1779/1599
f 2057/1828/1643 1822/1752/1575 2071/1751/1574
f 1732/1740/1563 1767/1848/1663 1740/1599/1431
f 1722/1830/1645 1734/1829/1644 1730/1785/1604
f 1734/1829/1644 1773/1847/1662 1732/1740/1563
f 1773/1847/1662 1767/1848/1663 1732/1740/1563
f 1767/1848/1663 1781/1820/1635 1740/1599/1431
f 3180/5551/4793 3194/5558/1685 3195/5557/4796
f 3180/5552/4793 2582/5554/4795 3194/1871/1685
f 3268/1810/1627 3310/1855/1670 3314/1777/1597
f 1757/1845/1660 1773/1847/1662 1734/1829/1644
f 1347/1797/1615 2072/1821/1636 2073/1768/1590
f 4423/1798/1616 4433/1959/1763 4419/1799/1617
f 1722/1830/1645 1749/1844/1659 1734/1829/1644
f 3116/1813/1629 3112/2004/1799 3103/1754/1577
f 3115/1789/1608 3117/5559/4797 3116/1813/1629
f 3267/1826/1641 3264/1888/1701 3268/1810/1627
f 3267/1826/1641 3268/1810/1627 3269/1809/1626
f 1719/1738/1561 1721/5560/4798 1722/1830/1645
f 1345/1880/1694 1347/5556/1615 1337/1801/1619
f 1924/1860/1674 1929/1837/1652 1968/1836/1651
f 3099/1805/1623 3100/1755/1578 3109/1861/1675
f 2585/5555/1594 2581/1907/1717 2582/5554/4795
f 3981/2216/1989 3975/1730/1553 3973/1729/1552
f 1721/5560/4798 1749/1844/1659 1722/1830/1645
f 1751/1868/1682 1752/1869/1683 1772/1846/1661
f 1345/5561/1694 2072/1821/1636 1347/1797/1615
f 3103/1754/1577 3111/5562/4799 3100/1755/1578
f 3115/1789/1608 3173/1850/1665 3117/5559/4797
f 3172/1849/1664 3186/5553/4794 3173/1850/1665
f 3186/5553/4794 3195/5557/4796 3188/1962/1766
f 3194/1871/1685 2582/5554/4795 2583/1872/1686
f 2585/5555/1594 3015/1908/1688 2581/1907/1717
f 2981/1727/1550 3015/1874/1688 2585/1774/1594
f 4419/1799/1617 4433/1959/1763 4436/1839/1654
f 3907/1629/1458 3923/1879/1693 3916/1707/1533
f 3264/1888/1701 3310/1855/1670 3268/1810/1627
f 1924/1860/1674 1968/1836/1651 1977/1875/1689
f 1718/1858/1672 1721/5560/4798 1719/1738/1561
f 1921/1892/1704 1908/1885/1699 1922/1680/1507
f 1921/1892/1704 1922/1680/1507 1923/1767/1589
f 3195/5557/4796 3194/5558/1685 3188/1962/1766
f 2582/5554/4795 2581/1907/1717 2580/1934/1742
f 4436/1839/1654 4433/1959/1763 4430/2240/2010
f 4397/1645/1473 4487/2118/1898 4422/1677/1504
f 4368/1721/1544 4364/2039/1828 4369/1659/1487
f 3921/1648/1476 4176/5563/4791 4171/1737/1560
f 2057/1828/1643 2060/1924/1732 1822/1752/1575
f 2060/1924/1732 1825/1923/1731 1822/1752/1575
f 1975/1900/1710 1972/1876/1690 1977/1875/1689
f 1345/5561/1694 2070/1883/1697 2072/1821/1636
f 1921/1892/1704 1923/1767/1589 1924/1860/1674
f 3194/5558/1685 2632/5564/1687 3188/1962/1766
f 2582/5554/4795 2580/1934/1742 2583/1872/1686
f 3208/2026/1692 574/1911/1719 521/1910/1653
f 521/1910/1653 517/1893/1705 522/1895/1595
f 3260/1889/1702 3309/1842/1657 3310/1855/1670
f 1215/1709/1535 3315/5565/1706 3322/5566/1599
f 1782/1859/1673 1780/1918/1726 1781/1820/1635
f 3111/5562/4799 3109/1861/1675 3100/1755/1578
f 3110/1822/1637 3135/1929/1737 3136/1877/1691
f 3107/1823/1638 3135/1929/1737 3110/1822/1637
f 3103/1754/1577 3112/2004/1799 3111/5562/4799
f 3186/5553/4794 3185/1964/1768 3173/1850/1665
f 1977/1875/1689 1976/1901/1711 1975/1900/1710
f 1749/1844/1659 1750/1954/1758 1751/1868/1682
f 3186/5553/4794 3188/1962/1766 3185/1964/1768
f 2581/1907/1717 2579/1906/1716 2580/1934/1742
f 1344/1988/1748 1341/1843/1658 3259/1807/1625
f 1344/1941/1748 1343/1865/1679 1341/1856/1658
f 3267/1826/1641 3265/1921/1729 3264/1888/1701
f 1750/1954/1758 1749/1844/1659 1721/5560/4798
f 1971/5567/4800 1970/1882/1696 1972/1876/1690
f 1715/1682/1509 1714/1927/1735 1718/1858/1672
f 3107/1823/1638 3134/1904/1714 3135/1929/1737
f 3111/5562/4799 3121/2006/1801 3109/1861/1675
f 3173/1850/1665 3162/1984/1785 3117/5559/4797
f 3185/1964/1768 3162/1984/1785 3173/1850/1665
f 521/1910/1653 520/1909/1718 517/1893/1705
f 1750/1954/1758 1752/1869/1683 1751/1868/1682
f 1752/1869/1683 1753/1953/1757 1756/1870/1684
f 2059/1881/1695 2060/1924/1732 2057/1828/1643
f 1714/1927/1735 1750/1954/1758 1718/1858/1672
f 1750/1954/1758 1721/5560/4798 1718/1858/1672
f 3111/5562/4799 3112/2004/1799 3121/2006/1801
f 3141/1833/1648 3159/1930/1738 3165/1824/1639
f 3193/1852/1667 3191/1851/1666 3168/1932/1740
f 581/5568/4801 520/1909/1718 574/1911/1719
f 3996/1840/1655 3981/2216/1989 3973/1729/1552
f 1214/1827/1642 3315/5565/1706 1215/1709/1535
f 1971/5567/4800 1972/1876/1690 1973/1899/1709
f 1971/5567/4800 1920/1980/1781 1970/1882/1696
f 1920/1980/1781 1921/1892/1704 1970/1882/1696
f 3396/1914/1722 1344/1988/1748 3259/1807/1625
f 1750/1954/1758 1753/1953/1757 1752/1869/1683
f 1974/1981/1782 1971/5567/4800 1973/1899/1709
f 1868/1925/1733 1977/1875/1689 1824/1701/1527
f 4176/5544/4791 1713/1926/1734 1715/1682/1509
f 3121/2006/1801 3122/5569/4802 3109/1861/1675
f 3117/5559/4797 3138/2049/1838 3116/1813/1629
f 581/5568/4801 519/1938/1745 520/1909/1718
f 520/1909/1718 519/1938/1745 517/1893/1705
f 1343/1865/1679 2065/1943/1724 2070/1891/1697
f 1753/1953/1757 1755/1917/1725 1756/1870/1684
f 1826/5570/4803 1868/1925/1733 1824/1701/1527
f 3116/1813/1629 3138/2049/1838 3112/2004/1799
f 3168/1932/1740 3191/1851/1666 3170/1931/1739
f 2632/5564/1687 2633/1963/1767 3188/1962/1766
f 2579/1906/1716 2577/2033/1822 2580/1934/1742
f 2584/1905/1715 2578/1985/1786 2579/1906/1716
f 4423/1798/1616 4422/1677/1504 4424/1958/1762
f 2066/5571/4804 2064/1897/1707 2065/1916/1724
f 1976/1901/1711 1974/1981/1782 1973/1899/1709
f 3122/5569/4802 3133/1928/1736 3109/1861/1675
f 2580/1934/1742 2577/2033/1822 2574/1935/1743
f 2579/1906/1716 2578/1985/1786 2577/2033/1822
f 4382/1644/1472 4357/1945/1751 4397/1645/1473
f 3339/1960/1764 3396/5572/1722 3395/1947/1753
f 1349/1942/1749 1343/1865/1679 3258/1940/1747
f 2061/1951/1755 2062/1937/1744 2060/1924/1732
f 2061/1951/1755 2060/1924/1732 2059/1881/1695
f 1920/1980/1781 1908/1885/1699 1921/1892/1704
f 3135/1929/1737 3130/1955/1759 3148/1919/1727
f 2632/1873/1687 2583/1872/1686 2633/5573/1767
f 571/5574/4805 519/1938/1745 581/5568/4801
f 3040/2009/1669 2609/1956/1760 2584/1905/1715
f 517/1893/1705 515/2250/2020 4000/1894/1700
f 3975/1730/1553 3976/1965/1769 3974/1747/1570
f 4491/1863/1677 4493/1950/1754 4386/1864/1678
f 1349/1942/1749 2066/5575/4804 2065/1943/1724
f 3927/1890/1703 2133/2061/1850 3921/1648/1476
f 1974/1981/1782 1920/1980/1781 1971/5567/4800
f 2133/2061/1850 4176/5563/4791 3921/1648/1476
f 1825/1923/1731 1826/5570/4803 1824/1701/1527
f 3117/5559/4797 3151/2084/1869 3138/2049/1838
f 3162/1984/1785 3151/2084/1869 3117/5559/4797
f 575/2025/1816 574/1911/1719 3208/2026/1692
f 2578/1985/1786 2584/1905/1715 2537/1973/1776
f 4397/1645/1473 4357/1945/1751 4487/2118/1898
f 3920/2093/1876 3918/1806/1624 3919/1841/1656
f 3213/1987/1788 3258/1999/1747 1344/1988/1748
f 3263/1966/1770 3265/1921/1729 3266/1920/1728
f 2066/5571/4804 2061/1951/1755 2064/1897/1707
f 1702/1982/1783 1754/1952/1756 1750/1954/1758
f 3192/1933/1741 3168/1932/1740 3182/1972/1775
f 611/5576/4806 581/5568/4801 574/1911/1719
f 518/1939/1746 519/1938/1745 571/5574/4805
f 3263/1966/1770 3443/1990/1790 3265/1921/1729
f 3265/1921/1729 3342/1991/1791 3444/1967/1752
f 3342/2001/1791 3441/1994/1778 3444/5577/1752
f 1698/1978/1779 1699/1968/1771 1755/1917/1725
f 1976/1901/1711 1906/1979/1780 1974/1981/1782
f 3122/5569/4802 3127/1970/1773 3133/1928/1736
f 611/5576/4806 574/1911/1719 575/2025/1816
f 611/5576/4806 571/5574/4805 581/5568/4801
f 518/1939/1746 516/2037/1826 517/1893/1705
f 3320/2014/1807 3263/1966/1770 3315/1896/1706
f 1214/1827/1642 3320/2069/1807 3315/5565/1706
f 1868/1925/1733 1909/1996/1794 1976/1901/1711
f 1903/1997/1795 1906/1979/1780 1976/1901/1711
f 1906/1979/1780 1908/1885/1699 1920/1980/1781
f 2574/1935/1743 2577/2033/1822 2573/2035/1824
f 541/2057/1846 518/1939/1746 571/5574/4805
f 3215/2012/1805 3443/1990/1790 3263/1966/1770
f 3325/2016/1796 1349/1942/1749 3258/1940/1747
f 3440/1992/1792 3342/2001/1791 3443/2011/1790
f 1349/1942/1749 1354/5578/1810 2066/5575/4804
f 1354/2018/1810 2061/1951/1755 2066/5571/4804
f 3134/1904/1714 3127/1970/1773 3130/1955/1759
f 2537/1973/1776 2516/1957/1761 2507/1986/1787
f 3978/5579/4807 3976/1965/1769 3975/1730/1553
f 3215/2012/1805 3213/1987/1788 3442/1989/1789
f 3224/2013/1806 3215/2012/1805 3263/1966/1770
f 1350/2015/1808 1354/5578/1810 1349/1942/1749
f 1826/5570/4803 1825/1923/1731 1827/1969/1772
f 3138/2049/1838 3125/2005/1800 3112/2004/1799
f 2573/2035/1824 2572/5580/4808 2574/1935/1743
f 2507/1986/1787 2505/5581/4809 2578/1985/1786
f 3040/2009/1669 2601/2188/1819 2608/2010/1804
f 3041/5582/1471 2601/2188/1819 3040/2009/1669
f 516/2037/1826 515/2250/2020 517/1893/1705
f 1350/2015/1808 1871/5583/1833 1354/5578/1810
f 1904/1983/1784 4495/1995/1793 1911/1884/1698
f 1871/2044/1833 1872/2017/1809 1354/2018/1810
f 2633/1963/1767 3158/2085/1870 3162/1984/1785
f 2583/1872/1686 2572/5580/4808 2634/5584/4810
f 2574/1935/1743 2572/5580/4808 2583/1872/1686
f 2609/1956/1760 2513/2027/1817 2516/1957/1761
f 3926/2032/1821 3927/1890/1703 3918/1806/1624
f 1871/2044/1833 1827/1969/1772 1872/2017/1809
f 2583/1872/1686 2634/5584/4810 2633/5573/1767
f 1829/2071/1859 1868/1925/1733 1826/5570/4803
f 3121/2006/1801 3123/2082/1867 3122/5569/4802
f 3125/2005/1800 3123/2082/1867 3121/2006/1801
f 3158/2085/1870 3151/2084/1869 3162/1984/1785
f 2633/1963/1767 2634/5585/4810 3158/2085/1870
f 539/2067/1856 571/5574/4805 611/5576/4806
f 539/2067/1856 541/2057/1846 571/5574/4805
f 3981/2216/1989 3978/5579/4807 3975/1730/1553
f 1351/2042/1831 1350/2015/1808 3325/2016/1796
f 1353/2055/1844 1871/5583/1833 1350/2015/1808
f 1353/5586/1844 1870/2043/1832 1871/2044/1833
f 3131/1971/1774 3130/1955/1759 455/2047/1836
f 3122/5569/4802 3124/2045/1834 3127/1970/1773
f 3122/5569/4802 3123/2082/1867 3124/2045/1834
f 2577/2033/1822 2578/1985/1786 2575/2034/1823
f 3984/1745/1568 3982/2051/1840 3969/1657/1485
f 3920/2093/1876 3925/2031/1820 3918/1806/1624
f 3216/2077/1863 3325/1998/1796 3213/1987/1788
f 3216/2077/1863 3324/2134/1830 3325/1998/1796
f 3127/1970/1773 3128/2046/1835 455/2047/1836
f 3132/2048/1837 3131/1971/1774 455/2047/1836
f 3138/2049/1838 3151/2084/1869 3139/2050/1839
f 2578/1985/1786 2505/5581/4809 2575/2034/1823
f 2507/1986/1787 2504/2112/1892 2505/5581/4809
f 1359/5587/1848 2018/5588/4811 1353/5586/1844
f 2018/5588/4811 1870/2043/1832 1353/5586/1844
f 2019/5589/4812 1870/2043/1832 2018/5588/4811
f 1905/2022/1814 1908/1885/1699 1906/1979/1780
f 2133/5590/1850 1758/5591/2011 4176/5544/4791
f 1758/5591/2011 1713/1926/1734 4176/5544/4791
f 3168/1932/1740 3164/2064/1853 3169/2029/1818
f 1352/2058/1847 1359/2059/1848 1351/2042/1831
f 2572/5580/4808 2573/2035/1824 2570/2132/1910
f 575/2025/1816 539/2067/1856 611/5576/4806
f 3225/2094/1877 3223/2040/1829 3320/2014/1807
f 3128/2046/1835 3129/2081/1861 455/2047/1836
f 3123/2082/1867 423/2083/1868 3124/2045/1834
f 3151/2084/1869 3145/2086/1871 3139/2050/1839
f 2573/2035/1824 2575/2034/1823 2570/2132/1910
f 2513/2027/1817 2504/2112/1892 2507/1986/1787
f 2609/1956/1760 2551/2117/1897 2513/2027/1817
f 3217/2079/1865 3214/2054/1843 3223/2040/1829
f 3225/2094/1877 3222/2078/1864 3223/2040/1829
f 2020/2109/1889 2019/5589/4812 2018/5588/4811
f 3129/2074/1861 453/2101/1883 454/2075/1862
f 578/2107/1887 3210/2020/1812 3199/2008/1803
f 576/2163/1937 575/2025/1816 3210/2024/1812
f 576/2163/1937 539/2067/1856 575/2025/1816
f 2505/5581/4809 2504/2112/1892 2501/2114/1894
f 3217/2079/1865 3212/2065/1854 3214/2054/1843
f 2030/5592/4813 2018/5588/4811 1359/5587/1848
f 1791/2226/1721 1221/2108/1888 1214/1827/1642
f 2021/2098/1880 2019/5589/4812 2020/2109/1889
f 2021/2098/1880 1870/2043/1832 2019/5589/4812
f 1870/2043/1832 1828/2099/1881 1827/1969/1772
f 2513/2027/1817 2512/2116/1896 2504/2112/1892
f 4357/1945/1751 4426/2119/1899 4487/2118/1898
f 2030/5592/4813 2020/2109/1889 2018/5588/4811
f 454/2075/1862 453/2101/1883 3164/2105/1853
f 3125/2005/1800 3126/2092/1875 423/2083/1868
f 3158/2085/1870 3126/2092/1875 3145/2086/1871
f 2634/5585/4810 3126/2092/1875 3158/2085/1870
f 565/2176/1950 539/2067/1856 576/2163/1937
f 2505/5581/4809 2501/2114/1894 2575/2034/1823
f 1355/2096/1878 2030/5593/4813 1359/2059/1848
f 1910/2062/1851 1902/2271/2041 1909/1996/1794
f 1905/2022/1814 1904/1983/1784 1908/1885/1699
f 1827/1969/1772 1828/2099/1881 1826/5570/4803
f 453/2101/1883 394/2103/1885 3164/2105/1853
f 2634/5585/4810 2571/5594/1915 3126/2092/1875
f 2634/5584/4810 2572/5580/4808 2571/5595/1915
f 577/2141/1917 576/2163/1937 3210/2024/1812
f 577/2141/1917 3210/2024/1812 578/2142/1887
f 2575/2034/1823 2576/5596/4814 2570/2132/1910
f 2575/2034/1823 2501/2114/1894 2576/5596/4814
f 3218/2136/1913 3212/2065/1854 3217/2079/1865
f 3334/2088/1873 1355/2096/1878 1352/2058/1847
f 1828/2099/1881 1829/2071/1859 1826/5570/4803
f 1902/2271/2041 1903/1997/1795 1909/1996/1794
f 3129/2074/1861 323/2102/1884 324/2100/1882
f 423/2091/1868 3126/2125/1875 382/2090/1874
f 527/2197/1970 516/2037/1826 534/2036/1825
f 382/2090/1874 320/2127/1905 323/2102/1884
f 3126/2125/1875 320/2127/1905 382/2090/1874
f 2572/5580/4808 2569/2131/1909 2571/5595/1915
f 2572/5580/4808 2570/2132/1910 2569/2131/1909
f 540/2175/1949 539/2067/1856 565/2176/1950
f 4422/1677/1504 4426/2119/1899 4424/1958/1762
f 3227/2121/1901 3216/2077/1863 3212/2065/1854
f 1355/2122/1878 2020/2109/1889 2030/5592/4813
f 1705/2124/1903 1851/2080/1866 1766/2021/1813
f 324/2100/1882 321/2128/1906 394/2103/1885
f 2570/2132/1910 2576/5596/4814 2568/2130/1908
f 2501/2114/1894 2499/2201/1974 2576/5596/4814
f 3220/2154/1928 3217/2079/1865 3222/2078/1864
f 3225/2094/1877 3220/2154/1928 3222/2078/1864
f 323/2102/1884 316/2160/1934 324/2100/1882
f 324/2100/1882 316/2160/1934 321/2128/1906
f 540/2175/1949 537/2178/1952 539/2067/1856
f 535/2066/1855 527/2197/1970 534/2036/1825
f 3977/2164/1938 3976/1965/1769 3978/5579/4807
f 3348/2146/1920 3228/2120/1900 3257/2135/1912
f 1902/2271/2041 1889/2137/1914 1903/1997/1795
f 323/2102/1884 306/2148/1922 316/2160/1934
f 320/2127/1905 306/2148/1922 323/2102/1884
f 289/2126/1904 285/2158/1932 320/2127/1905
f 2569/2131/1909 2567/5597/4815 2571/5595/1915
f 2569/2131/1909 2568/2130/1908 2567/5597/4815
f 579/2140/1916 576/2163/1937 577/2141/1917
f 2501/2114/1894 2498/2152/1926 2499/2201/1974
f 3219/2156/1930 3218/2136/1913 3217/2079/1865
f 1694/2056/1845 1704/5598/4816 1700/2070/1858
f 1704/5598/4816 1705/2124/1903 1700/2070/1858
f 1850/2144/1918 1780/1918/1726 1851/2080/1866
f 322/2111/1891 318/2151/1925 404/2139/1907
f 2567/5597/4815 391/5599/1940 2571/5595/1915
f 2576/5596/4814 2499/2201/1974 2500/2203/1976
f 2576/5596/4814 2500/2203/1976 2568/2130/1908
f 537/2178/1952 535/2066/1855 539/2067/1856
f 3220/2154/1928 3219/2156/1930 3217/2079/1865
f 3351/2182/1956 3228/2120/1900 3348/2146/1920
f 3331/2155/1929 3346/2157/1931 3218/2136/1913
f 3349/2145/1919 3351/2182/1956 3348/2146/1920
f 3346/2157/1931 3349/2145/1919 3257/2135/1912
f 289/2126/1904 283/2149/1923 285/2158/1932
f 580/2161/1935 576/2163/1937 579/2140/1916
f 2568/2130/1908 2500/2203/1976 2566/2219/1992
f 545/2162/1936 565/2176/1950 576/2163/1937
f 3331/2155/1929 3345/2192/1965 3346/2157/1931
f 3350/2183/1957 3351/2182/1956 3349/2145/1919
f 3345/2192/1965 3350/2183/1957 3349/2145/1919
f 3345/2192/1965 3349/2145/1919 3346/2157/1931
f 2026/2186/1960 2023/2123/1902 1355/2122/1878
f 2080/2172/1946 1828/2099/1881 2021/2098/1880
f 404/2139/1907 318/2151/1925 450/2168/1942
f 2568/2130/1908 2566/2219/1992 2567/5597/4815
f 514/2221/1994 516/2037/1826 527/2197/1970
f 3334/2088/1873 1356/5600/1958 1355/2096/1878
f 4493/1950/1754 4494/2002/1797 4385/2053/1842
f 516/2037/1826 514/2221/1994 515/2250/2020
f 3333/5601/1943 1356/5600/1958 3334/2088/1873
f 2504/2112/1892 2512/2116/1896 2503/2113/1893
f 4424/1958/1762 4432/2239/2009 4433/1959/1763
f 3924/2180/1954 3925/2031/1820 3920/2093/1876
f 3252/2165/1939 3333/2169/1943 3227/2121/1901
f 285/2158/1932 327/2245/2015 325/2159/1933
f 2567/5597/4815 2566/2219/1992 391/5599/1940
f 2498/2152/1926 2495/2202/1975 2499/2201/1974
f 2503/2113/1893 2512/2116/1896 2502/2179/1953
f 3351/2182/1956 3253/2181/1955 3228/2120/1900
f 450/2168/1942 458/2195/1968 579/2140/1916
f 305/2147/1921 303/2207/1980 304/2173/1947
f 2515/2115/1895 2526/2286/2056 2512/2116/1896
f 2608/2010/1804 2600/2189/1962 2647/2133/1911
f 3219/2156/1930 3330/2191/1964 3331/2155/1929
f 3330/2191/1964 3345/2192/1965 3331/2155/1929
f 4495/2028/1793 2119/2341/1966 4494/2002/1797
f 306/2148/1922 307/2174/1948 309/2187/1961
f 3253/2181/1955 3256/2231/2001 3252/2165/1939
f 1357/5602/1971 1356/5600/1958 3333/5601/1943
f 2028/2205/1978 2025/2199/1972 2026/2186/1960
f 1704/5598/4816 1706/2264/2034 1705/2124/1903
f 1693/2206/1979 1704/5598/4816 1694/2056/1845
f 318/2151/1925 317/2214/1987 450/2168/1942
f 315/2150/1924 317/2214/1987 318/2151/1925
f 1693/2206/1979 1706/2264/2034 1704/5598/4816
f 315/2150/1924 313/2208/1981 317/2214/1987
f 391/2166/1940 2479/2330/2097 286/2223/1995
f 391/2166/1940 286/2223/1995 287/2167/1941
f 4441/1835/1650 2590/2706/2123 2601/2030/1819
f 4355/1815/1631 4356/2267/2037 4357/1945/1751
f 3252/2165/1939 1360/5603/2052 3333/2169/1943
f 2097/5604/1991 1357/5602/1971 3333/5601/1943
f 3981/2216/1989 3979/2418/2177 3978/5579/4807
f 3979/2418/2177 3977/2164/1938 3978/5579/4807
f 1360/5605/2052 2097/5604/1991 3333/5601/1943
f 3330/2191/1964 3256/2231/2001 3253/2181/1955
f 3926/2032/1821 3944/2060/1849 3927/1890/1703
f 1850/2144/1918 1784/2019/1811 1780/1918/1726
f 304/2173/1947 300/2285/2055 307/2174/1948
f 311/2190/1963 312/2273/2043 313/2208/1981
f 3252/2165/1939 3318/2251/2021 1360/5603/2052
f 3226/2153/1927 3229/2217/1990 3221/2170/1944
f 2031/2235/2005 2025/2199/1972 2028/2205/1978
f 2025/2199/1972 2027/2236/2006 2024/2171/1945
f 304/2173/1947 299/2209/1982 300/2285/2055
f 327/2245/2015 326/2194/1967 325/2159/1933
f 542/2257/2027 540/2175/1949 545/2162/1936
f 542/2257/2027 538/2177/1951 540/2175/1949
f 1360/2282/2052 4843/2204/1977 2097/2218/1991
f 3336/2262/2032 3337/2234/2004 3330/2191/1964
f 2566/2219/1992 2479/2409/2097 391/5599/1940
f 2502/2179/1953 2497/2238/2008 2498/2152/1926
f 2515/2115/1895 2530/2248/2018 2526/2286/2056
f 4367/1912/1720 4366/2540/2285 4364/2039/1828
f 3229/2217/1990 3336/2262/2032 3330/2191/1964
f 300/2285/2055 310/2244/2014 307/2174/1948
f 282/2237/2007 280/2230/2000 283/2149/1923
f 284/2210/1983 280/2230/2000 288/2277/2047
f 1706/2264/2034 1688/2269/2039 1705/2124/1903
f 285/2158/1932 328/2246/2016 327/2245/2015
f 285/2158/1932 288/2277/2047 328/2246/2016
f 284/2210/1983 288/2277/2047 285/2158/1932
f 3240/2260/2030 3254/2232/2002 3256/2231/2001
f 3229/2217/1990 3335/2261/2031 3336/2262/2032
f 2027/2236/2006 1828/2099/1881 2080/2172/1946
f 1717/2253/2023 1713/1926/1734 1758/5591/2011
f 303/2207/1980 326/2194/1967 281/2265/2035
f 4355/1815/1631 4358/2279/2049 4356/2267/2037
f 1849/2255/2025 1828/2099/1881 2027/2236/2006
f 2495/2202/1975 2479/2409/2097 2566/2219/1992
f 2502/2179/1953 2510/2266/2036 2497/2238/2008
f 2647/2133/1911 2650/2385/2145 2551/2117/1897
f 2647/2133/1911 2600/2189/1962 2650/2385/2145
f 1685/2263/2033 1688/2269/2039 1706/2264/2034
f 1775/2311/2080 1758/2241/2011 3944/2060/1849
f 3247/2275/2045 3318/2251/2021 3317/2233/2003
f 2032/2283/2053 2031/2235/2005 2044/2224/1996
f 2494/2292/2062 2479/2409/2097 2495/2202/1975
f 580/2161/1935 567/2258/2028 545/2162/1936
f 3986/2215/1988 3979/2418/2177 3981/2216/1989
f 3318/2251/2021 4842/2308/2051 1360/5603/2052
f 3233/2268/2038 3236/2280/2050 3335/2261/2031
f 3323/2304/2074 3238/5606/2044 1220/2068/1857
f 4843/2204/1977 4841/2345/2094 2044/2224/1996
f 1830/2256/2026 1829/2071/1859 1828/2099/1881
f 328/2246/2016 281/2265/2035 326/2194/1967
f 328/2246/2016 279/2278/2048 281/2265/2035
f 544/2259/2029 533/2247/2017 536/2196/1969
f 2512/2116/1896 2522/2287/2057 2510/2266/2036
f 2530/2248/2018 2532/2288/2058 2531/2295/2065
f 4000/1886/1700 3989/2289/2059 3996/1840/1655
f 3231/2309/2078 3229/2217/1990 3226/2153/1927
f 3231/2309/2078 3232/2302/2072 3229/2217/1990
f 1775/2350/2080 1717/2253/2023 1758/5591/2011
f 302/2243/2013 301/2272/2042 308/2229/1999
f 302/2243/2013 300/2285/2055 301/2272/2042
f 2530/2248/2018 2531/2295/2065 2526/2286/2056
f 3247/2275/2045 3319/2306/2076 3318/2251/2021
f 3232/2302/2072 3233/2268/2038 3229/2217/1990
f 4842/2326/2051 4841/2325/2094 4843/5607/1977
f 4841/2345/2094 2032/2283/2053 2044/2224/1996
f 313/2208/1981 314/2298/2068 317/2214/1987
f 4367/1912/1720 4370/2052/1841 4366/2540/2285
f 3239/2296/2066 3254/2232/2002 3240/2260/2030
f 317/2214/1987 319/2299/2069 458/2195/1968
f 279/2278/2048 277/2294/2064 281/2265/2035
f 2497/2238/2008 2506/5608/4817 2496/2291/2061
f 2497/2238/2008 2510/2266/2036 2506/5608/4817
f 3235/2303/2073 3236/2280/2050 3233/2268/2038
f 295/2313/2082 301/2272/2042 300/2285/2055
f 458/2195/1968 583/2339/2106 580/2161/1935
f 529/2505/2256 3989/2289/2059 4000/1886/1700
f 1830/2256/2026 1849/2255/2025 2033/2276/2046
f 583/2339/2106 567/2258/2028 580/2161/1935
f 3239/2296/2066 3240/2260/2030 3236/2280/2050
f 1833/2438/2195 1883/2252/2022 1829/2071/1859
f 2325/2315/2084 1222/2228/1998 1783/1903/1713
f 2551/2117/1897 2648/2360/2122 2532/2288/2058
f 4424/1958/1762 4425/2362/2124 4432/2239/2009
f 4426/2119/1899 4425/2362/2124 4424/1958/1762
f 3235/2303/2073 3239/2296/2066 3236/2280/2050
f 1686/2368/2130 1687/2293/2063 1685/2263/2033
f 553/2321/2090 544/2259/2029 538/2177/1951
f 2650/2385/2145 2648/2360/2122 2551/2117/1897
f 528/2317/2086 529/2529/2256 4000/1894/1700
f 4841/2345/2094 2038/2344/2110 2032/2283/2053
f 313/2208/1981 296/2290/2060 314/2298/2068
f 523/2322/2091 514/2221/1994 526/2220/1993
f 4366/2540/2285 4365/2542/2287 4364/2039/1828
f 3926/2032/1821 3945/2310/2079 3944/2060/1849
f 1682/2327/2095 1686/2368/2130 1685/2263/2033
f 542/2257/2027 553/2321/2090 538/2177/1951
f 2510/2266/2036 2522/2287/2057 2511/2399/2159
f 3247/2275/2045 3244/2336/2103 3319/2306/2076
f 3237/2335/2102 3239/2296/2066 3235/2303/2073
f 1690/2225/1997 1696/2355/2118 1689/2297/2067
f 2509/2356/2119 2496/2291/2061 2506/5608/4817
f 557/2334/2101 533/2247/2017 544/2259/2029
f 4370/2052/1841 4371/2301/2071 4366/2540/2285
f 4385/2053/1842 4384/2337/2104 4371/2301/2071
f 2496/2291/2061 2508/2357/2120 2494/2292/2062
f 2510/2266/2036 2511/2399/2159 2506/5608/4817
f 557/2334/2101 523/2322/2091 533/2247/2017
f 3238/2274/2044 3250/2366/2128 3231/2309/2078
f 2009/5609/1973 4525/2342/2108 2119/2341/1966
f 279/2278/2048 278/2312/2081 277/2294/2064
f 3951/2471/2226 3950/1776/1596 3952/1793/1612
f 515/2250/2020 513/2565/2304 528/2317/2086
f 511/2249/2019 513/2565/2304 515/2250/2020
f 514/2221/1994 509/2387/2147 511/2249/2019
f 3982/2051/1840 3951/2471/2226 3952/1793/1612
f 3239/2296/2066 3244/2336/2103 3247/2275/2045
f 2511/2399/2159 2509/2356/2119 2506/5608/4817
f 2531/2295/2065 2527/5610/4818 2522/2287/2057
f 3986/2215/1988 3988/2419/2178 3979/2418/2177
f 3244/2336/2103 3340/5611/2121 3332/2307/2077
f 3588/2370/2132 1776/5612/2137 1689/2297/2067
f 1776/5612/2137 1684/2314/2083 1689/2297/2067
f 296/2290/2060 291/2346/2111 314/2298/2068
f 278/2312/2081 274/2427/2184 277/2294/2064
f 2522/2287/2057 2521/2400/2160 2511/2399/2159
f 2531/2295/2065 2534/2426/2183 2527/5610/4818
f 2039/2348/2112 1831/5613/4819 1830/2256/2026
f 2522/2287/2057 2527/5610/4818 2521/2400/2160
f 3239/2296/2066 3243/2389/2149 3244/2336/2103
f 1696/2355/2118 3582/2369/2131 1689/2297/2067
f 1776/5612/2137 4894/2440/2197 1684/2314/2083
f 1888/2320/2089 1891/2436/2193 1904/1983/1784
f 3582/2424/2131 3585/5614/2135 3588/5615/2132
f 2480/2331/2098 269/2352/2115 286/2223/1995
f 2494/2292/2062 2443/2407/2167 2479/2409/2097
f 2531/2295/2065 2533/2353/2116 2534/2426/2183
f 3979/2418/2177 3980/2363/2125 3977/2164/1938
f 3243/2389/2149 3340/5611/2121 3244/2336/2103
f 4873/2396/2156 4894/5616/2197 1776/2376/2137
f 4895/2374/2136 4873/2396/2156 1776/2376/2137
f 314/2298/2068 291/2346/2111 298/2378/2139
f 3941/2885/2559 3923/1879/1693 3950/1776/1596
f 2036/2390/2150 2032/2283/2053 2038/2344/2110
f 1786/2377/2138 1785/2254/2024 1792/2284/2054
f 3583/5617/2155 3585/5614/2135 3582/2424/2131
f 2509/2356/2119 2517/2401/2161 2508/2357/2120
f 2511/2399/2159 2517/2401/2161 2509/2356/2119
f 2648/2360/2122 2649/2386/2146 2533/2353/2116
f 3951/2471/2226 3941/2885/2559 3950/1776/1596
f 2035/2381/2141 2039/2348/2112 2033/2276/2046
f 1883/2252/2022 1885/2392/2152 1886/2270/2040
f 583/2339/2106 558/2316/2085 567/2258/2028
f 4436/1839/1654 4439/2634/2362 4441/1835/1650
f 4438/2411/2170 4439/2634/2362 4436/1839/1654
f 3982/2051/1840 3983/2318/2087 3951/2471/2226
f 1703/2329/2096 2078/2516/2264 1792/2284/2054
f 3582/2424/2131 4892/2423/2181 3583/5617/2155
f 1831/5613/4819 1829/2071/1859 1830/2256/2026
f 3987/2430/2187 3988/2419/2178 3986/2215/1988
f 3242/2388/2148 3246/2434/2191 3243/2389/2149
f 4892/2455/2181 4874/2383/2143 3583/2395/2155
f 2479/2409/2097 2440/2408/2168 2480/5618/2098
f 2508/2357/2120 2514/2456/2211 2494/2292/2062
f 559/2384/2144 546/2371/2133 556/2333/2100
f 3989/2289/2059 3987/2430/2187 3986/2215/1988
f 4524/2398/2158 4388/2674/2393 4384/2337/2104
f 4840/2343/2109 2040/2413/2172 2038/2344/2110
f 4873/2396/2156 1672/2604/2338 4894/5616/2197
f 531/2402/2162 509/2387/2147 523/2322/2091
f 3941/2885/2559 3931/2364/2126 3923/1879/1693
f 3321/2473/2228 3340/5611/2121 3243/2389/2149
f 2009/5609/1973 4527/2622/2247 4525/2342/2108
f 2494/2292/2062 2514/2456/2211 2443/2407/2167
f 4074/2417/2176 3980/2363/2125 3979/2418/2177
f 3931/2364/2126 3930/2323/2092 3922/2038/1827
f 1761/2367/2129 1762/2406/2166 1687/2293/2063
f 2078/2516/2264 1786/2377/2138 1792/2284/2054
f 2480/2331/2098 267/2660/2383 269/2352/2115
f 2480/2331/2098 2440/2693/2168 267/2660/2383
f 2527/5610/4818 2524/2428/2185 2521/2400/2160
f 2534/2426/2183 2524/2428/2185 2527/5610/4818
f 3985/2444/2201 3983/2318/2087 3980/2363/2125
f 3245/2433/2190 3242/2388/2148 3241/2365/2127
f 1763/2435/2192 1762/2406/2166 1761/2367/2129
f 1764/2412/2171 2078/2516/2264 1703/2329/2096
f 2535/2425/2182 2524/2428/2185 2534/2426/2183
f 4431/2305/2075 4442/2404/2164 4548/2467/2222
f 4429/2300/2070 4443/2485/2240 4442/2404/2164
f 3248/2420/2179 3241/2365/2127 3249/2372/2134
f 3248/2420/2179 3245/2433/2190 3241/2365/2127
f 3347/5619/2165 2040/2413/2172 4840/2343/2109
f 1710/2349/2113 1709/2414/2173 1707/2338/2105
f 1831/5613/4819 1832/2437/2194 1829/2071/1859
f 555/2416/2175 560/2429/2186 554/2332/2099
f 509/2387/2147 512/2464/2219 510/2403/2163
f 4364/2039/1828 4365/2542/2287 4358/2279/2049
f 3347/5620/2165 3340/5611/2121 3321/2473/2228
f 4892/2423/2181 1708/2422/2142 3580/2497/2249
f 2508/2357/2120 2517/2401/2161 2514/2456/2211
f 2524/2428/2185 2523/2459/2214 2517/2401/2161
f 4441/1835/1650 4439/2634/2362 2590/2706/2123
f 3991/2443/2200 3980/2363/2125 4074/2417/2176
f 3246/2434/2191 3321/2473/2228 3243/2389/2149
f 2039/2348/2112 2326/2452/2209 1831/5613/4819
f 558/2316/2085 555/2416/2175 553/2321/2090
f 560/2429/2186 562/2446/2203 559/2384/2144
f 562/2446/2203 531/2402/2162 546/2371/2133
f 3994/2466/2221 3990/2431/2188 3987/2430/2187
f 4442/2404/2164 4642/2484/2239 4548/2467/2222
f 4429/2300/2070 4428/2432/2189 4587/2486/2241
f 1672/5621/2338 1673/2439/2196 4894/2440/2197
f 280/2230/2000 268/2564/2303 278/2312/2081
f 2524/2428/2185 2536/2463/2218 2552/2460/2215
f 529/2505/2256 3995/2465/2220 3989/2289/2059
f 4642/2484/2239 4643/2481/2236 4548/2467/2222
f 4443/2485/2240 4642/2484/2239 4442/2404/2164
f 3994/2466/2221 3993/2469/2224 3990/2431/2188
f 4429/2300/2070 4444/2488/2243 4443/2485/2240
f 3988/2419/2178 3993/2469/2224 4074/2417/2176
f 4425/2362/2124 4427/2573/2309 4428/2432/2189
f 4425/2362/2124 4426/2119/1899 4427/2573/2309
f 3245/2433/2190 3261/2472/2227 3246/2434/2191
f 2034/2354/2117 2037/2451/2208 2035/2381/2141
f 3580/2497/2249 3581/2498/2250 4892/2423/2181
f 278/2312/2081 268/2564/2303 274/2427/2184
f 2553/2461/2216 2529/2458/2213 2524/2428/2185
f 2589/2447/2204 2536/2463/2218 2535/2425/2182
f 4429/2300/2070 4587/2486/2241 4444/2488/2243
f 3992/2470/2225 3983/2318/2087 3991/2443/2200
f 3930/2323/2092 3929/5622/4820 3924/2180/1954
f 3929/5622/4820 3928/2421/2180 3924/2180/1954
f 2314/2477/2232 3261/2472/2227 3245/2433/2190
f 3323/2304/2074 2017/2450/2207 3255/5623/2206
f 3347/5619/2165 2327/2474/2229 2040/2413/2172
f 2327/2474/2229 2036/2390/2150 2040/2413/2172
f 1890/2517/2265 1891/2436/2193 1888/2320/2089
f 2326/2452/2209 1832/2437/2194 1831/5613/4819
f 4873/2396/2156 4867/2475/2230 1672/2604/2338
f 3586/2454/2210 4865/2442/2199 4874/2383/2143
f 510/2403/2163 513/2565/2304 511/2249/2019
f 4428/2432/2189 3358/2487/2242 4587/2486/2241
f 2322/2479/2234 2314/2477/2232 3248/2420/2179
f 3338/2489/2233 3347/5624/2165 3321/5625/2228
f 2517/2401/2161 2518/2520/2268 2514/2456/2211
f 2643/2524/2272 2525/2476/2231 2529/2458/2213
f 2529/2458/2213 2553/2461/2216 2643/2524/2272
f 2553/2461/2216 2646/2525/2273 2643/2524/2272
f 2552/2460/2215 2646/2525/2273 2553/2461/2216
f 2444/2410/2169 2589/2447/2204 2650/2385/2145
f 3995/2465/2220 3997/2482/2237 3994/2466/2221
f 4443/2485/2240 3354/2507/2258 3356/2483/2238
f 4024/2508/2259 3991/2443/2200 3993/2469/2224
f 4428/2432/2189 4655/2572/2306 3358/2487/2242
f 4427/2573/2309 4655/2572/2306 4428/2432/2189
f 2322/2511/2234 2313/2509/2260 2314/2491/2232
f 2017/2531/2207 2316/2510/2261 3255/2512/2206
f 2334/2543/2288 1764/2412/2171 1765/2492/2244
f 1764/2412/2171 2015/2515/2263 2078/2516/2264
f 2310/2548/2293 2320/5626/2262 2327/5627/2229
f 2643/2524/2272 2642/2523/2271 2525/2476/2231
f 2552/2460/2215 2644/2527/2275 2646/2525/2273
f 4438/2411/2170 4437/2448/2205 4439/2634/2362
f 4027/2530/2276 3951/2471/2226 3992/2470/2225
f 2311/2546/2291 2313/2509/2260 2316/2510/2261
f 2310/2548/2293 3347/5624/2165 3338/2489/2233
f 2317/2532/2277 2311/2546/2291 2316/2510/2261
f 2311/2546/2291 2310/2548/2293 2313/2509/2260
f 2310/2548/2293 3338/2489/2233 2313/2509/2260
f 2310/2548/2293 2327/5627/2229 3347/5624/2165
f 2334/2543/2288 2015/2515/2263 1764/2412/2171
f 2320/5626/2262 2321/2559/2300 2037/5628/2208
f 2017/2531/2207 2005/2555/2298 2317/2532/2277
f 2315/2554/2297 2320/5626/2262 2310/2548/2293
f 2321/2559/2300 2326/2561/2209 2037/5628/2208
f 4158/2739/2451 1716/2351/2114 1775/2350/2080
f 1834/2535/2280 1833/2438/2195 1832/2437/2194
f 298/2378/2139 297/2628/2356 365/2415/2174
f 365/2415/2174 582/2500/2251 583/2339/2106
f 2525/2476/2231 2528/2589/2325 2520/2501/2252
f 2642/2523/2271 2528/2589/2325 2525/2476/2231
f 2644/2527/2275 2640/2538/2283 2646/2525/2273
f 2536/2463/2218 2610/5629/4821 2644/2527/2275
f 528/2317/2086 513/2565/2304 4017/2528/2255
f 4018/2618/2350 3997/2482/2237 3995/2465/2220
f 4444/2488/2243 3358/2487/2242 3354/2507/2258
f 3941/2885/2559 3933/2539/2284 3931/2364/2126
f 3933/2539/2284 3932/2663/2386 3930/2323/2092
f 3932/2663/2386 3929/5622/4820 3930/2323/2092
f 4371/2301/2071 4373/2541/2286 4366/2540/2285
f 3932/2663/2386 3928/2421/2180 3929/5622/4820
f 4524/2398/2158 4526/2623/2353 4388/2674/2393
f 4525/2342/2108 4526/2623/2353 4524/2398/2158
f 2103/2545/2290 2012/2547/2292 2311/2546/2291
f 1675/2534/2279 2334/2543/2288 1680/2493/2245
f 2318/2549/2294 2319/2544/2289 2311/2546/2291
f 2315/2554/2297 2321/2559/2300 2320/5626/2262
f 2005/2555/2298 2318/2549/2294 2317/2532/2277
f 1899/2577/2313 1887/2393/2153 1885/2392/2152
f 3574/2536/2281 3581/2498/2250 3584/2496/2248
f 2015/2515/2263 1869/2584/2320 1786/2377/2138
f 1869/2584/2320 1991/2557/2299 2325/2315/2084
f 1869/2584/2320 2325/2315/2084 1786/2377/2138
f 1835/2563/2302 1832/2437/2194 2326/2452/2209
f 1835/2563/2302 1834/2535/2280 1832/2437/2194
f 3586/2454/2210 4864/2609/2341 4865/2442/2199
f 582/2500/2251 555/2416/2175 558/2316/2085
f 2640/2538/2283 2491/2588/2324 2641/2522/2270
f 2589/2447/2204 2610/5629/4821 2536/2463/2218
f 4017/2504/2255 4018/2618/2350 3995/2465/2220
f 4018/2618/2350 4020/2617/2349 3997/2482/2237
f 4020/2617/2349 4021/2566/2305 3997/2482/2237
f 3356/5630/2238 3355/2592/2327 4643/2591/2236
f 3354/2619/2258 3355/2592/2327 3356/5630/2238
f 3358/2569/2242 3357/2568/2307 3354/2619/2258
f 3948/2844/2528 1775/2311/2080 3945/2310/2079
f 1672/5621/2338 4872/2580/2316 1673/2439/2196
f 2324/2582/2318 2315/2554/2297 2312/2553/2296
f 2334/2543/2288 1998/2583/2319 2015/2515/2263
f 2324/2582/2318 1847/2560/2301 2315/2554/2297
f 2518/2520/2268 2439/2457/2212 2514/2456/2211
f 2641/2522/2270 2491/2588/2324 2642/2523/2271
f 2610/5629/4821 2640/2538/2283 2644/2527/2275
f 2589/2447/2204 2564/2632/2360 2610/5629/4821
f 4026/2595/2329 4027/2530/2276 4024/2508/2259
f 3948/2844/2528 3949/5631/4822 1775/2311/2080
f 1711/2579/2315 1712/2599/2333 1709/2414/2173
f 1897/2602/2336 1890/2517/2265 1899/2577/2313
f 3949/5631/4822 4158/5632/2451 1775/2311/2080
f 1672/2604/2338 4869/2603/2337 4872/2664/2316
f 4864/2609/2341 4866/2537/2282 4865/2442/2199
f 291/2346/2111 290/2610/2342 298/2378/2139
f 2640/2538/2283 2490/2631/2359 2491/2588/2324
f 2610/5629/4821 2564/2632/2360 2640/2538/2283
f 2589/2447/2204 2444/2410/2169 2564/2632/2360
f 513/2802/2304 4038/2801/2495 4017/2504/2255
f 4017/2504/2255 4038/2801/2495 4018/2618/2350
f 3355/2592/2327 3353/2620/2351 4497/2593/2223
f 3354/2619/2258 3357/2568/2307 3352/2621/2352
f 4023/2594/2328 4026/2595/2329 4024/2508/2259
f 4027/2530/2276 4028/2596/2330 3951/2471/2226
f 1846/2640/2366 2324/2644/2318 2012/2637/2292
f 2011/2627/2355 2319/2552/2289 2323/2607/2317
f 1846/2640/2366 1845/2642/2368 2324/2644/2318
f 274/2427/2184 268/2564/2303 271/2518/2266
f 2519/2519/2267 2432/2614/2346 2437/2612/2344
f 2520/2501/2252 2528/2589/2325 2432/2614/2346
f 2640/2538/2283 2564/2632/2360 2490/2631/2359
f 2444/2410/2169 2426/2630/2358 2564/2632/2360
f 2444/2410/2169 2442/2916/2583 2426/2630/2358
f 2590/2361/2123 2442/2916/2583 2444/2410/2169
f 4038/2801/2495 4025/2616/2348 4018/2618/2350
f 4497/2468/2223 3353/5633/2351 4437/2448/2205
f 3934/2867/2545 3932/2663/2386 3933/2539/2284
f 4384/2337/2104 4374/2598/2332 4371/2301/2071
f 1677/2655/2378 2334/2543/2288 1675/2534/2279
f 2104/2656/2379 2103/2551/2290 2102/2550/2295
f 2332/2716/2430 1998/2715/2319 2334/5634/2288
f 4867/2475/2230 4868/2647/2372 4869/2603/2337
f 2000/2641/2367 2003/2606/2340 2005/2558/2298
f 2002/2645/2370 2011/2627/2355 2323/2607/2317
f 4876/2646/2371 4868/2647/2372 4866/2537/2282
f 2491/2588/2324 2432/2614/2346 2528/2589/2325
f 3951/2471/2226 3943/2886/2560 3941/2885/2559
f 3928/2421/2180 3948/2844/2528 3945/2310/2079
f 4158/2739/2451 1720/2657/2380 1716/2351/2114
f 3587/2608/2321 3394/2658/2381 4864/2609/2341
f 297/2628/2356 462/2661/2384 365/2415/2174
f 4038/2801/2495 4037/2635/2363 4025/2616/2348
f 1913/2675/2394 1900/2737/2449 1901/2576/2312
f 1676/2654/2377 1675/2534/2279 1674/2533/2278
f 290/2610/2342 293/2671/2390 297/2628/2356
f 479/2672/2391 507/2613/2345 480/2611/2343
f 3353/5633/2351 4445/2673/2392 4437/2448/2205
f 4434/2571/2308 4445/2673/2392 3353/5633/2351
f 2333/2768/2436 2332/2716/2430 2334/5634/2288
f 1915/2735/2447 1914/2575/2311 1986/2601/2335
f 4871/2666/2387 1676/2654/2377 1674/2533/2278
f 1901/2576/2312 1900/2737/2449 1899/2577/2313
f 1900/2737/2449 1898/2676/2395 1899/2577/2313
f 1895/2748/2458 1894/2773/2478 1893/2578/2314
f 1894/2773/2478 1892/2394/2154 1893/2578/2314
f 3390/2713/2428 4880/2724/2438 4846/5635/4823
f 4846/5635/4823 4845/2668/2382 3393/2667/2388
f 4846/5635/4823 3393/2667/2388 3390/2713/2428
f 1846/2640/2366 1619/2698/2414 1845/2642/2368
f 543/2650/2375 457/2683/2401 530/2590/2326
f 1677/2655/2378 2333/2722/2436 2334/2543/2288
f 1896/2677/2396 1895/2748/2458 1893/2578/2314
f 1896/2677/2396 1893/2578/2314 1897/2602/2336
f 4880/5636/2438 4844/2699/2415 4846/5637/4823
f 4844/5638/2415 4845/5639/2382 4846/5640/4823
f 4844/2699/2415 4876/2646/2371 4845/2659/2382
f 3575/2684/2402 3579/2764/2470 3574/2638/2281
f 4844/2699/2415 4868/2647/2372 4876/2646/2371
f 3579/2764/2470 3587/5641/2321 3574/2638/2281
f 297/2628/2356 390/2742/2454 462/2661/2384
f 2437/2612/2344 427/2694/2410 2439/2457/2212
f 2431/2648/2373 2435/2704/2420 2437/2612/2344
f 507/2613/2345 502/2720/2434 552/2649/2374
f 1892/2394/2154 1894/2773/2478 4527/2495/2247
f 2329/2767/2473 2331/2714/2429 2332/2716/2430
f 2011/2627/2355 2656/2710/2425 2102/2550/2295
f 1998/2583/2319 1993/5642/4824 1869/2584/2320
f 1999/2688/2406 2001/2717/2431 2000/2641/2367
f 2002/2645/2370 2004/2728/2441 2011/2627/2355
f 271/2518/2266 270/2700/2416 272/2629/2357
f 268/2564/2303 265/2691/2409 270/2700/2416
f 297/2628/2356 347/2701/2417 390/2742/2454
f 2590/2361/2123 2591/5643/2421 2442/2916/2583
f 1711/2579/2315 1760/5644/2412 1712/2599/2333
f 1612/2689/2407 1613/2752/2462 1843/2605/2339
f 1612/2689/2407 1843/2605/2339 1844/2643/2369
f 1613/2752/2462 1836/2685/2403 1843/2605/2339
f 293/2671/2390 346/2718/2432 347/2701/2417
f 481/2822/2508 507/2613/2345 479/2672/2391
f 2333/2768/2436 2329/2767/2473 2332/2716/2430
f 1989/2600/2334 1915/2735/2447 1986/2601/2335
f 1918/2771/2476 1896/2677/2396 1898/2676/2395
f 1760/2696/2412 3575/2684/2402 3576/2679/2397
f 4879/2835/2439 4844/2699/2415 4880/5636/2438
f 2405/2754/2456 4875/2727/2424 4870/2690/2408
f 4844/2699/2415 2405/2754/2456 4870/2690/2408
f 2001/2717/2431 2004/2728/2441 2002/2645/2370
f 3579/2792/2470 4858/2730/2442 3587/2608/2321
f 272/2629/2357 273/2731/2443 292/2670/2389
f 379/2741/2453 462/2661/2384 390/2742/2454
f 2437/2612/2344 2435/2704/2420 427/2694/2410
f 2426/2630/2358 2442/2916/2583 2427/5645/4825
f 4526/2623/2353 4389/2851/2534 4388/2674/2393
f 1678/2708/2423 2330/5646/2472 2333/2722/2436
f 3410/2734/2446 1678/2708/2423 1676/2654/2377
f 2296/2750/2460 1711/2579/2315 1720/2657/2380
f 2296/2750/2460 1760/5644/2412 1711/2579/2315
f 3391/2712/2427 3389/2723/2437 3390/2713/2428
f 1993/5642/4824 1992/2686/2404 1869/2584/2320
f 4858/2729/2442 3391/2712/2427 3393/2667/2388
f 292/2670/2389 350/2765/2471 346/2718/2432
f 273/2731/2443 350/2765/2471 292/2670/2389
f 479/2672/2391 461/2719/2433 481/2822/2508
f 548/2682/2400 547/2681/2399 543/2650/2375
f 2426/2630/2358 2427/5645/4825 2428/2732/2444
f 3407/2776/2481 1678/5647/2423 3410/2777/2446
f 3948/2844/2528 4157/5648/2450 4158/5632/2451
f 3948/2844/2528 4158/5632/2451 3949/5631/4822
f 1623/2760/2467 2076/2639/2365 2105/2636/2364
f 1985/2769/2474 1898/2676/2395 1900/2737/2449
f 1898/2676/2395 1956/2770/2475 1918/2771/2476
f 1779/2745/2440 2406/5649/2485 3410/5650/2446
f 3578/2763/2469 3575/2684/2402 1760/2696/2412
f 4899/2755/2464 2406/5649/2485 1779/2745/2440
f 1994/2687/2405 2654/2761/2468 1999/2688/2406
f 265/2691/2409 330/2847/2530 350/2765/2471
f 4019/2721/2435 3943/2886/2560 3951/2471/2226
f 4019/2721/2435 3951/2471/2226 4028/2596/2330
f 4388/2674/2393 4389/2851/2534 4374/2598/2332
f 4527/2622/2247 4528/2855/2536 4526/2623/2353
f 2655/2711/2426 2106/2743/2455 2104/2656/2379
f 2651/2778/2482 2655/2806/2426 2656/2757/2425
f 4879/2835/2439 4878/2774/2479 4844/2699/2415
f 2128/5651/2502 1994/2687/2405 2006/2756/2465
f 2654/2761/2468 1994/2687/2405 2128/5651/2502
f 1603/2779/2483 1612/2689/2407 1606/2788/2487
f 2294/2781/2459 3578/2783/2469 2296/2785/2460
f 1606/2788/2487 1612/2689/2407 1611/2680/2398
f 4157/2782/2450 2297/5652/2527 2295/2780/2484
f 4859/2789/2488 3578/2783/2469 2294/2781/2459
f 2407/2790/2489 2405/2744/2456 4877/2846/2463
f 2406/2786/2485 4889/2862/2541 3408/2775/2480
f 2297/5652/2527 4859/2789/2488 2295/2780/2484
f 4855/5653/2490 3391/2712/2427 4858/2729/2442
f 4889/5654/2541 2406/5649/2485 4899/2755/2464
f 4898/2794/2492 4889/2935/2541 4899/5655/2464
f 457/2683/2401 4039/2960/2494 513/2565/2304
f 4445/2673/2392 4450/2733/2445 4437/2448/2205
f 3407/2776/2481 1778/5656/2510 1678/5647/2423
f 1679/2825/2511 2330/5646/2472 1678/2708/2423
f 4882/2834/2519 4879/2725/2439 3389/2723/2437
f 918/2826/2512 2652/2811/2500 2128/2827/2502
f 1894/2773/2478 4549/2839/2523 4527/2495/2247
f 2652/2811/2500 2654/2810/2468 2128/2827/2502
f 2651/2778/2482 2653/2759/2466 2652/2811/2500
f 1603/2779/2483 1606/2788/2487 1604/2803/2496
f 3391/2712/2427 4901/2838/2522 3389/2723/2437
f 1603/2779/2483 1838/2751/2461 1613/2752/2462
f 1837/2740/2452 1834/2535/2280 1836/2685/2403
f 3948/2844/2528 2297/2843/2527 4157/5648/2450
f 1997/3129/2540 1993/5642/4824 1998/2583/2319
f 1620/2697/2413 1608/2787/2486 1619/2698/2414
f 4856/2815/2503 3579/2792/2470 3578/2816/2469
f 4861/2933/2599 4859/2817/2488 2297/2997/2527
f 4861/2933/2599 4860/2818/2504 4859/2817/2488
f 330/2847/2530 351/2849/2532 350/2765/2471
f 265/2691/2409 264/2848/2531 330/2847/2530
f 265/2691/2409 262/2799/2493 264/2848/2531
f 389/2702/2418 388/2984/2647 261/2703/2419
f 427/2692/2410 388/2984/2647 389/2702/2418
f 4445/2673/2392 4435/2574/2310 4446/2917/2584
f 4556/2856/2537 4389/2851/2534 4526/2623/2353
f 3953/2963/2627 3948/2844/2528 3928/2421/2180
f 2128/2813/2502 2284/2812/2501 2285/2858/2513
f 2136/2829/2514 2107/2805/2498 2652/2811/2500
f 4882/2870/2519 4881/2836/2520 4879/2835/2439
f 1604/2803/2496 1608/2787/2486 1609/2832/2517
f 2288/2807/2499 1838/5657/2461 1603/2808/2483
f 4878/2877/2479 4893/2845/2529 4877/2846/2463
f 3392/5658/2579 4901/2838/2522 3391/2712/2427
f 3392/5658/2579 3391/2712/2427 4855/5653/2490
f 351/2849/2532 349/2819/2505 350/2765/2471
f 348/2820/2506 345/2865/2543 346/2718/2432
f 347/2701/2417 343/2850/2533 379/2741/2453
f 2428/2732/2444 2435/2704/2420 2429/2695/2411
f 2427/5645/4825 2430/5659/4826 2428/2732/2444
f 4356/2267/2037 4359/3198/2835 4446/2917/2584
f 4356/2267/2037 4446/2917/2584 4435/2574/2310
f 4358/2279/2049 4359/3198/2835 4356/2267/2037
f 916/2852/2535 2136/3033/2514 918/2853/2512
f 3407/2776/2481 3406/2875/2551 1778/5656/2510
f 1621/2872/2548 2655/2711/2426 2107/2922/2498
f 2106/2743/2455 1617/2873/2549 1623/2760/2467
f 1617/2873/2549 1615/2840/2524 1623/2760/2467
f 1985/2769/2474 1983/2878/2552 1956/2770/2475
f 2591/5643/2421 2592/2914/2581 2442/2916/2583
f 4023/2594/2328 4030/3509/3082 4026/2595/2329
f 1915/2735/2447 1916/2869/2547 1913/2675/2394
f 1916/2869/2547 1981/2889/2563 1980/2736/2448
f 1614/2841/2525 1622/5660/4827 1609/2832/2517
f 3408/2775/2480 3404/2863/2542 3407/2776/2481
f 349/2819/2505 429/2899/2568 348/2820/2506
f 262/2799/2493 263/2926/2592 264/2848/2531
f 348/2820/2506 429/2899/2568 345/2865/2543
f 349/2819/2505 361/2951/2616 429/2899/2568
f 351/2849/2532 9/2882/2556 375/2949/2614
f 1917/2874/2550 1916/2869/2547 1915/2735/2447
f 1614/2841/2525 1615/2840/2524 1616/2908/2577
f 1616/2908/2577 1615/2840/2524 1617/2873/2549
f 2006/2814/2465 2277/2919/2586 2284/2812/2501
f 349/2819/2505 374/2898/2567 361/2951/2616
f 351/2849/2532 375/2949/2614 374/2898/2567
f 547/2681/2399 505/2956/2621 550/2979/2643
f 2427/5645/4825 416/2915/2582 2430/5659/4826
f 2442/2916/2583 416/2915/2582 2427/5645/4825
f 1625/2887/2561 1624/2905/2574 1607/2831/2516
f 1624/5661/2574 1643/2888/2562 1605/2809/2497
f 2108/2921/2588 1621/2872/2548 2107/2922/2498
f 1618/2907/2576 1614/2841/2525 1616/2908/2577
f 1618/2907/2576 1622/5660/4827 1614/2841/2525
f 1984/2860/2539 1983/2878/2552 1985/2769/2474
f 3448/5662/2578 4901/2838/2522 3392/5658/2579
f 3448/5663/2578 2408/2897/2564 4901/5664/2522
f 3448/5663/2578 4900/2895/2555 2408/2897/2564
f 264/2848/2531 263/2926/2592 360/2966/2630
f 337/2901/2570 344/2883/2557 345/2865/2543
f 481/2822/2508 482/2913/2580 502/2720/2434
f 505/2956/2621 547/2681/2399 502/2720/2434
f 549/2978/2642 457/2683/2401 547/2681/2399
f 3941/2885/2559 3935/3089/2738 3933/2539/2284
f 2136/5665/2514 932/2920/2587 2107/2922/2498
f 1778/5656/2510 3406/2875/2551 1770/5666/2575
f 3948/2844/2528 4138/2962/2626 4139/2842/2526
f 2288/2807/2499 2293/5667/2565 1838/5657/2461
f 1912/2772/2477 1951/2937/2602 4549/2839/2523
f 1955/2879/2553 1950/2747/2457 1956/2770/2475
f 262/2799/2493 261/2703/2419 260/2925/2591
f 361/2951/2616 384/2900/2569 429/2899/2568
f 264/2848/2531 360/2966/2630 9/2882/2556
f 482/2913/2580 504/2955/2620 502/2720/2434
f 502/2720/2434 504/2955/2620 505/2956/2621
f 2435/2704/2420 2434/2927/2593 2436/5668/4828
f 2430/5659/4826 2433/2976/2640 2428/2732/2444
f 550/2979/2643 549/2978/2642 547/2681/2399
f 3935/3089/2738 3934/2867/2545 3933/2539/2284
f 3938/2662/2385 3939/2941/2606 3928/2421/2180
f 2279/2904/2573 917/5669/4829 2285/2858/2513
f 917/5670/4829 916/2852/2535 2285/2854/2513
f 3928/2421/2180 3946/2942/2607 3953/2963/2627
f 1995/3154/2797 1992/2686/2404 1993/5642/4824
f 1978/3046/2700 1983/2878/2552 1984/2860/2539
f 3448/2909/2578 4883/2923/2589 4900/2881/2555
f 263/2926/2592 362/2967/2631 360/2966/2630
f 337/2901/2570 399/2969/2633 344/2883/2557
f 2435/2704/2420 2436/5668/4828 2438/2821/2507
f 482/2913/2580 587/2971/2635 504/2955/2620
f 2428/2732/2444 2433/2976/2640 2434/2927/2593
f 2430/5659/4826 416/2915/2582 2433/2976/2640
f 4030/3509/3082 4029/2936/2601 4026/2595/2329
f 1622/5660/4827 2115/3118/2765 1609/2832/2517
f 1997/3129/2540 1995/3154/2797 1993/5642/4824
f 1978/3046/2700 1955/2879/2553 1983/2878/2552
f 2438/2821/2507 2441/3004/2665 427/2694/2410
f 361/2951/2616 336/2939/2604 384/2900/2569
f 2436/5668/4828 2441/3004/2665 2438/2821/2507
f 587/2971/2635 598/2953/2618 504/2955/2620
f 2434/2927/2593 2469/2975/2639 2436/5668/4828
f 3935/3089/2738 3936/2866/2544 3934/2867/2545
f 915/3031/2689 2136/3033/2514 916/2852/2535
f 2109/2943/2608 1622/5660/4827 1618/2907/2576
f 1963/3001/2663 1919/2944/2609 1917/2874/2550
f 1919/2944/2609 1916/2869/2547 1917/2874/2550
f 343/2850/2533 369/2987/2650 379/2741/2453
f 374/2898/2567 338/2950/2615 361/2951/2616
f 374/2898/2567 7/2948/2613 338/2950/2615
f 375/2949/2614 7/2948/2613 374/2898/2567
f 360/2966/2630 8/2952/2617 9/2882/2556
f 505/2956/2621 568/2957/2622 550/2979/2643
f 448/2958/2623 457/2683/2401 549/2978/2642
f 4360/2597/2331 4359/3198/2835 4358/2279/2049
f 4377/2707/2422 4360/2597/2331 4365/2542/2287
f 4389/2851/2534 4376/2940/2605 4375/2823/2509
f 1769/2961/2625 1768/5671/2645 1679/2825/2511
f 1768/5671/2645 2330/5646/2472 1679/2825/2511
f 1882/2837/2521 2118/2994/2657 1917/2874/2550
f 1839/2993/2656 1882/2837/2521 1837/2740/2452
f 4857/2965/2629 3448/2909/2578 4854/2880/2554
f 4857/2965/2629 4883/2923/2589 3448/2909/2578
f 336/2939/2604 335/2988/2651 337/2901/2570
f 2469/2975/2639 2445/5672/4830 2436/5668/4828
f 2469/2975/2639 2468/2974/2638 2445/5672/4830
f 4032/5673/4831 4030/3509/3082 4023/2594/2328
f 4376/2940/2605 4377/2707/2422 4373/2541/2286
f 2281/3030/2688 916/2852/2535 917/5670/4829
f 1626/3016/2674 1624/2905/2574 1625/2887/2561
f 2277/2919/2586 2279/2904/2573 2283/2857/2538
f 2112/3119/2766 2115/3118/2765 1622/5660/4827
f 2118/2994/2657 1963/3001/2663 1917/2874/2550
f 1965/5674/4832 1981/2889/2563 1919/2944/2609
f 379/2741/2453 369/2987/2650 449/2902/2571
f 2436/5668/4828 2445/5672/4830 2441/3004/2665
f 568/2957/2622 570/2973/2637 569/3009/2670
f 569/3009/2670 566/2977/2641 568/2957/2622
f 568/2957/2622 566/2977/2641 550/2979/2643
f 549/2978/2642 443/3028/2686 448/2958/2623
f 4440/2633/2361 4454/3039/2695 2591/2705/2421
f 4556/2856/2537 3523/2991/2654 4389/2851/2534
f 1610/2830/2515 1642/3040/2696 1625/2887/2561
f 1965/5674/4832 2081/2964/2628 1981/2889/2563
f 2328/2982/2646 2331/2714/2429 2329/2767/2473
f 1951/2937/2602 2127/5675/2596 4549/2839/2523
f 4863/2932/2598 4856/2815/2503 4860/2818/2504
f 4884/2924/2590 4886/2934/2600 4898/2794/2492
f 8/2952/2617 6/2998/2660 7/2948/2613
f 482/2913/2580 449/2902/2571 483/2970/2634
f 2468/2974/2638 2448/5676/4833 2445/5672/4830
f 2468/2974/2638 2450/3026/2684 2448/5676/4833
f 2468/2974/2638 2452/2989/2652 2450/3026/2684
f 566/2977/2641 443/3028/2686 549/2978/2642
f 443/3028/2686 440/2959/2624 448/2958/2623
f 2118/2994/2657 1964/3000/2662 1963/3001/2663
f 2109/2943/2608 2112/3119/2766 1622/5660/4827
f 2127/2930/2596 4557/2992/2655 4528/2855/2536
f 1978/3046/2700 1957/3045/2699 1955/2879/2553
f 2008/2945/2610 1978/3046/2700 1984/2860/2539
f 260/2925/2591 362/2967/2631 263/2926/2592
f 261/2703/2419 258/3241/2871 260/2925/2591
f 261/2703/2419 256/2985/2648 258/3241/2871
f 344/2883/2557 340/3056/2709 343/2850/2533
f 7/2948/2613 334/3007/2668 338/2950/2615
f 7/2948/2613 5/2999/2661 334/3007/2668
f 483/2970/2634 586/3023/2681 587/2971/2635
f 2445/5672/4830 2446/3051/2705 2441/3004/2665
f 2445/5672/4830 2448/5676/4833 2446/3051/2705
f 587/2971/2635 586/3023/2681 585/2972/2636
f 416/2915/2582 2453/3010/2671 2454/2990/2653
f 4038/2801/2495 4036/3132/2778 4037/2635/2363
f 1964/3000/2662 1965/5674/4832 1919/2944/2609
f 3406/2875/2551 2132/3020/2678 1770/5666/2575
f 2132/3042/2678 1769/2961/2625 1770/2906/2575
f 2006/2814/2465 2282/3209/2566 2277/2919/2586
f 2008/2945/2610 1959/3044/2698 1978/3046/2700
f 1995/3154/2797 1996/2938/2603 1992/2686/2404
f 4857/2965/2629 4884/2924/2590 4883/2923/2589
f 362/2967/2631 6/2998/2660 8/2952/2617
f 253/2968/2632 370/3006/2667 399/2969/2633
f 338/2950/2615 334/3007/2668 336/2939/2604
f 586/3023/2681 584/3036/2692 585/2972/2636
f 584/3036/2692 570/2973/2637 585/2972/2636
f 584/3036/2692 569/3009/2670 570/2973/2637
f 584/3036/2692 622/3008/2669 569/3009/2670
f 492/3024/2682 443/3028/2686 566/2977/2641
f 2591/5643/2421 4515/3014/2673 2592/2914/2581
f 4036/3132/2778 4021/2566/2305 4037/2635/2363
f 1627/3017/2675 1643/3073/2562 1624/2905/2574
f 2277/2919/2586 2278/3210/2843 2279/2904/2573
f 2115/3118/2765 2116/2929/2595 1609/2832/2517
f 1965/5674/4832 2016/3019/2677 2081/2964/2628
f 398/3055/2666 388/2984/2647 427/2692/2410
f 6/2998/2660 2/3047/2701 5/2999/2661
f 3942/2884/2558 3937/3088/2737 3941/2885/2559
f 3937/3088/2737 3935/3089/2738 3941/2885/2559
f 1964/3000/2662 1966/5677/4834 1965/5674/4832
f 2331/2714/2429 2328/2982/2646 1768/2981/2645
f 3405/2946/2611 2170/3065/2707 2132/3020/2678
f 2448/5676/4833 2449/3049/2703 2446/3051/2705
f 2450/3026/2684 2449/3049/2703 2448/5676/4833
f 2450/3026/2684 2451/3025/2683 2449/3049/2703
f 2591/2705/2421 4457/3533/3101 4515/3535/2673
f 2171/3032/2690 932/5678/2587 2136/3033/2514
f 1966/5677/4834 2016/3019/2677 1965/5674/4832
f 2077/5679/4835 1964/3000/2662 2118/2994/2657
f 2288/2807/2499 2290/3228/2740 2293/5667/2565
f 1839/2993/2656 2077/5679/4835 2118/2994/2657
f 1840/3021/2679 2077/5679/4835 1839/2993/2656
f 1990/3035/2691 1959/3044/2698 2008/2945/2610
f 3405/2946/2611 4888/3063/2715 2170/3065/2707
f 3409/2931/2597 4888/3063/2715 3405/2946/2611
f 4886/2934/2600 4888/3164/2715 3409/2983/2597
f 5/2999/2661 4/3048/2702 334/3007/2668
f 369/2987/2650 460/3099/2748 449/2902/2571
f 334/3007/2668 4/3048/2702 251/3080/2729
f 6/2998/2660 10/3068/2718 2/3047/2701
f 334/3007/2668 253/2968/2632 335/2988/2651
f 334/3007/2668 251/3080/2729 253/2968/2632
f 2446/3051/2705 2447/3078/2727 2441/3004/2665
f 416/3013/2582 414/3012/2672 415/5680/2694
f 440/2959/2624 439/3029/2687 437/3140/2786
f 4376/2940/2605 4378/3116/2763 4377/2707/2422
f 2279/2904/2573 2281/5681/2688 917/5669/4829
f 2289/3345/2951 2286/2868/2546 1643/2888/2562
f 1966/5677/4834 1990/3035/2691 2016/3019/2677
f 4885/5682/4836 4884/2924/2590 4857/2965/2629
f 344/2883/2557 370/3006/2667 340/3056/2709
f 2/3047/2701 3/3066/2716 4/3048/2702
f 10/3068/2718 3/3066/2716 2/3047/2701
f 449/2902/2571 460/3099/2748 483/2970/2634
f 2558/3084/2733 2447/3078/2727 2446/3051/2705
f 589/3100/2749 588/3022/2680 483/2970/2634
f 2446/3051/2705 2587/3050/2704 2558/3084/2733
f 589/3100/2749 593/3086/2735 588/3022/2680
f 593/3086/2735 594/3037/2693 588/3022/2680
f 593/3086/2735 595/3057/2710 594/3037/2693
f 2453/3010/2671 2461/3070/2720 2451/3025/2683
f 2122/3076/2725 1966/5677/4834 1964/3000/2662
f 2122/3076/2725 1990/3035/2691 1966/5677/4834
f 2077/5679/4835 2122/3076/2725 1964/3000/2662
f 2170/3053/2707 2168/3061/2714 2169/3041/2697
f 2098/3054/2708 2331/2714/2429 2169/3043/2697
f 251/3080/2729 12/3093/2742 23/3095/2744
f 4/3048/2702 12/3093/2742 251/3080/2729
f 4/3048/2702 11/3067/2717 12/3093/2742
f 6/2998/2660 362/2967/2631 3/3066/2716
f 253/2968/2632 252/3081/2730 128/3112/2759
f 589/3100/2749 591/3102/2751 593/3086/2735
f 2587/3050/2704 2492/3069/2719 2558/3084/2733
f 2586/3052/2706 2474/3071/2721 2492/3069/2719
f 2451/3025/2683 2474/3071/2721 2586/3052/2706
f 595/3057/2710 441/3115/2762 439/3029/2687
f 442/3142/2788 4039/2960/2494 440/2959/2624
f 437/3140/2786 442/3142/2788 440/2959/2624
f 2591/2705/2421 4454/3039/2695 4457/3533/3101
f 3946/2942/2607 2257/3059/2712 3953/2963/2627
f 2286/2868/2546 2287/3227/2858 2288/2807/2499
f 1988/5683/2870 2127/5675/2596 1951/2937/2602
f 4885/5682/4836 4886/2934/2600 4884/2924/2590
f 251/3080/2729 23/3095/2744 24/3082/2731
f 2558/3084/2733 2467/3085/2734 2459/3083/2732
f 591/3102/2751 613/3087/2736 593/3086/2735
f 2474/3071/2721 2467/3085/2734 2492/3069/2719
f 613/3087/2736 612/3103/2752 595/3057/2710
f 612/3103/2752 441/3115/2762 595/3057/2710
f 4019/2721/2435 3942/2884/2558 3943/2886/2560
f 3940/3090/2739 3378/3074/2723 3939/2941/2606
f 3940/3090/2739 3939/2941/2606 3938/2662/2385
f 2135/3153/2796 932/2920/2587 2171/5684/2690
f 2257/5685/2712 2256/3184/2822 3953/3208/2627
f 1969/3075/2724 2122/3076/2725 2077/5679/4835
f 1840/3021/2679 1969/3075/2724 2077/5679/4835
f 1961/3109/2756 1990/3035/2691 1969/3075/2724
f 260/2925/2591 258/3241/2871 259/3077/2726
f 12/3093/2742 13/3096/2745 16/3094/2743
f 11/3067/2717 13/3096/2745 12/3093/2742
f 590/3098/2747 591/3102/2751 589/3100/2749
f 2474/3071/2721 2473/3104/2753 2467/3085/2734
f 415/3038/2694 2493/3139/2785 2461/3070/2720
f 2279/2904/2573 2280/3291/2914 2281/5681/2688
f 3380/5686/2755 2255/3182/2820 2257/5685/2712
f 2255/3182/2820 2256/3184/2822 2257/5685/2712
f 2289/3345/2951 2287/3227/2858 2286/2868/2546
f 2455/3079/2728 398/3005/2666 2441/3004/2665
f 2447/3078/2727 2456/3190/2827 2455/3079/2728
f 2447/3078/2727 2458/3101/2750 2456/3190/2827
f 441/3115/2762 438/3174/2815 439/3029/2687
f 4039/2800/2494 4036/3132/2778 4038/2801/2495
f 4021/2566/2305 4032/5673/4831 4023/2594/2328
f 1841/3092/2741 1840/3021/2679 2293/2893/2565
f 16/3094/2743 17/3122/2769 24/3082/2731
f 14/3111/2758 15/3130/2776 13/3096/2745
f 2473/3104/2753 2477/3124/2771 2460/3113/2760
f 441/3115/2762 497/3123/2770 438/3174/2815
f 438/3174/2815 437/3140/2786 439/3029/2687
f 415/5680/2694 414/3012/2672 2493/3264/2785
f 4448/3267/2895 4449/2928/2594 4447/2918/2585
f 3937/3088/2737 3947/3125/2772 3936/2866/2544
f 3366/3149/2792 3940/3148/2739 3384/3145/2572
f 3377/3126/2773 3378/3108/2723 3940/3148/2739
f 1628/5687/2722 2289/3345/2951 1643/2888/2562
f 1954/3127/2774 1988/5683/2870 1951/2937/2602
f 15/3130/2776 17/3122/2769 13/3096/2745
f 24/3082/2731 331/5688/4837 128/3112/2759
f 4034/3131/2777 4032/5673/4831 4021/2566/2305
f 4447/2918/2585 4446/2917/2584 4448/3267/2895
f 3523/2991/2654 1386/3151/2794 4380/3105/2754
f 2278/3210/2843 2280/3291/2914 2279/2904/2573
f 1610/2830/2515 2134/3254/2884 1642/3040/2696
f 2116/2929/2595 2134/3254/2884 1610/2830/2515
f 2308/3152/2795 2111/3206/2841 932/2920/2587
f 2111/3206/2841 2110/3018/2676 932/2920/2587
f 2111/3206/2841 2109/2943/2608 2110/3018/2676
f 1958/3188/2825 1952/3002/2664 1959/3044/2698
f 362/2967/2631 378/3165/2806 3/3066/2716
f 24/3082/2731 25/3136/2782 331/5688/4837
f 17/3122/2769 15/3130/2776 25/3136/2782
f 127/3157/2800 123/3156/2799 128/3112/2759
f 128/3112/2759 331/5688/4837 127/3157/2800
f 2460/3113/2760 2475/3158/2801 2458/3101/2750
f 596/3137/2783 592/3114/2761 484/3097/2746
f 2460/3113/2760 2476/5689/4838 2475/3158/2801
f 597/3138/2784 497/3123/2770 592/3114/2761
f 2477/3124/2771 2476/5689/4838 2460/3113/2760
f 4143/3143/2789 3947/3125/2772 3937/3088/2737
f 3365/3144/2790 3366/3149/2792 3384/3145/2572
f 3376/3147/2791 3377/3126/2773 3940/3148/2739
f 123/3156/2799 370/3006/2667 128/3112/2759
f 3/3066/2716 18/3168/2809 15/3130/2776
f 484/3097/2746 460/3099/2748 485/3191/2828
f 484/3097/2746 485/3191/2828 596/3137/2783
f 2458/3101/2750 2546/3159/2802 2456/3190/2827
f 597/3138/2784 493/3171/2812 497/3123/2770
f 2477/3124/2771 2624/3173/2814 2476/5689/4838
f 497/3123/2770 493/3171/2812 438/3174/2815
f 4360/2597/2331 4379/3161/2804 4361/3199/2836
f 4377/2707/2422 4378/3116/2763 4379/3161/2804
f 3364/5690/4839 3376/3147/2791 3366/3149/2792
f 2166/3294/2917 2007/3128/2775 2098/3062/2708
f 1840/3021/2679 1880/3302/2923 1969/3075/2724
f 4896/3121/2768 4885/5682/4836 4857/2965/2629
f 370/3006/2667 339/3212/2845 340/3056/2709
f 331/5688/4837 25/3136/2782 26/3166/2807
f 331/5688/4837 26/3166/2807 124/3155/2798
f 331/5688/4837 124/3155/2798 127/3157/2800
f 485/3191/2828 599/3169/2810 596/3137/2783
f 2475/3158/2801 2611/3193/2830 2546/3159/2802
f 2476/5689/4838 2611/3193/2830 2475/3158/2801
f 2476/5689/4838 2612/3195/2832 2611/3193/2830
f 2624/3173/2814 2612/3195/2832 2476/5689/4838
f 2493/3139/2785 2555/3172/2813 2477/3124/2771
f 4359/3198/2835 4362/3196/2833 4446/2917/2584
f 4144/3237/2867 3947/3125/2772 4143/3143/2789
f 4144/5691/2867 3365/3144/2790 3947/3146/2772
f 3365/3144/2790 3364/5690/4839 3366/3149/2792
f 2167/3185/2823 2166/3294/2917 2098/3062/2708
f 2167/3185/2823 2098/3062/2708 2168/3061/2714
f 4863/2932/2598 4896/3121/2768 4856/2815/2503
f 341/2986/2649 380/3135/2781 369/2987/2650
f 2624/3173/2814 2549/3218/2851 2612/3195/2832
f 2555/3172/2813 418/3262/2892 2550/3217/2850
f 2493/3139/2785 418/3262/2892 2555/3172/2813
f 4360/2597/2331 4361/3199/2836 4359/3198/2835
f 4379/3161/2804 4387/3177/2818 4361/3199/2836
f 4378/3116/2763 4387/3177/2818 4379/3161/2804
f 4656/5692/2793 3522/5693/2869 1386/3221/2794
f 4172/5694/2842 4138/2962/2626 3953/2963/2627
f 1842/3305/2926 1840/3021/2679 1841/3092/2741
f 1842/3305/2926 1880/3302/2923 1840/3021/2679
f 1958/3188/2825 1953/3110/2757 1952/3002/2664
f 4885/5682/4836 4887/3163/2767 4886/2934/2600
f 26/3166/2807 242/3230/2860 124/3155/2798
f 26/3166/2807 27/3213/2846 242/3230/2860
f 18/3168/2809 20/3214/2847 22/3167/2808
f 2612/3195/2832 2549/3218/2851 2547/3194/2831
f 500/3216/2849 436/3175/2816 493/3171/2812
f 2555/3172/2813 2549/3218/2851 2624/3173/2814
f 3360/5695/4840 3364/5690/4839 3365/3144/2790
f 3360/5695/4840 3363/3225/2856 3364/5690/4839
f 3363/3225/2856 3376/3147/2791 3364/5690/4839
f 1386/3221/2794 3522/5693/2869 1385/3222/2854
f 1387/5696/2711 3521/3203/2839 3523/3202/2654
f 2251/3183/2821 2255/3182/2820 3380/5686/2755
f 2256/3184/2822 2251/3183/2821 4172/3207/2842
f 1880/3302/2923 1960/3134/2780 1969/3075/2724
f 20/3214/2847 21/3244/2874 27/3213/2846
f 18/3168/2809 19/3231/2861 20/3214/2847
f 3/3066/2716 378/3165/2806 19/3231/2861
f 460/3099/2748 469/3306/2927 485/3191/2828
f 600/3192/2829 499/3235/2865 500/3216/2849
f 2280/3291/2914 913/5697/2883 2281/5681/2688
f 2259/5698/2840 2251/3183/2821 3380/5686/2755
f 27/3213/2846 28/3245/2875 243/3229/2859
f 20/3214/2847 19/3231/2861 21/3244/2874
f 370/3006/2667 123/3156/2799 381/3211/2844
f 602/3233/2863 606/3258/2888 600/3192/2829
f 606/3258/2888 499/3235/2865 600/3192/2829
f 499/3235/2865 476/3261/2891 436/3175/2816
f 436/3175/2816 476/3261/2891 447/3360/2963
f 3360/5695/4840 3365/3144/2790 3361/3312/2933
f 3359/5699/4841 3363/3225/2856 3360/5695/4840
f 1385/3222/2854 3522/5693/2869 3524/3249/2879
f 2667/3320/2939 2244/5700/2880 2669/3325/2882
f 2306/3133/2779 1628/3072/2722 1626/3016/2674
f 2171/5684/2690 2308/3152/2795 2135/3153/2796
f 2113/3181/2819 2116/2929/2595 2114/3117/2764
f 1880/3302/2923 1962/3303/2924 1960/3134/2780
f 4174/3003/2658 4863/2932/2598 4862/2996/2659
f 4174/3003/2658 4896/3121/2768 4863/2932/2598
f 2457/3257/2887 2455/3079/2728 2456/3190/2827
f 469/3306/2927 602/3233/2863 485/3191/2828
f 2462/3189/2826 2538/3355/2958 2457/3257/2887
f 2539/3246/2876 2538/3355/2958 2462/3189/2826
f 2550/3217/2850 2541/3260/2890 2548/3234/2864
f 4362/3196/2833 4396/3363/2966 4541/3197/2834
f 4144/5691/2867 4155/3512/3055 3365/3144/2790
f 4155/3512/3055 3369/3311/2932 3365/3144/2790
f 3359/5699/4841 3360/5695/4840 3361/3312/2933
f 2661/3274/2901 2243/3327/2941 2242/3271/2898
f 1384/3248/2878 3524/3249/2879 1383/3330/2902
f 2667/3320/2939 2235/3319/2938 2244/5700/2880
f 2243/3327/2941 2234/3283/2908 2242/3271/2898
f 2241/3280/2857 2240/3279/2905 2259/3347/2840
f 2669/3252/2882 2237/3338/2947 3381/3281/2906
f 2236/3251/2881 2237/3338/2947 2669/3252/2882
f 2291/3344/2946 2289/3345/2951 1628/5687/2722
f 2308/3152/2795 2117/3348/2949 2111/3206/2841
f 2117/3348/2949 2113/3181/2819 2111/3206/2841
f 2292/3295/2918 1881/5701/2925 2290/3228/2740
f 1881/3304/2925 1841/3092/2741 2290/3091/2740
f 1881/3304/2925 1842/3305/2926 1841/3092/2741
f 1962/3303/2924 1958/3188/2825 1960/3134/2780
f 2014/3298/2920 1995/3154/2797 2007/3128/2775
f 2014/3298/2920 2249/3255/2885 1995/3154/2797
f 2249/3255/2885 1996/2938/2603 1995/3154/2797
f 4164/5702/2990 4174/2995/2658 4140/2947/2612
f 4890/5703/2995 4885/5682/4836 4896/3121/2768
f 4890/5703/2995 4887/3163/2767 4885/5682/4836
f 243/3229/2859 104/3415/3000 125/3256/2886
f 243/3229/2859 105/3354/2957 104/3415/3000
f 28/3245/2875 105/3354/2957 243/3229/2859
f 126/3232/2862 125/3256/2886 121/3215/2848
f 2541/3260/2890 2540/3358/2961 2539/3246/2876
f 3362/5704/4842 3359/5699/4841 3361/3312/2933
f 3374/3268/2896 3375/5705/2975 2241/3226/2857
f 3375/5705/2975 2239/3322/2904 2241/3226/2857
f 2246/3326/2940 2243/3327/2941 2661/3274/2901
f 3375/5705/2975 3379/3323/2907 2239/3322/2904
f 3524/3249/2879 1381/3328/2942 1383/3330/2902
f 2242/3271/2898 2227/3332/2943 2673/3272/2899
f 2239/3278/2904 2238/3335/2944 2240/3279/2905
f 2250/3290/2913 913/5697/2883 2280/3291/2914
f 2302/3343/2950 2308/3287/2795 2303/3286/2911
f 1387/5706/2711 1377/3401/2953 3521/3331/2839
f 2234/3283/2908 2233/3341/2916 2232/3284/2909
f 4558/3060/2713 1377/3349/2953 1387/3058/2711
f 2237/3338/2947 2230/3340/2948 2238/3335/2944
f 2259/3347/2840 2258/3346/2952 2251/5707/2821
f 4178/5708/2915 4138/2962/2626 4172/5694/2842
f 2251/3183/2821 2258/5709/2952 4178/3292/2915
f 2014/3298/2920 2166/3294/2917 2233/3293/2916
f 4178/5708/2915 4164/5702/2990 4138/2962/2626
f 1379/3352/2955 1988/5683/2870 1953/3110/2757
f 1988/5683/2870 1954/3127/2774 1953/3110/2757
f 4164/5702/2990 4140/2947/2612 4138/2962/2626
f 2228/3351/2954 4887/3350/2767 4890/3410/2995
f 4164/3403/2990 4897/3409/2994 4174/5710/2658
f 4897/5711/2994 4896/3121/2768 4174/3003/2658
f 4897/5711/2994 4890/5703/2995 4896/3121/2768
f 19/3231/2861 30/3417/3002 29/3307/2928
f 607/3310/2931 496/3357/2960 476/3261/2891
f 476/3261/2891 496/3357/2960 447/3360/2963
f 418/3262/2892 410/3492/3065 2542/3263/2893
f 4361/3199/2836 4390/3247/2877 4363/3362/2965
f 4361/3199/2836 4363/3362/2965 4362/3196/2833
f 3370/5712/4843 3361/3312/2933 3369/3311/2932
f 3368/3469/3045 3374/3268/2896 3359/5699/4841
f 3374/3268/2896 3363/3225/2856 3359/5699/4841
f 2660/3369/2971 2673/3317/2899 2667/3320/2939
f 1373/5713/2970 1362/3454/3032 1361/3432/3016
f 1374/5714/2969 1362/3454/3032 1373/5713/2970
f 2666/3376/2976 2667/3320/2939 3379/3324/2907
f 1361/3432/3016 1362/3454/3032 1363/3433/3017
f 1381/3328/2942 1375/3460/3036 1376/3329/2937
f 2301/3430/3014 2302/3343/2950 2303/3286/2911
f 3521/3331/2839 1375/3460/3036 1381/3328/2942
f 3521/3331/2839 1378/3459/3035 1375/3460/3036
f 2683/3388/2977 2245/3378/2978 2246/3326/2940
f 1636/3443/2981 1635/3442/3024 2306/3133/2779
f 3521/3331/2839 1377/3401/2953 1378/3459/3035
f 2227/3332/2943 2224/3405/2991 2673/3272/2899
f 2299/3389/2984 2117/3342/2949 2302/3343/2950
f 2673/3272/2899 2224/3405/2991 2225/3285/2910
f 2227/3332/2943 2228/3351/2954 2224/3405/2991
f 2225/3285/2910 2224/3405/2991 2226/3406/2992
f 2248/3386/2982 2249/3392/2885 2247/3387/2983
f 1370/3380/2980 1371/3396/2987 2292/3390/2918
f 2245/3378/2978 2014/5715/2920 2233/3341/2916
f 1366/3398/2988 1382/3393/2922 1364/3395/2986
f 2258/3346/2952 2230/3340/2948 4178/3404/2915
f 2225/3285/2910 2226/3406/2992 2230/3340/2948
f 2247/3387/2983 2249/3392/2885 2245/3378/2978
f 1372/3394/2985 1881/3397/2925 1371/3396/2987
f 1382/3393/2922 1388/3407/2921 1372/3394/2985
f 1366/3398/2988 1365/3400/2989 1379/3402/2955
f 1377/3401/2953 1988/5716/2870 1379/3402/2955
f 2230/3340/2948 2226/3406/2992 2231/3408/2993
f 2249/3392/2885 2014/5715/2920 2245/3378/2978
f 1379/3402/2955 1962/3399/2924 1366/3398/2988
f 2228/3351/2954 4890/3410/2995 2226/3406/2992
f 339/3212/2845 249/3411/2996 340/3056/2709
f 105/3354/2957 35/3416/3001 38/3413/2998
f 121/3215/2848 114/3506/3079 123/3156/2799
f 447/3360/2963 435/3361/2964 436/3175/2816
f 3374/3268/2896 3385/3483/3056 3375/5705/2975
f 1399/3421/3006 1309/3366/2968 1373/3368/2970
f 1380/3427/3005 1369/3426/3011 1396/3444/3009
f 1373/5713/2970 1367/3425/3010 1380/3427/3005
f 1373/5713/2970 1361/3432/3016 1367/3425/3010
f 2681/3374/2974 2668/3434/3018 3379/3324/2907
f 2676/3429/3013 2252/5717/4844 2683/3377/2977
f 2252/5718/4844 2248/3386/2982 2683/3388/2977
f 2252/5718/4844 2253/5719/3030 2248/3386/2982
f 924/3431/3015 1653/3436/3019 2301/3430/3014
f 1367/3425/3010 1368/3447/3027 1369/3426/3011
f 1374/5714/2969 3438/3453/3022 1362/3454/3032
f 2304/3445/3025 2307/3473/3023 1636/3385/2981
f 1396/3444/3009 1370/3380/2980 1634/3382/2945
f 2298/3446/3026 2299/3389/2984 2300/3437/3020
f 1636/3385/2981 2299/3389/2984 2304/3445/3025
f 1300/3438/3021 3436/5720/3034 3438/3439/3022
f 2250/3391/2913 2248/3386/2982 2253/5719/3030
f 912/3449/3029 913/3253/2883 2250/3450/2913
f 1630/3615/3170 1629/3452/3031 2306/3133/2779
f 3434/3448/3028 3435/3457/3033 3436/3456/3034
f 1376/3318/2937 3435/3457/3033 3434/3448/3028
f 1375/3460/3036 3435/3455/3033 1376/3329/2937
f 1362/3454/3032 1364/3395/2986 1363/3433/3017
f 1375/3460/3036 1365/3400/2989 3435/3455/3033
f 1368/3447/3027 1372/3394/2985 1371/3396/2987
f 114/3506/3079 381/3211/2844 123/3156/2799
f 2540/3358/2961 2543/3494/3067 2481/3356/2959
f 2542/3263/2893 2543/3494/3067 2540/3358/2961
f 3362/5704/4842 3361/3312/2933 3370/5712/4843
f 3385/3483/3056 1205/5721/2973 3375/5705/2975
f 1391/3517/3089 1399/3421/3006 1380/3420/3005
f 1394/3475/3049 1392/3423/3008 1396/3424/3009
f 1656/3583/3061 1654/5722/4845 924/5723/3015
f 1654/5722/4845 1653/3519/3019 924/5723/3015
f 1653/3436/3019 2298/3446/3026 2300/3437/3020
f 2309/3472/3048 2298/3446/3026 1653/3436/3019
f 921/3499/3072 2253/3451/3030 2252/5724/4844
f 1658/3543/3109 1635/3442/3024 2307/3441/3023
f 921/3499/3072 912/3449/3029 2253/3451/3030
f 257/3242/2872 266/3490/3063 259/3077/2726
f 35/3416/3001 34/3479/3052 36/3477/3050
f 19/3231/2861 31/3504/3077 30/3417/3002
f 469/3306/2927 603/3463/3039 602/3233/2863
f 2542/3263/2893 410/3492/3065 2543/3494/3067
f 418/3266/2892 408/3265/2894 410/3532/3065
f 436/3175/2816 435/3361/2964 434/3141/2787
f 4363/3362/2965 4390/3247/2877 4391/3510/3083
f 3367/5725/4846 3359/5699/4841 3362/5704/4842
f 3367/5725/4846 3368/3469/3045 3359/5699/4841
f 3367/5725/4846 3386/3468/3044 3368/3469/3045
f 2665/3471/3047 2657/3559/3123 2660/3369/2971
f 1391/3517/3089 1380/3420/3005 1392/3423/3008
f 1308/3587/3092 1300/3438/3021 1309/3476/2968
f 1205/3373/2973 2682/3487/3060 2681/3374/2974
f 2679/3538/3105 2252/5717/4844 2676/3429/3013
f 2679/3538/3105 921/5726/3072 2252/5717/4844
f 1300/3438/3021 1286/3501/3074 3436/5720/3034
f 911/3489/3062 914/3162/2805 913/3253/2883
f 1635/3442/3024 1630/3615/3170 2306/3133/2779
f 1629/3452/3031 1634/3336/2945 1628/3072/2722
f 3436/5720/3034 1287/5727/4847 3434/5728/3028
f 1287/5727/4847 1299/5729/3012 3434/5728/3028
f 1286/3501/3074 1287/5727/4847 3436/5720/3034
f 241/3243/2873 240/3353/2956 256/2985/2648
f 38/3413/2998 36/3477/3050 101/3526/3096
f 38/3413/2998 101/3526/3096 103/3414/2999
f 378/3165/2806 31/3504/3077 19/3231/2861
f 103/3414/2999 101/3526/3096 122/3461/3037
f 122/3461/3037 101/3526/3096 120/3507/3080
f 121/3215/2848 120/3507/3080 114/3506/3079
f 122/3461/3037 120/3507/3080 121/3215/2848
f 2481/3356/2959 2544/3529/3099 2545/3480/3053
f 2543/3494/3067 2544/3529/3099 2481/3356/2959
f 2543/3494/3067 409/3493/3066 2544/3529/3099
f 4396/3363/2966 4392/3496/3069 4762/3481/3054
f 3369/3311/2932 3371/3558/3122 3370/5712/4843
f 3371/3558/3122 3362/5704/4842 3370/5712/4843
f 2659/3315/2936 2658/3515/3087 2254/3316/2900
f 2657/3559/3123 2659/3315/2936 2660/3369/2971
f 2664/3485/3058 2674/3370/2972 2661/3372/2901
f 2675/3486/3059 2679/3538/3105 2676/3429/3013
f 1389/3689/3236 1391/3517/3089 1392/3423/3008
f 1652/3520/3090 1653/3519/3019 1654/5722/4845
f 1658/3543/3109 1646/3642/3196 1635/3442/3024
f 1287/5727/4847 1289/3699/3244 1299/5729/3012
f 36/3477/3050 37/3503/3076 101/3526/3096
f 32/3478/3051 31/3504/3077 33/3502/3075
f 32/3478/3051 33/3502/3075 34/3479/3052
f 2544/3529/3099 2639/5730/4848 2545/3480/3053
f 2594/3534/3102 4457/3533/3101 4454/3039/2695
f 4032/5673/4831 4031/3508/3081 4030/3509/3082
f 3371/3558/3122 1208/5731/4849 3362/5704/4842
f 1208/5731/4849 3367/5725/4846 3362/5704/4842
f 3432/3422/3007 3437/5732/3142 3414/3470/3046
f 3432/3422/3007 3439/3484/3057 3437/5732/3142
f 1656/3583/3061 1655/3582/3145 1654/5722/4845
f 1655/3582/3145 1652/3520/3090 1654/5722/4845
f 1394/3475/3049 1389/3689/3236 1392/3423/3008
f 2671/5733/3128 2665/3471/3047 2666/3376/2976
f 2682/3487/3060 2670/5734/3129 2668/3434/3018
f 2670/5734/3129 2671/5733/3128 2666/3376/2976
f 2670/5734/3129 2666/3376/2976 2668/3434/3018
f 2679/3538/3105 920/3542/3071 921/5726/3072
f 1663/3589/3150 1656/3488/3061 919/3379/2979
f 1308/3587/3092 1293/3500/3073 1300/3438/3021
f 910/3544/3110 911/3489/3062 912/3449/3029
f 114/3506/3079 115/3622/3177 381/3211/2844
f 2545/3480/3053 2637/3546/3112 2463/3462/3038
f 608/3527/3097 609/3548/3114 603/3463/3039
f 2639/5730/4848 2637/3546/3112 2545/3480/3053
f 609/3548/3114 501/3464/3040 603/3463/3039
f 2639/5730/4848 2638/5735/4850 2637/3546/3112
f 2544/3529/3099 2563/3572/3136 2639/5730/4848
f 501/3464/3040 490/3550/3116 451/3530/3100
f 451/3530/3100 435/3361/2964 452/3359/2962
f 3372/3511/3084 3387/3556/3120 3371/3558/3122
f 3372/3511/3084 3371/3558/3122 3369/3311/2932
f 1207/5736/4851 3367/5725/4846 1208/5731/4849
f 3414/3470/3046 3430/3536/3103 3412/3467/3043
f 1207/5736/4851 3386/3468/3044 3367/5725/4846
f 2684/3613/3108 1205/5737/2973 3385/5738/3056
f 1651/3539/3106 1649/3521/3091 2309/3518/3048
f 2672/5739/3166 2657/3559/3123 2665/3471/3047
f 2672/5739/3166 2665/3471/3047 2671/5733/3128
f 37/3503/3076 39/3545/3111 102/3525/3095
f 2639/5730/4848 2563/3572/3136 2638/5735/4850
f 2561/3528/3098 2563/3572/3136 2544/3529/3099
f 4041/3708/3253 4036/3132/2778 4039/2800/2494
f 4762/3481/3054 4546/3574/3138 4541/3197/2834
f 3388/3557/3121 1208/5731/4849 3371/3558/3122
f 3437/5732/3142 3430/3536/3103 3414/3470/3046
f 1207/5740/4851 1191/3606/3163 3386/5741/3044
f 1191/3606/3163 3385/5738/3056 3386/5741/3044
f 3439/5742/3057 1323/3637/3191 3437/3579/3142
f 2658/3515/3087 2663/3668/3219 2661/3372/2901
f 2663/3668/3219 2664/3485/3058 2661/3372/2901
f 1395/3562/3126 1389/3689/3236 1394/3475/3049
f 1649/3521/3091 1646/3642/3196 1658/3543/3109
f 1634/3474/2945 1404/3561/3125 1394/3475/3049
f 1291/3586/3148 1293/3500/3073 1308/3587/3092
f 1299/5729/3012 1297/3700/3245 3439/5742/3057
f 911/3489/3062 919/3379/2979 914/3162/2805
f 1284/3566/3130 1287/5727/4847 1286/3501/3074
f 102/3525/3095 111/3620/3175 119/3505/3078
f 39/3545/3111 111/3620/3175 102/3525/3095
f 119/3505/3078 111/3620/3175 114/3506/3079
f 2638/5735/4850 2556/3568/3132 2637/3546/3112
f 2638/5735/4850 2563/3572/3136 2556/3568/3132
f 409/3493/3066 2562/3654/3137 2561/3528/3098
f 4454/3039/2695 4455/3553/3118 4458/4051/3560
f 1/3658/3210 3387/3597/3120 3372/5743/3084
f 3430/3536/3103 1328/3595/3156 3417/3514/3086
f 1206/3605/3162 1208/5744/4849 3388/3600/3121
f 1206/3605/3162 1207/5740/4851 1208/5744/4849
f 1206/3605/3162 1191/3606/3163 1207/5740/4851
f 1323/3637/3191 1325/3576/3140 3437/3579/3142
f 1191/3606/3163 1171/3674/3225 3385/5738/3056
f 1389/3689/3236 1390/3666/3217 1391/3517/3089
f 2672/5739/3166 2689/5745/3195 2657/3559/3123
f 3439/5742/3057 1322/3638/3192 1323/3637/3191
f 1650/3585/3147 1648/3643/3197 1649/3521/3091
f 1294/3588/3149 1308/3587/3092 1402/5746/3107
f 1297/3700/3245 1322/3638/3192 3439/5742/3057
f 1166/3563/3127 1167/3609/3165 2671/3564/3128
f 1299/5729/3012 1289/3699/3244 1297/3700/3245
f 2463/3462/3038 2465/3651/3204 2464/3524/3094
f 2563/3572/3136 2559/3571/3135 2556/3568/3132
f 490/3550/3116 472/3626/3181 451/3530/3100
f 4454/3039/2695 4458/4051/3560 2594/3534/3102
f 4155/3512/3055 3373/3876/3208 3372/3511/3084
f 4161/3657/3209 3387/3597/3120 1/3658/3210
f 4177/3601/3157 3388/3600/3121 3387/5747/3120
f 1209/3599/3159 1206/3605/3162 3388/3600/3121
f 1328/5748/3156 4836/5749/3160 4834/5750/3155
f 1326/3577/3141 4836/3602/3160 3430/3578/3103
f 1203/3635/3189 1204/3604/3161 1209/3599/3159
f 1203/3635/3189 1209/3599/3159 1210/3630/3185
f 1203/3635/3189 1190/3607/3164 1204/3604/3161
f 1190/3607/3164 1171/3674/3225 1191/3606/3163
f 1171/3674/3225 2684/3613/3108 3385/5738/3056
f 1171/3674/3225 1155/3644/3198 2684/3613/3108
f 1659/3581/3144 1657/3584/3146 1655/3582/3145
f 1296/3648/3201 1402/5746/3107 1403/3691/3143
f 1296/3648/3201 1294/3588/3149 1402/5746/3107
f 2684/3541/3108 2670/5734/3129 2682/3487/3060
f 1646/3642/3196 1633/3614/3169 1635/3442/3024
f 40/3567/3131 41/3621/3176 39/3545/3111
f 2466/3547/3113 2465/3651/3204 2463/3462/3038
f 2559/3571/3135 2557/3653/3206 2556/3568/3132
f 618/3570/3134 617/3624/3179 478/3652/3205
f 2561/3528/3098 2562/3654/3137 2560/3625/3180
f 2493/3264/2785 407/3592/3153 408/3265/2894
f 4747/3733/3275 4752/3730/3139 4834/5750/3155
f 1212/3598/3158 3387/3597/3120 4161/3657/3209
f 1326/3577/3141 1327/3633/3187 4836/3602/3160
f 1169/3671/3222 1190/3607/3164 1203/3635/3189
f 1172/3636/3190 1169/3671/3222 1203/3635/3189
f 2662/3639/3193 2663/3668/3219 2658/3515/3087
f 1395/3562/3126 1393/3670/3221 1389/3689/3236
f 2688/3673/3224 920/3542/3071 2680/3537/3104
f 1630/3615/3170 1631/3646/3200 1629/3452/3031
f 1166/3563/3127 1150/3679/3229 1167/3609/3165
f 1290/3649/3202 1285/3523/3093 1291/3586/3148
f 1288/3702/3247 1289/3699/3244 1287/5727/4847
f 40/3567/3131 42/3704/3249 41/3621/3176
f 2554/3623/3178 2478/3650/3203 2466/3547/3113
f 495/3591/3152 615/5751/4852 614/3569/3133
f 615/5751/4852 617/3624/3179 614/3569/3133
f 2557/3653/3206 2607/3724/3269 2554/3623/3178
f 2557/3653/3206 2554/3623/3178 2556/3568/3132
f 406/3628/3183 407/3592/3153 2493/3264/2785
f 414/3015/2672 2593/3219/2852 406/5752/3183
f 4033/3759/3298 4031/3508/3081 4032/5673/4831
f 4761/3684/3212 4747/3733/3275 4834/5750/3155
f 1210/3630/3185 1212/3631/3158 3845/5753/3214
f 4836/5749/3160 4761/3684/3212 4834/5750/3155
f 1327/3633/3187 1324/3687/3234 4835/3659/3211
f 1327/3633/3187 4835/3659/3211 4836/3602/3160
f 1211/5754/3213 3848/3634/3188 1210/3630/3185
f 1327/3633/3187 1317/3664/3215 1324/3687/3234
f 2689/5745/3195 2687/5755/4853 2662/3639/3193
f 2689/5745/3195 2662/3639/3193 2657/3559/3123
f 2678/3667/3218 2677/3640/3194 2664/3485/3058
f 2677/3640/3194 2675/3486/3059 2664/3485/3058
f 1170/3672/3223 1171/3674/3225 1190/3607/3164
f 1404/3561/3125 1315/3669/3220 1395/3562/3126
f 1669/3693/3238 1650/3585/3147 1657/3584/3146
f 1403/3691/3143 1298/3719/3264 1296/3648/3201
f 1297/3700/3245 1295/3695/3240 1322/3638/3192
f 1150/3679/3229 1154/3611/3167 1167/3609/3165
f 1136/3678/3228 1290/3649/3202 1292/3616/3171
f 1290/3649/3202 1283/3703/3248 1285/3523/3093
f 1284/3566/3130 1288/3702/3247 1287/5727/4847
f 31/3504/3077 43/3787/3322 40/3567/3131
f 616/3918/3435 615/5751/4852 495/3591/3152
f 2607/3724/3269 2478/3650/3203 2554/3623/3178
f 2602/3722/3267 2607/3724/3269 2557/3653/3206
f 2560/3625/3180 2602/3722/3267 2557/3653/3206
f 4761/3684/3212 4746/3790/3325 4747/3733/3275
f 4743/3737/3235 4732/3683/3232 4835/3685/3211
f 1211/3661/3213 3783/3823/3352 3848/5756/3188
f 1320/3665/3216 1403/3580/3143 1397/3560/3124
f 1317/3664/3215 1318/3714/3259 1324/3687/3234
f 1401/3739/3279 1393/3670/3221 1315/3669/3220
f 1154/3611/3167 2687/5757/4853 2689/3641/3195
f 922/3694/3239 1669/3693/3238 1659/3581/3144
f 1669/3693/3238 1647/3675/3226 1650/3585/3147
f 1310/3690/3237 1298/3719/3264 1403/3691/3143
f 1156/3697/3242 1172/3636/3190 3848/3634/3188
f 1156/3697/3242 1151/3698/3243 1169/3671/3222
f 1283/3703/3248 1284/3566/3130 1285/3523/3093
f 420/3491/3064 616/3918/3435 495/3591/3152
f 47/3618/3173 48/3751/3290 112/3619/3174
f 31/3504/3077 49/3785/3320 43/3787/3322
f 112/3619/3174 81/3707/3252 115/3622/3177
f 615/5751/4852 621/3755/3294 617/3624/3179
f 478/3652/3205 617/3624/3179 474/3757/3296
f 4149/3877/3272 3373/3876/3208 4155/3512/3055
f 4149/3728/3272 4155/3482/3055 4146/3418/3003
f 4761/3684/3212 4732/3683/3232 4746/3790/3325
f 3778/3766/3304 1211/3661/3213 3775/3686/3233
f 3778/3766/3304 3783/3823/3352 1211/3661/3213
f 2687/5755/4853 2685/3826/3354 2662/3639/3193
f 2685/3826/3354 2686/3713/3258 2663/3668/3219
f 2685/3826/3354 2663/3668/3219 2662/3639/3193
f 1315/5758/3220 1313/3767/3305 1401/3769/3279
f 3783/3823/3352 3844/5759/4854 3848/5756/3188
f 1404/5760/3125 1313/3767/3305 1315/5758/3220
f 1317/3664/3215 1307/3779/3314 1318/3714/3259
f 1154/3611/3167 1157/3744/3283 2687/5757/4853
f 3844/5761/4854 1156/3697/3242 3848/3634/3188
f 1314/3792/3151 1313/3767/3305 1404/5760/3125
f 1306/3696/3241 1307/3779/3314 1317/3664/3215
f 1151/3698/3243 1153/3612/3168 1155/3644/3198
f 1282/3701/3246 1295/3695/3240 1289/3699/3244
f 41/3621/3176 48/3751/3290 47/3618/3173
f 41/3621/3176 44/3705/3250 48/3751/3290
f 378/3165/2806 49/3785/3320 31/3504/3077
f 48/3751/3290 80/3706/3251 112/3619/3174
f 42/3704/3249 43/3787/3322 44/3705/3250
f 40/3567/3131 43/3787/3322 42/3704/3249
f 616/3918/3435 621/3755/3294 615/5751/4852
f 617/3624/3179 621/3755/3294 474/3757/3296
f 478/3652/3205 474/3757/3296 472/3626/3181
f 407/3592/3153 412/3725/3270 2562/3573/3137
f 435/3361/2964 433/3727/3271 434/3141/2787
f 4762/3481/3054 4660/3761/3300 4546/3574/3138
f 4762/3481/3054 4392/3496/3069 4660/3761/3300
f 4732/3683/3232 4720/3764/3302 4746/3790/3325
f 4743/3737/3235 4698/3736/3278 4732/3683/3232
f 3736/3765/3303 3783/3823/3352 3778/3766/3304
f 1319/3740/3280 1390/3666/3217 1393/3670/3221
f 1319/3740/3280 1320/3665/3216 1390/3666/3217
f 1310/3690/3237 1301/3836/3364 1298/3719/3264
f 931/3772/3309 2692/3676/3227 2677/3640/3194
f 922/3694/3239 1671/3742/3281 1669/3693/3238
f 1157/3778/3283 2691/3777/3313 2687/5762/4853
f 929/3717/3262 1633/3614/3169 1647/3675/3226
f 891/3720/3265 861/3716/3261 911/3489/3062
f 865/3746/3285 910/3544/3110 926/3645/3199
f 1146/3743/3282 1154/3611/3167 1150/3679/3229
f 1279/3783/3318 1283/3703/3248 1290/3649/3202
f 1283/3703/3248 1279/3783/3318 1282/3701/3246
f 1144/3747/3286 1146/3743/3282 1150/3679/3229
f 2464/3524/3094 2471/3784/3319 398/3005/2666
f 48/3751/3290 52/3750/3289 80/3706/3251
f 79/3752/3291 82/3721/3266 81/3707/3252
f 619/3812/3341 621/3755/3294 616/3918/3435
f 422/3655/3207 2603/3815/3344 2602/3722/3267
f 472/3626/3181 474/3757/3296 473/3813/3342
f 4033/3759/3298 4032/5673/4831 4034/3131/2777
f 1310/3690/3237 1320/3692/3216 1319/5763/3280
f 1401/3769/3279 1310/3690/3237 1319/5763/3280
f 2691/3824/3313 2685/3826/3354 2687/5755/4853
f 1311/3768/3306 1305/3770/3307 1401/3769/3279
f 2686/3713/3258 928/3771/3308 2690/3715/3260
f 861/3716/3261 862/3795/3328 922/3741/3239
f 927/5764/3330 1633/3614/3169 929/3717/3262
f 927/5764/3330 1632/3718/3263 1633/3614/3169
f 3844/5761/4854 3839/3858/3382 1156/3697/3242
f 1671/3794/3281 894/3803/3333 929/5765/3262
f 894/3803/3333 927/3798/3330 929/5765/3262
f 1276/3782/3317 1290/3649/3202 1136/3678/3228
f 1156/3697/3242 1145/3806/3335 1151/3698/3243
f 1145/3806/3335 1144/3747/3286 1151/3698/3243
f 115/3622/3177 82/3721/3266 250/3617/3172
f 44/3705/3250 45/3786/3321 46/3749/3288
f 43/3787/3322 45/3786/3321 44/3705/3250
f 2602/3722/3267 2603/3815/3344 2604/3788/3323
f 2602/3722/3267 2604/3788/3323 2606/3723/3268
f 412/3725/3270 413/3861/3385 422/3726/3207
f 407/3592/3153 411/3966/3477 412/3725/3270
f 406/3628/3183 405/3978/3488 407/3592/3153
f 4660/3761/3300 4547/3816/3345 4546/3574/3138
f 1304/3834/3362 1305/3770/3307 1311/3768/3306
f 1305/3770/3307 1303/3829/3357 1310/3690/3237
f 1181/3776/3312 1098/3890/3410 2691/3777/3313
f 862/3795/3328 1671/3794/3281 922/3741/3239
f 1312/3791/3326 1311/3768/3306 1313/3767/3305
f 888/3745/3284 2692/3677/3227 931/3800/3309
f 1639/5766/4855 1314/3647/3151 1631/3646/3200
f 1639/5766/4855 1312/3881/3326 1314/3647/3151
f 1125/3835/3363 1136/3678/3228 1298/3719/3264
f 3783/3823/3352 3839/5767/3382 3844/5759/4854
f 894/3803/3333 875/3796/3329 927/3798/3330
f 3839/3858/3382 1152/3805/3334 1156/3697/3242
f 1278/3807/3336 1277/3780/3315 1282/3701/3246
f 383/3842/3370 49/3785/3320 378/3165/2806
f 2588/3753/3292 2470/3748/3287 2465/3651/3204
f 2604/3788/3323 2636/3873/3396 2635/3754/3293
f 472/3626/3181 473/3813/3342 445/3627/3182
f 2593/3219/2852 2595/4223/3489 406/5752/3183
f 4150/3789/3324 4149/3728/3272 4148/3554/3119
f 925/3825/3353 2686/3713/3258 2685/3826/3354
f 925/3825/3353 928/3771/3308 2686/3713/3258
f 1637/3828/3356 1631/3646/3200 1632/3718/3263
f 1098/3890/3410 1106/5768/3375 2691/3777/3313
f 1312/3791/3326 1304/3834/3362 1311/3768/3306
f 889/3793/3327 869/3833/3361 1671/3794/3281
f 3783/3823/3352 3790/3956/3468 3839/5767/3382
f 784/3837/3365 865/3746/3285 888/3745/3284
f 871/3838/3366 875/3796/3329 894/3803/3333
f 1125/3959/3363 1133/5769/4856 1136/5770/3228
f 1133/5771/4856 1276/3782/3317 1136/3678/3228
f 1148/3934/3448 1145/3806/3335 1152/3805/3334
f 1148/3934/3448 1143/3841/3369 1145/3806/3335
f 46/3749/3288 51/3844/3372 52/3750/3289
f 52/3750/3289 53/5772/4857 76/3809/3338
f 2635/3754/3293 2636/3873/3396 2588/3753/3292
f 411/3966/3477 413/3861/3385 412/3725/3270
f 4451/3236/2866 4547/3816/3345 4453/3629/3184
f 4746/3790/3325 4744/3817/3346 4745/3731/3274
f 4720/3764/3302 4702/3820/3349 4744/3817/3346
f 4698/3736/3278 4699/3735/3277 4673/3863/3386
f 4730/3775/3311 4675/3884/3404 4699/3735/3277
f 1302/3830/3358 1301/3836/3364 1310/3690/3237
f 1640/3851/3376 1639/5766/4855 1631/3646/3200
f 1640/3851/3376 1312/3881/3326 1639/5766/4855
f 925/3848/3353 843/3832/3360 928/3799/3308
f 1304/3834/3362 793/5773/3380 1303/3829/3357
f 793/5773/3380 1302/3830/3358 1303/3829/3357
f 3737/3822/3351 3790/3956/3468 3783/3823/3352
f 785/3886/3406 784/3837/3365 843/3832/3360
f 869/3833/3361 871/3838/3366 881/3802/3332
f 792/3906/3377 765/3854/3379 1304/3856/3362
f 1125/3959/3363 1280/3958/3470 1133/5769/4856
f 1181/3776/3312 1182/5774/3391 1098/3890/3410
f 1231/3911/3428 1277/3780/3315 1278/3807/3336
f 1164/3857/3381 1148/3934/3448 1152/3805/3334
f 1144/3747/3286 1142/3859/3383 1146/3743/3282
f 1250/3869/3392 1277/3780/3315 1231/3911/3428
f 1231/3911/3428 1278/3807/3336 1232/3840/3368
f 52/3750/3289 51/3844/3372 53/5772/4857
f 2636/3873/3396 2631/3872/3395 2588/3753/3292
f 2636/3873/3396 2614/3893/3413 2616/3871/3394
f 2604/3788/3323 2614/3893/3413 2636/3873/3396
f 407/3592/3153 405/3978/3488 411/3966/3477
f 4040/3967/3478 4072/3758/3297 4033/3759/3298
f 1098/3890/3410 1088/3889/3409 1106/5768/3375
f 793/5773/3380 886/3865/3388 1302/3830/3358
f 871/3838/3366 872/3864/3387 875/3796/3329
f 1251/3839/3367 1281/3908/3390 4832/3773/3310
f 3790/5775/3468 1164/3857/3381 3839/3858/3382
f 1235/3962/3473 1276/3782/3317 1133/5771/4856
f 1235/3962/3473 1232/3840/3368 1276/3782/3317
f 51/3844/3372 58/3937/3451 53/5772/4857
f 51/3844/3372 50/3843/3371 58/3937/3451
f 2588/3753/3292 2631/3872/3395 2470/3748/3287
f 619/3812/3341 489/3896/3416 508/3811/3340
f 2605/3860/3384 2614/3893/3413 2604/3788/3323
f 4455/3553/3118 4456/3897/3417 4458/4051/3560
f 4035/3552/3117 4040/3967/3478 4033/3759/3298
f 3726/3925/3441 3736/3765/3303 3741/3821/3350
f 4699/3735/3277 4675/3884/3404 4673/3863/3386
f 859/3879/3400 889/3793/3327 862/3795/3328
f 859/3879/3400 869/3833/3361 889/3793/3327
f 844/3885/3405 843/3832/3360 925/3848/3353
f 872/3864/3387 883/3930/3446 885/3831/3359
f 870/3866/3389 872/3864/3387 871/3838/3366
f 1123/5776/4858 1125/3959/3363 1126/5777/3378
f 4730/3775/3311 1281/3867/3390 4704/3883/3403
f 1235/3962/3473 1229/3914/3431 1232/3840/3368
f 1229/3914/3431 1231/3911/3428 1232/3840/3368
f 1250/3869/3392 1247/3907/3425 1251/3839/3367
f 53/5772/4857 58/3937/3451 74/3915/3432
f 53/5772/4857 74/3915/3432 76/3809/3338
f 2616/3871/3394 2615/3894/3414 2631/3872/3395
f 2605/3860/3384 425/3814/3343 2613/3895/3415
f 2605/3860/3384 2613/3895/3415 2614/3893/3413
f 2603/3815/3344 425/3814/3343 2605/3860/3384
f 445/3627/3182 467/3845/3373 446/3919/3436
f 4154/3846/3374 3373/3656/3208 3382/3944/3398
f 4744/3817/3346 4736/3921/3438 4745/3731/3274
f 3740/3926/3442 3726/3925/3441 3741/3821/3350
f 891/3720/3265 860/3931/3447 861/3716/3261
f 845/3882/3402 844/3885/3405 925/3848/3353
f 874/3903/3422 872/3864/3387 870/3866/3389
f 882/3904/3423 883/3930/3446 872/3864/3387
f 1641/3880/3401 1316/5778/3424 1312/3881/3326
f 1316/5779/3424 792/3852/3377 1312/3791/3326
f 784/3837/3365 787/3952/3464 788/3801/3331
f 1182/5774/3391 1087/3888/3408 1098/3890/3410
f 1280/3971/3470 1235/3962/3473 1133/5771/4856
f 3790/5775/3468 1160/3960/3471 1164/3857/3381
f 1141/3913/3430 1140/5780/4859 1142/3859/3383
f 50/3843/3371 55/5781/4860 59/3936/3450
f 50/3843/3371 59/3936/3450 58/3937/3451
f 489/3896/3416 486/3991/3501 467/3845/3373
f 4745/3731/3274 4736/3921/3438 4756/3732/3255
f 876/3949/3461 882/3904/3423 874/3903/3422
f 886/3933/3388 764/3887/3407 1126/4129/3378
f 1247/3907/3425 4817/5782/4861 1281/3908/3390
f 1160/3960/3471 1148/3934/3448 1164/3857/3381
f 54/3891/3411 55/5781/4860 50/3843/3371
f 420/3491/3064 4851/3917/3434 616/3918/3435
f 4851/3917/3434 620/3939/3453 619/3812/3341
f 2613/3895/3415 425/3814/3343 2625/3990/3500
f 486/3991/3501 468/3992/3502 467/3845/3373
f 2622/5783/3454 2625/3990/3500 425/3814/3343
f 467/3845/3373 468/3992/3502 446/3919/3436
f 4702/3820/3349 4736/3921/3438 4744/3817/3346
f 3742/3996/3506 3735/3924/3440 3740/3926/3442
f 4673/3863/3386 4671/3998/3508 4672/3819/3348
f 4673/3863/3386 4674/3929/3445 4671/3998/3508
f 1660/3928/3444 1644/3901/3420 1637/3828/3356
f 1644/3901/3420 1640/3851/3376 1637/3828/3356
f 1087/3888/3408 1085/4038/3548 1088/3889/3409
f 1123/5776/4858 1121/3957/3469 1125/3959/3363
f 3790/5775/3468 1202/4002/3512 1160/3960/3471
f 1243/4044/3553 1247/3907/3425 1242/3912/3429
f 1139/3973/3483 1140/5780/4859 1141/3913/3430
f 1229/3914/3431 1228/3974/3484 1230/3910/3427
f 1139/3973/3483 1147/4028/3538 1140/5780/4859
f 266/3490/3063 333/5784/4862 383/3842/3370
f 84/3892/3412 86/3965/3476 82/3721/3266
f 2628/3938/3452 2629/3988/3498 2631/3872/3395
f 2615/3894/3414 2627/3989/3499 2628/3938/3452
f 2613/3895/3415 2627/3989/3499 2615/3894/3414
f 2613/3895/3415 2625/3990/3500 2627/3989/3499
f 4660/3761/3300 4606/3942/3456 4618/3898/3418
f 4393/3709/3254 3428/3763/3301 4395/3920/3437
f 4672/3819/3348 4669/3994/3504 4702/3820/3349
f 3742/3996/3506 3740/3926/3442 3741/3821/3350
f 1662/5785/3480 1661/3927/3443 1645/3900/3419
f 873/3951/3463 878/5786/4863 877/3950/3462
f 878/5786/4863 879/5787/4864 877/3950/3462
f 879/5787/4864 882/3904/3423 877/3950/3462
f 879/5787/4864 883/3930/3446 882/3904/3423
f 879/5787/4864 887/3948/3460 883/3930/3446
f 859/3879/3400 868/3983/3493 869/3833/3361
f 868/3983/3493 870/3866/3389 869/3833/3361
f 845/3882/3402 789/4113/3613 844/3885/3405
f 4675/3884/3404 4678/3954/3466 4674/3929/3445
f 3727/3902/3421 3738/3955/3467 3737/3822/3351
f 3738/3955/3467 1202/5788/3512 3790/3956/3468
f 1104/5789/3426 1087/3888/3408 1182/5774/3391
f 1147/4028/3538 1142/3859/3383 1140/5780/4859
f 1241/4049/3558 1243/4044/3553 1242/3912/3429
f 1147/4028/3538 1159/3970/3481 1142/3859/3383
f 1228/3974/3484 1242/3912/3429 1230/3910/3427
f 1228/3974/3484 1241/4049/3558 1242/3912/3429
f 420/3491/3064 352/3808/3337 4851/3917/3434
f 55/5781/4860 56/5790/4865 59/3936/3450
f 2631/3872/3395 2629/3988/3498 2645/4008/3518
f 2631/3872/3395 2645/4008/3518 2470/3748/3287
f 488/3976/3486 486/3991/3501 489/3896/3416
f 2622/5783/3454 2621/4084/3587 2625/3990/3500
f 4394/3760/3299 4395/3920/3437 4606/3942/3456
f 3743/4054/3563 3741/3821/3350 3744/3946/3459
f 3743/4054/3563 3742/3996/3506 3741/3821/3350
f 4672/3819/3348 4671/3998/3508 4669/3994/3504
f 3769/3982/3492 3735/3924/3440 3742/3996/3506
f 891/3720/3265 855/5791/4866 860/3931/3447
f 1644/3901/3420 1316/5778/3424 1641/3880/3401
f 789/4113/3613 785/3886/3406 844/3885/3405
f 761/4190/3687 764/3887/3407 765/3854/3379
f 4817/5792/4861 4733/4152/3650 1281/3867/3390
f 1243/4044/3553 4817/5782/4861 1247/3907/3425
f 398/3055/2666 239/3985/3495 241/3243/2873
f 71/3963/3474 60/3986/3496 70/3975/3485
f 59/3936/3450 56/5790/4865 60/3986/3496
f 55/5781/4860 54/3891/3411 56/5790/4865
f 2621/4084/3587 2626/3987/3497 2625/3990/3500
f 486/3991/3501 488/3976/3486 487/4011/3521
f 2622/5783/3454 2620/4082/3544 2621/4084/3587
f 2593/3219/2852 2594/3551/3102 2595/4223/3489
f 1662/5785/3480 1665/3999/3509 1661/3927/3443
f 880/5793/3531 1662/3969/3480 887/3948/3460
f 878/5786/4863 880/5793/3531 879/5787/4864
f 880/5793/3531 887/3948/3460 879/5787/4864
f 905/4022/3532 1316/5778/3424 1644/3901/3420
f 853/3984/3494 855/5791/4866 891/3720/3265
f 4733/4152/3650 4704/3883/3403 1281/3867/3390
f 1248/4043/3552 4817/5782/4861 1243/4044/3553
f 1226/3972/3482 1227/4046/3555 1228/3974/3484
f 56/5790/4865 61/4078/3582 60/3986/3496
f 54/3891/3411 57/4097/3599 56/5790/4865
f 86/3965/3476 88/4136/3635 82/3721/3266
f 4073/4141/3640 4042/3680/3230 442/3681/2788
f 4151/3980/3490 3383/3874/3397 4150/3789/3324
f 4671/3998/3508 4677/4017/3527 4670/4015/3525
f 3791/4075/3579 3721/3968/3479 3769/3982/3492
f 880/4021/3531 1666/4057/3566 1662/5785/3480
f 1664/4000/3510 1644/3901/3420 1660/3928/3444
f 855/5791/4866 859/3879/3400 860/3931/3447
f 890/4024/3534 878/5786/4863 873/3951/3463
f 890/4024/3534 893/4091/3529 878/5786/4863
f 893/4091/3529 880/5793/3531 878/5786/4863
f 1316/3905/3424 761/4190/3687 765/3854/3379
f 1120/4211/3707 1123/5776/4858 1126/5777/3378
f 1104/5789/3426 1086/4040/3550 1087/3888/3408
f 1240/4048/3557 1243/4044/3553 1241/4049/3558
f 383/3842/3370 333/5784/4862 113/4007/3517
f 2472/4009/3519 2471/3784/3319 2470/3748/3287
f 54/3891/3411 113/4007/3517 57/4097/3599
f 82/3721/3266 88/4136/3635 386/3870/3393
f 70/3975/3485 89/4062/3570 85/3964/3475
f 56/5790/4865 57/4097/3599 61/4078/3582
f 486/3991/3501 477/4012/3522 446/3919/3436
f 434/3141/2787 433/3727/3271 432/4202/3698
f 3793/4102/3604 3792/4016/3526 3756/3995/3505
f 4677/4017/3527 4717/4072/3576 4670/4015/3525
f 3792/4016/3526 3791/4075/3579 3769/3982/3492
f 3791/4075/3579 3722/4074/3578 3721/3968/3479
f 1666/4057/3566 1665/3999/3509 1662/5785/3480
f 1120/4211/3707 1121/3957/3469 1123/5776/4858
f 4733/4152/3650 4678/3954/3466 4704/3883/3403
f 1180/5794/3595 1086/4040/3550 1104/5789/3426
f 1159/3970/3481 1180/4093/3595 1104/3909/3426
f 60/3986/3496 61/4078/3582 67/4030/3540
f 85/3964/3475 89/4062/3570 87/4031/3541
f 86/3965/3476 87/4031/3541 88/4136/3635
f 2626/3987/3497 2621/4084/3587 2623/4032/3542
f 442/3142/2788 432/4202/3698 4073/4314/3640
f 434/3141/2787 432/4202/3698 442/3142/2788
f 4618/3898/3418 4606/3942/3456 4645/4014/3524
f 4684/3997/3507 4728/4106/3608 4755/4055/3564
f 4683/4018/3528 4728/4106/3608 4684/3997/3507
f 3722/4074/3578 3719/4058/3567 3721/3968/3479
f 855/5791/4866 854/5795/4867 859/3879/3400
f 854/5795/4867 868/3983/3493 859/3879/3400
f 1121/3957/3469 1122/4263/3754 1124/4001/3511
f 3738/3955/3467 1201/4154/3652 1202/5788/3512
f 1201/5796/3652 1174/4003/3513 1202/4002/3512
f 1240/4048/3557 1244/4042/3551 1243/4044/3553
f 1237/4045/3554 1226/3972/3482 1234/3961/3472
f 1233/4047/3556 1228/3974/3484 1227/4046/3555
f 2621/4084/3587 2619/4083/3586 2623/4032/3542
f 405/3978/3488 403/4085/3588 2620/4034/3544
f 4040/3967/3478 4035/3552/3117 4041/3708/3253
f 3746/4053/3562 3744/3946/3459 3782/3945/3458
f 3745/4124/3624 3756/3995/3505 3742/3996/3506
f 3884/4088/3591 3887/4073/3577 3791/4075/3579
f 3884/4088/3591 3791/4075/3579 3792/4016/3526
f 866/4199/3695 868/3983/3493 854/5795/4867
f 4817/5782/4861 1248/4043/3552 4733/5797/3650
f 240/3353/2956 333/5784/4862 266/3490/3063
f 57/4097/3599 62/4079/3583 61/4078/3582
f 87/4031/3541 90/4063/3571 88/4136/3635
f 403/5798/3588 2618/4178/3675 2620/4082/3544
f 4736/3921/3438 3429/5799/3602 4757/3922/3439
f 3745/4124/3624 3743/4054/3563 3746/4053/3562
f 3745/4124/3624 3742/3996/3506 3743/4054/3563
f 3793/4102/3604 3889/4087/3590 3792/4016/3526
f 3872/4148/3647 3870/4108/3610 3887/4073/3577
f 3872/4148/3647 3887/4073/3577 3884/4088/3591
f 1666/4057/3566 1667/5800/3611 1665/3999/3509
f 866/4199/3695 884/4023/3533 868/3983/3493
f 840/5801/3627 1666/4057/3566 1668/4020/3530
f 786/4112/3612 783/3953/3465 785/3886/3406
f 4674/3929/3445 4680/4116/3616 4683/4018/3528
f 1162/4029/3539 1173/4159/3657 1163/4027/3537
f 69/4061/3569 78/4134/3633 90/4063/3571
f 57/4097/3599 63/4096/3598 62/4079/3583
f 90/4063/3571 78/4134/3633 88/4136/3635
f 2619/4083/3586 2472/4009/3519 2623/4032/3542
f 2620/4082/3544 2617/4177/3674 2619/4083/3586
f 444/4013/3523 430/4139/3638 433/3727/3271
f 4759/4056/3565 4755/4055/3564 4812/4105/3607
f 893/4019/3529 840/5801/3627 1668/4020/3530
f 845/3882/3402 846/4248/3742 789/4113/3613
f 1245/4119/3619 1244/4042/3551 1240/4048/3557
f 240/3353/2956 238/4201/3697 333/5784/4862
f 2618/4178/3675 2617/4177/3674 2620/4082/3544
f 4142/4035/3545 3835/4086/3589 4151/3980/3490
f 4606/3942/3456 4619/4122/3622 4645/4014/3524
f 4670/4015/3525 4668/4144/3643 4669/3994/3504
f 3888/4089/3592 3885/4206/3702 3722/4074/3578
f 853/3984/3494 854/5795/4867 855/5791/4866
f 4683/4018/3528 4701/4130/3629 4728/4106/3608
f 846/4248/3742 786/4112/3612 789/4113/3613
f 863/5802/3628 1120/4211/3707 1126/5777/3378
f 1122/4263/3754 1130/4262/3617 1124/4001/3511
f 1130/4262/3617 1134/4041/3514 1124/4001/3511
f 1168/4077/3581 1173/4159/3657 1162/4029/3539
f 250/3617/3172 248/4095/3597 249/3411/2996
f 67/4030/3540 64/4133/3632 68/4131/3630
f 63/4096/3598 64/4133/3632 62/4079/3583
f 69/4061/3569 77/4132/3631 78/4134/3633
f 88/4136/3635 92/4137/3636 386/3870/3393
f 4043/4140/3639 4041/3708/3253 4042/3680/3230
f 4736/3921/3438 4662/4164/3661 3429/5799/3602
f 4669/3994/3504 4665/4145/3644 4676/3993/3503
f 4717/4072/3576 4751/4146/3645 4718/4103/3605
f 3899/4165/3662 3889/4087/3590 3793/4102/3604
f 4810/4168/3665 4813/4182/3679 4812/4105/3607
f 4811/4104/3606 4810/4168/3665 4812/4105/3607
f 4809/4107/3609 4810/4168/3665 4811/4104/3606
f 3871/4125/3625 3885/4206/3702 3888/4089/3592
f 4728/4106/3608 4750/5803/4868 4809/4107/3609
f 1670/5804/3738 1667/5800/3611 1666/4057/3566
f 1667/4109/3611 896/4169/3666 1664/4110/3510
f 840/5801/3627 906/5805/4869 1666/4057/3566
f 907/4059/3547 846/4248/3742 845/3882/3402
f 1086/4040/3550 1180/5794/3595 1080/4092/3594
f 1248/4043/3552 4753/5806/3668 4733/5797/3650
f 1165/4026/3536 1176/4157/3655 1161/4005/3515
f 1177/4158/3656 1175/4076/3580 1163/4027/3537
f 1246/4236/3730 1233/4047/3556 1236/4094/3596
f 239/3985/3495 238/4201/3697 240/3353/2956
f 3885/4206/3702 3724/4126/3626 3722/4074/3578
f 906/5805/4869 1670/5804/3738 1666/4057/3566
f 766/4150/3649 905/4151/3532 1664/4110/3510
f 842/4149/3648 884/4023/3533 866/4199/3695
f 4701/4130/3629 4750/5803/4868 4728/4106/3608
f 826/4186/3683 828/4114/3614 839/4090/3593
f 4714/4153/3651 4679/4039/3549 4678/3954/3466
f 1201/5796/3652 1179/4155/3653 1174/4003/3513
f 1245/4119/3619 1249/4156/3654 1244/4042/3551
f 1178/4214/3710 1173/4159/3657 1168/4077/3581
f 1239/4172/3669 1246/4236/3730 1236/4094/3596
f 68/4131/3630 109/5807/4870 94/4173/3670
f 68/4131/3630 94/4173/3670 77/4132/3631
f 64/4133/3632 109/5807/4870 68/4131/3630
f 64/4133/3632 65/4215/3711 109/5807/4870
f 63/4096/3598 65/4215/3711 64/4133/3632
f 2619/4083/3586 2617/4177/3674 2484/4160/3658
f 403/5798/3588 2488/4176/3673 2618/4178/3675
f 4395/3920/3437 3431/4162/3660 4619/4122/3622
f 3749/4375/3860 3752/4123/3623 3745/4124/3624
f 3752/4123/3623 3795/4204/3700 3794/4101/3603
f 3752/4123/3623 3794/4101/3603 3756/3995/3505
f 4813/4182/3679 4805/4166/3663 4812/4105/3607
f 4813/4182/3679 4810/4168/3665 4780/4180/3677
f 4800/4167/3664 4780/4180/3677 4810/4168/3665
f 4809/4107/3609 4750/5803/4868 4808/5808/4871
f 853/3984/3494 852/4269/3760 854/5795/4867
f 852/4269/3760 866/4199/3695 854/5795/4867
f 826/4186/3683 839/4090/3593 842/4149/3648
f 826/4186/3683 827/4187/3684 828/4114/3614
f 1083/4036/3546 1089/4282/3773 907/4037/3547
f 1249/4156/3654 1255/5809/4872 1248/4043/3552
f 1255/5809/4872 4753/5806/3668 1248/4043/3552
f 1246/4236/3730 1245/4119/3619 1233/4047/3556
f 1176/4157/3655 1178/4214/3710 1168/4077/3581
f 238/4201/3697 332/4276/3767 333/5784/4862
f 109/5807/4870 110/4217/3713 94/4173/3670
f 65/4215/3711 110/4217/3713 109/5807/4870
f 94/4173/3670 254/4219/3715 93/4174/3671
f 63/4096/3598 66/4266/3757 65/4215/3711
f 63/4096/3598 113/4007/3517 66/4266/3757
f 3809/4070/3574 4152/3981/3491 3835/4086/3589
f 3879/4147/3646 3873/4183/3680 3872/4148/3647
f 3868/4197/3693 3871/4125/3625 3870/4108/3610
f 4809/4107/3609 4807/5810/4873 4800/4167/3664
f 4809/4107/3609 4808/5808/4871 4807/5810/4873
f 852/4269/3760 867/4198/3694 866/4199/3695
f 760/4189/3686 863/4128/3628 764/3887/3407
f 3725/4207/3703 3723/4115/3615 3724/4126/3626
f 4680/4116/3616 4700/4408/3892 4701/4130/3629
f 1253/4234/3728 1239/4172/3669 1238/4118/3618
f 110/4217/3713 254/4219/3715 94/4173/3670
f 352/3808/3337 459/4352/3838 470/4098/3600
f 93/4174/3671 254/4219/3715 95/4193/3690
f 4718/4103/3605 4719/4203/3699 4668/4144/3643
f 3895/4196/3692 3899/4165/3662 3794/4101/3603
f 3878/4226/3720 3869/4184/3681 3873/4183/3680
f 1670/4244/3738 896/4169/3666 1667/4109/3611
f 787/3952/3464 850/4270/3761 853/3984/3494
f 3891/5811/4874 3725/4207/3703 3885/4206/3702
f 810/4185/3682 825/4208/3704 826/4186/3683
f 830/4188/3685 833/4209/3705 828/4114/3614
f 4701/4130/3629 4748/4318/3805 4750/5803/4868
f 3747/4284/3774 1201/4154/3652 3732/4060/3568
f 1180/5794/3595 1084/4343/3830 1080/4092/3594
f 1186/4304/3792 1176/4157/3655 1179/4155/3653
f 1177/4158/3656 1187/4286/3776 1175/4076/3580
f 333/5784/4862 332/4276/3767 113/4007/3517
f 113/4007/3517 332/4276/3767 66/4266/3757
f 65/4215/3711 66/4266/3757 72/4218/3714
f 92/4137/3636 96/4237/3731 386/3870/3393
f 95/4193/3690 96/4237/3731 92/4137/3636
f 3748/4293/3783 3749/4375/3860 3745/4124/3624
f 3748/4293/3783 3745/4124/3624 3746/4053/3562
f 4780/4180/3677 4776/4229/3723 4779/4227/3721
f 4807/5810/4873 4776/4229/3723 4800/4167/3664
f 831/4246/3740 830/4188/3685 827/4187/3684
f 3868/4197/3693 3891/5811/4874 3885/4206/3702
f 825/4208/3704 829/4245/3739 827/4187/3684
f 840/4127/3627 841/4328/3815 906/5812/4869
f 4750/5803/4868 4748/4318/3805 4808/5808/4871
f 4700/4408/3892 4748/4318/3805 4701/4130/3629
f 3797/4302/3791 1179/4301/3653 1201/4154/3652
f 1265/4388/3872 4753/5806/3668 1255/5809/4872
f 1175/4076/3580 1194/5813/3831 1180/4093/3595
f 1185/4335/3822 1183/4213/3709 1176/4157/3655
f 1184/4233/3727 1177/4158/3656 1173/4159/3657
f 254/4219/3715 100/4221/3717 95/4193/3690
f 4135/4179/3676 3833/4290/3780 3835/4086/3589
f 4619/4122/3622 4640/4368/3854 4646/4161/3659
f 3833/4290/3780 3834/4240/3734 3835/4086/3589
f 3892/4268/3759 3895/4196/3692 3795/4204/3700
f 3880/4225/3719 3879/4147/3646 3895/4196/3692
f 831/4246/3740 832/5814/4875 830/4188/3685
f 841/4328/3815 823/4243/3737 1670/4244/3738
f 841/4328/3815 1670/4244/3738 906/5812/4869
f 4808/5808/4871 4748/4318/3805 4803/4320/3807
f 818/4231/3725 841/4328/3815 840/4127/3627
f 3747/4284/3774 3797/4302/3791 1201/4154/3652
f 4753/4171/3668 4741/5815/4876 4687/4250/3744
f 4753/4171/3668 4687/4250/3744 4714/4153/3651
f 1180/5794/3595 1194/4344/3831 1084/4343/3830
f 1186/4304/3792 1185/4335/3822 1176/4157/3655
f 1187/4286/3776 1194/5813/3831 1175/4076/3580
f 1256/5816/4877 1255/5809/4872 1249/4156/3654
f 2484/4160/3658 2486/4238/3732 2482/4080/3584
f 3749/4375/3860 3779/4241/3735 3752/4123/3623
f 4803/4320/3807 4776/4229/3723 4807/5810/4873
f 832/5814/4875 833/4209/3705 830/4188/3685
f 4808/5808/4871 4803/4320/3807 4807/5810/4873
f 1111/4274/3765 1109/4210/3706 1120/4211/3707
f 1265/4409/3872 4741/5815/4876 4753/4171/3668
f 1184/4233/3727 1187/4286/3776 1177/4158/3656
f 1254/4251/3745 1256/5816/4877 1245/4119/3619
f 1256/5816/4877 1249/4156/3654 1245/4119/3619
f 117/4216/3712 116/4265/3756 232/4264/3755
f 72/4218/3714 73/4267/3758 116/4265/3756
f 255/4220/3716 97/4252/3746 100/4221/3717
f 255/4220/3716 232/4264/3755 97/4252/3746
f 4646/4161/3659 4647/4417/3898 4456/3897/3417
f 3878/4226/3720 3875/4403/3887 3869/4184/3681
f 3867/4257/3750 3869/4184/3681 3875/4403/3887
f 823/4243/3737 822/4230/3724 896/4169/3666
f 811/4271/3762 842/4149/3648 867/4198/3694
f 782/4297/3787 787/3952/3464 784/3837/3365
f 863/5802/3628 1112/4273/3764 1120/4211/3707
f 3799/4384/3869 3728/4191/3688 3725/4207/3703
f 398/3055/2666 358/4346/3832 239/3985/3495
f 248/4095/3597 246/4277/3768 247/4006/3516
f 4781/4181/3678 4784/4339/3826 4789/4242/3736
f 4781/4181/3678 4783/4255/3748 4784/4339/3826
f 4776/4229/3723 4773/4378/3863 4774/4341/3828
f 4803/4320/3807 4773/4378/3863 4776/4229/3723
f 836/4296/3786 833/4209/3705 832/5814/4875
f 3890/4359/3845 3891/5811/4874 3868/4197/3693
f 3868/4197/3693 3874/4317/3804 3890/4359/3845
f 806/4382/3867 810/4185/3682 842/4149/3648
f 752/4383/3868 864/4272/3763 760/4189/3686
f 3891/5811/4874 3799/4384/3869 3725/4207/3703
f 4679/4039/3549 4681/4260/3753 4680/4116/3616
f 1256/5816/4877 1265/4388/3872 1255/5809/4872
f 1188/4305/3793 1184/4233/3727 1183/4213/3709
f 358/4346/3832 236/4200/3696 239/3985/3495
f 332/4276/3767 106/4287/3777 66/4266/3757
f 73/4267/3758 108/4309/3797 116/4265/3756
f 4041/3708/3253 4046/4224/3718 4040/3967/3478
f 4647/4417/3898 4463/4288/3778 4456/3897/3417
f 4640/4368/3854 4647/4417/3898 4646/4161/3659
f 3431/4162/3660 4620/4370/3856 4619/4122/3622
f 3882/4400/3884 3880/4225/3719 3892/4268/3759
f 836/4296/3786 832/5814/4875 831/4246/3740
f 846/4248/3742 848/4465/3914 786/4112/3612
f 1185/4335/3822 1188/4305/3793 1183/4213/3709
f 1257/4306/3794 1254/4251/3745 1252/4235/3729
f 73/4267/3758 107/4321/3808 108/4309/3797
f 96/4237/3731 387/4311/3799 385/4192/3689
f 232/4264/3755 98/4312/3800 97/4252/3746
f 463/4397/3881 464/4175/3672 470/4098/3600
f 4460/4222/3601 2597/5817/3924 2596/4253/3487
f 464/4175/3672 463/4397/3881 401/4239/3733
f 430/4139/3638 376/4313/3801 432/4202/3698
f 3833/4290/3780 3851/4289/3779 3817/4291/3781
f 3433/4371/3747 4620/4370/3856 3431/4162/3660
f 3811/4315/3802 3892/4268/3759 3795/4204/3700
f 806/4382/3867 842/4149/3648 811/4271/3762
f 804/4381/3866 824/4258/3751 810/4185/3682
f 3891/5811/4874 3890/4359/3845 3799/4384/3869
f 4700/4408/3892 4749/4319/3806 4748/4318/3805
f 4741/5815/4876 4713/4361/3847 4687/4250/3744
f 1258/4391/3875 1257/4306/3794 1253/4234/3728
f 236/4200/3696 237/4275/3766 238/4201/3697
f 2486/4238/3732 2485/4350/3836 2482/4080/3584
f 2488/4176/3673 403/5798/3588 2489/4322/3809
f 430/4139/3638 401/4239/3733 376/4313/3801
f 4046/4224/3718 3851/4289/3779 4135/4179/3676
f 3750/4373/3858 3749/4375/3860 3748/4293/3783
f 3898/4420/3901 3882/4400/3884 3892/4268/3759
f 3877/4401/3885 3878/4226/3720 3880/4225/3719
f 836/4296/3786 837/4298/3788 833/4209/3705
f 820/4355/3841 766/4150/3649 822/4230/3724
f 846/4248/3742 923/4247/3741 848/4465/3914
f 864/4537/3763 1112/4273/3764 863/5802/3628
f 1127/4362/3848 1131/4261/3708 1122/4263/3754
f 1263/4389/3873 1265/4388/3872 1256/5816/4877
f 1189/4285/3775 1192/4439/3919 1187/4286/3776
f 1262/4386/3870 1253/4234/3728 1131/4212/3708
f 1193/4390/3874 1188/4305/3793 1185/4335/3822
f 1259/4336/3823 1256/5816/4877 1254/4251/3745
f 98/4312/3800 227/4395/3879 99/4310/3798
f 2489/4322/3809 2485/4350/3836 2486/4238/3732
f 3780/4323/3810 3748/4293/3783 3777/4142/3641
f 4668/4144/3643 4667/4278/3769 4665/4145/3644
f 3877/4401/3885 3875/4403/3887 3878/4226/3720
f 3864/4357/3843 3874/4317/3804 3866/4279/3770
f 804/4381/3866 838/4329/3816 824/4258/3751
f 4803/4320/3807 4804/4332/3819 4773/4378/3863
f 3799/4384/3869 3730/4334/3821 3728/4191/3688
f 1187/4286/3776 1096/4438/3829 1194/5813/3831
f 106/4287/3777 130/4349/3835 107/4321/3808
f 98/4312/3800 233/4308/3796 227/4395/3879
f 233/4308/3796 228/4412/3894 227/4395/3879
f 99/4310/3798 227/4395/3879 225/4394/3878
f 4706/4143/3642 4663/4324/3811 4662/4164/3661
f 3811/4315/3802 3898/4420/3901 3892/4268/3759
f 3881/4399/3883 3877/4401/3885 3880/4225/3719
f 834/4281/3772 835/4405/3889 829/4245/3739
f 835/4405/3889 836/4296/3786 829/4245/3739
f 848/4465/3914 781/4464/3944 786/4112/3612
f 4700/4408/3892 4715/4508/3984 4749/4319/3806
f 3788/4498/3974 3797/4302/3791 3747/4284/3774
f 3788/4498/3974 1197/4300/3790 3797/4302/3791
f 1265/4409/3872 4713/4361/3847 4741/5815/4876
f 1259/4336/3823 1260/4471/3950 1256/5816/4877
f 231/4348/3834 228/4412/3894 233/4308/3796
f 403/5798/3588 393/4415/3880 2489/4322/3809
f 4464/4337/3824 4459/4052/3561 4458/4051/3560
f 3875/4403/3887 3865/4404/3888 3867/4257/3750
f 809/4531/4004 811/4271/3762 851/4280/3771
f 781/4464/3944 783/3953/3465 786/4112/3612
f 923/4283/3741 1089/4282/3773 848/4433/3914
f 3800/4480/3959 3730/4334/3821 3799/4384/3869
f 4700/4408/3892 4685/4407/3891 4715/4508/3984
f 1192/4439/3919 1096/4438/3829 1187/4286/3776
f 1193/4390/3874 1195/4364/3850 1188/4305/3793
f 1196/4365/3851 1192/4439/3919 1189/4285/3775
f 99/4310/3798 225/4394/3878 387/4311/3799
f 4662/4164/3661 4661/4446/3926 3433/4371/3747
f 4663/4324/3811 4661/4446/3926 4662/4164/3661
f 3751/4374/3859 3779/4241/3735 3749/4375/3860
f 3881/4399/3883 3860/4430/3911 3877/4401/3885
f 835/4405/3889 849/4453/3933 836/4296/3786
f 849/4453/3933 895/4452/3932 836/4296/3786
f 811/4271/3762 801/4380/3865 806/4382/3867
f 4804/4332/3819 4771/4422/3903 4773/4378/3863
f 4681/4260/3753 4682/4435/3916 4680/4116/3616
f 1260/4471/3950 1263/4389/3873 1256/5816/4877
f 3813/4445/3925 3810/4292/3782 3817/4291/3781
f 4619/4122/3622 4620/4370/3856 4621/4367/3853
f 3813/4445/3925 3812/4485/3963 3810/4292/3782
f 3812/4485/3963 3780/4323/3810 3810/4292/3782
f 4737/4325/3812 4711/4428/3909 4667/4278/3769
f 3768/4418/3899 3811/4315/3802 3779/4241/3735
f 3768/4418/3899 3808/4419/3900 3811/4315/3802
f 3894/4429/3910 3882/4400/3884 3898/4420/3901
f 4775/4326/3813 4778/4431/3912 4777/4295/3785
f 815/4331/3818 814/4421/3902 821/4327/3814
f 895/4452/3932 847/4356/3842 836/4296/3786
f 781/4464/3944 780/4406/3890 783/3953/3465
f 3799/4384/3869 3886/4358/3844 3800/4480/3959
f 4749/4319/3806 4715/4508/3984 4770/4434/3915
f 4749/4319/3806 4770/4434/3915 4804/4332/3819
f 3757/4436/3917 3788/4498/3974 3747/4284/3774
f 1084/4343/3830 1081/4423/3904 1080/4092/3594
f 3788/4498/3974 2745/4497/3893 1197/4300/3790
f 1266/4457/3937 1258/4391/3875 1262/4386/3870
f 1257/4306/3794 1261/4514/3989 1259/4336/3823
f 385/4192/3689 392/4424/3905 246/4277/3768
f 129/4347/3833 131/4441/3921 230/4392/3876
f 130/4349/3835 131/4441/3921 129/4347/3833
f 364/4398/3882 376/4313/3801 401/4239/3733
f 4043/4140/3639 4044/4667/4127 4041/3708/3253
f 4647/4417/3898 4464/4337/3824 4463/4288/3778
f 3894/4429/3910 3881/4399/3883 3882/4400/3884
f 4786/4377/3862 4801/4376/3861 4784/4339/3826
f 3865/4404/3888 3864/4357/3843 3866/4279/3770
f 850/4270/3761 809/4531/4004 851/4280/3771
f 809/4531/4004 801/4380/3865 811/4271/3762
f 838/4329/3816 897/4461/3941 835/4405/3889
f 816/4330/3817 815/4331/3818 818/4231/3725
f 1127/4385/3848 1138/4458/3938 1262/4386/3870
f 1264/4440/3920 1261/4514/3989 1257/4306/3794
f 247/4006/3516 377/4366/3852 352/3808/3337
f 229/4413/3895 224/4442/3922 186/4414/3896
f 230/4392/3876 224/4442/3922 229/4413/3895
f 459/4352/3838 371/5818/4878 421/4351/3837
f 4460/4222/3601 4523/5819/4217 2597/5817/3924
f 4044/4667/4127 4045/4338/3825 4041/3708/3253
f 3433/4371/3747 4651/4447/3927 4652/4369/3855
f 897/4461/3941 849/4453/3933 835/4405/3889
f 3734/4479/3958 3729/4333/3820 3730/4334/3821
f 1199/4459/3939 1200/4468/3947 1195/4364/3850
f 1200/4468/3947 1196/4365/3851 1195/4364/3850
f 130/4349/3835 132/4443/3923 131/4441/3921
f 4806/4448/3928 4740/4427/3908 4801/4376/3861
f 3876/4402/3886 3861/4460/3940 3865/4404/3888
f 4772/4379/3864 4769/4467/3946 4775/4326/3813
f 4771/4422/3903 4769/4467/3946 4772/4379/3864
f 4681/4260/3753 4697/4455/3935 4682/4435/3916
f 1108/4538/4010 1110/4299/3789 1109/4210/3706
f 2743/4456/3936 2744/4437/3918 1192/4439/3919
f 1198/4363/3849 2742/4469/3948 1193/4390/3874
f 224/4442/3922 131/4441/3921 223/4474/3953
f 225/4394/3878 190/4473/3952 387/4311/3799
f 4640/4368/3854 4621/4367/3853 4657/4416/3897
f 3774/4426/3907 3780/4323/3810 3812/4485/3963
f 4663/4324/3811 4664/4372/3857 4661/4446/3926
f 3774/4426/3907 3750/4373/3858 3748/4293/3783
f 4711/4428/3909 4666/4475/3954 4667/4278/3769
f 4778/4431/3912 4790/4478/3957 4794/4340/3827
f 813/4522/3997 820/4355/3841 814/4421/3902
f 4769/4467/3946 4796/4533/4006 4775/4326/3813
f 856/4450/3930 762/4454/3934 766/4150/3649
f 777/4490/3968 780/4406/3890 781/4464/3944
f 807/4491/3969 897/4461/3941 838/4329/3816
f 804/4381/3866 807/4491/3969 838/4329/3816
f 4715/4508/3984 4694/4507/3983 4770/4434/3915
f 3734/4479/3958 3733/4360/3846 3729/4333/3820
f 1267/4470/3949 1259/4336/3823 1261/4514/3989
f 131/4441/3921 134/4517/3992 223/4474/3953
f 131/4441/3921 133/4505/3981 134/4517/3992
f 132/4443/3923 133/4505/3981 131/4441/3921
f 2485/4350/3836 2487/4641/4103 2483/4120/3620
f 195/4425/3906 186/4414/3896 185/4518/3993
f 4045/4338/3825 3901/4353/3839 3851/4289/3779
f 3894/4429/3910 3896/4569/4037 3881/4399/3883
f 3860/4430/3911 3859/4488/3966 3876/4402/3886
f 4796/4533/4006 4792/4571/4039 4775/4326/3813
f 803/4530/4003 801/4380/3865 809/4531/4004
f 754/4543/4015 753/4259/3752 761/4190/3687
f 754/4543/4015 750/4577/4045 753/4259/3752
f 2742/4469/3948 1198/4363/3849 2745/4411/3893
f 247/4006/3516 245/4744/4199 377/4366/3852
f 377/4366/3852 371/5818/4878 459/4352/3838
f 3751/4374/3859 3767/4506/3982 3768/4418/3899
f 3896/4569/4037 3894/4429/3910 3807/4487/3965
f 4786/4377/3862 4797/4520/3995 4806/4448/3928
f 3862/4476/3955 3881/4399/3883 3896/4569/4037
f 4792/4571/4039 4778/4431/3912 4775/4326/3813
f 782/4297/3787 791/4616/4082 850/4270/3761
f 791/4616/4082 809/4531/4004 850/4270/3761
f 803/4530/4003 799/5820/4879 801/4380/3865
f 799/5820/4879 797/4524/3999 801/4380/3865
f 797/4524/3999 807/4491/3969 804/4381/3866
f 802/4466/3945 816/4330/3817 817/4451/3931
f 1107/4495/3972 1109/4210/3706 1111/4274/3765
f 2741/4511/3986 1200/4468/3947 1199/4459/3939
f 1269/4512/3987 1270/4513/3988 1261/4514/3989
f 1269/4512/3987 1261/4514/3989 1264/4440/3920
f 247/4006/3516 246/4277/3768 245/4744/4199
f 2483/4120/3620 2487/4641/4103 400/4501/3977
f 195/4425/3906 190/4473/3952 225/4394/3878
f 4657/4416/3897 4466/4584/4051 4464/4337/3824
f 4620/4370/3856 4622/4486/3964 4621/4367/3853
f 4806/4448/3928 4731/4553/4025 4740/4427/3908
f 797/4524/3999 804/4381/3866 801/4380/3865
f 4734/4509/3985 4697/4455/3935 4713/4361/3847
f 4833/4562/3976 4734/4509/3985 1272/4410/3871
f 1273/4546/4018 4833/4500/3976 1268/4483/3961
f 1267/4470/3949 1268/4483/3961 1260/4471/3950
f 160/4516/3991 161/4502/3978 134/4517/3992
f 195/4425/3906 187/4539/4011 190/4473/3952
f 393/4415/3880 417/4640/4102 2485/4350/3836
f 4621/4367/3853 4466/4584/4051 4657/4416/3897
f 4731/4553/4025 4711/4428/3909 4740/4427/3908
f 791/4616/4082 800/4529/4002 809/4531/4004
f 752/5821/3868 1113/4536/4009 864/4537/3763
f 3763/4586/4053 3757/4436/3917 3733/4360/3846
f 2485/4350/3836 417/4640/4102 2487/4641/4103
f 4047/4540/4012 3902/5822/4880 3901/4353/3839
f 4651/4447/3927 4650/4551/4023 4652/4369/3855
f 4650/4551/4023 4622/4486/3964 4652/4369/3855
f 3806/4567/4035 3896/4569/4037 3807/4487/3965
f 3896/4569/4037 3893/4568/4036 3862/4476/3955
f 4778/4431/3912 4792/4571/4039 4790/4478/3957
f 4796/4533/4006 4799/4574/4042 4792/4571/4039
f 4796/4533/4006 4768/4532/4005 4799/4574/4042
f 800/4529/4002 796/4599/4066 803/4530/4003
f 796/4599/4066 799/5820/4879 803/4530/4003
f 3850/4650/4111 2745/4497/3893 3838/4496/3973
f 3850/5823/4111 2742/4565/3948 2745/5824/3893
f 2737/4588/4055 1200/5825/3947 2741/4564/3986
f 2743/4527/3936 1200/5825/3947 2737/4588/4055
f 1271/4548/4020 1267/4470/3949 1270/4513/3988
f 4459/4052/3561 4461/4761/4215 4460/4099/3601
f 3901/4353/3839 3902/5822/4880 3813/4445/3925
f 3813/4445/3925 3902/5822/4880 3814/4484/3962
f 4661/4446/3926 4649/4550/4022 4651/4447/3927
f 791/4616/4082 790/4597/4064 800/4529/4002
f 808/4575/4043 856/4450/3930 813/4522/3997
f 775/4576/4044 780/4406/3890 777/4490/3968
f 796/4599/4066 797/4524/3999 799/5820/4879
f 1113/4536/4009 1107/4495/3972 1112/4273/3764
f 4682/4435/3916 4686/4559/4031 4685/4407/3891
f 1108/4538/4010 1118/4499/3975 1110/4299/3789
f 1118/4499/3975 1137/5826/4152 1138/4510/3938
f 332/4276/3767 137/4566/4034 136/4472/3951
f 175/4503/3979 178/4593/4060 185/4518/3993
f 4622/4486/3964 4623/4583/4050 4621/4367/3853
f 3815/4549/4021 3774/4426/3907 3812/4485/3963
f 4731/4553/4025 4729/4624/4088 4710/4554/4026
f 4797/4520/3995 4729/4624/4088 4731/4553/4025
f 4792/4571/4039 4799/4574/4042 4791/4572/4040
f 770/4615/4081 791/4616/4082 782/4297/3787
f 796/4599/4066 795/4600/4067 797/4524/3999
f 795/4600/4067 798/4534/4007 797/4524/3999
f 3762/5827/4881 3763/4586/4053 3733/4360/3846
f 1271/4548/4020 3519/4581/4049 1267/4470/3949
f 237/4275/3766 140/4759/4213 332/4276/3767
f 421/4351/3837 371/5818/4878 359/5828/4882
f 421/4351/3837 359/5828/4882 364/4398/3882
f 364/4398/3882 363/4834/4280 376/4313/3801
f 4044/4667/4127 4047/4540/4012 4045/4338/3825
f 3814/4484/3962 3816/4607/4073 3815/4549/4021
f 3767/4506/3982 3806/4567/4035 3807/4487/3965
f 4798/4595/4062 4816/4625/4089 4797/4520/3995
f 4787/4477/3956 4798/4595/4062 4797/4520/3995
f 3893/4568/4036 3855/5829/4883 3858/4521/3996
f 805/4542/4014 798/4534/4007 795/4600/4067
f 795/4600/4067 808/4575/4043 805/4542/4014
f 763/4556/4028 856/4450/3930 808/4575/4043
f 773/4523/3998 770/4615/4081 782/4297/3787
f 1082/4249/3743 1090/4578/4046 1092/4432/3913
f 3739/4579/4047 3733/4360/3846 3734/4479/3958
f 3850/5823/4111 2734/4587/4054 2742/4565/3948
f 1274/5830/4048 1138/5831/3938 1137/4694/4152
f 1274/4580/4048 3518/4547/4019 1269/4512/3987
f 332/4276/3767 140/4759/4213 137/4566/4034
f 364/4398/3882 359/5828/4882 363/4834/4280
f 4712/4552/4024 4649/4550/4022 4661/4446/3926
f 3774/4426/3907 3754/4609/4075 3750/4373/3858
f 3750/4373/3858 3753/4541/4013 3751/4374/3859
f 4710/4554/4026 4666/4475/3954 4711/4428/3909
f 4797/4520/3995 4816/4625/4089 4729/4624/4088
f 767/4627/4091 763/4556/4028 808/4575/4043
f 767/4627/4091 808/4575/4043 795/4600/4067
f 3802/4558/4030 3739/4579/4047 3801/4494/3971
f 3786/4585/4052 3850/4650/4111 3838/4496/3973
f 2735/4603/4069 2737/4588/4055 2741/4564/3986
f 160/4516/3991 135/4504/3980 159/4604/4070
f 175/4503/3979 177/4696/4153 178/4593/4060
f 4460/4099/3601 4461/4761/4215 4523/4763/4217
f 3902/5822/4880 3900/4731/4187 3814/4484/3962
f 3805/4611/4077 3855/5829/4883 3893/4568/4036
f 3855/5829/4883 3854/4612/4078 3856/4570/4038
f 3855/5829/4883 3856/4570/4038 3858/4521/3996
f 4768/4532/4005 4726/4614/4080 4765/4573/4041
f 4694/4507/3983 4686/4559/4031 4693/4601/4068
f 2734/4587/4054 2731/4683/4141 2738/4563/4033
f 4459/4052/3561 4462/4657/4117 4461/4761/4215
f 4047/4540/4012 3900/4731/4187 3902/5822/4880
f 3900/4731/4187 3819/4606/4072 3814/4484/3962
f 3753/4541/4013 3765/4610/4076 3767/4506/3982
f 4791/4572/4040 4764/4645/4106 4793/4594/4061
f 4791/4572/4040 4763/4613/4079 4764/4645/4106
f 3803/4646/4107 3771/4617/4083 3802/4558/4030
f 767/4627/4091 795/4600/4067 794/4598/4065
f 770/4615/4081 767/4627/4091 790/4597/4064
f 2731/4683/4141 2735/4603/4069 2738/4563/4033
f 1137/4694/4152 3515/4693/4151 1274/5830/4048
f 3513/4728/4184 3514/4637/4100 1271/4638/4020
f 3513/4728/4184 1271/4638/4020 3518/5832/4019
f 377/4366/3852 329/5833/4884 371/5818/4878
f 4623/4583/4050 4468/4658/4118 4466/4584/4051
f 4729/4624/4088 4722/4623/4087 4708/4644/4105
f 4766/4626/4090 4722/4623/4087 4816/4625/4089
f 3804/4672/4132 3853/4596/4063 3854/4612/4078
f 3804/4672/4132 3803/4646/4107 3853/4596/4063
f 772/4647/4108 770/4615/4081 773/4523/3998
f 1135/5834/4109 1113/4536/4009 752/5821/3868
f 3760/4688/4146 3739/4579/4047 3771/4617/4083
f 3760/4688/4146 3733/4360/3846 3739/4579/4047
f 3849/5835/4110 2734/4587/4054 3850/5823/4111
f 2729/4634/4098 2732/4632/4096 2736/4589/4056
f 2731/4683/4141 2730/4633/4097 2735/4603/4069
f 3515/4693/4151 3513/4728/4184 1274/5830/4048
f 3513/4728/4184 3518/5832/4019 1274/5830/4048
f 135/4504/3980 137/4566/4034 138/4653/4113
f 4136/4833/4279 4073/4314/3640 376/4313/3801
f 363/4834/4280 4136/4833/4279 376/4313/3801
f 4649/4550/4022 4624/4659/4119 4650/4551/4023
f 4650/4551/4023 4624/4659/4119 4622/4486/3964
f 3805/4611/4077 3854/4612/4078 3855/5829/4883
f 3804/4672/4132 3854/4612/4078 3805/4611/4077
f 3760/4688/4146 3762/5827/4881 3733/4360/3846
f 1114/4678/4137 1108/4538/4010 1107/4495/3972
f 3520/4680/4139 1137/5826/4152 1118/4499/3975
f 358/4346/3832 146/4639/4101 236/4200/3696
f 4708/4644/4105 4666/4475/3954 4710/4554/4026
f 3773/4708/4164 3805/4611/4077 3765/4610/4076
f 4764/4645/4106 4716/4670/4130 4766/4626/4090
f 4764/4645/4106 4725/4661/4121 4716/4670/4130
f 4723/4557/4029 4692/4673/4133 4726/4614/4080
f 776/4674/4134 772/4647/4108 775/4576/4044
f 772/4647/4108 769/4689/4147 770/4615/4081
f 769/4689/4147 768/4662/4122 770/4615/4081
f 748/4675/4135 1135/4648/4109 749/4535/4008
f 756/4722/4178 754/4543/4015 757/4628/4092
f 3763/4586/4053 3796/4692/4150 3786/4585/4052
f 1114/4678/4137 1115/4664/4124 1108/4538/4010
f 3818/4668/4128 3787/4608/4074 3815/4549/4021
f 3773/4708/4164 3772/4671/4131 3804/4672/4132
f 3773/4708/4164 3804/4672/4132 3805/4611/4077
f 776/4674/4134 778/4714/4170 772/4647/4108
f 774/4691/4149 756/4722/4178 757/4628/4092
f 751/4702/4158 748/4675/4135 750/4577/4045
f 1081/4423/3904 1091/4545/4017 1090/4578/4046
f 4682/4435/3916 4696/4679/4138 4686/4559/4031
f 3849/5835/4110 2728/4682/4140 2734/4587/4054
f 236/4200/3696 146/4639/4101 147/4652/4112
f 377/4366/3852 245/4744/4199 244/4746/4201
f 177/4696/4153 179/4697/4154 178/4593/4060
f 4623/4583/4050 4630/5836/4885 4468/4658/4118
f 4712/4552/4024 4644/5837/4886 4649/4550/4022
f 3770/4687/4145 3755/4660/4120 3754/4609/4075
f 4708/4644/4105 4689/4732/4188 4666/4475/3954
f 4716/4670/4130 4708/4644/4105 4722/4623/4087
f 778/4714/4170 769/4689/4147 772/4647/4108
f 1116/4737/4193 1114/4678/4137 1113/4536/4009
f 3764/4782/4234 3763/4586/4053 3762/5827/4881
f 371/5818/4878 217/5052/4451 359/5828/4882
f 4047/4540/4012 3852/4730/4186 3900/4731/4187
f 4624/4659/4119 4629/5838/4887 4623/4583/4050
f 4629/5838/4887 4624/4659/4119 4648/4686/4144
f 4644/5837/4886 4648/4686/4144 4649/4550/4022
f 4688/4622/4086 4721/4765/4219 4712/4552/4024
f 3766/4707/4163 3760/4688/4146 3772/4671/4131
f 647/4712/4168 909/4699/4156 646/4713/4169
f 627/4717/4173 779/4700/4157 769/4689/4147
f 627/4717/4173 769/4689/4147 727/4715/4171
f 774/4691/4149 771/4690/4148 744/4716/4172
f 742/4721/4177 1135/4648/4109 748/4675/4135
f 742/4721/4177 1117/5839/4192 1135/4648/4109
f 1117/4736/4192 1113/4536/4009 1135/5834/4109
f 759/4719/4175 751/4702/4158 755/4677/4136
f 3846/5840/4181 2728/4682/4140 3849/5835/4110
f 3484/4754/4209 3513/4728/4184 3515/4693/4151
f 3484/4754/4209 3477/4743/4198 3513/4728/4184
f 246/4277/3768 216/4745/4200 245/4744/4199
f 4630/5836/4885 4486/4794/4245 4468/4658/4118
f 4629/5838/4887 4630/5836/4885 4623/4583/4050
f 3830/4803/4252 3787/4608/4074 3818/4668/4128
f 4721/4765/4219 4644/5837/4886 4712/4552/4024
f 3758/4669/4129 3760/4688/4146 3766/4707/4163
f 633/4734/4190 647/4712/4168 646/4713/4169
f 633/4734/4190 634/4710/4166 647/4712/4168
f 627/4717/4173 727/4715/4171 634/4710/4166
f 727/4715/4171 745/4711/4167 634/4710/4166
f 632/4735/4191 644/4718/4174 744/4716/4172
f 741/4720/4176 740/4776/4230 742/4721/4177
f 3759/4755/4210 3762/5827/4881 3760/4688/4146
f 3759/4755/4210 3764/4782/4234 3762/5827/4881
f 1091/4545/4017 1093/4780/4232 1090/4578/4046
f 1091/4545/4017 1094/4739/4195 1093/4780/4232
f 3789/4738/4194 3763/4586/4053 3764/4782/4234
f 2724/4752/4207 2727/4684/4142 2728/4682/4140
f 3482/4742/4197 3511/4635/4099 3478/4704/4160
f 246/4277/3768 221/4590/4057 216/4745/4200
f 377/4366/3852 244/4746/4201 329/5833/4884
f 180/4654/4114 179/4697/4154 181/4760/4214
f 371/5818/4878 329/5833/4884 217/5052/4451
f 4136/4837/4279 4057/4656/4116 4073/4141/3640
f 3852/4730/4186 3823/4909/4340 3819/4606/4072
f 3819/4606/4072 3823/4909/4340 3816/4607/4073
f 3818/4668/4128 3820/4771/4225 3830/4803/4252
f 4689/4732/4188 4688/4622/4086 4666/4475/3954
f 625/4747/4202 627/4717/4173 634/4710/4166
f 626/4748/4203 644/4718/4174 632/4735/4191
f 740/4776/4230 1117/5839/4192 742/4721/4177
f 1090/4578/4046 1093/4780/4232 903/4701/4155
f 2417/4749/4204 756/4722/4178 774/4691/4149
f 2723/4751/4206 2728/4682/4140 3846/5840/4181
f 1115/4664/4124 3509/5841/4208 3520/4680/4139
f 3509/4753/4208 3515/4693/4151 3520/4695/4139
f 237/4275/3766 147/4652/4112 140/4759/4213
f 191/4729/4185 192/4864/4305 188/4655/4115
f 3816/4607/4073 3820/4771/4225 3818/4668/4128
f 3830/4803/4252 3770/4687/4145 3787/4608/4074
f 4692/4673/4133 4689/4732/4188 4709/4709/4165
f 1099/5842/4227 636/4733/4189 903/4698/4155
f 739/4767/4221 740/4776/4230 741/4720/4176
f 3846/4725/4181 3796/4692/4150 3789/4738/4194
f 2725/4741/4196 2727/4684/4142 2724/4752/4207
f 4648/4686/4144 4644/5837/4886 4629/5838/4887
f 1132/4775/4229 1117/5839/4192 740/4776/4230
f 417/4643/4102 373/4642/4104 400/4807/3977
f 3761/4813/4260 3755/4660/4120 3770/4687/4145
f 2416/4774/4228 2417/4749/4204 644/4718/4174
f 2415/4778/4231 857/5843/4294 2417/4779/4204
f 857/4853/4294 758/4750/4205 2417/4749/4204
f 2708/5844/4888 2723/4751/4206 3846/5840/4181
f 1129/4786/4237 3509/5841/4208 1115/4664/4124
f 2699/4800/4249 2725/4741/4196 2724/4752/4207
f 4523/5819/4217 428/5845/4268 2597/5817/3924
f 4465/4519/3994 4467/4793/4244 4462/4657/4117
f 3847/4884/4319 3823/4909/4340 3852/4730/4186
f 4629/5838/4887 4631/4809/4256 4630/5836/4885
f 4644/5837/4886 2399/4867/4308 4629/5838/4887
f 4721/4765/4219 4735/4873/4312 4644/5837/4886
f 3761/4813/4260 3759/4755/4210 3755/4660/4120
f 4691/4723/4179 4724/4768/4222 4707/4825/4272
f 2694/4816/4263 2723/4751/4206 2708/5844/4888
f 2699/4800/4249 2724/4752/4207 2723/4751/4206
f 2699/4800/4249 2723/4751/4206 2694/4816/4263
f 3476/4819/4266 3477/4743/4198 3484/4754/4209
f 3470/4789/4240 3477/4743/4198 3476/4819/4266
f 192/4864/4305 194/4792/4243 188/4655/4115
f 359/5828/4882 218/4832/4278 363/4834/4280
f 217/5052/4451 218/4832/4278 359/5828/4882
f 4630/5836/4885 4631/4809/4256 4486/4794/4245
f 3821/4770/4224 3841/5846/4889 3820/4771/4225
f 4735/4873/4312 4822/5847/4890 4644/5837/4886
f 3841/5846/4889 3842/4802/4251 3820/4771/4225
f 3830/4803/4252 3831/4810/4257 3770/4687/4145
f 3831/4810/4257 3785/4840/4285 3770/4687/4145
f 4721/4765/4219 4703/4764/4218 4735/4873/4312
f 3785/4840/4285 3761/4813/4260 3770/4687/4145
f 4691/4723/4179 4695/4811/4258 4690/4766/4220
f 3485/4828/4275 3509/4753/4208 1129/4829/4237
f 3485/4828/4275 3484/4754/4209 3509/4753/4208
f 3476/4819/4266 3484/4754/4209 3485/4828/4275
f 4048/4685/4143 3847/4884/4319 3852/4730/4186
f 4644/5848/4886 2398/5849/4891 2399/5850/4308
f 4822/5847/4890 2398/5851/4891 4644/5837/4886
f 1099/4773/4227 1095/4772/4226 736/4878/4315
f 628/4931/4357 626/4748/4203 625/4747/4202
f 3781/4812/4259 3784/4781/4233 3759/4755/4210
f 645/4930/4271 2416/4774/4228 626/4748/4203
f 1128/4826/4273 1129/4786/4237 1114/4678/4137
f 2715/4851/4248 2708/5844/4888 3846/5840/4181
f 2702/5852/4892 2694/4816/4263 2708/5844/4888
f 2693/4815/4262 2713/4787/4238 2699/4800/4249
f 138/4653/4113 157/5853/4893 159/4604/4070
f 4523/5819/4217 2598/5150/4216 428/5845/4268
f 221/4590/4057 215/4955/4376 216/4745/4200
f 193/4705/4161 215/4955/4376 221/4590/4057
f 193/4705/4161 207/4904/4335 215/4955/4376
f 3823/4909/4340 3822/4885/4320 3816/4607/4073
f 3822/4885/4320 3821/4770/4224 3816/4607/4073
f 736/4893/4315 635/4822/4269 1099/5842/4227
f 635/4822/4269 636/4733/4189 1099/5842/4227
f 628/4931/4357 645/4930/4271 626/4748/4203
f 3475/4830/4276 3476/4819/4266 3485/4828/4275
f 146/4639/4101 144/4820/4267 147/4652/4112
f 373/4642/4104 220/5854/4894 2565/4515/3990
f 193/4705/4161 197/4831/4277 207/4904/4335
f 2399/4867/4308 4631/4809/4256 4629/5838/4887
f 4735/4873/4312 4767/4872/4311 4822/5847/4890
f 3836/4839/4284 3761/4813/4260 3785/4840/4285
f 3832/4846/4290 3784/4781/4233 3781/4812/4259
f 629/4823/4270 628/4931/4357 625/4747/4202
f 901/4901/4332 2413/4756/4211 758/4750/4205
f 2695/4856/4297 2694/4816/4263 2702/5852/4892
f 2693/4815/4262 2694/4816/4263 2695/4856/4297
f 3487/4827/4274 3475/4830/4276 3485/4828/4275
f 3479/4817/4264 3480/4801/4250 3467/4842/4286
f 139/4758/4212 157/5853/4893 138/4653/4113
f 373/4642/4104 222/4791/4242 220/5854/4894
f 192/4864/4305 209/4863/4304 194/4792/4243
f 2399/4867/4308 4632/4866/4307 4631/4809/4256
f 2398/5849/4891 2397/5057/4306 2399/5850/4308
f 3821/4770/4224 2388/4843/4287 3841/5846/4889
f 2388/4843/4287 3842/4802/4251 3841/5846/4889
f 3843/4844/4288 3831/4810/4257 3842/4802/4251
f 4703/4764/4218 4760/4871/4310 4735/4873/4312
f 3832/4846/4290 3781/4812/4259 3761/4813/4260
f 4707/4825/4272 4739/4850/4292 4695/4811/4258
f 2703/5855/4895 2708/5844/4888 2715/4851/4248
f 2697/4857/4298 2702/5852/4892 2703/5855/4895
f 2703/5855/4895 2702/5852/4892 2708/5844/4888
f 2697/4857/4298 2695/4856/4297 2702/5852/4892
f 2696/4855/4296 2693/4815/4262 2695/4856/4297
f 2565/4515/3990 220/5854/4894 146/4639/4101
f 194/4792/4243 209/4863/4304 197/4831/4277
f 3824/4886/4321 2388/4843/4287 3821/4770/4224
f 2413/5856/4211 2411/5857/4896 743/5858/4247
f 2703/5855/4895 2715/4851/4248 2711/4848/4291
f 901/4995/4332 2410/4997/4407 2413/5856/4211
f 3469/4881/4316 3468/4818/4265 3472/4861/4302
f 329/5833/4884 244/4746/4201 217/5052/4451
f 3843/4868/4288 2720/4890/4324 2733/4869/4309
f 2720/4890/4324 3836/4874/4284 2733/4869/4309
f 2720/4890/4324 2718/4891/4325 3836/4874/4284
f 4727/4845/4289 4739/4850/4292 4760/4871/4310
f 2718/4891/4325 2711/4848/4291 3832/4847/4290
f 2411/5859/4896 732/4971/4388 743/4796/4247
f 732/4971/4388 738/4804/4253 743/4796/4247
f 2413/5856/4211 2410/4997/4407 2411/5857/4896
f 2698/4896/4327 2697/4857/4298 2701/4925/4353
f 2701/4925/4353 2697/4857/4298 2703/5855/4895
f 3472/4861/4302 3475/4830/4276 3487/4827/4274
f 4631/4809/4256 4484/4907/4338 4485/4808/4255
f 2398/5849/4891 4823/5860/4897 2397/5057/4306
f 4823/5861/4897 2398/5851/4891 4822/5847/4890
f 4824/4938/4364 4823/5861/4897 4822/5847/4890
f 4767/4872/4311 4824/4938/4364 4822/5847/4890
f 4767/4872/4311 4760/4871/4310 4824/4938/4364
f 2722/4888/4322 2716/4898/4329 2721/4889/4323
f 638/4927/4355 635/4822/4269 2705/4892/4326
f 2707/4899/4330 2703/5855/4895 2711/4848/4291
f 2706/4922/4350 2698/4896/4327 2701/4925/4353
f 673/4900/4331 2698/4896/4327 2706/4922/4350
f 645/4824/4271 2414/4978/4394 2415/4778/4231
f 2701/4925/4353 2703/5855/4895 2707/4899/4330
f 3496/5862/4358 3487/4827/4274 737/5863/4313
f 3488/4950/4371 3472/4861/4302 3487/4827/4274
f 3474/4953/4374 3469/4881/4316 3472/4861/4302
f 3474/4953/4374 3473/4902/4333 3469/4881/4316
f 157/5853/4893 158/4621/4085 159/4604/4070
f 139/4758/4212 142/4897/4328 157/5853/4893
f 3837/4908/4339 3822/4885/4320 3823/4909/4340
f 2381/4913/4342 2378/4916/4344 2389/4914/4343
f 2389/4915/4343 2717/4944/4345 2716/4898/4329
f 2717/4944/4345 2714/4919/4347 2716/4898/4329
f 2712/4918/4346 2718/4891/4325 2720/4890/4324
f 2716/4898/4329 2709/4920/4348 2712/4918/4346
f 2710/4924/4352 2709/4920/4348 2714/4919/4347
f 653/4947/4351 640/4926/4354 673/4928/4331
f 638/4927/4355 2705/4892/4326 673/4928/4331
f 732/4971/4388 733/4814/4261 738/4804/4253
f 2414/4978/4394 902/4994/4359 2415/4778/4231
f 3488/4950/4371 3487/4827/4274 3496/5862/4358
f 3473/4902/4333 3491/4952/4373 3486/4859/4300
f 902/4994/4359 857/5843/4294 2415/4778/4231
f 3488/4950/4371 3474/4953/4374 3472/4861/4302
f 220/5854/4894 145/4935/4361 146/4639/4101
f 3826/5069/4466 2388/4843/4287 3824/4886/4321
f 4824/4938/4364 3510/4937/4363 4823/5861/4897
f 3826/5864/4466 2387/4911/4341 2388/4910/4287
f 4824/4941/4364 3507/4940/4365 4825/4958/4362
f 2377/4942/4366 2719/4962/4367 2717/4917/4345
f 930/5865/4383 2710/4924/4352 2719/4943/4367
f 3508/4945/4349 3505/4948/4369 3507/4940/4365
f 930/5865/4383 653/4923/4351 2710/4924/4352
f 652/4946/4368 653/4947/4351 930/4965/4383
f 637/4974/4391 629/4823/4270 635/4822/4269
f 3494/4951/4372 3488/4950/4371 3496/5862/4358
f 3489/4954/4375 3488/4950/4371 3493/4949/4370
f 3490/4973/4390 3473/4902/4333 3489/4954/4375
f 3491/4952/4373 3473/4902/4333 3490/4973/4390
f 3489/4954/4375 3474/4953/4374 3488/4950/4371
f 218/4832/4278 372/5146/4531 4136/4833/4279
f 244/4746/4201 216/4745/4200 217/5052/4451
f 3510/5866/4363 2391/5867/4898 4823/5860/4897
f 2391/5867/4898 2397/5057/4306 4823/5860/4897
f 4825/4958/4362 3506/4963/4381 3503/4960/4379
f 2385/5868/4899 652/5869/4368 2719/4962/4367
f 3507/4940/4365 3505/4948/4369 3506/4963/4381
f 3501/4964/4382 3506/4963/4381 3495/4967/4384
f 3506/4963/4381 3505/4948/4369 3495/4967/4384
f 746/5870/4386 3497/5871/4416 3496/5862/4358
f 652/4946/4368 641/4992/4404 640/4926/4354
f 3498/4972/4389 3499/4991/4401 3493/4949/4370
f 638/4927/4355 637/4974/4391 635/4822/4269
f 733/4814/4261 730/4968/4385 3496/4932/4358
f 3497/5871/4416 3494/4951/4372 3496/5862/4358
f 3498/4972/4389 3494/4951/4372 3497/5871/4416
f 3505/4948/4369 3490/4973/4390 3495/4967/4384
f 3495/4967/4384 3489/4954/4375 3493/4949/4370
f 3495/4967/4384 3490/4973/4390 3489/4954/4375
f 158/4621/4085 157/5853/4893 156/5072/4469
f 144/4820/4267 145/4935/4361 141/4862/4303
f 222/4791/4242 199/5049/4448 220/5854/4894
f 428/4821/4268 2599/5048/4447 222/4791/4242
f 3822/4885/4320 3837/4908/4339 3827/4980/4396
f 2393/5055/4454 2397/5057/4306 2391/5867/4898
f 3825/4981/4397 3826/5069/4466 3824/4886/4321
f 2391/5867/4898 3510/5866/4363 3504/5003/4377
f 2383/4961/4380 2385/5868/4899 2719/4962/4367
f 3503/4960/4379 3501/4964/4382 3502/4986/4400
f 3502/4986/4400 3501/4964/4382 3500/4990/4403
f 3501/4964/4382 3493/4949/4370 3500/4990/4403
f 630/4975/4392 628/4931/4357 629/4823/4270
f 630/4975/4392 631/4976/4393 628/4931/4357
f 908/5019/4424 732/4971/4388 2411/5859/4896
f 2410/4997/4407 908/5872/4424 2411/5857/4896
f 2418/4999/4408 900/4852/4293 902/4933/4359
f 145/4935/4361 143/5013/4418 141/4862/4303
f 2392/5002/4411 2391/5867/4898 3504/5003/4377
f 2385/5868/4899 858/5873/4413 652/5869/4368
f 642/5027/4429 639/4970/4387 641/4992/4404
f 650/4977/4356 3398/4993/4405 2414/4978/4394
f 158/4621/4085 156/5072/4469 163/4934/4360
f 142/4897/4328 149/5050/4449 157/5853/4893
f 199/5049/4448 145/4935/4361 220/5854/4894
f 4632/4866/4307 4633/5059/4456 4484/4907/4338
f 2397/4865/4306 4633/5059/4456 4632/4866/4307
f 2379/5014/4419 2383/4961/4380 2377/4942/4366
f 2379/5014/4419 2384/5874/4900 2383/4961/4380
f 2384/5874/4900 2385/5868/4899 2383/4961/4380
f 2401/5035/4435 899/5004/4399 2403/5038/4412
f 643/5016/4421 630/4975/4392 637/4974/4391
f 648/5017/4422 631/4976/4393 630/4975/4392
f 648/5017/4422 649/5018/4423 631/4976/4393
f 649/5018/4423 650/4929/4356 631/4976/4393
f 649/5030/4423 3399/5029/4430 650/5875/4356
f 649/5018/4423 731/5042/4441 732/4971/4388
f 731/5042/4441 730/4968/4385 732/4971/4388
f 731/5042/4441 724/5044/4443 730/4968/4385
f 908/5028/4424 2412/5020/4406 3399/5029/4430
f 3399/5029/4430 3398/5022/4405 650/5875/4356
f 908/5872/4424 2410/4997/4407 2412/4996/4406
f 217/5052/4451 212/5031/4431 218/4832/4278
f 2390/5876/4901 2391/5867/4898 2392/5002/4411
f 2395/5036/4436 2390/5876/4901 2392/5002/4411
f 2380/4959/4378 660/5034/4434 2376/4982/4398
f 2395/5036/4436 2392/5002/4411 899/5004/4399
f 2386/5877/4439 858/5873/4413 2385/5868/4899
f 651/5026/4428 643/5016/4421 639/4970/4387
f 724/5044/4443 726/5007/4414 730/4968/4385
f 4052/5053/4452 4051/4838/4283 4050/4666/4126
f 4052/5053/4452 4053/5074/4471 4051/4838/4283
f 2390/5876/4901 2393/5055/4454 2391/5867/4898
f 3826/5864/4466 892/5033/4433 2387/4911/4341
f 892/5033/4433 2380/4959/4378 2387/4911/4341
f 2379/5014/4419 2382/5060/4457 2384/5874/4900
f 2384/5874/4900 2386/5877/4439 2385/5868/4899
f 2404/5878/4427 2402/5037/4437 2403/5038/4412
f 655/5039/4438 641/4992/4404 858/5006/4413
f 711/5045/4444 720/5015/4420 725/5008/4415
f 717/5063/4460 649/5018/4423 648/5017/4422
f 4062/5032/4432 3828/5054/4453 3837/4908/4339
f 2382/5060/4457 2379/5014/4419 2376/4982/4398
f 2402/5037/4437 2400/5061/4458 2401/5035/4435
f 2382/5060/4457 657/5879/4459 2384/5874/4900
f 657/5879/4459 2386/5877/4439 2384/5874/4900
f 655/5039/4438 654/5041/4440 641/4992/4404
f 665/5880/4902 651/5026/4428 654/5041/4440
f 701/5043/4442 724/5044/4443 731/5042/4441
f 643/5016/4421 651/5026/4428 665/5880/4902
f 665/5880/4902 674/5064/4461 643/5016/4421
f 721/5047/4446 643/5016/4421 722/5065/4462
f 157/5853/4893 149/5050/4449 156/5072/4469
f 4633/5059/4456 4498/5130/4518 4484/4907/4338
f 3829/5068/4465 892/5076/4433 3826/5069/4466
f 2390/5876/4901 2394/5056/4455 2393/5055/4454
f 2396/5881/4483 2395/5036/4436 2400/5061/4458
f 658/5070/4467 657/5879/4459 2382/5060/4457
f 712/5071/4468 2404/5025/4427 718/5011/4417
f 712/5071/4468 2402/5081/4437 2404/5025/4427
f 709/5096/4488 724/5044/4443 701/5043/4442
f 709/5096/4488 711/5045/4444 724/5044/4443
f 710/5046/4445 720/5015/4420 711/5045/4444
f 2394/5058/4455 4634/5083/4477 4633/5059/4456
f 2396/5881/4483 2390/5876/4901 2395/5036/4436
f 656/5077/4473 655/5039/4438 657/5062/4459
f 2402/5037/4437 2396/5881/4483 2400/5061/4458
f 675/5079/4474 678/5108/4500 722/5065/4462
f 678/5108/4500 721/5047/4446 722/5065/4462
f 4634/5083/4477 4498/5130/4518 4633/5059/4456
f 3828/5054/4453 3829/5068/4465 3825/4981/4397
f 4173/5882/4472 729/5084/4478 892/5086/4433
f 659/5085/4479 658/5078/4467 660/5087/4434
f 659/5085/4479 656/5077/4473 658/5078/4467
f 654/5041/4440 663/5095/4487 665/5880/4902
f 663/5095/4487 674/5064/4461 665/5880/4902
f 700/5089/4481 701/5043/4442 717/5063/4460
f 699/5090/4482 709/5096/4488 701/5043/4442
f 709/5096/4488 710/5046/4445 711/5045/4444
f 145/4935/4361 199/5049/4448 148/5051/4450
f 176/4882/4317 166/5000/4409 173/5093/4485
f 372/5883/4531 4054/4836/4282 4136/4837/4279
f 4498/5130/4518 4490/5100/4492 4484/4907/4338
f 4071/5113/4505 3829/5068/4465 3828/5054/4453
f 4071/5113/4505 4173/5075/4472 3829/5068/4465
f 2394/5058/4455 723/5106/4498 4635/5082/4476
f 723/5884/4498 2394/5056/4455 2390/5876/4901
f 2396/5881/4483 723/5884/4498 2390/5876/4901
f 677/5088/4480 700/5089/4481 717/5063/4460
f 156/5072/4469 149/5050/4449 155/5092/4484
f 4483/5024/4426 4478/5103/4495 4474/4795/4246
f 4062/5032/4432 3449/5885/4511 3828/5054/4453
f 662/5101/4493 654/5041/4440 656/5077/4473
f 702/5109/4501 709/5096/4488 699/5090/4482
f 714/5102/4494 723/5117/4498 2396/5091/4483
f 3449/5885/4511 4071/5113/4505 3828/5054/4453
f 4579/5105/4497 4498/5130/4518 4634/5083/4477
f 729/5084/4478 666/5133/4521 659/5085/4479
f 681/5126/4514 700/5089/4481 677/5088/4480
f 149/5050/4449 150/5098/4490 155/5092/4484
f 428/5845/4268 2598/5150/4216 2599/5152/4447
f 656/5077/4473 661/5120/4509 662/5101/4493
f 676/5134/4522 678/5108/4500 675/5079/4474
f 703/5886/4903 706/5114/4506 704/5097/4489
f 706/5114/4506 713/5080/4475 704/5097/4489
f 212/5031/4431 219/5144/4530 218/4832/4278
f 4473/4906/4337 4478/5103/4495 4476/5128/4516
f 4483/5024/4426 4489/5129/4517 4482/5104/4496
f 666/5133/4521 661/5120/4509 659/5085/4479
f 707/5125/4513 723/5117/4498 714/5102/4494
f 218/4832/4278 219/5144/4530 372/5146/4531
f 677/5088/4480 678/5108/4500 676/5134/4522
f 703/5886/4903 704/5097/4489 702/5109/4501
f 372/5883/4531 4064/5135/4523 4054/4836/4282
f 676/5134/4522 681/5126/4514 677/5088/4480
f 4066/5887/4904 3449/5885/4511 4062/5032/4432
f 694/5147/4532 699/5090/4482 681/5126/4514
f 143/5013/4418 148/5051/4450 150/5098/4490
f 734/5132/4520 667/5170/4552 666/5133/4521
f 667/5170/4552 661/5120/4509 666/5133/4521
f 199/5049/4448 2599/5048/4447 198/5141/4527
f 694/5147/4532 703/5886/4903 702/5109/4501
f 4066/5887/4904 4062/5032/4432 4061/5067/4464
f 703/5886/4903 695/5176/4558 706/5114/4506
f 4066/5887/4904 4070/5112/4504 3449/5885/4511
f 4592/5131/4519 747/5138/4508 4591/5142/4528
f 695/5176/4558 703/5886/4903 694/5147/4532
f 695/5176/4558 698/5140/4526 706/5114/4506
f 212/5031/4431 213/5127/4515 214/5173/4555
f 4069/5205/4584 4070/5112/4504 4066/5887/4904
f 668/5163/4546 669/5094/4486 663/5095/4487
f 679/5171/4553 681/5126/4514 676/5134/4522
f 202/5201/4580 203/5153/4536 167/5110/4502
f 4470/5111/4503 4471/5166/4549 2598/4762/4216
f 4482/5104/4496 4488/5158/4541 4481/5172/4554
f 679/5171/4553 682/5161/4544 681/5126/4514
f 695/5176/4558 696/5178/4560 698/5140/4526
f 696/5178/4560 708/5149/4534 698/5140/4526
f 4068/5224/4601 4069/5205/4584 4066/5887/4904
f 728/5184/4551 667/5170/4552 734/5132/4520
f 168/5157/4540 171/5156/4539 162/5073/4470
f 715/5165/4548 708/5149/4534 696/5178/4560
f 171/5156/4539 202/5201/4580 167/5110/4502
f 4059/5181/4563 4061/5067/4464 4053/5074/4471
f 4061/5067/4464 4067/5210/4588 4066/5887/4904
f 4476/5128/4516 4481/5172/4554 4480/5189/4568
f 4059/5181/4563 4079/5194/4573 4061/5067/4464
f 4067/5210/4588 4068/5224/4601 4066/5887/4904
f 4489/5129/4517 4496/5177/4559 4488/5158/4541
f 668/5163/4546 680/5219/4597 679/5171/4553
f 183/5162/4545 205/5187/4566 184/5139/4525
f 4079/5194/4573 4080/5888/4905 4061/5067/4464
f 4080/5888/4905 4067/5210/4588 4061/5067/4464
f 668/5163/4546 664/5143/4529 667/5170/4552
f 4078/5193/4572 4081/5211/4589 4080/5888/4905
f 4078/5193/4572 4080/5888/4905 4079/5194/4573
f 670/5185/4565 668/5163/4546 667/5170/4552
f 152/5155/4538 169/5196/4575 168/5157/4540
f 4490/5100/4492 4578/5168/4550 4496/5177/4559
f 4069/5205/4584 4083/5182/4564 4070/5112/4504
f 153/5190/4569 169/5196/4575 152/5155/4538
f 671/5322/4690 668/5163/4546 670/5185/4565
f 219/5144/4530 368/5202/4581 396/5215/4593
f 4081/5211/4589 4067/5210/4588 4080/5888/4905
f 4076/5204/4583 4069/5205/4584 4068/5224/4601
f 171/5156/4539 172/5179/4561 204/5200/4579
f 4529/5188/4567 4479/5197/4576 4480/5189/4568
f 4082/5209/4587 4081/5211/4589 4078/5193/4572
f 705/5207/4585 1033/5195/4574 715/5165/4548
f 680/5219/4597 682/5161/4544 679/5171/4553
f 4063/5217/4595 4060/5203/4582 4058/5136/4524
f 4535/5198/4577 4479/5197/4576 4529/5188/4567
f 728/5184/4551 672/5266/4639 670/5185/4565
f 672/5266/4639 671/5322/4690 670/5185/4565
f 206/5180/4562 367/5228/4605 368/5202/4581
f 4535/5198/4577 4500/5222/4599 4479/5197/4576
f 684/5233/4610 680/5219/4597 668/5163/4546
f 690/5175/4557 692/5164/4547 683/5208/4586
f 204/5200/4579 356/5234/4611 203/5153/4536
f 200/5213/4591 235/5226/4603 196/5154/4537
f 206/5180/4562 205/5187/4566 367/5228/4605
f 4064/5135/4523 395/5889/4607 4065/5216/4594
f 4470/5111/4503 4472/5192/4571 4471/5166/4549
f 4077/5221/4598 4060/5203/4582 4063/5217/4595
f 4075/5223/4600 1007/5225/4602 4068/5224/4601
f 671/5322/4690 684/5233/4610 668/5163/4546
f 691/5238/4615 696/5178/4560 690/5175/4557
f 368/5202/4581 395/5230/4607 396/5215/4593
f 153/5190/4569 234/5235/4612 169/5196/4575
f 154/5191/4570 234/5235/4612 153/5190/4569
f 4077/5221/4598 970/5231/4608 4082/5209/4587
f 970/5231/4608 4075/5223/4600 4082/5209/4587
f 970/5251/4608 965/5250/4627 1007/5262/4602
f 4083/5890/4564 1014/5265/4638 728/5184/4551
f 697/5267/4640 696/5178/4560 691/5238/4615
f 685/5232/4609 686/5290/4661 680/5219/4597
f 4500/5222/4599 4499/5239/4616 4479/5197/4576
f 4500/5222/4599 4616/5236/4613 4499/5239/4616
f 963/5242/4619 964/5241/4618 966/5249/4626
f 978/5244/4621 944/5256/4632 972/5245/4622
f 964/5241/4618 965/5250/4627 966/5249/4626
f 951/5254/4630 949/5252/4628 964/5241/4618
f 946/5283/4654 948/5258/4634 947/5259/4635
f 977/5243/4620 1005/5255/4631 978/5244/4621
f 949/5252/4628 948/5258/4634 965/5250/4627
f 4588/5212/4590 4589/5218/4596 4659/5248/4625
f 948/5258/4634 1010/5261/4637 965/5250/4627
f 688/5340/4707 685/5232/4609 684/5233/4610
f 686/5290/4661 683/5208/4586 680/5219/4597
f 356/5234/4611 366/5270/4643 357/5227/4604
f 200/5213/4591 201/5269/4642 235/5226/4603
f 357/5227/4604 366/5270/4643 367/5228/4605
f 466/5891/4666 4065/5216/4594 395/5889/4607
f 395/5230/4607 397/5271/4644 466/5892/4666
f 4065/5216/4594 466/5891/4666 4063/5217/4595
f 466/5891/4666 4077/5221/4598 4063/5217/4595
f 466/5295/4666 970/5251/4608 4077/5893/4598
f 961/5296/4667 959/5273/4646 967/5275/4648
f 959/5273/4646 963/5242/4619 967/5275/4648
f 955/5301/4672 945/5282/4653 947/5259/4635
f 967/5275/4648 966/5249/4626 970/5251/4608
f 959/5273/4646 952/5240/4617 963/5242/4619
f 974/5274/4647 972/5245/4622 973/5304/4675
f 974/5274/4647 976/5246/4623 975/5247/4624
f 950/5253/4629 951/5254/4630 952/5240/4617
f 941/5306/4677 943/5284/4655 945/5282/4653
f 972/5245/4622 944/5256/4632 942/5276/4649
f 995/5278/4651 1001/5260/4636 976/5246/4623
f 944/5256/4632 1008/5286/4657 948/5258/4634
f 948/5258/4634 1029/5287/4658 1010/5261/4637
f 1010/5261/4637 1029/5287/4658 1013/5289/4660
f 688/5340/4707 684/5233/4610 671/5322/4690
f 688/5340/4707 686/5290/4661 685/5232/4609
f 354/5229/4606 353/5291/4662 355/5349/4710
f 354/5229/4606 355/5349/4710 356/5234/4611
f 366/5270/4643 402/5894/4714 397/5271/4644
f 234/5235/4612 353/5291/4662 354/5229/4606
f 4471/5166/4549 4551/5292/4663 4658/5220/4592
f 968/5294/4665 967/5275/4648 970/5251/4608
f 953/5300/4671 952/5240/4617 957/5298/4669
f 960/5297/4668 958/5272/4645 959/5273/4646
f 955/5301/4672 940/5307/4678 945/5282/4653
f 938/5302/4673 973/5304/4675 972/5245/4622
f 982/5305/4676 995/5278/4651 974/5274/4647
f 989/5895/4906 994/5285/4656 988/5308/4679
f 990/5313/4684 994/5285/4656 989/5895/4906
f 1003/5280/4652 4659/5279/4625 997/5314/4685
f 993/5310/4681 997/5314/4685 996/5311/4682
f 994/5285/4656 1006/5316/4687 1001/5260/4636
f 996/5311/4682 1006/5316/4687 994/5285/4656
f 4659/5279/4625 1006/5316/4687 997/5314/4685
f 1006/5316/4687 1032/5317/4688 1001/5260/4636
f 705/5207/4585 1025/5342/4706 1033/5195/4574
f 356/5234/4611 1012/5896/4712 366/5270/4643
f 356/5234/4611 355/5349/4710 1012/5896/4712
f 397/5271/4644 402/5894/4714 491/5897/4692
f 1012/5896/4712 402/5894/4714 366/5270/4643
f 353/5291/4662 1031/5898/4716 419/5348/4713
f 235/5226/4603 1031/5898/4716 353/5291/4662
f 4658/5220/4592 4551/5292/4663 4831/5899/4691
f 466/5295/4666 962/5326/4693 969/5293/4664
f 957/5298/4669 960/5297/4668 962/5326/4693
f 956/5328/4695 953/5300/4671 957/5298/4669
f 4499/5239/4616 4616/5236/4613 4638/5327/4694
f 935/5331/4698 940/5307/4678 955/5301/4672
f 938/5302/4673 979/5303/4674 973/5304/4675
f 981/5309/4680 995/5278/4651 982/5305/4676
f 940/5307/4678 939/5277/4650 941/5306/4677
f 991/5332/4699 998/5315/4686 993/5310/4681
f 993/5310/4681 992/5312/4683 991/5332/4699
f 986/5333/4700 989/5895/4906 988/5308/4679
f 986/5333/4700 990/5313/4684 989/5895/4906
f 986/5333/4700 992/5312/4683 990/5313/4684
f 1006/5316/4687 1034/5336/4703 1032/5317/4688
f 4659/5279/4625 1027/5337/4704 1006/5316/4687
f 1013/5289/4660 735/5363/4705 1014/5263/4638
f 201/5269/4642 1031/5898/4716 235/5226/4603
f 201/5269/4642 471/5900/4729 1031/5898/4716
f 4831/5323/4691 471/5900/4729 201/5269/4642
f 971/5351/4715 962/5326/4693 491/5324/4692
f 4551/5901/4663 4638/5902/4694 4831/5367/4691
f 971/5351/4715 956/5328/4695 962/5326/4693
f 971/5351/4715 937/5354/4718 956/5328/4695
f 933/5355/4719 934/5330/4697 935/5331/4698
f 936/5356/4720 934/5330/4697 933/5355/4719
f 936/5356/4720 938/5302/4673 934/5330/4697
f 933/5355/4719 955/5301/4672 954/5299/4670
f 4638/5902/4694 4616/5281/4613 1000/5329/4696
f 1000/5329/4696 1003/5280/4652 998/5315/4686
f 980/5358/4722 981/5309/4680 979/5303/4674
f 1006/5316/4687 1022/5359/4723 1034/5336/4703
f 1027/5337/4704 1024/5360/4724 1022/5359/4723
f 1034/5336/4703 1020/5373/4735 1035/5335/4702
f 1026/5319/4659 1025/5339/4706 1024/5360/4724
f 1015/5362/4726 1016/5375/4708 735/5363/4705
f 1023/5374/4727 1024/5360/4724 1025/5339/4706
f 716/5365/4728 687/5268/4641 686/5290/4661
f 419/5347/4713 971/5351/4715 1011/5345/4711
f 471/5366/4729 1002/5368/4730 1009/5353/4717
f 1009/5353/4717 1002/5368/4730 971/5351/4715
f 971/5351/4715 936/5356/4720 937/5354/4718
f 971/5351/4715 984/5371/4733 936/5356/4720
f 1002/5368/4730 984/5371/4733 971/5351/4715
f 4831/5367/4691 4638/5902/4694 1004/5369/4731
f 1004/5369/4731 999/5370/4732 1002/5368/4730
f 4638/5902/4694 1000/5329/4696 1004/5369/4731
f 1000/5329/4696 998/5315/4686 999/5370/4732
f 999/5370/4732 991/5332/4699 987/5372/4734
f 987/5372/4734 986/5333/4700 985/5357/4721
f 987/5372/4734 991/5332/4699 986/5333/4700
f 999/5370/4732 998/5315/4686 991/5332/4699
f 1034/5336/4703 1022/5359/4723 1020/5373/4735
f 1035/5335/4702 1020/5373/4735 1030/5334/4701
f 1019/5376/4736 716/5365/4728 688/5340/4707
f 1002/5368/4730 987/5372/4734 984/5371/4733
f 1002/5368/4730 999/5370/4732 987/5372/4734
f 1020/5373/4735 1018/5378/4738 1017/5361/4725
f 1022/5359/4723 1023/5374/4727 1021/5377/4737
f 1019/5380/4736 1021/5377/4737 693/5379/4709
f 1021/5377/4737 1019/5380/4736 1020/5373/4735
