# Blender 3.6.0
# www.blender.org
mtllib PremadeTrack.mtl
o OvalTrack
v -11.836166 0.000000 48.000004
v -11.953812 0.000000 49.170078
v -12.273647 0.000000 48.000004
v -12.246284 0.000000 49.155746
v -12.389149 0.000000 49.148746
v -12.376448 0.000000 50.308716
v -12.518524 0.000000 50.294731
v -12.534534 0.000000 51.456127
v -12.085587 0.000000 50.337341
v -12.245632 0.000000 51.498978
v -12.448086 0.000000 52.652184
v -12.704578 0.000000 53.794159
v -12.734505 0.000000 52.595211
v -12.874409 0.000000 52.567383
v -12.987858 0.000000 53.723202
v -13.126228 0.000000 53.688541
v -13.296246 0.000000 54.837414
v -13.432751 0.000000 54.796009
v -13.658855 0.000000 55.935181
v -13.016790 0.000000 54.922188
v -13.383894 0.000000 56.033562
v -13.805071 0.000000 57.125584
v -14.279428 0.000000 58.195576
v -14.074871 0.000000 57.013824
v -14.206661 0.000000 56.959236
v -14.543423 0.000000 58.070717
v -14.672375 0.000000 58.009727
v -15.063255 0.000000 59.103355
v -15.189056 0.000000 59.036114
v -15.633059 0.000000 60.109287
v -14.805706 0.000000 59.241020
v -15.382576 0.000000 60.259422
v -16.008709 0.000000 61.248291
v -16.682688 0.000000 62.205185
v -16.251526 0.000000 61.086044
v -16.370132 0.000000 61.006794
v -16.917248 0.000000 62.031219
v -17.031824 0.000000 61.946243
v -17.628555 0.000000 62.942604
v -17.738823 0.000000 62.852112
v -18.383663 0.000000 63.818043
v -17.402813 0.000000 63.127869
v -18.167282 0.000000 64.014160
v -18.974300 0.000000 64.861870
v -19.822014 0.000000 65.668892
v -19.180798 0.000000 64.655373
v -19.281664 0.000000 64.554504
v -20.018131 0.000000 65.452515
v -20.113928 0.000000 65.346817
v -20.893570 0.000000 66.207611
v -20.984062 0.000000 66.097351
v -21.804955 0.000000 66.918915
v -20.708309 0.000000 66.433357
v -21.630991 0.000000 67.153481
v -22.587883 0.000000 67.827469
v -23.576752 0.000000 68.453598
v -22.750126 0.000000 67.584648
v -22.829376 0.000000 67.466042
v -23.726885 0.000000 68.203110
v -23.800220 0.000000 68.080757
v -24.732811 0.000000 68.772919
v -24.800055 0.000000 68.647110
v -25.765453 0.000000 69.292747
v -24.595150 0.000000 69.030464
v -25.640594 0.000000 69.556747
v -26.710590 0.000000 70.031097
v -27.802608 0.000000 70.452278
v -26.822346 0.000000 69.761292
v -26.876934 0.000000 69.629501
v -27.900991 0.000000 70.177322
v -27.949047 0.000000 70.043015
v -28.998760 0.000000 70.539955
v -29.040169 0.000000 70.403465
v -30.112972 0.000000 70.848412
v -28.913988 0.000000 70.819382
v -30.042011 0.000000 71.131592
v -31.183990 0.000000 71.388092
v -32.337196 0.000000 71.590538
v -31.240961 0.000000 71.101898
v -31.268791 0.000000 70.962112
v -32.380043 0.000000 71.302086
v -32.400974 0.000000 71.161194
v -33.527458 0.000000 71.460464
v -34.680428 0.000000 71.590950
v -33.541439 0.000000 71.318741
v -33.498833 0.000000 71.750580
v -34.666100 0.000000 71.882362
v -34.687428 0.000000 71.448608
v -35.836170 0.000000 66.420380
v -35.836170 0.000000 66.277878
v -34.939438 0.000000 66.323540
v -34.946419 0.000000 66.181572
v -34.044857 0.000000 66.216286
v -34.058804 0.000000 66.074944
v -33.154587 0.000000 66.088211
v -33.175465 0.000000 65.947693
v -32.270782 0.000000 65.928909
v -32.298538 0.000000 65.789490
v -31.395580 0.000000 65.729736
v -31.430145 0.000000 65.591782
v -30.531073 0.000000 65.489128
v -30.147629 0.000000 70.710091
v -30.572372 0.000000 65.352997
v -29.679321 0.000000 65.207291
v -29.727251 0.000000 65.073334
v -28.842407 0.000000 64.884430
v -28.896854 0.000000 64.752983
v -28.022369 0.000000 64.520889
v -28.083202 0.000000 64.392273
v -27.221157 0.000000 64.117554
v -25.826443 0.000000 69.163803
v -27.288223 0.000000 63.992081
v -26.440666 0.000000 63.675446
v -26.513807 0.000000 63.553413
v -25.682806 0.000000 63.195587
v -25.761848 0.000000 63.077290
v -24.949451 0.000000 62.679047
v -25.034203 0.000000 62.564774
v -24.242313 0.000000 62.127155
v -21.889931 0.000000 66.804344
v -24.332569 0.000000 62.017178
v -23.563074 0.000000 61.541275
v -23.658619 0.000000 61.435860
v -22.913391 0.000000 60.922783
v -23.013992 0.000000 60.822182
v -22.294895 0.000000 60.273102
v -22.400311 0.000000 60.177559
v -21.709015 0.000000 59.593857
v -18.489355 0.000000 63.722244
v -21.818993 0.000000 59.503601
v -21.157122 0.000000 58.886723
v -21.271397 0.000000 58.801971
v -20.640583 0.000000 58.153366
v -20.758879 0.000000 58.074326
v -20.160721 0.000000 57.395508
v -20.282753 0.000000 57.322365
v -19.718613 0.000000 56.615017
v -15.755409 0.000000 60.035954
v -19.844086 0.000000 56.547951
v -19.315281 0.000000 55.813797
v -19.443893 0.000000 55.752968
v -18.951740 0.000000 54.993763
v -19.083183 0.000000 54.939316
v -18.628956 0.000000 54.156849
v -18.762913 0.000000 54.108917
v -18.347609 0.000000 53.305103
v -13.793163 0.000000 55.887123
v -18.483753 0.000000 53.263802
v -18.108334 0.000000 52.440590
v -18.246340 0.000000 52.406021
v -17.911758 0.000000 51.565392
v -18.051296 0.000000 51.537636
v -17.756601 0.000000 50.681583
v -17.897346 0.000000 50.660709
v -17.633944 0.000000 49.791317
v -12.675648 0.000000 51.435200
v -17.775644 0.000000 49.777370
v -17.532951 0.000000 48.896736
v -17.675440 0.000000 48.889755
v -17.442783 0.000000 48.000004
v -17.585972 0.000000 48.000004
v -17.865194 0.000000 48.000004
v -17.953291 0.000000 48.876144
v -18.051962 0.000000 49.750175
v -18.171804 0.000000 50.620003
v -18.323399 0.000000 51.483509
v -18.515459 0.000000 52.338612
v -18.749239 0.000000 53.183270
v -19.024126 0.000000 54.015457
v -19.339497 0.000000 54.833149
v -19.694691 0.000000 55.634350
v -20.088758 0.000000 56.417171
v -20.520716 0.000000 57.179741
v -20.989555 0.000000 57.920193
v -21.494230 0.000000 58.636703
v -22.033447 0.000000 59.327602
v -22.605877 0.000000 59.991249
v -23.210167 0.000000 60.626007
v -23.844929 0.000000 61.230297
v -24.508572 0.000000 61.802723
v -25.199467 0.000000 62.341942
v -25.915981 0.000000 62.846615
v -26.656435 0.000000 63.315453
v -27.419006 0.000000 63.747410
v -28.201818 0.000000 64.141479
v -29.003023 0.000000 64.496674
v -29.820715 0.000000 64.812126
v -30.652905 0.000000 65.087540
v -31.497561 0.000000 65.322754
v -32.352665 0.000000 65.517609
v -33.216171 0.000000 65.673668
v -34.085995 0.000000 65.799332
v -34.960030 0.000000 65.904732
v -35.836170 0.000000 66.000000
v -11.953812 -0.200000 49.170078
v -12.246284 -0.200000 49.155746
v -12.389149 -0.200000 49.148746
v -12.376448 -0.200000 50.308716
v -12.518524 -0.200000 50.294731
v -12.534534 -0.200000 51.456127
v -12.085587 -0.200000 50.337341
v -12.245632 -0.200000 51.498978
v -12.448086 -0.200000 52.652184
v -12.704578 -0.200000 53.794159
v -12.734505 -0.200000 52.595211
v -12.874409 -0.200000 52.567383
v -12.987858 -0.200000 53.723202
v -13.126228 -0.200000 53.688541
v -13.296246 -0.200000 54.837414
v -13.432751 -0.200000 54.796009
v -13.658855 -0.200000 55.935181
v -13.016790 -0.200000 54.922188
v -13.383894 -0.200000 56.033562
v -13.805071 -0.200000 57.125584
v -14.279428 -0.200000 58.195576
v -14.074871 -0.200000 57.013824
v -14.206661 -0.200000 56.959236
v -14.543423 -0.200000 58.070717
v -14.672375 -0.200000 58.009727
v -15.063255 -0.200000 59.103355
v -15.189056 -0.200000 59.036114
v -15.633059 -0.200000 60.109287
v -14.805706 -0.200000 59.241020
v -15.382576 -0.200000 60.259422
v -16.008709 -0.200000 61.248291
v -16.682688 -0.200000 62.205185
v -16.251526 -0.200000 61.086044
v -16.370132 -0.200000 61.006794
v -16.917248 -0.200000 62.031219
v -17.031824 -0.200000 61.946243
v -17.628555 -0.200000 62.942604
v -17.738823 -0.200000 62.852112
v -18.383663 -0.200000 63.818043
v -17.402813 -0.200000 63.127869
v -18.167282 -0.200000 64.014160
v -18.974300 -0.200000 64.861870
v -19.822014 -0.200000 65.668892
v -19.180798 -0.200000 64.655373
v -19.281664 -0.200000 64.554504
v -20.018131 -0.200000 65.452515
v -20.113928 -0.200000 65.346817
v -20.893570 -0.200000 66.207611
v -20.984062 -0.200000 66.097351
v -21.804955 -0.200000 66.918915
v -20.708309 -0.200000 66.433357
v -21.630991 -0.200000 67.153481
v -22.587883 -0.200000 67.827469
v -23.576752 -0.200000 68.453598
v -22.750126 -0.200000 67.584648
v -22.829376 -0.200000 67.466042
v -23.726885 -0.200000 68.203110
v -23.800220 -0.200000 68.080757
v -24.732811 -0.200000 68.772919
v -24.800055 -0.200000 68.647110
v -25.765453 -0.200000 69.292747
v -24.595150 -0.200000 69.030464
v -25.640594 -0.200000 69.556747
v -26.710590 -0.200000 70.031097
v -27.802608 -0.200000 70.452278
v -26.822346 -0.200000 69.761292
v -26.876934 -0.200000 69.629501
v -27.900991 -0.200000 70.177322
v -27.949047 -0.200000 70.043015
v -28.998760 -0.200000 70.539955
v -29.040169 -0.200000 70.403465
v -30.112972 -0.200000 70.848412
v -28.913988 -0.200000 70.819382
v -30.042011 -0.200000 71.131592
v -31.183990 -0.200000 71.388092
v -32.337196 -0.200000 71.590538
v -31.240961 -0.200000 71.101898
v -31.268791 -0.200000 70.962112
v -32.380043 -0.200000 71.302086
v -32.400974 -0.200000 71.161194
v -33.527458 -0.200000 71.460464
v -34.680428 -0.200000 71.590950
v -33.541439 -0.200000 71.318741
v -33.498833 -0.200000 71.750580
v -34.666100 -0.200000 71.882362
v -35.836170 -0.200000 71.707504
v -34.687428 -0.200000 71.448608
v -35.836170 -0.200000 66.420380
v -35.836170 -0.200000 66.277878
v -34.939438 -0.200000 66.323540
v -34.946419 -0.200000 66.181572
v -34.044857 -0.200000 66.216286
v -34.058804 -0.200000 66.074944
v -33.154587 -0.200000 66.088211
v -33.175465 -0.200000 65.947693
v -32.270782 -0.200000 65.928909
v -32.298538 -0.200000 65.789490
v -31.395580 -0.200000 65.729736
v -31.430145 -0.200000 65.591782
v -30.531073 -0.200000 65.489128
v -30.147629 -0.200000 70.710091
v -30.572372 -0.200000 65.352997
v -29.679321 -0.200000 65.207291
v -29.727251 -0.200000 65.073334
v -28.842407 -0.200000 64.884430
v -28.896854 -0.200000 64.752983
v -28.022369 -0.200000 64.520889
v -28.083202 -0.200000 64.392273
v -27.221157 -0.200000 64.117554
v -25.826443 -0.200000 69.163803
v -27.288223 -0.200000 63.992081
v -26.440666 -0.200000 63.675446
v -26.513807 -0.200000 63.553413
v -25.682806 -0.200000 63.195587
v -25.761848 -0.200000 63.077290
v -24.949451 -0.200000 62.679047
v -25.034203 -0.200000 62.564774
v -24.242313 -0.200000 62.127155
v -21.889931 -0.200000 66.804344
v -24.332569 -0.200000 62.017178
v -23.563074 -0.200000 61.541275
v -23.658619 -0.200000 61.435860
v -22.913391 -0.200000 60.922783
v -23.013992 -0.200000 60.822182
v -22.294895 -0.200000 60.273102
v -22.400311 -0.200000 60.177559
v -21.709015 -0.200000 59.593857
v -18.489355 -0.200000 63.722244
v -21.818993 -0.200000 59.503601
v -21.157122 -0.200000 58.886723
v -21.271397 -0.200000 58.801971
v -20.640583 -0.200000 58.153366
v -20.758879 -0.200000 58.074326
v -20.160721 -0.200000 57.395508
v -20.282753 -0.200000 57.322365
v -19.718613 -0.200000 56.615017
v -15.755409 -0.200000 60.035954
v -19.844086 -0.200000 56.547951
v -19.315281 -0.200000 55.813797
v -19.443893 -0.200000 55.752968
v -18.951740 -0.200000 54.993763
v -19.083183 -0.200000 54.939316
v -18.628956 -0.200000 54.156849
v -18.762913 -0.200000 54.108917
v -18.347609 -0.200000 53.305103
v -13.793163 -0.200000 55.887123
v -18.483753 -0.200000 53.263802
v -18.108334 -0.200000 52.440590
v -18.246340 -0.200000 52.406021
v -17.911758 -0.200000 51.565392
v -18.051296 -0.200000 51.537636
v -17.756601 -0.200000 50.681583
v -17.897346 -0.200000 50.660709
v -17.633944 -0.200000 49.791317
v -12.675648 -0.200000 51.435200
v -17.775644 -0.200000 49.777370
v -17.532951 -0.200000 48.896736
v -17.675440 -0.200000 48.889755
v -17.442783 -0.200000 48.000004
v -17.585972 -0.200000 48.000004
v -17.865194 -0.200000 48.000004
v -17.953291 -0.200000 48.876144
v -18.051962 -0.200000 49.750175
v -18.171804 -0.200000 50.620003
v -18.323399 -0.200000 51.483509
v -18.515459 -0.200000 52.338612
v -18.749239 -0.200000 53.183270
v -19.024126 -0.200000 54.015457
v -19.339497 -0.200000 54.833149
v -19.694691 -0.200000 55.634350
v -20.088758 -0.200000 56.417171
v -20.520716 -0.200000 57.179741
v -20.989555 -0.200000 57.920193
v -21.494230 -0.200000 58.636703
v -22.033447 -0.200000 59.327602
v -22.605877 -0.200000 59.991249
v -23.210167 -0.200000 60.626007
v -23.844929 -0.200000 61.230297
v -24.508572 -0.200000 61.802723
v -25.199467 -0.200000 62.341942
v -25.915981 -0.200000 62.846615
v -26.656435 -0.200000 63.315453
v -27.419006 -0.200000 63.747410
v -28.201818 -0.200000 64.141479
v -29.003023 -0.200000 64.496674
v -29.820715 -0.200000 64.812126
v -30.652905 -0.200000 65.087540
v -31.497561 -0.200000 65.322754
v -32.352665 -0.200000 65.517609
v -33.216171 -0.200000 65.673668
v -34.085995 -0.200000 65.799332
v -34.960030 -0.200000 65.904732
v -35.836170 -0.200000 66.000000
v -35.836197 0.000000 -24.000008
v -34.666122 0.000000 -23.882362
v -35.836197 0.000000 -23.706093
v -35.836197 0.000000 -23.562531
v -34.680454 0.000000 -23.589890
v -34.687450 0.000000 -23.447021
v -33.527485 0.000000 -23.459724
v -33.541466 0.000000 -23.317642
v -32.380070 0.000000 -23.301636
v -33.498859 0.000000 -23.750587
v -32.337223 0.000000 -23.590546
v -31.184017 0.000000 -23.388084
v -30.042038 0.000000 -23.131592
v -31.240990 0.000000 -23.101669
v -31.268818 0.000000 -22.961761
v -30.112997 0.000000 -22.848312
v -30.147657 0.000000 -22.709946
v -28.998783 0.000000 -22.539932
v -29.040192 0.000000 -22.403427
v -27.901020 0.000000 -22.177315
v -28.914011 0.000000 -22.819382
v -27.802637 0.000000 -22.452278
v -26.710617 0.000000 -22.031097
v -25.640623 0.000000 -21.556747
v -26.822372 0.000000 -21.761299
v -26.876961 0.000000 -21.629509
v -25.765484 0.000000 -21.292755
v -25.826473 0.000000 -21.163803
v -24.732843 0.000000 -20.772919
v -24.800087 0.000000 -20.647118
v -23.726913 0.000000 -20.203110
v -24.595181 0.000000 -21.030464
v -23.576778 0.000000 -20.453598
v -22.587910 0.000000 -19.827461
v -21.631016 0.000000 -19.153488
v -22.750156 0.000000 -19.584648
v -22.829407 0.000000 -19.466042
v -21.804981 0.000000 -18.918930
v -21.889956 0.000000 -18.804352
v -20.893597 0.000000 -18.207619
v -20.984089 0.000000 -18.097351
v -20.018158 0.000000 -17.452507
v -20.708332 0.000000 -18.433357
v -19.822041 0.000000 -17.668884
v -18.974329 0.000000 -16.861877
v -18.167307 0.000000 -16.014160
v -19.180826 0.000000 -16.655380
v -19.281694 0.000000 -16.554504
v -18.383688 0.000000 -15.818039
v -18.489384 0.000000 -15.722248
v -17.628584 0.000000 -14.942604
v -17.738852 0.000000 -14.852112
v -16.917280 0.000000 -14.031219
v -17.402842 0.000000 -15.127865
v -16.682718 0.000000 -14.205185
v -16.008734 0.000000 -13.248291
v -15.382603 0.000000 -12.259422
v -16.251551 0.000000 -13.086052
v -16.370157 0.000000 -13.006798
v -15.633089 0.000000 -12.109291
v -15.755440 0.000000 -12.035950
v -15.063282 0.000000 -11.103363
v -15.189085 0.000000 -11.036121
v -14.543449 0.000000 -10.070721
v -14.805733 0.000000 -11.241020
v -14.279455 0.000000 -10.195580
v -13.805101 0.000000 -9.125580
v -13.383921 0.000000 -8.033562
v -14.074905 0.000000 -9.013832
v -14.206694 0.000000 -8.959244
v -13.658878 0.000000 -7.935184
v -13.793184 0.000000 -7.887123
v -13.296242 0.000000 -6.837418
v -13.432732 0.000000 -6.796005
v -12.987787 0.000000 -5.723202
v -13.016813 0.000000 -6.922188
v -12.704605 0.000000 -5.794159
v -12.448111 0.000000 -4.652184
v -12.245663 0.000000 -3.498978
v -12.734297 0.000000 -4.595215
v -12.874088 0.000000 -4.567383
v -12.534111 0.000000 -3.456131
v -12.675005 0.000000 -3.435204
v -12.375738 0.000000 -2.308720
v -12.245249 0.000000 -1.155746
v -12.517454 0.000000 -2.294735
v -12.085617 0.000000 -2.337341
v -11.953838 0.000000 -1.170078
v -12.271570 0.000000 -0.000008
v -12.387590 0.000000 -1.148746
v -17.558319 0.000000 -0.000008
v -17.512659 0.000000 -0.896736
v -17.654629 0.000000 -0.889755
v -17.619911 0.000000 -1.791313
v -17.761253 0.000000 -1.777370
v -17.747984 0.000000 -2.681587
v -17.888508 0.000000 -2.660713
v -17.907286 0.000000 -3.565392
v -18.046709 0.000000 -3.537636
v -18.106461 0.000000 -4.440594
v -18.244421 0.000000 -4.406029
v -18.347071 0.000000 -5.305103
v -13.126108 0.000000 -5.688545
v -18.483204 0.000000 -5.263802
v -18.628912 0.000000 -6.156853
v -18.762865 0.000000 -6.108925
v -18.951773 0.000000 -6.993767
v -19.083214 0.000000 -6.939320
v -19.315310 0.000000 -7.813805
v -19.443924 0.000000 -7.752972
v -19.718645 0.000000 -8.615013
v -14.672400 0.000000 -10.009727
v -19.844116 0.000000 -8.547951
v -20.160751 0.000000 -9.395508
v -20.282784 0.000000 -9.322369
v -20.640614 0.000000 -10.153370
v -20.758907 0.000000 -10.074326
v -21.157150 0.000000 -10.886726
v -21.271423 0.000000 -10.801971
v -21.709042 0.000000 -11.593861
v -17.031857 0.000000 -13.946243
v -21.819019 0.000000 -11.503609
v -22.294922 0.000000 -12.273102
v -22.400339 0.000000 -12.177555
v -22.913414 0.000000 -12.922783
v -23.014017 0.000000 -12.822178
v -23.563095 0.000000 -13.541279
v -23.658640 0.000000 -13.435860
v -24.242340 0.000000 -14.127159
v -20.113953 0.000000 -17.346817
v -24.332596 0.000000 -14.017181
v -24.949478 0.000000 -14.679050
v -25.034229 0.000000 -14.564774
v -25.682831 0.000000 -15.195591
v -25.761875 0.000000 -15.077293
v -26.440691 0.000000 -15.675453
v -26.513832 0.000000 -15.553421
v -27.221184 0.000000 -16.117561
v -23.800247 0.000000 -20.080765
v -27.288250 0.000000 -15.992088
v -28.022404 0.000000 -16.520889
v -28.083233 0.000000 -16.392273
v -28.842438 0.000000 -16.884430
v -28.896881 0.000000 -16.752991
v -29.679350 0.000000 -17.207214
v -29.727280 0.000000 -17.073257
v -30.531097 0.000000 -17.488564
v -27.949078 0.000000 -22.043007
v -30.572397 0.000000 -17.352417
v -31.395607 0.000000 -17.727837
v -31.430178 0.000000 -17.589828
v -32.270809 0.000000 -17.924408
v -32.298565 0.000000 -17.784874
v -33.154613 0.000000 -18.079575
v -33.175491 0.000000 -17.938828
v -34.044884 0.000000 -18.202225
v -32.401001 0.000000 -23.160522
v -34.058826 0.000000 -18.060532
v -34.939461 0.000000 -18.303223
v -34.946442 0.000000 -18.160736
v -35.836197 0.000000 -18.393387
v -35.836197 0.000000 -18.250198
v -35.836197 0.000000 -17.970978
v -34.960056 0.000000 -17.882881
v -34.086021 0.000000 -17.784210
v -33.216198 0.000000 -17.664368
v -32.352692 0.000000 -17.512772
v -31.497587 0.000000 -17.320709
v -30.652931 0.000000 -17.086929
v -29.820744 0.000000 -16.812042
v -29.003050 0.000000 -16.496674
v -28.201847 0.000000 -16.141479
v -27.419029 0.000000 -15.747414
v -26.656460 0.000000 -15.315456
v -25.916006 0.000000 -14.846615
v -25.199493 0.000000 -14.341942
v -24.508598 0.000000 -13.802727
v -23.844952 0.000000 -13.230297
v -23.210190 0.000000 -12.626003
v -22.605904 0.000000 -11.991245
v -22.033476 0.000000 -11.327602
v -21.494255 0.000000 -10.636703
v -20.989582 0.000000 -9.920189
v -20.520744 0.000000 -9.179741
v -20.088787 0.000000 -8.417168
v -19.694717 0.000000 -7.634354
v -19.339525 0.000000 -6.833153
v -19.024075 0.000000 -6.015461
v -18.748659 0.000000 -5.183270
v -18.513443 0.000000 -4.338615
v -18.318586 0.000000 -3.483505
v -18.162533 0.000000 -2.620003
v -18.036871 0.000000 -1.750179
v -17.931467 0.000000 -0.876144
v -17.836195 0.000000 -0.000008
v -35.836197 -0.200000 -24.000008
v -34.666122 -0.200000 -23.882362
v -35.836197 -0.200000 -23.562531
v -34.680454 -0.200000 -23.589890
v -34.687450 -0.200000 -23.447021
v -33.527485 -0.200000 -23.459724
v -33.541466 -0.200000 -23.317642
v -32.380070 -0.200000 -23.301636
v -33.498859 -0.200000 -23.750587
v -32.337223 -0.200000 -23.590546
v -31.184017 -0.200000 -23.388084
v -30.042038 -0.200000 -23.131592
v -31.240990 -0.200000 -23.101669
v -31.268818 -0.200000 -22.961761
v -30.112997 -0.200000 -22.848312
v -30.147657 -0.200000 -22.709946
v -28.998783 -0.200000 -22.539932
v -29.040192 -0.200000 -22.403427
v -27.901020 -0.200000 -22.177315
v -28.914011 -0.200000 -22.819382
v -27.802637 -0.200000 -22.452278
v -26.710617 -0.200000 -22.031097
v -25.640623 -0.200000 -21.556747
v -26.822372 -0.200000 -21.761299
v -26.876961 -0.200000 -21.629509
v -25.765484 -0.200000 -21.292755
v -25.826473 -0.200000 -21.163803
v -24.732843 -0.200000 -20.772919
v -24.800087 -0.200000 -20.647118
v -23.726913 -0.200000 -20.203110
v -24.595181 -0.200000 -21.030464
v -23.576778 -0.200000 -20.453598
v -22.587910 -0.200000 -19.827461
v -21.631016 -0.200000 -19.153488
v -22.750156 -0.200000 -19.584648
v -22.829407 -0.200000 -19.466042
v -21.804981 -0.200000 -18.918930
v -21.889956 -0.200000 -18.804352
v -20.893597 -0.200000 -18.207619
v -20.984089 -0.200000 -18.097351
v -20.018158 -0.200000 -17.452507
v -20.708332 -0.200000 -18.433357
v -19.822041 -0.200000 -17.668884
v -18.974329 -0.200000 -16.861877
v -18.167307 -0.200000 -16.014160
v -19.180826 -0.200000 -16.655380
v -19.281694 -0.200000 -16.554504
v -18.383688 -0.200000 -15.818039
v -18.489384 -0.200000 -15.722248
v -17.628584 -0.200000 -14.942604
v -17.738852 -0.200000 -14.852112
v -16.917280 -0.200000 -14.031219
v -17.402842 -0.200000 -15.127865
v -16.682718 -0.200000 -14.205185
v -16.008734 -0.200000 -13.248291
v -15.382603 -0.200000 -12.259422
v -16.251551 -0.200000 -13.086052
v -16.370157 -0.200000 -13.006798
v -15.633089 -0.200000 -12.109291
v -15.755440 -0.200000 -12.035950
v -15.063282 -0.200000 -11.103363
v -15.189085 -0.200000 -11.036121
v -14.543449 -0.200000 -10.070721
v -14.805733 -0.200000 -11.241020
v -14.279455 -0.200000 -10.195580
v -13.805101 -0.200000 -9.125580
v -13.383921 -0.200000 -8.033562
v -14.074905 -0.200000 -9.013832
v -14.206694 -0.200000 -8.959244
v -13.658878 -0.200000 -7.935184
v -13.793184 -0.200000 -7.887123
v -13.296242 -0.200000 -6.837418
v -13.432732 -0.200000 -6.796005
v -12.987787 -0.200000 -5.723202
v -13.016813 -0.200000 -6.922188
v -12.704605 -0.200000 -5.794159
v -12.448111 -0.200000 -4.652184
v -12.245663 -0.200000 -3.498978
v -12.734297 -0.200000 -4.595215
v -12.874088 -0.200000 -4.567383
v -12.534111 -0.200000 -3.456131
v -12.675005 -0.200000 -3.435204
v -12.375738 -0.200000 -2.308720
v -12.245249 -0.200000 -1.155746
v -12.517454 -0.200000 -2.294735
v -12.085617 -0.200000 -2.337341
v -11.953838 -0.200000 -1.170078
v -12.271570 -0.200000 -0.000008
v -12.387590 -0.200000 -1.148746
v -17.415819 -0.200000 -0.000008
v -17.558319 -0.200000 -0.000008
v -17.512659 -0.200000 -0.896736
v -17.654629 -0.200000 -0.889755
v -17.619911 -0.200000 -1.791313
v -17.761253 -0.200000 -1.777370
v -17.747984 -0.200000 -2.681587
v -17.888508 -0.200000 -2.660713
v -17.907286 -0.200000 -3.565392
v -18.046709 -0.200000 -3.537636
v -18.106461 -0.200000 -4.440594
v -18.244421 -0.200000 -4.406029
v -18.347071 -0.200000 -5.305103
v -13.126108 -0.200000 -5.688545
v -18.483204 -0.200000 -5.263802
v -18.628912 -0.200000 -6.156853
v -18.762865 -0.200000 -6.108925
v -18.951773 -0.200000 -6.993767
v -19.083214 -0.200000 -6.939320
v -19.315310 -0.200000 -7.813805
v -19.443924 -0.200000 -7.752972
v -19.718645 -0.200000 -8.615013
v -14.672400 -0.200000 -10.009727
v -19.844116 -0.200000 -8.547951
v -20.160751 -0.200000 -9.395508
v -20.282784 -0.200000 -9.322369
v -20.640614 -0.200000 -10.153370
v -20.758907 -0.200000 -10.074326
v -21.157150 -0.200000 -10.886726
v -21.271423 -0.200000 -10.801971
v -21.709042 -0.200000 -11.593861
v -17.031857 -0.200000 -13.946243
v -21.819019 -0.200000 -11.503609
v -22.294922 -0.200000 -12.273102
v -22.400339 -0.200000 -12.177555
v -22.913414 -0.200000 -12.922783
v -23.014017 -0.200000 -12.822178
v -23.563095 -0.200000 -13.541279
v -23.658640 -0.200000 -13.435860
v -24.242340 -0.200000 -14.127159
v -20.113953 -0.200000 -17.346817
v -24.332596 -0.200000 -14.017181
v -24.949478 -0.200000 -14.679050
v -25.034229 -0.200000 -14.564774
v -25.682831 -0.200000 -15.195591
v -25.761875 -0.200000 -15.077293
v -26.440691 -0.200000 -15.675453
v -26.513832 -0.200000 -15.553421
v -27.221184 -0.200000 -16.117561
v -23.800247 -0.200000 -20.080765
v -27.288250 -0.200000 -15.992088
v -28.022404 -0.200000 -16.520889
v -28.083233 -0.200000 -16.392273
v -28.842438 -0.200000 -16.884430
v -28.896881 -0.200000 -16.752991
v -29.679350 -0.200000 -17.207214
v -29.727280 -0.200000 -17.073257
v -30.531097 -0.200000 -17.488564
v -27.949078 -0.200000 -22.043007
v -30.572397 -0.200000 -17.352417
v -31.395607 -0.200000 -17.727837
v -31.430178 -0.200000 -17.589828
v -32.270809 -0.200000 -17.924408
v -32.298565 -0.200000 -17.784874
v -33.154613 -0.200000 -18.079575
v -33.175491 -0.200000 -17.938828
v -34.044884 -0.200000 -18.202225
v -32.401001 -0.200000 -23.160522
v -34.058826 -0.200000 -18.060532
v -34.939461 -0.200000 -18.303223
v -34.946442 -0.200000 -18.160736
v -35.836197 -0.200000 -18.393387
v -35.836197 -0.200000 -18.250198
v -35.836197 -0.200000 -17.970978
v -34.960056 -0.200000 -17.882881
v -34.086021 -0.200000 -17.784210
v -33.216198 -0.200000 -17.664368
v -32.352692 -0.200000 -17.512772
v -31.497587 -0.200000 -17.320709
v -30.652931 -0.200000 -17.086929
v -29.820744 -0.200000 -16.812042
v -29.003050 -0.200000 -16.496674
v -28.201847 -0.200000 -16.141479
v -27.419029 -0.200000 -15.747414
v -26.656460 -0.200000 -15.315456
v -25.916006 -0.200000 -14.846615
v -25.199493 -0.200000 -14.341942
v -24.508598 -0.200000 -13.802727
v -23.844952 -0.200000 -13.230297
v -23.210190 -0.200000 -12.626003
v -22.605904 -0.200000 -11.991245
v -22.033476 -0.200000 -11.327602
v -21.494255 -0.200000 -10.636703
v -20.989582 -0.200000 -9.920189
v -20.520744 -0.200000 -9.179741
v -20.088787 -0.200000 -8.417168
v -19.694717 -0.200000 -7.634354
v -19.339525 -0.200000 -6.833153
v -19.024075 -0.200000 -6.015461
v -18.748659 -0.200000 -5.183270
v -18.513443 -0.200000 -4.338615
v -18.318586 -0.200000 -3.483505
v -18.162533 -0.200000 -2.620003
v -18.036871 -0.200000 -1.750179
v -17.931467 -0.200000 -0.876144
v -17.836195 -0.200000 -0.000008
v -59.836197 0.000000 0.000000
v -59.718552 0.000000 -1.170074
v -59.398720 0.000000 0.000000
v -59.426079 0.000000 -1.155746
v -59.283218 0.000000 -1.148746
v -59.295918 0.000000 -2.308716
v -59.153839 0.000000 -2.294731
v -59.137833 0.000000 -3.456127
v -59.586777 0.000000 -2.337334
v -59.426735 0.000000 -3.498974
v -59.224281 0.000000 -4.652176
v -58.967789 0.000000 -5.794155
v -58.937859 0.000000 -4.595207
v -58.797958 0.000000 -4.567375
v -58.684509 0.000000 -5.723202
v -58.546135 0.000000 -5.688538
v -58.376122 0.000000 -6.837410
v -58.239616 0.000000 -6.796005
v -58.013512 0.000000 -7.935181
v -58.655575 0.000000 -6.922188
v -58.288471 0.000000 -8.033558
v -57.867294 0.000000 -9.125580
v -57.392937 0.000000 -10.195576
v -57.597496 0.000000 -9.013824
v -57.465706 0.000000 -8.959236
v -57.128944 0.000000 -10.070717
v -56.999992 0.000000 -10.009724
v -56.609112 0.000000 -11.103355
v -56.483311 0.000000 -11.036110
v -56.039307 0.000000 -12.109283
v -56.866661 0.000000 -11.241016
v -56.289791 0.000000 -12.259422
v -55.663658 0.000000 -13.248287
v -54.989677 0.000000 -14.205177
v -55.420841 0.000000 -13.086044
v -55.302235 0.000000 -13.006794
v -54.755119 0.000000 -14.031219
v -54.640541 0.000000 -13.946239
v -54.043808 0.000000 -14.942604
v -53.933544 0.000000 -14.852108
v -53.288704 0.000000 -15.818039
v -54.269554 0.000000 -15.127865
v -53.505085 0.000000 -16.014160
v -52.698067 0.000000 -16.861877
v -51.850349 0.000000 -17.668884
v -52.491570 0.000000 -16.655373
v -52.390701 0.000000 -16.554504
v -51.654236 0.000000 -17.452507
v -51.558437 0.000000 -17.346817
v -50.778797 0.000000 -18.207611
v -50.688305 0.000000 -18.097343
v -49.867413 0.000000 -18.918915
v -50.964058 0.000000 -18.433350
v -50.041374 0.000000 -19.153481
v -49.084484 0.000000 -19.827461
v -48.095615 0.000000 -20.453598
v -48.922241 0.000000 -19.584648
v -48.842991 0.000000 -19.466042
v -47.945480 0.000000 -20.203110
v -47.872147 0.000000 -20.080757
v -46.939556 0.000000 -20.772919
v -46.872314 0.000000 -20.647110
v -45.906914 0.000000 -21.292755
v -47.077217 0.000000 -21.030464
v -46.031773 0.000000 -21.556747
v -44.961777 0.000000 -22.031097
v -43.869759 0.000000 -22.452278
v -44.850021 0.000000 -21.761292
v -44.795433 0.000000 -21.629501
v -43.771378 0.000000 -22.177322
v -43.723320 0.000000 -22.043015
v -42.673607 0.000000 -22.539955
v -42.632198 0.000000 -22.403473
v -41.559395 0.000000 -22.848419
v -42.758377 0.000000 -22.819382
v -41.630356 0.000000 -23.131592
v -40.488377 0.000000 -23.388084
v -39.335171 0.000000 -23.590538
v -40.431404 0.000000 -23.101898
v -40.403576 0.000000 -22.962112
v -39.292324 0.000000 -23.302086
v -39.271393 0.000000 -23.161194
v -38.144909 0.000000 -23.460457
v -36.991940 0.000000 -23.590958
v -38.130928 0.000000 -23.318741
v -38.173531 0.000000 -23.750580
v -37.006268 0.000000 -23.882362
v -36.984940 0.000000 -23.448608
v -35.836197 0.000000 -18.420380
v -35.836197 0.000000 -18.277878
v -36.732929 0.000000 -18.323532
v -36.725948 0.000000 -18.181572
v -37.627510 0.000000 -18.216286
v -37.613560 0.000000 -18.074951
v -38.517780 0.000000 -18.088219
v -38.496902 0.000000 -17.947693
v -39.401585 0.000000 -17.928917
v -39.373829 0.000000 -17.789490
v -40.276787 0.000000 -17.729736
v -40.242222 0.000000 -17.591782
v -41.141293 0.000000 -17.489120
v -41.524738 0.000000 -22.710091
v -41.099995 0.000000 -17.352997
v -41.993046 0.000000 -17.207291
v -41.945114 0.000000 -17.073334
v -42.829960 0.000000 -16.884430
v -42.775513 0.000000 -16.752983
v -43.649998 0.000000 -16.520889
v -43.589165 0.000000 -16.392273
v -44.451210 0.000000 -16.117554
v -45.845924 0.000000 -21.163803
v -44.384144 0.000000 -15.992077
v -45.231701 0.000000 -15.675442
v -45.158558 0.000000 -15.553413
v -45.989559 0.000000 -15.195587
v -45.910519 0.000000 -15.077286
v -46.722916 0.000000 -14.679050
v -46.638165 0.000000 -14.564774
v -47.430054 0.000000 -14.127151
v -49.782436 0.000000 -18.804344
v -47.339798 0.000000 -14.017174
v -48.109291 0.000000 -13.541275
v -48.013748 0.000000 -13.435856
v -48.758976 0.000000 -12.922783
v -48.658375 0.000000 -12.822178
v -49.377472 0.000000 -12.273102
v -49.272057 0.000000 -12.177555
v -49.963352 0.000000 -11.593857
v -53.183014 0.000000 -15.722244
v -49.853374 0.000000 -11.503601
v -50.515244 0.000000 -10.886719
v -50.400970 0.000000 -10.801971
v -51.031780 0.000000 -10.153366
v -50.913486 0.000000 -10.074326
v -51.511642 0.000000 -9.395508
v -51.389614 0.000000 -9.322365
v -51.953751 0.000000 -8.615013
v -55.916954 0.000000 -12.035950
v -51.828278 0.000000 -8.547947
v -52.357086 0.000000 -7.813797
v -52.228470 0.000000 -7.752968
v -52.720627 0.000000 -6.993759
v -52.589180 0.000000 -6.939316
v -53.043411 0.000000 -6.156845
v -52.909454 0.000000 -6.108917
v -53.324757 0.000000 -5.305103
v -57.879204 0.000000 -7.887119
v -53.188614 0.000000 -5.263802
v -53.564034 0.000000 -4.440590
v -53.426025 0.000000 -4.406021
v -53.760605 0.000000 -3.565392
v -53.621071 0.000000 -3.537632
v -53.915764 0.000000 -2.681580
v -53.775017 0.000000 -2.660706
v -54.038422 0.000000 -1.791313
v -58.996719 0.000000 -3.435196
v -53.896721 0.000000 -1.777370
v -54.139412 0.000000 -0.896736
v -53.996925 0.000000 -0.889755
v -54.229584 0.000000 0.000000
v -54.086395 0.000000 0.000000
v -53.807171 0.000000 0.000000
v -53.719074 0.000000 -0.876144
v -53.620403 0.000000 -1.750175
v -53.500561 0.000000 -2.619999
v -53.348969 0.000000 -3.483505
v -53.156906 0.000000 -4.338608
v -52.923126 0.000000 -5.183270
v -52.648239 0.000000 -6.015457
v -52.332870 0.000000 -6.833145
v -51.977676 0.000000 -7.634346
v -51.583607 0.000000 -8.417168
v -51.151649 0.000000 -9.179733
v -50.682812 0.000000 -9.920189
v -50.178135 0.000000 -10.636700
v -49.638920 0.000000 -11.327602
v -49.066490 0.000000 -11.991245
v -48.462200 0.000000 -12.626003
v -47.827438 0.000000 -13.230297
v -47.163795 0.000000 -13.802719
v -46.472900 0.000000 -14.341942
v -45.756386 0.000000 -14.846615
v -45.015930 0.000000 -15.315456
v -44.253361 0.000000 -15.747406
v -43.470547 0.000000 -16.141479
v -42.669342 0.000000 -16.496674
v -41.851650 0.000000 -16.812126
v -41.019463 0.000000 -17.087540
v -40.174805 0.000000 -17.322754
v -39.319702 0.000000 -17.517616
v -38.456196 0.000000 -17.673668
v -37.586369 0.000000 -17.799332
v -36.712337 0.000000 -17.904724
v -35.836197 0.000000 -18.000008
v -59.836197 -0.200000 0.000000
v -59.718552 -0.200000 -1.170074
v -59.398720 -0.200000 0.000000
v -59.426079 -0.200000 -1.155746
v -59.283218 -0.200000 -1.148746
v -59.295918 -0.200000 -2.308716
v -59.153839 -0.200000 -2.294731
v -59.137833 -0.200000 -3.456127
v -59.586777 -0.200000 -2.337334
v -59.426735 -0.200000 -3.498974
v -59.224281 -0.200000 -4.652176
v -58.967789 -0.200000 -5.794155
v -58.937859 -0.200000 -4.595207
v -58.797958 -0.200000 -4.567375
v -58.684509 -0.200000 -5.723202
v -58.546135 -0.200000 -5.688538
v -58.376122 -0.200000 -6.837410
v -58.239616 -0.200000 -6.796005
v -58.013512 -0.200000 -7.935181
v -58.655575 -0.200000 -6.922188
v -58.288471 -0.200000 -8.033558
v -57.867294 -0.200000 -9.125580
v -57.392937 -0.200000 -10.195576
v -57.597496 -0.200000 -9.013824
v -57.465706 -0.200000 -8.959236
v -57.128944 -0.200000 -10.070717
v -56.999992 -0.200000 -10.009724
v -56.609112 -0.200000 -11.103355
v -56.483311 -0.200000 -11.036110
v -56.039307 -0.200000 -12.109283
v -56.866661 -0.200000 -11.241016
v -56.289791 -0.200000 -12.259422
v -55.663658 -0.200000 -13.248287
v -54.989677 -0.200000 -14.205177
v -55.420841 -0.200000 -13.086044
v -55.302235 -0.200000 -13.006794
v -54.755119 -0.200000 -14.031219
v -54.640541 -0.200000 -13.946239
v -54.043808 -0.200000 -14.942604
v -53.933544 -0.200000 -14.852108
v -53.288704 -0.200000 -15.818039
v -54.269554 -0.200000 -15.127865
v -53.505085 -0.200000 -16.014160
v -52.698067 -0.200000 -16.861877
v -51.850349 -0.200000 -17.668884
v -52.491570 -0.200000 -16.655373
v -52.390701 -0.200000 -16.554504
v -51.654236 -0.200000 -17.452507
v -51.558437 -0.200000 -17.346817
v -50.778797 -0.200000 -18.207611
v -50.688305 -0.200000 -18.097343
v -49.867413 -0.200000 -18.918915
v -50.964058 -0.200000 -18.433350
v -50.041374 -0.200000 -19.153481
v -49.084484 -0.200000 -19.827461
v -48.095615 -0.200000 -20.453598
v -48.922241 -0.200000 -19.584648
v -48.842991 -0.200000 -19.466042
v -47.945480 -0.200000 -20.203110
v -47.872147 -0.200000 -20.080757
v -46.939556 -0.200000 -20.772919
v -46.872314 -0.200000 -20.647110
v -45.906914 -0.200000 -21.292755
v -47.077217 -0.200000 -21.030464
v -46.031773 -0.200000 -21.556747
v -44.961777 -0.200000 -22.031097
v -43.869759 -0.200000 -22.452278
v -44.850021 -0.200000 -21.761292
v -44.795433 -0.200000 -21.629501
v -43.771378 -0.200000 -22.177322
v -43.723320 -0.200000 -22.043015
v -42.673607 -0.200000 -22.539955
v -42.632198 -0.200000 -22.403473
v -41.559395 -0.200000 -22.848419
v -42.758377 -0.200000 -22.819382
v -41.630356 -0.200000 -23.131592
v -40.488377 -0.200000 -23.388084
v -39.335171 -0.200000 -23.590538
v -40.431404 -0.200000 -23.101898
v -40.403576 -0.200000 -22.962112
v -39.292324 -0.200000 -23.302086
v -39.271393 -0.200000 -23.161194
v -38.144909 -0.200000 -23.460457
v -36.991940 -0.200000 -23.590958
v -38.130928 -0.200000 -23.318741
v -38.173531 -0.200000 -23.750580
v -37.006268 -0.200000 -23.882362
v -35.836197 -0.200000 -23.707504
v -36.984940 -0.200000 -23.448608
v -35.836197 -0.200000 -18.420380
v -35.836197 -0.200000 -18.277878
v -36.732929 -0.200000 -18.323532
v -36.725948 -0.200000 -18.181572
v -37.627510 -0.200000 -18.216286
v -37.613560 -0.200000 -18.074951
v -38.517780 -0.200000 -18.088219
v -38.496902 -0.200000 -17.947693
v -39.401585 -0.200000 -17.928917
v -39.373829 -0.200000 -17.789490
v -40.276787 -0.200000 -17.729736
v -40.242222 -0.200000 -17.591782
v -41.141293 -0.200000 -17.489120
v -41.524738 -0.200000 -22.710091
v -41.099995 -0.200000 -17.352997
v -41.993046 -0.200000 -17.207291
v -41.945114 -0.200000 -17.073334
v -42.829960 -0.200000 -16.884430
v -42.775513 -0.200000 -16.752983
v -43.649998 -0.200000 -16.520889
v -43.589165 -0.200000 -16.392273
v -44.451210 -0.200000 -16.117554
v -45.845924 -0.200000 -21.163803
v -44.384144 -0.200000 -15.992077
v -45.231701 -0.200000 -15.675442
v -45.158558 -0.200000 -15.553413
v -45.989559 -0.200000 -15.195587
v -45.910519 -0.200000 -15.077286
v -46.722916 -0.200000 -14.679050
v -46.638165 -0.200000 -14.564774
v -47.430054 -0.200000 -14.127151
v -49.782436 -0.200000 -18.804344
v -47.339798 -0.200000 -14.017174
v -48.109291 -0.200000 -13.541275
v -48.013748 -0.200000 -13.435856
v -48.758976 -0.200000 -12.922783
v -48.658375 -0.200000 -12.822178
v -49.377472 -0.200000 -12.273102
v -49.272057 -0.200000 -12.177555
v -49.963352 -0.200000 -11.593857
v -53.183014 -0.200000 -15.722244
v -49.853374 -0.200000 -11.503601
v -50.515244 -0.200000 -10.886719
v -50.400970 -0.200000 -10.801971
v -51.031780 -0.200000 -10.153366
v -50.913486 -0.200000 -10.074326
v -51.511642 -0.200000 -9.395508
v -51.389614 -0.200000 -9.322365
v -51.953751 -0.200000 -8.615013
v -55.916954 -0.200000 -12.035950
v -51.828278 -0.200000 -8.547947
v -52.357086 -0.200000 -7.813797
v -52.228470 -0.200000 -7.752968
v -52.720627 -0.200000 -6.993759
v -52.589180 -0.200000 -6.939316
v -53.043411 -0.200000 -6.156845
v -52.909454 -0.200000 -6.108917
v -53.324757 -0.200000 -5.305103
v -57.879204 -0.200000 -7.887119
v -53.188614 -0.200000 -5.263802
v -53.564034 -0.200000 -4.440590
v -53.426025 -0.200000 -4.406021
v -53.760605 -0.200000 -3.565392
v -53.621071 -0.200000 -3.537632
v -53.915764 -0.200000 -2.681580
v -53.775017 -0.200000 -2.660706
v -54.038422 -0.200000 -1.791313
v -58.996719 -0.200000 -3.435196
v -53.896721 -0.200000 -1.777370
v -54.139412 -0.200000 -0.896736
v -53.996925 -0.200000 -0.889755
v -54.229584 -0.200000 0.000000
v -54.086395 -0.200000 0.000000
v -53.807171 -0.200000 0.000000
v -53.719074 -0.200000 -0.876144
v -53.620403 -0.200000 -1.750175
v -53.500561 -0.200000 -2.619999
v -53.348969 -0.200000 -3.483505
v -53.156906 -0.200000 -4.338608
v -52.923126 -0.200000 -5.183270
v -52.648239 -0.200000 -6.015457
v -52.332870 -0.200000 -6.833145
v -51.977676 -0.200000 -7.634346
v -51.583607 -0.200000 -8.417168
v -51.151649 -0.200000 -9.179733
v -50.682812 -0.200000 -9.920189
v -50.178135 -0.200000 -10.636700
v -49.638920 -0.200000 -11.327602
v -49.066490 -0.200000 -11.991245
v -48.462200 -0.200000 -12.626003
v -47.827438 -0.200000 -13.230297
v -47.163795 -0.200000 -13.802719
v -46.472900 -0.200000 -14.341942
v -45.756386 -0.200000 -14.846615
v -45.015930 -0.200000 -15.315456
v -44.253361 -0.200000 -15.747406
v -43.470547 -0.200000 -16.141479
v -42.669342 -0.200000 -16.496674
v -41.851650 -0.200000 -16.812126
v -41.019463 -0.200000 -17.087540
v -40.174805 -0.200000 -17.322754
v -39.319702 -0.200000 -17.517616
v -38.456196 -0.200000 -17.673668
v -37.586369 -0.200000 -17.799332
v -36.712337 -0.200000 -17.904724
v -35.836197 -0.200000 -18.000008
v -53.836205 0.000000 0.000000
v -53.836185 0.000000 47.999996
v -59.836185 0.000000 48.000000
v -59.400810 0.000000 48.000000
v -59.543701 0.000000 0.000000
v -54.114059 0.000000 47.999996
v -54.256561 0.000000 47.999996
v -54.256577 0.000000 0.000000
v -54.114075 0.000000 0.000000
v -53.836185 -0.200000 47.999996
v -53.836205 -0.200000 0.000000
v -59.543701 -0.200000 0.000000
v -54.256561 -0.200000 47.999996
v -54.114075 -0.200000 0.000000
v -54.256577 -0.200000 0.000000
v -11.836203 0.000000 -0.000008
v -17.836185 0.000000 47.999996
v -17.400810 0.000000 47.999996
v -17.543686 0.000000 47.999996
v -17.400827 0.000000 -0.000008
v -12.114059 0.000000 47.999992
v -12.114077 0.000000 -0.000008
v -11.836185 -0.200000 47.999992
v -11.836203 -0.200000 -0.000008
v -17.836185 -0.200000 47.999996
v -17.543686 -0.200000 47.999996
v -17.400810 -0.200000 47.999996
v -12.256561 -0.200000 47.999992
v -12.114059 -0.200000 47.999992
v -12.114077 -0.200000 -0.000008
v -35.836174 0.000000 72.000015
v -37.006248 0.000000 71.882370
v -35.836174 0.000000 71.706100
v -35.836174 0.000000 71.562531
v -36.991920 0.000000 71.589890
v -36.984921 0.000000 71.447029
v -38.144890 0.000000 71.459732
v -38.130905 0.000000 71.317657
v -39.292301 0.000000 71.301643
v -38.173512 0.000000 71.750595
v -39.335152 0.000000 71.590546
v -40.488358 0.000000 71.388092
v -41.630333 0.000000 71.131599
v -40.431381 0.000000 71.101669
v -40.403553 0.000000 70.961769
v -41.559376 0.000000 70.848320
v -41.524715 0.000000 70.709946
v -42.673588 0.000000 70.539932
v -42.632179 0.000000 70.403427
v -43.771355 0.000000 70.177322
v -42.758362 0.000000 70.819382
v -43.869736 0.000000 70.452286
v -44.961754 0.000000 70.031105
v -46.031750 0.000000 69.556747
v -44.849998 0.000000 69.761307
v -44.795410 0.000000 69.629517
v -45.906887 0.000000 69.292755
v -45.845898 0.000000 69.163803
v -46.939529 0.000000 68.772919
v -46.872284 0.000000 68.647118
v -47.945457 0.000000 68.203117
v -47.077194 0.000000 69.030472
v -48.095592 0.000000 68.453598
v -49.084461 0.000000 67.827469
v -50.041355 0.000000 67.153488
v -48.922218 0.000000 67.584648
v -48.842968 0.000000 67.466042
v -49.867393 0.000000 66.918922
v -49.782417 0.000000 66.804352
v -50.778778 0.000000 66.207619
v -50.688282 0.000000 66.097351
v -51.654213 0.000000 65.452515
v -50.964039 0.000000 66.433365
v -51.850327 0.000000 65.668892
v -52.698044 0.000000 64.861870
v -53.505062 0.000000 64.014160
v -52.491547 0.000000 64.655373
v -52.390678 0.000000 64.554512
v -53.288681 0.000000 63.818043
v -53.182987 0.000000 63.722244
v -54.043785 0.000000 62.942600
v -53.933517 0.000000 62.852112
v -54.755089 0.000000 62.031216
v -54.269527 0.000000 63.127865
v -54.989651 0.000000 62.205181
v -55.663635 0.000000 61.248291
v -56.289764 0.000000 60.259418
v -55.420818 0.000000 61.086044
v -55.302212 0.000000 61.006798
v -56.039280 0.000000 60.109287
v -55.916927 0.000000 60.035950
v -56.609085 0.000000 59.103359
v -56.483284 0.000000 59.036118
v -57.128922 0.000000 58.070721
v -56.866634 0.000000 59.241020
v -57.392914 0.000000 58.195576
v -57.867264 0.000000 57.125580
v -58.288448 0.000000 56.033562
v -57.597466 0.000000 57.013824
v -57.465675 0.000000 56.959236
v -58.013489 0.000000 55.935181
v -57.879185 0.000000 55.887123
v -58.376125 0.000000 54.837410
v -58.239635 0.000000 54.796005
v -58.684578 0.000000 53.723198
v -58.655552 0.000000 54.922184
v -58.967762 0.000000 53.794159
v -59.224255 0.000000 52.652184
v -59.426704 0.000000 51.498974
v -58.938072 0.000000 52.595211
v -58.798279 0.000000 52.567383
v -59.138256 0.000000 51.456127
v -58.997360 0.000000 51.435196
v -59.296627 0.000000 50.308716
v -59.427116 0.000000 49.155743
v -59.154911 0.000000 50.294731
v -59.586746 0.000000 50.337337
v -59.718529 0.000000 49.170074
v -59.543671 0.000000 48.000000
v -59.284775 0.000000 49.148743
v -54.159706 0.000000 48.896736
v -54.017738 0.000000 48.889755
v -54.052452 0.000000 49.791313
v -53.911110 0.000000 49.777367
v -53.924385 0.000000 50.681583
v -53.783859 0.000000 50.660709
v -53.765083 0.000000 51.565392
v -53.625656 0.000000 51.537636
v -53.565907 0.000000 52.440594
v -53.427948 0.000000 52.406029
v -53.325294 0.000000 53.305099
v -58.546257 0.000000 53.688541
v -53.189163 0.000000 53.263802
v -53.043457 0.000000 54.156853
v -52.909500 0.000000 54.108921
v -52.720596 0.000000 54.993767
v -52.589153 0.000000 54.939320
v -52.357056 0.000000 55.813805
v -52.228447 0.000000 55.752972
v -51.953724 0.000000 56.615017
v -56.999969 0.000000 58.009727
v -51.828251 0.000000 56.547951
v -51.511616 0.000000 57.395508
v -51.389584 0.000000 57.322365
v -51.031754 0.000000 58.153366
v -50.913460 0.000000 58.074326
v -50.515221 0.000000 58.886723
v -50.400944 0.000000 58.801971
v -49.963326 0.000000 59.593861
v -54.640511 0.000000 61.946243
v -49.853348 0.000000 59.503605
v -49.377445 0.000000 60.273098
v -49.272030 0.000000 60.177555
v -48.758953 0.000000 60.922783
v -48.658352 0.000000 60.822182
v -48.109272 0.000000 61.541283
v -48.013729 0.000000 61.435863
v -47.430031 0.000000 62.127159
v -51.558418 0.000000 65.346817
v -47.339775 0.000000 62.017181
v -46.722893 0.000000 62.679054
v -46.638142 0.000000 62.564777
v -45.989540 0.000000 63.195591
v -45.910496 0.000000 63.077297
v -45.231678 0.000000 63.675453
v -45.158539 0.000000 63.553421
v -44.451187 0.000000 64.117561
v -47.872124 0.000000 68.080765
v -44.384121 0.000000 63.992088
v -43.649967 0.000000 64.520889
v -43.589138 0.000000 64.392281
v -42.829933 0.000000 64.884438
v -42.775490 0.000000 64.752991
v -41.993019 0.000000 65.207222
v -41.945091 0.000000 65.073265
v -41.141273 0.000000 65.488571
v -43.723297 0.000000 70.043015
v -41.099976 0.000000 65.352425
v -40.276764 0.000000 65.727844
v -40.242195 0.000000 65.589836
v -39.401562 0.000000 65.924423
v -39.373806 0.000000 65.784882
v -38.517757 0.000000 66.079575
v -38.496880 0.000000 65.938828
v -37.627487 0.000000 66.202232
v -39.271370 0.000000 71.160530
v -37.613544 0.000000 66.060532
v -36.732910 0.000000 66.303223
v -36.725929 0.000000 66.160736
v -35.836174 0.000000 66.393394
v -35.836174 0.000000 66.250206
v -35.836174 0.000000 65.970985
v -36.712315 0.000000 65.882889
v -37.586349 0.000000 65.784218
v -38.456173 0.000000 65.664368
v -39.319679 0.000000 65.512779
v -40.174782 0.000000 65.320717
v -41.019440 0.000000 65.086937
v -41.851627 0.000000 64.812050
v -42.669319 0.000000 64.496681
v -43.470520 0.000000 64.141487
v -44.253342 0.000000 63.747417
v -45.015911 0.000000 63.315460
v -45.756363 0.000000 62.846619
v -46.472878 0.000000 62.341946
v -47.163773 0.000000 61.802727
v -47.827419 0.000000 61.230301
v -48.462177 0.000000 60.626007
v -49.066467 0.000000 59.991245
v -49.638893 0.000000 59.327602
v -50.178112 0.000000 58.636707
v -50.682785 0.000000 57.920193
v -51.151627 0.000000 57.179737
v -51.583580 0.000000 56.417168
v -51.977650 0.000000 55.634354
v -52.332840 0.000000 54.833149
v -52.648293 0.000000 54.015457
v -52.923706 0.000000 53.183270
v -53.158924 0.000000 52.338612
v -53.353783 0.000000 51.483505
v -53.509834 0.000000 50.620003
v -53.635494 0.000000 49.750175
v -53.740898 0.000000 48.876141
v -35.836174 -0.200000 72.000015
v -37.006248 -0.200000 71.882370
v -35.836174 -0.200000 71.562531
v -36.991920 -0.200000 71.589890
v -36.984921 -0.200000 71.447029
v -38.144890 -0.200000 71.459732
v -38.130905 -0.200000 71.317657
v -39.292301 -0.200000 71.301643
v -38.173512 -0.200000 71.750595
v -39.335152 -0.200000 71.590546
v -40.488358 -0.200000 71.388092
v -41.630333 -0.200000 71.131599
v -40.431381 -0.200000 71.101669
v -40.403553 -0.200000 70.961769
v -41.559376 -0.200000 70.848320
v -41.524715 -0.200000 70.709946
v -42.673588 -0.200000 70.539932
v -42.632179 -0.200000 70.403427
v -43.771355 -0.200000 70.177322
v -42.758362 -0.200000 70.819382
v -43.869736 -0.200000 70.452286
v -44.961754 -0.200000 70.031105
v -46.031750 -0.200000 69.556747
v -44.849998 -0.200000 69.761307
v -44.795410 -0.200000 69.629517
v -45.906887 -0.200000 69.292755
v -45.845898 -0.200000 69.163803
v -46.939529 -0.200000 68.772919
v -46.872284 -0.200000 68.647118
v -47.945457 -0.200000 68.203117
v -47.077194 -0.200000 69.030472
v -48.095592 -0.200000 68.453598
v -49.084461 -0.200000 67.827469
v -50.041355 -0.200000 67.153488
v -48.922218 -0.200000 67.584648
v -48.842968 -0.200000 67.466042
v -49.867393 -0.200000 66.918922
v -49.782417 -0.200000 66.804352
v -50.778778 -0.200000 66.207619
v -50.688282 -0.200000 66.097351
v -51.654213 -0.200000 65.452515
v -50.964039 -0.200000 66.433365
v -51.850327 -0.200000 65.668892
v -52.698044 -0.200000 64.861870
v -53.505062 -0.200000 64.014160
v -52.491547 -0.200000 64.655373
v -52.390678 -0.200000 64.554512
v -53.288681 -0.200000 63.818043
v -53.182987 -0.200000 63.722244
v -54.043785 -0.200000 62.942600
v -53.933517 -0.200000 62.852112
v -54.755089 -0.200000 62.031216
v -54.269527 -0.200000 63.127865
v -54.989651 -0.200000 62.205181
v -55.663635 -0.200000 61.248291
v -56.289764 -0.200000 60.259418
v -55.420818 -0.200000 61.086044
v -55.302212 -0.200000 61.006798
v -56.039280 -0.200000 60.109287
v -55.916927 -0.200000 60.035950
v -56.609085 -0.200000 59.103359
v -56.483284 -0.200000 59.036118
v -57.128922 -0.200000 58.070721
v -56.866634 -0.200000 59.241020
v -57.392914 -0.200000 58.195576
v -57.867264 -0.200000 57.125580
v -58.288448 -0.200000 56.033562
v -57.597466 -0.200000 57.013824
v -57.465675 -0.200000 56.959236
v -58.013489 -0.200000 55.935181
v -57.879185 -0.200000 55.887123
v -58.376125 -0.200000 54.837410
v -58.239635 -0.200000 54.796005
v -58.684578 -0.200000 53.723198
v -58.655552 -0.200000 54.922184
v -58.967762 -0.200000 53.794159
v -59.224255 -0.200000 52.652184
v -59.426704 -0.200000 51.498974
v -58.938072 -0.200000 52.595211
v -58.798279 -0.200000 52.567383
v -59.138256 -0.200000 51.456127
v -58.997360 -0.200000 51.435196
v -59.296627 -0.200000 50.308716
v -59.427116 -0.200000 49.155743
v -59.154911 -0.200000 50.294731
v -59.586746 -0.200000 50.337337
v -59.718529 -0.200000 49.170074
v -59.836174 -0.200000 48.000000
v -59.543671 -0.200000 48.000000
v -59.400795 -0.200000 48.000000
v -59.284775 -0.200000 49.148743
v -54.114044 -0.200000 48.000004
v -54.159706 -0.200000 48.896736
v -54.017738 -0.200000 48.889755
v -54.052452 -0.200000 49.791313
v -53.911110 -0.200000 49.777367
v -53.924385 -0.200000 50.681583
v -53.783859 -0.200000 50.660709
v -53.765083 -0.200000 51.565392
v -53.625656 -0.200000 51.537636
v -53.565907 -0.200000 52.440594
v -53.427948 -0.200000 52.406029
v -53.325294 -0.200000 53.305099
v -58.546257 -0.200000 53.688541
v -53.189163 -0.200000 53.263802
v -53.043457 -0.200000 54.156853
v -52.909500 -0.200000 54.108921
v -52.720596 -0.200000 54.993767
v -52.589153 -0.200000 54.939320
v -52.357056 -0.200000 55.813805
v -52.228447 -0.200000 55.752972
v -51.953724 -0.200000 56.615017
v -56.999969 -0.200000 58.009727
v -51.828251 -0.200000 56.547951
v -51.511616 -0.200000 57.395508
v -51.389584 -0.200000 57.322365
v -51.031754 -0.200000 58.153366
v -50.913460 -0.200000 58.074326
v -50.515221 -0.200000 58.886723
v -50.400944 -0.200000 58.801971
v -49.963326 -0.200000 59.593861
v -54.640511 -0.200000 61.946243
v -49.853348 -0.200000 59.503605
v -49.377445 -0.200000 60.273098
v -49.272030 -0.200000 60.177555
v -48.758953 -0.200000 60.922783
v -48.658352 -0.200000 60.822182
v -48.109272 -0.200000 61.541283
v -48.013729 -0.200000 61.435863
v -47.430031 -0.200000 62.127159
v -51.558418 -0.200000 65.346817
v -47.339775 -0.200000 62.017181
v -46.722893 -0.200000 62.679054
v -46.638142 -0.200000 62.564777
v -45.989540 -0.200000 63.195591
v -45.910496 -0.200000 63.077297
v -45.231678 -0.200000 63.675453
v -45.158539 -0.200000 63.553421
v -44.451187 -0.200000 64.117561
v -47.872124 -0.200000 68.080765
v -44.384121 -0.200000 63.992088
v -43.649967 -0.200000 64.520889
v -43.589138 -0.200000 64.392281
v -42.829933 -0.200000 64.884438
v -42.775490 -0.200000 64.752991
v -41.993019 -0.200000 65.207222
v -41.945091 -0.200000 65.073265
v -41.141273 -0.200000 65.488571
v -43.723297 -0.200000 70.043015
v -41.099976 -0.200000 65.352425
v -40.276764 -0.200000 65.727844
v -40.242195 -0.200000 65.589836
v -39.401562 -0.200000 65.924423
v -39.373806 -0.200000 65.784882
v -38.517757 -0.200000 66.079575
v -38.496880 -0.200000 65.938828
v -37.627487 -0.200000 66.202232
v -39.271370 -0.200000 71.160530
v -37.613544 -0.200000 66.060532
v -36.732910 -0.200000 66.303223
v -36.725929 -0.200000 66.160736
v -35.836174 -0.200000 66.393394
v -35.836174 -0.200000 66.250206
v -35.836174 -0.200000 65.970985
v -36.712315 -0.200000 65.882889
v -37.586349 -0.200000 65.784218
v -38.456173 -0.200000 65.664368
v -39.319679 -0.200000 65.512779
v -40.174782 -0.200000 65.320717
v -41.019440 -0.200000 65.086937
v -41.851627 -0.200000 64.812050
v -42.669319 -0.200000 64.496681
v -43.470520 -0.200000 64.141487
v -44.253342 -0.200000 63.747417
v -45.015911 -0.200000 63.315460
v -45.756363 -0.200000 62.846619
v -46.472878 -0.200000 62.341946
v -47.163773 -0.200000 61.802727
v -47.827419 -0.200000 61.230301
v -48.462177 -0.200000 60.626007
v -49.066467 -0.200000 59.991245
v -49.638893 -0.200000 59.327602
v -50.178112 -0.200000 58.636707
v -50.682785 -0.200000 57.920193
v -51.151627 -0.200000 57.179737
v -51.583580 -0.200000 56.417168
v -51.977650 -0.200000 55.634354
v -52.332840 -0.200000 54.833149
v -52.648293 -0.200000 54.015457
v -52.923706 -0.200000 53.183270
v -53.158924 -0.200000 52.338612
v -53.353783 -0.200000 51.483505
v -53.509834 -0.200000 50.620003
v -53.635494 -0.200000 49.750175
v -53.740898 -0.200000 48.876141
vn -0.0000 -1.0000 -0.0000
vn -0.0000 1.0000 -0.0000
vn -0.2419 -0.0000 -0.9703
vn -0.2892 -0.0000 -0.9573
vn 0.5134 -0.0000 0.8582
vn 0.4706 -0.0000 0.8823
vn 0.9238 -0.0000 0.3829
vn 0.9039 -0.0000 0.4278
vn -0.1951 -0.0000 -0.9808
vn 0.4267 -0.0000 0.9044
vn -0.9569 -0.0000 -0.2904
vn -0.9700 -0.0000 -0.2432
vn 0.8818 -0.0000 0.4717
vn -0.1542 -0.0000 -0.9880
vn -0.9415 -0.0000 -0.3370
vn -0.9944 -0.0000 -0.1061
vn -0.9950 -0.0000 -0.1000
vn 0.3818 -0.0000 0.9242
vn -0.9238 -0.0000 -0.3829
vn 0.8576 -0.0000 0.5144
vn -0.0000 -0.0000 1.0000
vn -0.7727 -0.0000 -0.6347
vn -0.8029 -0.0000 -0.5961
vn 0.3362 -0.0000 0.9418
vn -0.9039 -0.0000 -0.4278
vn 0.8313 -0.0000 0.5559
vn -0.7407 -0.0000 -0.6719
vn -0.7067 -0.0000 -0.7075
vn 0.2903 -0.0000 0.9569
vn 0.8029 -0.0000 0.5961
vn -0.4706 -0.0000 -0.8823
vn -0.5134 -0.0000 -0.8582
vn -0.6711 -0.0000 -0.7414
vn 0.2443 -0.0000 0.9697
vn 0.7727 -0.0000 0.6347
vn -0.4267 -0.0000 -0.9044
vn 0.9950 -0.0000 0.1000
vn 0.9944 -0.0000 0.1061
vn -0.3818 -0.0000 -0.9243
vn 0.1991 -0.0000 0.9800
vn 0.7406 -0.0000 0.6719
vn 0.9922 -0.0000 0.1244
vn -0.9922 -0.0000 -0.1244
vn -0.1241 -0.0000 -0.9923
vn -0.3359 -0.0000 -0.9419
vn 0.1599 -0.0000 0.9871
vn 0.7067 -0.0000 0.7075
vn -0.9879 -0.0000 -0.1548
vn -0.1061 -0.0000 -0.9944
vn 0.9879 -0.0000 0.1548
vn -0.9806 -0.0000 -0.1962
vn -0.1000 -0.0000 -0.9950
vn 0.1312 -0.0000 0.9914
vn 0.6711 -0.0000 0.7414
vn 0.9806 -0.0000 0.1962
vn -0.8818 -0.0000 -0.4717
vn 1.0000 -0.0000 -0.0000
vn 0.1139 -0.0000 0.9935
vn -0.8576 -0.0000 -0.5144
vn 0.6339 -0.0000 0.7734
vn 0.9700 -0.0000 0.2432
vn -0.8313 -0.0000 -0.5559
vn 0.1081 -0.0000 0.9941
vn 0.5952 -0.0000 0.8036
vn 0.9569 -0.0000 0.2904
vn -0.6339 -0.0000 -0.7734
vn -0.5952 -0.0000 -0.8036
vn 0.5550 -0.0000 0.8319
vn 0.9415 -0.0000 0.3370
vn -0.5550 -0.0000 -0.8319
vn -0.9700 -0.0000 0.2432
vn -0.9569 -0.0000 0.2904
vn 0.8576 -0.0000 -0.5144
vn 0.8818 -0.0000 -0.4717
vn 0.3818 -0.0000 -0.9243
vn 0.4267 -0.0000 -0.9044
vn -0.9806 -0.0000 0.1962
vn 0.9039 -0.0000 -0.4278
vn -0.2892 -0.0000 0.9573
vn -0.2419 -0.0000 0.9703
vn 0.4706 -0.0000 -0.8823
vn -0.9880 -0.0000 0.1548
vn -0.3359 -0.0000 0.9419
vn -0.1061 -0.0000 0.9944
vn -0.1000 -0.0000 0.9950
vn 0.9238 -0.0000 -0.3829
vn -0.3818 -0.0000 0.9243
vn 0.5134 -0.0000 -0.8582
vn -0.6339 -0.0000 0.7734
vn -0.5952 -0.0000 0.8036
vn 0.9414 -0.0000 -0.3373
vn -0.4267 -0.0000 0.9044
vn 0.5550 -0.0000 -0.8319
vn -0.6711 -0.0000 0.7414
vn -0.7067 -0.0000 0.7075
vn 0.9566 -0.0000 -0.2915
vn 0.5952 -0.0000 -0.8036
vn -0.8818 -0.0000 0.4717
vn -0.8576 -0.0000 0.5144
vn -0.7407 -0.0000 0.6719
vn 0.9694 -0.0000 -0.2454
vn 0.6339 -0.0000 -0.7734
vn -0.9039 -0.0000 0.4278
vn 0.1000 -0.0000 -0.9950
vn 0.1061 -0.0000 -0.9944
vn -0.9238 -0.0000 0.3829
vn 0.9798 -0.0000 -0.2002
vn 0.6711 -0.0000 -0.7414
vn 0.1241 -0.0000 -0.9923
vn -0.1241 -0.0000 0.9923
vn -0.9922 -0.0000 0.1244
vn -0.9415 -0.0000 0.3370
vn 0.9870 -0.0000 -0.1605
vn 0.7067 -0.0000 -0.7075
vn -0.1542 -0.0000 0.9880
vn -0.9944 -0.0000 0.1061
vn 0.1542 -0.0000 -0.9880
vn -0.1951 -0.0000 0.9808
vn -0.9950 -0.0000 0.1000
vn 0.9913 -0.0000 -0.1314
vn 0.7406 -0.0000 -0.6719
vn 0.1951 -0.0000 -0.9808
vn -0.4706 -0.0000 0.8823
vn 0.9935 -0.0000 -0.1139
vn -0.5134 -0.0000 0.8582
vn 0.7727 -0.0000 -0.6347
vn 0.2419 -0.0000 -0.9703
vn -0.0000 -0.0000 -1.0000
vn -0.5550 -0.0000 0.8319
vn 0.9941 -0.0000 -0.1081
vn 0.8029 -0.0000 -0.5961
vn 0.2892 -0.0000 -0.9573
vn -0.7727 -0.0000 0.6347
vn -0.8029 -0.0000 0.5961
vn 0.8313 -0.0000 -0.5559
vn 0.3359 -0.0000 -0.9419
vn -0.8313 -0.0000 0.5559
vn 0.2419 -0.0000 0.9703
vn 0.2892 -0.0000 0.9573
vn 0.1951 -0.0000 0.9808
vn 0.1542 -0.0000 0.9880
vn -0.3818 -0.0000 -0.9242
vn -0.3362 -0.0000 -0.9418
vn 0.7407 -0.0000 0.6719
vn -0.2903 -0.0000 -0.9569
vn -0.2443 -0.0000 -0.9697
vn 0.3818 -0.0000 0.9243
vn -0.1991 -0.0000 -0.9800
vn -0.7406 -0.0000 -0.6719
vn 0.1241 -0.0000 0.9923
vn 0.3359 -0.0000 0.9419
vn -0.1599 -0.0000 -0.9871
vn 0.1061 -0.0000 0.9944
vn 0.1000 -0.0000 0.9950
vn -0.1312 -0.0000 -0.9914
vn -0.1139 -0.0000 -0.9935
vn -0.1081 -0.0000 -0.9941
vn -1.0000 -0.0000 -0.0000
vn 0.9700 -0.0000 -0.2432
vn 0.9569 -0.0000 -0.2904
vn 0.9806 -0.0000 -0.1962
vn 0.9880 -0.0000 -0.1548
vn -0.9414 -0.0000 0.3373
vn -0.9566 -0.0000 0.2915
vn 0.7407 -0.0000 -0.6719
vn -0.9694 -0.0000 0.2454
vn -0.9798 -0.0000 0.2002
vn 0.9922 -0.0000 -0.1244
vn 0.9415 -0.0000 -0.3370
vn -0.9870 -0.0000 0.1605
vn 0.9944 -0.0000 -0.1061
vn 0.9950 -0.0000 -0.1000
vn -0.9913 -0.0000 0.1314
vn -0.7406 -0.0000 0.6719
vn -0.9935 -0.0000 0.1139
vn -0.9941 -0.0000 0.1081
vt 0.000000 0.000000
vt 0.714130 1.000000
vt 0.714130 0.000000
vt 0.285443 0.000000
vt 0.285443 1.000000
vt 0.273568 1.000000
vt 0.273568 0.000000
vt 0.250411 0.000000
vt 0.250411 1.000000
vt 0.520682 0.548387
vt 0.521835 0.548387
vt 0.521835 0.451613
vt 0.520682 0.451613
vt 0.478047 0.548387
vt 0.479197 0.548387
vt 0.479197 0.451613
vt 0.478047 0.451613
vt 0.750411 1.000000
vt 0.750411 0.000000
vt 0.726036 0.000000
vt 0.726036 1.000000
s 1
usemtl Black
f 1/1/1 2/1/1 4/1/1 1187/1/1
f 2/1/1 9/1/1 6/1/1 4/1/1
f 9/1/1 10/1/1 8/1/1 6/1/1
f 8/1/1 10/1/1 11/1/1 13/1/1
f 12/1/1 15/1/1 13/1/1 11/1/1
f 17/1/1 15/1/1 12/1/1 20/1/1
f 19/1/1 17/1/1 20/1/1 21/1/1
f 22/1/1 24/1/1 19/1/1 21/1/1
f 22/1/1 23/1/1 26/1/1 24/1/1
f 31/1/1 28/1/1 26/1/1 23/1/1
f 32/1/1 30/1/1 28/1/1 31/1/1
f 30/1/1 32/1/1 33/1/1 35/1/1
f 33/1/1 34/1/1 37/1/1 35/1/1
f 42/1/1 39/1/1 37/1/1 34/1/1
f 43/1/1 41/1/1 39/1/1 42/1/1
f 41/1/1 43/1/1 44/1/1 46/1/1
f 44/1/1 45/1/1 48/1/1 46/1/1
f 53/1/1 50/1/1 48/1/1 45/1/1
f 54/1/1 52/1/1 50/1/1 53/1/1
f 52/1/1 54/1/1 55/1/1 57/1/1
f 56/1/1 59/1/1 57/1/1 55/1/1
f 61/1/1 59/1/1 56/1/1 64/1/1
f 63/1/1 61/1/1 64/1/1 65/1/1
f 66/1/1 68/1/1 63/1/1 65/1/1
f 66/1/1 67/1/1 70/1/1 68/1/1
f 75/1/1 72/1/1 70/1/1 67/1/1
f 76/1/1 74/1/1 72/1/1 75/1/1
f 74/1/1 76/1/1 77/1/1 79/1/1
f 78/1/1 81/1/1 79/1/1 77/1/1
f 81/1/1 78/1/1 86/1/1 83/1/1
f 83/1/1 86/1/1 87/1/1 84/1/1
f 1199/1/1 84/1/1 87/1/1 1197/1/1
f 89/1/1 91/1/1 88/1/1 1200/1/1
f 93/1/1 85/1/1 88/1/1 91/1/1
f 95/1/1 82/1/1 85/1/1 93/1/1
f 82/1/1 95/1/1 97/1/1 80/1/1
f 99/1/1 102/1/1 80/1/1 97/1/1
f 102/1/1 99/1/1 101/1/1 73/1/1
f 73/1/1 101/1/1 104/1/1 71/1/1
f 69/1/1 71/1/1 104/1/1 106/1/1
f 69/1/1 106/1/1 108/1/1 111/1/1
f 108/1/1 110/1/1 62/1/1 111/1/1
f 110/1/1 113/1/1 60/1/1 62/1/1
f 60/1/1 113/1/1 115/1/1 58/1/1
f 117/1/1 120/1/1 58/1/1 115/1/1
f 120/1/1 117/1/1 119/1/1 51/1/1
f 51/1/1 119/1/1 122/1/1 49/1/1
f 47/1/1 49/1/1 122/1/1 124/1/1
f 126/1/1 129/1/1 47/1/1 124/1/1
f 129/1/1 126/1/1 128/1/1 40/1/1
f 40/1/1 128/1/1 131/1/1 38/1/1
f 36/1/1 38/1/1 131/1/1 133/1/1
f 135/1/1 138/1/1 36/1/1 133/1/1
f 138/1/1 135/1/1 137/1/1 29/1/1
f 29/1/1 137/1/1 140/1/1 27/1/1
f 25/1/1 27/1/1 140/1/1 142/1/1
f 25/1/1 142/1/1 144/1/1 147/1/1
f 144/1/1 146/1/1 18/1/1 147/1/1
f 146/1/1 149/1/1 16/1/1 18/1/1
f 16/1/1 149/1/1 151/1/1 14/1/1
f 153/1/1 156/1/1 14/1/1 151/1/1
f 7/1/1 156/1/1 153/1/1 155/1/1
f 5/1/1 7/1/1 155/1/1 158/1/1
f 3/1/1 5/1/1 158/1/1 160/1/1
f 161/1/1 159/1/1 163/1/1 162/1/1
f 159/1/1 157/1/1 164/1/1 163/1/1
f 157/1/1 154/1/1 165/1/1 164/1/1
f 165/1/1 154/1/1 152/1/1 166/1/1
f 150/1/1 167/1/1 166/1/1 152/1/1
f 168/1/1 167/1/1 150/1/1 148/1/1
f 169/1/1 168/1/1 148/1/1 145/1/1
f 143/1/1 170/1/1 169/1/1 145/1/1
f 143/1/1 141/1/1 171/1/1 170/1/1
f 139/1/1 172/1/1 171/1/1 141/1/1
f 136/1/1 173/1/1 172/1/1 139/1/1
f 173/1/1 136/1/1 134/1/1 174/1/1
f 134/1/1 132/1/1 175/1/1 174/1/1
f 130/1/1 176/1/1 175/1/1 132/1/1
f 127/1/1 177/1/1 176/1/1 130/1/1
f 177/1/1 127/1/1 125/1/1 178/1/1
f 125/1/1 123/1/1 179/1/1 178/1/1
f 121/1/1 180/1/1 179/1/1 123/1/1
f 118/1/1 181/1/1 180/1/1 121/1/1
f 181/1/1 118/1/1 116/1/1 182/1/1
f 114/1/1 183/1/1 182/1/1 116/1/1
f 184/1/1 183/1/1 114/1/1 112/1/1
f 185/1/1 184/1/1 112/1/1 109/1/1
f 107/1/1 186/1/1 185/1/1 109/1/1
f 107/1/1 105/1/1 187/1/1 186/1/1
f 103/1/1 188/1/1 187/1/1 105/1/1
f 100/1/1 189/1/1 188/1/1 103/1/1
f 189/1/1 100/1/1 98/1/1 190/1/1
f 96/1/1 191/1/1 190/1/1 98/1/1
f 191/1/1 96/1/1 94/1/1 192/1/1
f 192/1/1 94/1/1 92/1/1 193/1/1
f 194/1/1 193/1/1 92/1/1 90/1/1
f 1189/1/2 1195/1/2 196/1/2 195/1/2
f 195/1/2 196/1/2 198/1/2 201/1/2
f 201/1/2 198/1/2 200/1/2 202/1/2
f 200/1/2 205/1/2 203/1/2 202/1/2
f 204/1/2 203/1/2 205/1/2 207/1/2
f 209/1/2 212/1/2 204/1/2 207/1/2
f 211/1/2 213/1/2 212/1/2 209/1/2
f 214/1/2 213/1/2 211/1/2 216/1/2
f 214/1/2 216/1/2 218/1/2 215/1/2
f 223/1/2 215/1/2 218/1/2 220/1/2
f 224/1/2 223/1/2 220/1/2 222/1/2
f 222/1/2 227/1/2 225/1/2 224/1/2
f 225/1/2 227/1/2 229/1/2 226/1/2
f 234/1/2 226/1/2 229/1/2 231/1/2
f 235/1/2 234/1/2 231/1/2 233/1/2
f 233/1/2 238/1/2 236/1/2 235/1/2
f 236/1/2 238/1/2 240/1/2 237/1/2
f 245/1/2 237/1/2 240/1/2 242/1/2
f 246/1/2 245/1/2 242/1/2 244/1/2
f 244/1/2 249/1/2 247/1/2 246/1/2
f 248/1/2 247/1/2 249/1/2 251/1/2
f 253/1/2 256/1/2 248/1/2 251/1/2
f 255/1/2 257/1/2 256/1/2 253/1/2
f 258/1/2 257/1/2 255/1/2 260/1/2
f 258/1/2 260/1/2 262/1/2 259/1/2
f 267/1/2 259/1/2 262/1/2 264/1/2
f 268/1/2 267/1/2 264/1/2 266/1/2
f 266/1/2 271/1/2 269/1/2 268/1/2
f 270/1/2 269/1/2 271/1/2 273/1/2
f 273/1/2 275/1/2 278/1/2 270/1/2
f 275/1/2 276/1/2 279/1/2 278/1/2
f 280/1/2 1390/1/2 279/1/2 276/1/2
f 282/1/2 1392/1/2 281/1/2 284/1/2
f 286/1/2 284/1/2 281/1/2 277/1/2
f 288/1/2 286/1/2 277/1/2 274/1/2
f 274/1/2 272/1/2 290/1/2 288/1/2
f 292/1/2 290/1/2 272/1/2 295/1/2
f 295/1/2 265/1/2 294/1/2 292/1/2
f 265/1/2 263/1/2 297/1/2 294/1/2
f 261/1/2 299/1/2 297/1/2 263/1/2
f 261/1/2 304/1/2 301/1/2 299/1/2
f 301/1/2 304/1/2 254/1/2 303/1/2
f 303/1/2 254/1/2 252/1/2 306/1/2
f 252/1/2 250/1/2 308/1/2 306/1/2
f 310/1/2 308/1/2 250/1/2 313/1/2
f 313/1/2 243/1/2 312/1/2 310/1/2
f 243/1/2 241/1/2 315/1/2 312/1/2
f 239/1/2 317/1/2 315/1/2 241/1/2
f 319/1/2 317/1/2 239/1/2 322/1/2
f 322/1/2 232/1/2 321/1/2 319/1/2
f 232/1/2 230/1/2 324/1/2 321/1/2
f 228/1/2 326/1/2 324/1/2 230/1/2
f 328/1/2 326/1/2 228/1/2 331/1/2
f 331/1/2 221/1/2 330/1/2 328/1/2
f 221/1/2 219/1/2 333/1/2 330/1/2
f 217/1/2 335/1/2 333/1/2 219/1/2
f 217/1/2 340/1/2 337/1/2 335/1/2
f 337/1/2 340/1/2 210/1/2 339/1/2
f 339/1/2 210/1/2 208/1/2 342/1/2
f 208/1/2 206/1/2 344/1/2 342/1/2
f 346/1/2 344/1/2 206/1/2 349/1/2
f 199/1/2 348/1/2 346/1/2 349/1/2
f 197/1/2 351/1/2 348/1/2 199/1/2
f 1194/1/2 353/1/2 351/1/2 197/1/2
f 354/1/2 355/1/2 356/1/2 352/1/2
f 352/1/2 356/1/2 357/1/2 350/1/2
f 350/1/2 357/1/2 358/1/2 347/1/2
f 358/1/2 359/1/2 345/1/2 347/1/2
f 343/1/2 345/1/2 359/1/2 360/1/2
f 361/1/2 341/1/2 343/1/2 360/1/2
f 362/1/2 338/1/2 341/1/2 361/1/2
f 336/1/2 338/1/2 362/1/2 363/1/2
f 336/1/2 363/1/2 364/1/2 334/1/2
f 332/1/2 334/1/2 364/1/2 365/1/2
f 329/1/2 332/1/2 365/1/2 366/1/2
f 366/1/2 367/1/2 327/1/2 329/1/2
f 327/1/2 367/1/2 368/1/2 325/1/2
f 323/1/2 325/1/2 368/1/2 369/1/2
f 320/1/2 323/1/2 369/1/2 370/1/2
f 370/1/2 371/1/2 318/1/2 320/1/2
f 318/1/2 371/1/2 372/1/2 316/1/2
f 314/1/2 316/1/2 372/1/2 373/1/2
f 311/1/2 314/1/2 373/1/2 374/1/2
f 374/1/2 375/1/2 309/1/2 311/1/2
f 307/1/2 309/1/2 375/1/2 376/1/2
f 377/1/2 305/1/2 307/1/2 376/1/2
f 378/1/2 302/1/2 305/1/2 377/1/2
f 300/1/2 302/1/2 378/1/2 379/1/2
f 300/1/2 379/1/2 380/1/2 298/1/2
f 296/1/2 298/1/2 380/1/2 381/1/2
f 293/1/2 296/1/2 381/1/2 382/1/2
f 382/1/2 383/1/2 291/1/2 293/1/2
f 289/1/2 291/1/2 383/1/2 384/1/2
f 384/1/2 385/1/2 287/1/2 289/1/2
f 385/1/2 386/1/2 285/1/2 287/1/2
f 387/1/2 283/1/2 285/1/2 386/1/2
f 76/1/3 75/1/4 267/1/4 268/1/3
f 183/1/5 184/1/6 377/1/6 376/1/5
f 170/1/7 171/1/8 364/1/8 363/1/7
f 77/1/9 76/1/3 268/1/3 269/1/9
f 184/1/6 185/1/10 378/1/10 377/1/6
f 20/1/11 12/1/12 204/1/12 212/1/11
f 171/1/8 172/1/13 365/1/13 364/1/8
f 78/1/14 77/1/9 269/1/9 270/1/14
f 21/1/15 20/1/11 212/1/11 213/1/15
f 2/1/16 1/1/17 1189/1/17 195/1/16
f 185/1/10 186/1/18 379/1/18 378/1/10
f 22/1/19 21/1/15 213/1/15 214/1/19
f 172/1/13 173/1/20 366/1/20 365/1/13
f 42/1/22 34/1/23 226/1/23 234/1/22
f 186/1/18 187/1/24 380/1/24 379/1/18
f 23/1/25 22/1/19 214/1/19 215/1/25
f 173/1/20 174/1/26 367/1/26 366/1/20
f 43/1/27 42/1/22 234/1/22 235/1/27
f 44/1/28 43/1/27 235/1/27 236/1/28
f 187/1/24 188/1/29 381/1/29 380/1/24
f 174/1/26 175/1/30 368/1/30 367/1/26
f 3/1/21 160/1/21 353/1/21 1194/1/21
f 64/1/31 56/1/32 248/1/32 256/1/31
f 45/1/33 44/1/28 236/1/28 237/1/33
f 188/1/29 189/1/34 382/1/34 381/1/29
f 175/1/30 176/1/35 369/1/35 368/1/30
f 161/1/21 162/1/21 355/1/21 354/1/21
f 65/1/36 64/1/31 256/1/31 257/1/36
f 162/1/37 163/1/38 356/1/38 355/1/37
f 66/1/39 65/1/36 257/1/36 258/1/39
f 189/1/34 190/1/40 383/1/40 382/1/34
f 176/1/35 177/1/41 370/1/41 369/1/35
f 163/1/38 164/1/42 357/1/42 356/1/38
f 9/1/43 2/1/16 195/1/16 201/1/43
f 86/1/44 78/1/14 270/1/14 278/1/44
f 67/1/45 66/1/39 258/1/39 259/1/45
f 190/1/40 191/1/46 384/1/46 383/1/40
f 177/1/41 178/1/47 371/1/47 370/1/41
f 10/1/48 9/1/43 201/1/43 202/1/48
f 87/1/49 86/1/44 278/1/44 279/1/49
f 164/1/42 165/1/50 358/1/50 357/1/42
f 11/1/51 10/1/48 202/1/48 203/1/51
f 1197/1/52 87/1/49 279/1/49 1390/1/52
f 191/1/46 192/1/53 385/1/53 384/1/46
f 178/1/47 179/1/54 372/1/54 371/1/47
f 165/1/50 166/1/55 359/1/55 358/1/50
f 31/1/56 23/1/25 215/1/25 223/1/56
f 12/1/12 11/1/51 203/1/51 204/1/12
f 1199/1/57 1197/1/57 1390/1/57 280/1/57
f 192/1/53 193/1/58 386/1/58 385/1/53
f 32/1/59 31/1/56 223/1/56 224/1/59
f 179/1/54 180/1/60 373/1/60 372/1/54
f 166/1/55 167/1/61 360/1/61 359/1/55
f 33/1/62 32/1/59 224/1/59 225/1/62
f 193/1/58 194/1/63 387/1/63 386/1/58
f 180/1/60 181/1/64 374/1/64 373/1/60
f 167/1/61 168/1/65 361/1/65 360/1/61
f 53/1/66 45/1/33 237/1/33 245/1/66
f 34/1/23 33/1/62 225/1/62 226/1/23
f 89/1/57 1200/1/57 1392/1/57 282/1/57
f 54/1/67 53/1/66 245/1/66 246/1/67
f 194/1/57 90/1/57 283/1/57 387/1/57
f 181/1/64 182/1/68 375/1/68 374/1/64
f 168/1/65 169/1/69 362/1/69 361/1/65
f 55/1/70 54/1/67 246/1/67 247/1/70
f 182/1/68 183/1/5 376/1/5 375/1/68
f 169/1/69 170/1/7 363/1/7 362/1/69
f 75/1/4 67/1/45 259/1/45 267/1/4
f 56/1/32 55/1/70 247/1/70 248/1/32
f 388/1/1 389/1/1 392/1/1 390/1/1
f 389/1/1 397/1/1 394/1/1 392/1/1
f 397/1/1 398/1/1 396/1/1 394/1/1
f 396/1/1 398/1/1 399/1/1 401/1/1
f 400/1/1 403/1/1 401/1/1 399/1/1
f 405/1/1 403/1/1 400/1/1 408/1/1
f 407/1/1 405/1/1 408/1/1 409/1/1
f 410/1/1 412/1/1 407/1/1 409/1/1
f 410/1/1 411/1/1 414/1/1 412/1/1
f 419/1/1 416/1/1 414/1/1 411/1/1
f 420/1/1 418/1/1 416/1/1 419/1/1
f 418/1/1 420/1/1 421/1/1 423/1/1
f 421/1/1 422/1/1 425/1/1 423/1/1
f 430/1/1 427/1/1 425/1/1 422/1/1
f 431/1/1 429/1/1 427/1/1 430/1/1
f 429/1/1 431/1/1 432/1/1 434/1/1
f 432/1/1 433/1/1 436/1/1 434/1/1
f 441/1/1 438/1/1 436/1/1 433/1/1
f 442/1/1 440/1/1 438/1/1 441/1/1
f 440/1/1 442/1/1 443/1/1 445/1/1
f 444/1/1 447/1/1 445/1/1 443/1/1
f 449/1/1 447/1/1 444/1/1 452/1/1
f 451/1/1 449/1/1 452/1/1 453/1/1
f 454/1/1 456/1/1 451/1/1 453/1/1
f 454/1/1 455/1/1 458/1/1 456/1/1
f 463/1/1 460/1/1 458/1/1 455/1/1
f 464/1/1 462/1/1 460/1/1 463/1/1
f 462/1/1 464/1/1 465/1/1 467/1/1
f 466/1/1 469/1/1 467/1/1 465/1/1
f 469/1/1 466/1/1 474/1/1 471/1/1
f 471/1/1 474/1/1 475/1/1 472/1/1
f 1188/1/1 472/1/1 475/1/1 1182/1/1
f 1186/1/1 479/1/1 477/1/1 476/1/1
f 481/1/1 473/1/1 477/1/1 479/1/1
f 483/1/1 470/1/1 473/1/1 481/1/1
f 470/1/1 483/1/1 485/1/1 468/1/1
f 487/1/1 490/1/1 468/1/1 485/1/1
f 490/1/1 487/1/1 489/1/1 461/1/1
f 461/1/1 489/1/1 492/1/1 459/1/1
f 457/1/1 459/1/1 492/1/1 494/1/1
f 457/1/1 494/1/1 496/1/1 499/1/1
f 496/1/1 498/1/1 450/1/1 499/1/1
f 498/1/1 501/1/1 448/1/1 450/1/1
f 448/1/1 501/1/1 503/1/1 446/1/1
f 505/1/1 508/1/1 446/1/1 503/1/1
f 508/1/1 505/1/1 507/1/1 439/1/1
f 439/1/1 507/1/1 510/1/1 437/1/1
f 435/1/1 437/1/1 510/1/1 512/1/1
f 514/1/1 517/1/1 435/1/1 512/1/1
f 517/1/1 514/1/1 516/1/1 428/1/1
f 428/1/1 516/1/1 519/1/1 426/1/1
f 424/1/1 426/1/1 519/1/1 521/1/1
f 523/1/1 526/1/1 424/1/1 521/1/1
f 526/1/1 523/1/1 525/1/1 417/1/1
f 417/1/1 525/1/1 528/1/1 415/1/1
f 413/1/1 415/1/1 528/1/1 530/1/1
f 413/1/1 530/1/1 532/1/1 535/1/1
f 532/1/1 534/1/1 406/1/1 535/1/1
f 534/1/1 537/1/1 404/1/1 406/1/1
f 404/1/1 537/1/1 539/1/1 402/1/1
f 541/1/1 544/1/1 402/1/1 539/1/1
f 395/1/1 544/1/1 541/1/1 543/1/1
f 393/1/1 395/1/1 543/1/1 546/1/1
f 391/1/1 393/1/1 546/1/1 548/1/1
f 549/1/1 547/1/1 551/1/1 550/1/1
f 547/1/1 545/1/1 552/1/1 551/1/1
f 545/1/1 542/1/1 553/1/1 552/1/1
f 553/1/1 542/1/1 540/1/1 554/1/1
f 538/1/1 555/1/1 554/1/1 540/1/1
f 556/1/1 555/1/1 538/1/1 536/1/1
f 557/1/1 556/1/1 536/1/1 533/1/1
f 531/1/1 558/1/1 557/1/1 533/1/1
f 531/1/1 529/1/1 559/1/1 558/1/1
f 527/1/1 560/1/1 559/1/1 529/1/1
f 524/1/1 561/1/1 560/1/1 527/1/1
f 561/1/1 524/1/1 522/1/1 562/1/1
f 522/1/1 520/1/1 563/1/1 562/1/1
f 518/1/1 564/1/1 563/1/1 520/1/1
f 515/1/1 565/1/1 564/1/1 518/1/1
f 565/1/1 515/1/1 513/1/1 566/1/1
f 513/1/1 511/1/1 567/1/1 566/1/1
f 509/1/1 568/1/1 567/1/1 511/1/1
f 506/1/1 569/1/1 568/1/1 509/1/1
f 569/1/1 506/1/1 504/1/1 570/1/1
f 502/1/1 571/1/1 570/1/1 504/1/1
f 572/1/1 571/1/1 502/1/1 500/1/1
f 573/1/1 572/1/1 500/1/1 497/1/1
f 495/1/1 574/1/1 573/1/1 497/1/1
f 495/1/1 493/1/1 575/1/1 574/1/1
f 491/1/1 576/1/1 575/1/1 493/1/1
f 488/1/1 577/1/1 576/1/1 491/1/1
f 577/1/1 488/1/1 486/1/1 578/1/1
f 484/1/1 579/1/1 578/1/1 486/1/1
f 579/1/1 484/1/1 482/1/1 580/1/1
f 580/1/1 482/1/1 480/1/1 581/1/1
f 582/1/1 581/1/1 480/1/1 478/1/1
f 583/1/2 1059/1/2 586/1/2 584/1/2
f 584/1/2 586/1/2 588/1/2 591/1/2
f 591/1/2 588/1/2 590/1/2 592/1/2
f 590/1/2 595/1/2 593/1/2 592/1/2
f 594/1/2 593/1/2 595/1/2 597/1/2
f 599/1/2 602/1/2 594/1/2 597/1/2
f 601/1/2 603/1/2 602/1/2 599/1/2
f 604/1/2 603/1/2 601/1/2 606/1/2
f 604/1/2 606/1/2 608/1/2 605/1/2
f 613/1/2 605/1/2 608/1/2 610/1/2
f 614/1/2 613/1/2 610/1/2 612/1/2
f 612/1/2 617/1/2 615/1/2 614/1/2
f 615/1/2 617/1/2 619/1/2 616/1/2
f 624/1/2 616/1/2 619/1/2 621/1/2
f 625/1/2 624/1/2 621/1/2 623/1/2
f 623/1/2 628/1/2 626/1/2 625/1/2
f 626/1/2 628/1/2 630/1/2 627/1/2
f 635/1/2 627/1/2 630/1/2 632/1/2
f 636/1/2 635/1/2 632/1/2 634/1/2
f 634/1/2 639/1/2 637/1/2 636/1/2
f 638/1/2 637/1/2 639/1/2 641/1/2
f 643/1/2 646/1/2 638/1/2 641/1/2
f 645/1/2 647/1/2 646/1/2 643/1/2
f 648/1/2 647/1/2 645/1/2 650/1/2
f 648/1/2 650/1/2 652/1/2 649/1/2
f 657/1/2 649/1/2 652/1/2 654/1/2
f 658/1/2 657/1/2 654/1/2 656/1/2
f 656/1/2 661/1/2 659/1/2 658/1/2
f 660/1/2 659/1/2 661/1/2 663/1/2
f 663/1/2 665/1/2 668/1/2 660/1/2
f 665/1/2 666/1/2 669/1/2 668/1/2
f 1196/1/2 1190/1/2 669/1/2 666/1/2
f 672/1/2 670/1/2 671/1/2 674/1/2
f 676/1/2 674/1/2 671/1/2 667/1/2
f 678/1/2 676/1/2 667/1/2 664/1/2
f 664/1/2 662/1/2 680/1/2 678/1/2
f 682/1/2 680/1/2 662/1/2 685/1/2
f 685/1/2 655/1/2 684/1/2 682/1/2
f 655/1/2 653/1/2 687/1/2 684/1/2
f 651/1/2 689/1/2 687/1/2 653/1/2
f 651/1/2 694/1/2 691/1/2 689/1/2
f 691/1/2 694/1/2 644/1/2 693/1/2
f 693/1/2 644/1/2 642/1/2 696/1/2
f 642/1/2 640/1/2 698/1/2 696/1/2
f 700/1/2 698/1/2 640/1/2 703/1/2
f 703/1/2 633/1/2 702/1/2 700/1/2
f 633/1/2 631/1/2 705/1/2 702/1/2
f 629/1/2 707/1/2 705/1/2 631/1/2
f 709/1/2 707/1/2 629/1/2 712/1/2
f 712/1/2 622/1/2 711/1/2 709/1/2
f 622/1/2 620/1/2 714/1/2 711/1/2
f 618/1/2 716/1/2 714/1/2 620/1/2
f 718/1/2 716/1/2 618/1/2 721/1/2
f 721/1/2 611/1/2 720/1/2 718/1/2
f 611/1/2 609/1/2 723/1/2 720/1/2
f 607/1/2 725/1/2 723/1/2 609/1/2
f 607/1/2 730/1/2 727/1/2 725/1/2
f 727/1/2 730/1/2 600/1/2 729/1/2
f 729/1/2 600/1/2 598/1/2 732/1/2
f 598/1/2 596/1/2 734/1/2 732/1/2
f 736/1/2 734/1/2 596/1/2 739/1/2
f 589/1/2 738/1/2 736/1/2 739/1/2
f 587/1/2 741/1/2 738/1/2 589/1/2
f 585/1/2 743/1/2 741/1/2 587/1/2
f 744/1/2 745/1/2 746/1/2 742/1/2
f 742/1/2 746/1/2 747/1/2 740/1/2
f 740/1/2 747/1/2 748/1/2 737/1/2
f 748/1/2 749/1/2 735/1/2 737/1/2
f 733/1/2 735/1/2 749/1/2 750/1/2
f 751/1/2 731/1/2 733/1/2 750/1/2
f 752/1/2 728/1/2 731/1/2 751/1/2
f 726/1/2 728/1/2 752/1/2 753/1/2
f 726/1/2 753/1/2 754/1/2 724/1/2
f 722/1/2 724/1/2 754/1/2 755/1/2
f 719/1/2 722/1/2 755/1/2 756/1/2
f 756/1/2 757/1/2 717/1/2 719/1/2
f 717/1/2 757/1/2 758/1/2 715/1/2
f 713/1/2 715/1/2 758/1/2 759/1/2
f 710/1/2 713/1/2 759/1/2 760/1/2
f 760/1/2 761/1/2 708/1/2 710/1/2
f 708/1/2 761/1/2 762/1/2 706/1/2
f 704/1/2 706/1/2 762/1/2 763/1/2
f 701/1/2 704/1/2 763/1/2 764/1/2
f 764/1/2 765/1/2 699/1/2 701/1/2
f 697/1/2 699/1/2 765/1/2 766/1/2
f 767/1/2 695/1/2 697/1/2 766/1/2
f 768/1/2 692/1/2 695/1/2 767/1/2
f 690/1/2 692/1/2 768/1/2 769/1/2
f 690/1/2 769/1/2 770/1/2 688/1/2
f 686/1/2 688/1/2 770/1/2 771/1/2
f 683/1/2 686/1/2 771/1/2 772/1/2
f 772/1/2 773/1/2 681/1/2 683/1/2
f 679/1/2 681/1/2 773/1/2 774/1/2
f 774/1/2 775/1/2 677/1/2 679/1/2
f 775/1/2 776/1/2 675/1/2 677/1/2
f 777/1/2 673/1/2 675/1/2 776/1/2
f 464/1/71 463/1/72 657/1/72 658/1/71
f 571/1/73 572/1/74 767/1/74 766/1/73
f 558/1/75 559/1/76 754/1/76 753/1/75
f 465/1/77 464/1/71 658/1/71 659/1/77
f 572/1/74 573/1/78 768/1/78 767/1/74
f 408/1/79 400/1/80 594/1/80 602/1/79
f 559/1/76 560/1/81 755/1/81 754/1/76
f 466/1/82 465/1/77 659/1/77 660/1/82
f 409/1/83 408/1/79 602/1/79 603/1/83
f 389/1/84 388/1/85 583/1/85 584/1/84
f 573/1/78 574/1/86 769/1/86 768/1/78
f 410/1/87 409/1/83 603/1/83 604/1/87
f 560/1/81 561/1/88 756/1/88 755/1/81
f 388/1/57 390/1/57 1059/1/57 583/1/57
f 430/1/89 422/1/90 616/1/90 624/1/89
f 574/1/86 575/1/91 770/1/91 769/1/86
f 411/1/92 410/1/87 604/1/87 605/1/92
f 561/1/88 562/1/93 757/1/93 756/1/88
f 431/1/94 430/1/89 624/1/89 625/1/94
f 432/1/95 431/1/94 625/1/94 626/1/95
f 575/1/91 576/1/96 771/1/96 770/1/91
f 562/1/93 563/1/97 758/1/97 757/1/93
f 391/1/57 548/1/57 743/1/57 585/1/57
f 452/1/98 444/1/99 638/1/99 646/1/98
f 433/1/100 432/1/95 626/1/95 627/1/100
f 576/1/96 577/1/101 772/1/101 771/1/96
f 563/1/97 564/1/102 759/1/102 758/1/97
f 549/1/57 550/1/57 745/1/57 744/1/57
f 453/1/103 452/1/98 646/1/98 647/1/103
f 550/1/104 551/1/105 746/1/105 745/1/104
f 454/1/106 453/1/103 647/1/103 648/1/106
f 577/1/101 578/1/107 773/1/107 772/1/101
f 564/1/102 565/1/108 760/1/108 759/1/102
f 551/1/105 552/1/109 747/1/109 746/1/105
f 397/1/110 389/1/84 584/1/84 591/1/110
f 474/1/111 466/1/82 660/1/82 668/1/111
f 455/1/112 454/1/106 648/1/106 649/1/112
f 578/1/107 579/1/113 774/1/113 773/1/107
f 565/1/108 566/1/114 761/1/114 760/1/108
f 398/1/115 397/1/110 591/1/110 592/1/115
f 475/1/116 474/1/111 668/1/111 669/1/116
f 552/1/109 553/1/117 748/1/117 747/1/109
f 399/1/118 398/1/115 592/1/115 593/1/118
f 1182/1/119 475/1/116 669/1/116 1190/1/119
f 579/1/113 580/1/120 775/1/120 774/1/113
f 566/1/114 567/1/121 762/1/121 761/1/114
f 553/1/117 554/1/122 749/1/122 748/1/117
f 419/1/123 411/1/92 605/1/92 613/1/123
f 400/1/80 399/1/118 593/1/118 594/1/80
f 580/1/120 581/1/124 776/1/124 775/1/120
f 420/1/125 419/1/123 613/1/123 614/1/125
f 567/1/121 568/1/126 763/1/126 762/1/121
f 554/1/122 555/1/127 750/1/127 749/1/122
f 421/1/129 420/1/125 614/1/125 615/1/129
f 581/1/124 582/1/130 777/1/130 776/1/124
f 568/1/126 569/1/131 764/1/131 763/1/126
f 555/1/127 556/1/132 751/1/132 750/1/127
f 441/1/133 433/1/100 627/1/100 635/1/133
f 422/1/90 421/1/129 615/1/129 616/1/90
f 1186/1/128 476/1/128 670/1/128 672/1/128
f 442/1/134 441/1/133 635/1/133 636/1/134
f 582/1/128 478/1/128 673/1/128 777/1/128
f 569/1/131 570/1/135 765/1/135 764/1/131
f 556/1/132 557/1/136 752/1/136 751/1/132
f 443/1/137 442/1/134 636/1/134 637/1/137
f 570/1/135 571/1/73 766/1/73 765/1/135
f 557/1/136 558/1/75 753/1/75 752/1/136
f 463/1/72 455/1/112 649/1/112 657/1/72
f 444/1/99 443/1/137 637/1/137 638/1/99
f 778/1/1 779/1/1 781/1/1 1171/1/1
f 779/1/1 786/1/1 783/1/1 781/1/1
f 786/1/1 787/1/1 785/1/1 783/1/1
f 785/1/1 787/1/1 788/1/1 790/1/1
f 789/1/1 792/1/1 790/1/1 788/1/1
f 794/1/1 792/1/1 789/1/1 797/1/1
f 796/1/1 794/1/1 797/1/1 798/1/1
f 799/1/1 801/1/1 796/1/1 798/1/1
f 799/1/1 800/1/1 803/1/1 801/1/1
f 808/1/1 805/1/1 803/1/1 800/1/1
f 809/1/1 807/1/1 805/1/1 808/1/1
f 807/1/1 809/1/1 810/1/1 812/1/1
f 810/1/1 811/1/1 814/1/1 812/1/1
f 819/1/1 816/1/1 814/1/1 811/1/1
f 820/1/1 818/1/1 816/1/1 819/1/1
f 818/1/1 820/1/1 821/1/1 823/1/1
f 821/1/1 822/1/1 825/1/1 823/1/1
f 830/1/1 827/1/1 825/1/1 822/1/1
f 831/1/1 829/1/1 827/1/1 830/1/1
f 829/1/1 831/1/1 832/1/1 834/1/1
f 833/1/1 836/1/1 834/1/1 832/1/1
f 838/1/1 836/1/1 833/1/1 841/1/1
f 840/1/1 838/1/1 841/1/1 842/1/1
f 843/1/1 845/1/1 840/1/1 842/1/1
f 843/1/1 844/1/1 847/1/1 845/1/1
f 852/1/1 849/1/1 847/1/1 844/1/1
f 853/1/1 851/1/1 849/1/1 852/1/1
f 851/1/1 853/1/1 854/1/1 856/1/1
f 855/1/1 858/1/1 856/1/1 854/1/1
f 858/1/1 855/1/1 863/1/1 860/1/1
f 860/1/1 863/1/1 864/1/1 861/1/1
f 390/1/1 861/1/1 864/1/1 388/1/1
f 866/1/1 868/1/1 865/1/1 391/1/1
f 870/1/1 862/1/1 865/1/1 868/1/1
f 872/1/1 859/1/1 862/1/1 870/1/1
f 859/1/1 872/1/1 874/1/1 857/1/1
f 876/1/1 879/1/1 857/1/1 874/1/1
f 879/1/1 876/1/1 878/1/1 850/1/1
f 850/1/1 878/1/1 881/1/1 848/1/1
f 846/1/1 848/1/1 881/1/1 883/1/1
f 846/1/1 883/1/1 885/1/1 888/1/1
f 885/1/1 887/1/1 839/1/1 888/1/1
f 887/1/1 890/1/1 837/1/1 839/1/1
f 837/1/1 890/1/1 892/1/1 835/1/1
f 894/1/1 897/1/1 835/1/1 892/1/1
f 897/1/1 894/1/1 896/1/1 828/1/1
f 828/1/1 896/1/1 899/1/1 826/1/1
f 824/1/1 826/1/1 899/1/1 901/1/1
f 903/1/1 906/1/1 824/1/1 901/1/1
f 906/1/1 903/1/1 905/1/1 817/1/1
f 817/1/1 905/1/1 908/1/1 815/1/1
f 813/1/1 815/1/1 908/1/1 910/1/1
f 912/1/1 915/1/1 813/1/1 910/1/1
f 915/1/1 912/1/1 914/1/1 806/1/1
f 806/1/1 914/1/1 917/1/1 804/1/1
f 802/1/1 804/1/1 917/1/1 919/1/1
f 802/1/1 919/1/1 921/1/1 924/1/1
f 921/1/1 923/1/1 795/1/1 924/1/1
f 923/1/1 926/1/1 793/1/1 795/1/1
f 793/1/1 926/1/1 928/1/1 791/1/1
f 930/1/1 933/1/1 791/1/1 928/1/1
f 784/1/1 933/1/1 930/1/1 932/1/1
f 782/1/1 784/1/1 932/1/1 935/1/1
f 780/1/1 782/1/1 935/1/1 937/1/1
f 938/1/1 936/1/1 940/1/1 939/1/1
f 936/1/1 934/1/1 941/1/1 940/1/1
f 934/1/1 931/1/1 942/1/1 941/1/1
f 942/1/1 931/1/1 929/1/1 943/1/1
f 927/1/1 944/1/1 943/1/1 929/1/1
f 945/1/1 944/1/1 927/1/1 925/1/1
f 946/1/1 945/1/1 925/1/1 922/1/1
f 920/1/1 947/1/1 946/1/1 922/1/1
f 920/1/1 918/1/1 948/1/1 947/1/1
f 916/1/1 949/1/1 948/1/1 918/1/1
f 913/1/1 950/1/1 949/1/1 916/1/1
f 950/1/1 913/1/1 911/1/1 951/1/1
f 911/1/1 909/1/1 952/1/1 951/1/1
f 907/1/1 953/1/1 952/1/1 909/1/1
f 904/1/1 954/1/1 953/1/1 907/1/1
f 954/1/1 904/1/1 902/1/1 955/1/1
f 902/1/1 900/1/1 956/1/1 955/1/1
f 898/1/1 957/1/1 956/1/1 900/1/1
f 895/1/1 958/1/1 957/1/1 898/1/1
f 958/1/1 895/1/1 893/1/1 959/1/1
f 891/1/1 960/1/1 959/1/1 893/1/1
f 961/1/1 960/1/1 891/1/1 889/1/1
f 962/1/1 961/1/1 889/1/1 886/1/1
f 884/1/1 963/1/1 962/1/1 886/1/1
f 884/1/1 882/1/1 964/1/1 963/1/1
f 880/1/1 965/1/1 964/1/1 882/1/1
f 877/1/1 966/1/1 965/1/1 880/1/1
f 966/1/1 877/1/1 875/1/1 967/1/1
f 873/1/1 968/1/1 967/1/1 875/1/1
f 968/1/1 873/1/1 871/1/1 969/1/1
f 969/1/1 871/1/1 869/1/1 970/1/1
f 971/1/1 970/1/1 869/1/1 867/1/1
f 972/1/2 1178/1/2 975/1/2 973/1/2
f 973/1/2 975/1/2 977/1/2 980/1/2
f 980/1/2 977/1/2 979/1/2 981/1/2
f 979/1/2 984/1/2 982/1/2 981/1/2
f 983/1/2 982/1/2 984/1/2 986/1/2
f 988/1/2 991/1/2 983/1/2 986/1/2
f 990/1/2 992/1/2 991/1/2 988/1/2
f 993/1/2 992/1/2 990/1/2 995/1/2
f 993/1/2 995/1/2 997/1/2 994/1/2
f 1002/1/2 994/1/2 997/1/2 999/1/2
f 1003/1/2 1002/1/2 999/1/2 1001/1/2
f 1001/1/2 1006/1/2 1004/1/2 1003/1/2
f 1004/1/2 1006/1/2 1008/1/2 1005/1/2
f 1013/1/2 1005/1/2 1008/1/2 1010/1/2
f 1014/1/2 1013/1/2 1010/1/2 1012/1/2
f 1012/1/2 1017/1/2 1015/1/2 1014/1/2
f 1015/1/2 1017/1/2 1019/1/2 1016/1/2
f 1024/1/2 1016/1/2 1019/1/2 1021/1/2
f 1025/1/2 1024/1/2 1021/1/2 1023/1/2
f 1023/1/2 1028/1/2 1026/1/2 1025/1/2
f 1027/1/2 1026/1/2 1028/1/2 1030/1/2
f 1032/1/2 1035/1/2 1027/1/2 1030/1/2
f 1034/1/2 1036/1/2 1035/1/2 1032/1/2
f 1037/1/2 1036/1/2 1034/1/2 1039/1/2
f 1037/1/2 1039/1/2 1041/1/2 1038/1/2
f 1046/1/2 1038/1/2 1041/1/2 1043/1/2
f 1047/1/2 1046/1/2 1043/1/2 1045/1/2
f 1045/1/2 1050/1/2 1048/1/2 1047/1/2
f 1049/1/2 1048/1/2 1050/1/2 1052/1/2
f 1052/1/2 1054/1/2 1057/1/2 1049/1/2
f 1054/1/2 1055/1/2 1058/1/2 1057/1/2
f 1059/1/2 583/1/2 1058/1/2 1055/1/2
f 1061/1/2 585/1/2 1060/1/2 1063/1/2
f 1065/1/2 1063/1/2 1060/1/2 1056/1/2
f 1067/1/2 1065/1/2 1056/1/2 1053/1/2
f 1053/1/2 1051/1/2 1069/1/2 1067/1/2
f 1071/1/2 1069/1/2 1051/1/2 1074/1/2
f 1074/1/2 1044/1/2 1073/1/2 1071/1/2
f 1044/1/2 1042/1/2 1076/1/2 1073/1/2
f 1040/1/2 1078/1/2 1076/1/2 1042/1/2
f 1040/1/2 1083/1/2 1080/1/2 1078/1/2
f 1080/1/2 1083/1/2 1033/1/2 1082/1/2
f 1082/1/2 1033/1/2 1031/1/2 1085/1/2
f 1031/1/2 1029/1/2 1087/1/2 1085/1/2
f 1089/1/2 1087/1/2 1029/1/2 1092/1/2
f 1092/1/2 1022/1/2 1091/1/2 1089/1/2
f 1022/1/2 1020/1/2 1094/1/2 1091/1/2
f 1018/1/2 1096/1/2 1094/1/2 1020/1/2
f 1098/1/2 1096/1/2 1018/1/2 1101/1/2
f 1101/1/2 1011/1/2 1100/1/2 1098/1/2
f 1011/1/2 1009/1/2 1103/1/2 1100/1/2
f 1007/1/2 1105/1/2 1103/1/2 1009/1/2
f 1107/1/2 1105/1/2 1007/1/2 1110/1/2
f 1110/1/2 1000/1/2 1109/1/2 1107/1/2
f 1000/1/2 998/1/2 1112/1/2 1109/1/2
f 996/1/2 1114/1/2 1112/1/2 998/1/2
f 996/1/2 1119/1/2 1116/1/2 1114/1/2
f 1116/1/2 1119/1/2 989/1/2 1118/1/2
f 1118/1/2 989/1/2 987/1/2 1121/1/2
f 987/1/2 985/1/2 1123/1/2 1121/1/2
f 1125/1/2 1123/1/2 985/1/2 1128/1/2
f 978/1/2 1127/1/2 1125/1/2 1128/1/2
f 976/1/2 1130/1/2 1127/1/2 978/1/2
f 974/1/2 1132/1/2 1130/1/2 976/1/2
f 1133/1/2 1134/1/2 1135/1/2 1131/1/2
f 1131/1/2 1135/1/2 1136/1/2 1129/1/2
f 1129/1/2 1136/1/2 1137/1/2 1126/1/2
f 1137/1/2 1138/1/2 1124/1/2 1126/1/2
f 1122/1/2 1124/1/2 1138/1/2 1139/1/2
f 1140/1/2 1120/1/2 1122/1/2 1139/1/2
f 1141/1/2 1117/1/2 1120/1/2 1140/1/2
f 1115/1/2 1117/1/2 1141/1/2 1142/1/2
f 1115/1/2 1142/1/2 1143/1/2 1113/1/2
f 1111/1/2 1113/1/2 1143/1/2 1144/1/2
f 1108/1/2 1111/1/2 1144/1/2 1145/1/2
f 1145/1/2 1146/1/2 1106/1/2 1108/1/2
f 1106/1/2 1146/1/2 1147/1/2 1104/1/2
f 1102/1/2 1104/1/2 1147/1/2 1148/1/2
f 1099/1/2 1102/1/2 1148/1/2 1149/1/2
f 1149/1/2 1150/1/2 1097/1/2 1099/1/2
f 1097/1/2 1150/1/2 1151/1/2 1095/1/2
f 1093/1/2 1095/1/2 1151/1/2 1152/1/2
f 1090/1/2 1093/1/2 1152/1/2 1153/1/2
f 1153/1/2 1154/1/2 1088/1/2 1090/1/2
f 1086/1/2 1088/1/2 1154/1/2 1155/1/2
f 1156/1/2 1084/1/2 1086/1/2 1155/1/2
f 1157/1/2 1081/1/2 1084/1/2 1156/1/2
f 1079/1/2 1081/1/2 1157/1/2 1158/1/2
f 1079/1/2 1158/1/2 1159/1/2 1077/1/2
f 1075/1/2 1077/1/2 1159/1/2 1160/1/2
f 1072/1/2 1075/1/2 1160/1/2 1161/1/2
f 1161/1/2 1162/1/2 1070/1/2 1072/1/2
f 1068/1/2 1070/1/2 1162/1/2 1163/1/2
f 1163/1/2 1164/1/2 1066/1/2 1068/1/2
f 1164/1/2 1165/1/2 1064/1/2 1066/1/2
f 1166/1/2 1062/1/2 1064/1/2 1165/1/2
f 853/1/138 852/1/139 1046/1/139 1047/1/138
f 960/1/32 961/1/31 1156/1/31 1155/1/32
f 947/1/19 948/1/25 1143/1/25 1142/1/19
f 854/1/140 853/1/138 1047/1/138 1048/1/140
f 961/1/31 962/1/36 1157/1/36 1156/1/31
f 797/1/65 789/1/61 983/1/61 991/1/65
f 948/1/25 949/1/56 1144/1/56 1143/1/25
f 855/1/141 854/1/140 1048/1/140 1049/1/141
f 798/1/69 797/1/65 991/1/65 992/1/69
f 779/1/38 778/1/37 972/1/37 973/1/38
f 962/1/36 963/1/142 1158/1/142 1157/1/36
f 799/1/7 798/1/69 992/1/69 993/1/7
f 949/1/56 950/1/59 1145/1/59 1144/1/56
f 778/1/128 1171/1/128 1178/1/128 972/1/128
f 819/1/35 811/1/30 1005/1/30 1013/1/35
f 963/1/142 964/1/143 1159/1/143 1158/1/142
f 800/1/8 799/1/7 993/1/7 994/1/8
f 950/1/59 951/1/62 1146/1/62 1145/1/59
f 820/1/144 819/1/35 1013/1/35 1014/1/144
f 821/1/47 820/1/144 1014/1/144 1015/1/47
f 964/1/143 965/1/145 1160/1/145 1159/1/143
f 951/1/62 952/1/23 1147/1/23 1146/1/62
f 780/1/128 937/1/128 1132/1/128 974/1/128
f 841/1/6 833/1/5 1027/1/5 1035/1/6
f 822/1/54 821/1/47 1015/1/47 1016/1/54
f 965/1/145 966/1/146 1161/1/146 1160/1/145
f 952/1/23 953/1/22 1148/1/22 1147/1/23
f 938/1/128 939/1/128 1134/1/128 1133/1/128
f 842/1/10 841/1/6 1035/1/6 1036/1/10
f 939/1/17 940/1/16 1135/1/16 1134/1/17
f 843/1/147 842/1/10 1036/1/10 1037/1/147
f 966/1/146 967/1/148 1162/1/148 1161/1/146
f 953/1/22 954/1/149 1149/1/149 1148/1/22
f 940/1/16 941/1/43 1136/1/43 1135/1/16
f 786/1/42 779/1/38 973/1/38 980/1/42
f 863/1/150 855/1/141 1049/1/141 1057/1/150
f 844/1/151 843/1/147 1037/1/147 1038/1/151
f 967/1/148 968/1/152 1163/1/152 1162/1/148
f 954/1/149 955/1/28 1150/1/28 1149/1/149
f 787/1/50 786/1/42 980/1/42 981/1/50
f 864/1/153 863/1/150 1057/1/150 1058/1/153
f 941/1/43 942/1/48 1137/1/48 1136/1/43
f 788/1/55 787/1/50 981/1/50 982/1/55
f 388/1/154 864/1/153 1058/1/153 583/1/154
f 968/1/152 969/1/155 1164/1/155 1163/1/152
f 955/1/28 956/1/33 1151/1/33 1150/1/28
f 942/1/48 943/1/51 1138/1/51 1137/1/48
f 808/1/13 800/1/8 994/1/8 1002/1/13
f 789/1/61 788/1/55 982/1/55 983/1/61
f 969/1/155 970/1/156 1165/1/156 1164/1/155
f 809/1/20 808/1/13 1002/1/13 1003/1/20
f 956/1/33 957/1/66 1152/1/66 1151/1/33
f 943/1/51 944/1/12 1139/1/12 1138/1/51
f 810/1/26 809/1/20 1003/1/20 1004/1/26
f 970/1/156 971/1/157 1166/1/157 1165/1/156
f 957/1/66 958/1/67 1153/1/67 1152/1/66
f 944/1/12 945/1/11 1140/1/11 1139/1/12
f 830/1/60 822/1/54 1016/1/54 1024/1/60
f 811/1/30 810/1/26 1004/1/26 1005/1/30
f 866/1/158 391/1/158 585/1/158 1061/1/158
f 831/1/64 830/1/60 1024/1/60 1025/1/64
f 971/1/158 867/1/158 1062/1/158 1166/1/158
f 958/1/67 959/1/70 1154/1/70 1153/1/67
f 945/1/11 946/1/15 1141/1/15 1140/1/11
f 832/1/68 831/1/64 1025/1/64 1026/1/68
f 959/1/70 960/1/32 1155/1/32 1154/1/70
f 946/1/15 947/1/19 1142/1/19 1141/1/15
f 852/1/139 844/1/151 1038/1/151 1046/1/139
f 833/1/5 832/1/68 1026/1/68 1027/1/5
f 1170/2/1 780/3/1 1174/4/1 1173/5/1
f 1172/6/1 1175/7/1 1167/8/1 1168/9/1
f 1169/18/1 778/19/1 1171/20/1 1285/21/1
f 1479/2/2 1179/5/2 1181/4/2 974/3/2
f 1481/6/2 1176/9/2 1177/8/2 1180/7/2
f 1477/18/2 1478/21/2 1178/20/2 972/19/2
f 1174/4/21 780/3/21 974/3/21 1181/4/21
f 1169/18/128 1285/21/128 1478/21/128 1477/18/128
f 1168/9/158 1167/8/158 1177/8/158 1176/9/158
f 1172/6/128 1168/9/128 1176/9/128 1481/6/128
f 778/19/57 1169/18/57 1477/18/57 972/19/57
f 1167/8/21 1175/7/21 1180/7/21 1177/8/21
f 1170/2/128 1173/5/128 1179/5/128 1479/2/128
f 1184/2/1 1186/3/1 476/4/1 3/5/1
f 1187/6/1 1188/7/1 1182/8/1 1/9/1
f 1183/18/1 582/19/1 478/20/1 1185/21/1
f 1193/2/2 1194/5/2 670/4/2 672/3/2
f 1195/6/2 1189/9/2 1190/8/2 1196/7/2
f 1191/18/2 1192/21/2 673/20/2 777/19/2
f 1183/18/128 1185/21/128 1192/21/128 1191/18/128
f 1/9/158 1182/8/158 1190/8/158 1189/9/158
f 1187/6/128 1/9/128 1189/9/128 1195/6/128
f 582/19/57 1183/18/57 1191/18/57 777/19/57
f 1182/8/21 1188/7/21 1196/7/21 1190/8/21
f 1184/2/128 3/5/128 1194/5/128 1193/2/128
f 1197/1/1 1198/1/1 1201/1/1 1199/1/1
f 1198/1/1 1206/1/1 1203/1/1 1201/1/1
f 1206/1/1 1207/1/1 1205/1/1 1203/1/1
f 1205/1/1 1207/1/1 1208/1/1 1210/1/1
f 1209/1/1 1212/1/1 1210/1/1 1208/1/1
f 1214/1/1 1212/1/1 1209/1/1 1217/1/1
f 1216/1/1 1214/1/1 1217/1/1 1218/1/1
f 1219/1/1 1221/1/1 1216/1/1 1218/1/1
f 1219/1/1 1220/1/1 1223/1/1 1221/1/1
f 1228/1/1 1225/1/1 1223/1/1 1220/1/1
f 1229/1/1 1227/1/1 1225/1/1 1228/1/1
f 1227/1/1 1229/1/1 1230/1/1 1232/1/1
f 1230/1/1 1231/1/1 1234/1/1 1232/1/1
f 1239/1/1 1236/1/1 1234/1/1 1231/1/1
f 1240/1/1 1238/1/1 1236/1/1 1239/1/1
f 1238/1/1 1240/1/1 1241/1/1 1243/1/1
f 1241/1/1 1242/1/1 1245/1/1 1243/1/1
f 1250/1/1 1247/1/1 1245/1/1 1242/1/1
f 1251/1/1 1249/1/1 1247/1/1 1250/1/1
f 1249/1/1 1251/1/1 1252/1/1 1254/1/1
f 1253/1/1 1256/1/1 1254/1/1 1252/1/1
f 1258/1/1 1256/1/1 1253/1/1 1261/1/1
f 1260/1/1 1258/1/1 1261/1/1 1262/1/1
f 1263/1/1 1265/1/1 1260/1/1 1262/1/1
f 1263/1/1 1264/1/1 1267/1/1 1265/1/1
f 1272/1/1 1269/1/1 1267/1/1 1264/1/1
f 1273/1/1 1271/1/1 1269/1/1 1272/1/1
f 1271/1/1 1273/1/1 1274/1/1 1276/1/1
f 1275/1/1 1278/1/1 1276/1/1 1274/1/1
f 1278/1/1 1275/1/1 1283/1/1 1280/1/1
f 1280/1/1 1283/1/1 1284/1/1 1281/1/1
f 1285/1/1 1281/1/1 1284/1/1 1169/1/1
f 1173/1/1 1287/1/1 1286/1/1 1170/1/1
f 1289/1/1 1282/1/1 1286/1/1 1287/1/1
f 1291/1/1 1279/1/1 1282/1/1 1289/1/1
f 1279/1/1 1291/1/1 1293/1/1 1277/1/1
f 1295/1/1 1298/1/1 1277/1/1 1293/1/1
f 1298/1/1 1295/1/1 1297/1/1 1270/1/1
f 1270/1/1 1297/1/1 1300/1/1 1268/1/1
f 1266/1/1 1268/1/1 1300/1/1 1302/1/1
f 1266/1/1 1302/1/1 1304/1/1 1307/1/1
f 1304/1/1 1306/1/1 1259/1/1 1307/1/1
f 1306/1/1 1309/1/1 1257/1/1 1259/1/1
f 1257/1/1 1309/1/1 1311/1/1 1255/1/1
f 1313/1/1 1316/1/1 1255/1/1 1311/1/1
f 1316/1/1 1313/1/1 1315/1/1 1248/1/1
f 1248/1/1 1315/1/1 1318/1/1 1246/1/1
f 1244/1/1 1246/1/1 1318/1/1 1320/1/1
f 1322/1/1 1325/1/1 1244/1/1 1320/1/1
f 1325/1/1 1322/1/1 1324/1/1 1237/1/1
f 1237/1/1 1324/1/1 1327/1/1 1235/1/1
f 1233/1/1 1235/1/1 1327/1/1 1329/1/1
f 1331/1/1 1334/1/1 1233/1/1 1329/1/1
f 1334/1/1 1331/1/1 1333/1/1 1226/1/1
f 1226/1/1 1333/1/1 1336/1/1 1224/1/1
f 1222/1/1 1224/1/1 1336/1/1 1338/1/1
f 1222/1/1 1338/1/1 1340/1/1 1343/1/1
f 1340/1/1 1342/1/1 1215/1/1 1343/1/1
f 1342/1/1 1345/1/1 1213/1/1 1215/1/1
f 1213/1/1 1345/1/1 1347/1/1 1211/1/1
f 1349/1/1 1352/1/1 1211/1/1 1347/1/1
f 1204/1/1 1352/1/1 1349/1/1 1351/1/1
f 1202/1/1 1204/1/1 1351/1/1 1354/1/1
f 1200/1/1 1202/1/1 1354/1/1 1356/1/1
f 1357/1/1 1355/1/1 1359/1/1 1358/1/1
f 1355/1/1 1353/1/1 1360/1/1 1359/1/1
f 1353/1/1 1350/1/1 1361/1/1 1360/1/1
f 1361/1/1 1350/1/1 1348/1/1 1362/1/1
f 1346/1/1 1363/1/1 1362/1/1 1348/1/1
f 1364/1/1 1363/1/1 1346/1/1 1344/1/1
f 1365/1/1 1364/1/1 1344/1/1 1341/1/1
f 1339/1/1 1366/1/1 1365/1/1 1341/1/1
f 1339/1/1 1337/1/1 1367/1/1 1366/1/1
f 1335/1/1 1368/1/1 1367/1/1 1337/1/1
f 1332/1/1 1369/1/1 1368/1/1 1335/1/1
f 1369/1/1 1332/1/1 1330/1/1 1370/1/1
f 1330/1/1 1328/1/1 1371/1/1 1370/1/1
f 1326/1/1 1372/1/1 1371/1/1 1328/1/1
f 1323/1/1 1373/1/1 1372/1/1 1326/1/1
f 1373/1/1 1323/1/1 1321/1/1 1374/1/1
f 1321/1/1 1319/1/1 1375/1/1 1374/1/1
f 1317/1/1 1376/1/1 1375/1/1 1319/1/1
f 1314/1/1 1377/1/1 1376/1/1 1317/1/1
f 1377/1/1 1314/1/1 1312/1/1 1378/1/1
f 1310/1/1 1379/1/1 1378/1/1 1312/1/1
f 1380/1/1 1379/1/1 1310/1/1 1308/1/1
f 1381/1/1 1380/1/1 1308/1/1 1305/1/1
f 1303/1/1 1382/1/1 1381/1/1 1305/1/1
f 1303/1/1 1301/1/1 1383/1/1 1382/1/1
f 1299/1/1 1384/1/1 1383/1/1 1301/1/1
f 1296/1/1 1385/1/1 1384/1/1 1299/1/1
f 1385/1/1 1296/1/1 1294/1/1 1386/1/1
f 1292/1/1 1387/1/1 1386/1/1 1294/1/1
f 1387/1/1 1292/1/1 1290/1/1 1388/1/1
f 1388/1/1 1290/1/1 1288/1/1 1389/1/1
f 1168/1/1 1389/1/1 1288/1/1 1172/1/1
f 1390/1/2 280/1/2 1393/1/2 1391/1/2
f 1391/1/2 1393/1/2 1395/1/2 1398/1/2
f 1398/1/2 1395/1/2 1397/1/2 1399/1/2
f 1397/1/2 1402/1/2 1400/1/2 1399/1/2
f 1401/1/2 1400/1/2 1402/1/2 1404/1/2
f 1406/1/2 1409/1/2 1401/1/2 1404/1/2
f 1408/1/2 1410/1/2 1409/1/2 1406/1/2
f 1411/1/2 1410/1/2 1408/1/2 1413/1/2
f 1411/1/2 1413/1/2 1415/1/2 1412/1/2
f 1420/1/2 1412/1/2 1415/1/2 1417/1/2
f 1421/1/2 1420/1/2 1417/1/2 1419/1/2
f 1419/1/2 1424/1/2 1422/1/2 1421/1/2
f 1422/1/2 1424/1/2 1426/1/2 1423/1/2
f 1431/1/2 1423/1/2 1426/1/2 1428/1/2
f 1432/1/2 1431/1/2 1428/1/2 1430/1/2
f 1430/1/2 1435/1/2 1433/1/2 1432/1/2
f 1433/1/2 1435/1/2 1437/1/2 1434/1/2
f 1442/1/2 1434/1/2 1437/1/2 1439/1/2
f 1443/1/2 1442/1/2 1439/1/2 1441/1/2
f 1441/1/2 1446/1/2 1444/1/2 1443/1/2
f 1445/1/2 1444/1/2 1446/1/2 1448/1/2
f 1450/1/2 1453/1/2 1445/1/2 1448/1/2
f 1452/1/2 1454/1/2 1453/1/2 1450/1/2
f 1455/1/2 1454/1/2 1452/1/2 1457/1/2
f 1455/1/2 1457/1/2 1459/1/2 1456/1/2
f 1464/1/2 1456/1/2 1459/1/2 1461/1/2
f 1465/1/2 1464/1/2 1461/1/2 1463/1/2
f 1463/1/2 1468/1/2 1466/1/2 1465/1/2
f 1467/1/2 1466/1/2 1468/1/2 1470/1/2
f 1470/1/2 1472/1/2 1475/1/2 1467/1/2
f 1472/1/2 1473/1/2 1476/1/2 1475/1/2
f 1478/1/2 1477/1/2 1476/1/2 1473/1/2
f 1179/1/2 1479/1/2 1480/1/2 1482/1/2
f 1484/1/2 1482/1/2 1480/1/2 1474/1/2
f 1486/1/2 1484/1/2 1474/1/2 1471/1/2
f 1471/1/2 1469/1/2 1488/1/2 1486/1/2
f 1490/1/2 1488/1/2 1469/1/2 1493/1/2
f 1493/1/2 1462/1/2 1492/1/2 1490/1/2
f 1462/1/2 1460/1/2 1495/1/2 1492/1/2
f 1458/1/2 1497/1/2 1495/1/2 1460/1/2
f 1458/1/2 1502/1/2 1499/1/2 1497/1/2
f 1499/1/2 1502/1/2 1451/1/2 1501/1/2
f 1501/1/2 1451/1/2 1449/1/2 1504/1/2
f 1449/1/2 1447/1/2 1506/1/2 1504/1/2
f 1508/1/2 1506/1/2 1447/1/2 1511/1/2
f 1511/1/2 1440/1/2 1510/1/2 1508/1/2
f 1440/1/2 1438/1/2 1513/1/2 1510/1/2
f 1436/1/2 1515/1/2 1513/1/2 1438/1/2
f 1517/1/2 1515/1/2 1436/1/2 1520/1/2
f 1520/1/2 1429/1/2 1519/1/2 1517/1/2
f 1429/1/2 1427/1/2 1522/1/2 1519/1/2
f 1425/1/2 1524/1/2 1522/1/2 1427/1/2
f 1526/1/2 1524/1/2 1425/1/2 1529/1/2
f 1529/1/2 1418/1/2 1528/1/2 1526/1/2
f 1418/1/2 1416/1/2 1531/1/2 1528/1/2
f 1414/1/2 1533/1/2 1531/1/2 1416/1/2
f 1414/1/2 1538/1/2 1535/1/2 1533/1/2
f 1535/1/2 1538/1/2 1407/1/2 1537/1/2
f 1537/1/2 1407/1/2 1405/1/2 1540/1/2
f 1405/1/2 1403/1/2 1542/1/2 1540/1/2
f 1544/1/2 1542/1/2 1403/1/2 1547/1/2
f 1396/1/2 1546/1/2 1544/1/2 1547/1/2
f 1394/1/2 1549/1/2 1546/1/2 1396/1/2
f 1392/1/2 1551/1/2 1549/1/2 1394/1/2
f 1552/1/2 1553/1/2 1554/1/2 1550/1/2
f 1550/1/2 1554/1/2 1555/1/2 1548/1/2
f 1548/1/2 1555/1/2 1556/1/2 1545/1/2
f 1556/1/2 1557/1/2 1543/1/2 1545/1/2
f 1541/1/2 1543/1/2 1557/1/2 1558/1/2
f 1559/1/2 1539/1/2 1541/1/2 1558/1/2
f 1560/1/2 1536/1/2 1539/1/2 1559/1/2
f 1534/1/2 1536/1/2 1560/1/2 1561/1/2
f 1534/1/2 1561/1/2 1562/1/2 1532/1/2
f 1530/1/2 1532/1/2 1562/1/2 1563/1/2
f 1527/1/2 1530/1/2 1563/1/2 1564/1/2
f 1564/1/2 1565/1/2 1525/1/2 1527/1/2
f 1525/1/2 1565/1/2 1566/1/2 1523/1/2
f 1521/1/2 1523/1/2 1566/1/2 1567/1/2
f 1518/1/2 1521/1/2 1567/1/2 1568/1/2
f 1568/1/2 1569/1/2 1516/1/2 1518/1/2
f 1516/1/2 1569/1/2 1570/1/2 1514/1/2
f 1512/1/2 1514/1/2 1570/1/2 1571/1/2
f 1509/1/2 1512/1/2 1571/1/2 1572/1/2
f 1572/1/2 1573/1/2 1507/1/2 1509/1/2
f 1505/1/2 1507/1/2 1573/1/2 1574/1/2
f 1575/1/2 1503/1/2 1505/1/2 1574/1/2
f 1576/1/2 1500/1/2 1503/1/2 1575/1/2
f 1498/1/2 1500/1/2 1576/1/2 1577/1/2
f 1498/1/2 1577/1/2 1578/1/2 1496/1/2
f 1494/1/2 1496/1/2 1578/1/2 1579/1/2
f 1491/1/2 1494/1/2 1579/1/2 1580/1/2
f 1580/1/2 1581/1/2 1489/1/2 1491/1/2
f 1487/1/2 1489/1/2 1581/1/2 1582/1/2
f 1582/1/2 1583/1/2 1485/1/2 1487/1/2
f 1583/1/2 1584/1/2 1483/1/2 1485/1/2
f 1176/1/2 1481/1/2 1483/1/2 1584/1/2
f 1273/1/159 1272/1/160 1464/1/160 1465/1/159
f 1379/1/99 1380/1/98 1575/1/98 1574/1/99
f 1366/1/87 1367/1/92 1562/1/92 1561/1/87
f 1274/1/161 1273/1/159 1465/1/159 1466/1/161
f 1380/1/98 1381/1/103 1576/1/103 1575/1/98
f 1217/1/132 1209/1/127 1401/1/127 1409/1/132
f 1367/1/92 1368/1/123 1563/1/123 1562/1/92
f 1275/1/162 1274/1/161 1466/1/161 1467/1/162
f 1218/1/136 1217/1/132 1409/1/132 1410/1/136
f 1198/1/105 1197/1/104 1390/1/104 1391/1/105
f 1381/1/103 1382/1/106 1577/1/106 1576/1/103
f 1219/1/75 1218/1/136 1410/1/136 1411/1/75
f 1368/1/123 1369/1/125 1564/1/125 1563/1/123
f 1239/1/102 1231/1/97 1423/1/97 1431/1/102
f 1382/1/106 1383/1/163 1578/1/163 1577/1/106
f 1220/1/76 1219/1/75 1411/1/75 1412/1/76
f 1369/1/125 1370/1/129 1565/1/129 1564/1/125
f 1240/1/108 1239/1/102 1431/1/102 1432/1/108
f 1241/1/114 1240/1/108 1432/1/108 1433/1/114
f 1383/1/163 1384/1/164 1579/1/164 1578/1/163
f 1370/1/129 1371/1/90 1566/1/90 1565/1/129
f 1200/1/158 1356/1/158 1551/1/158 1392/1/158
f 1261/1/74 1253/1/73 1445/1/73 1453/1/74
f 1242/1/165 1241/1/114 1433/1/114 1434/1/165
f 1384/1/164 1385/1/166 1580/1/166 1579/1/164
f 1371/1/90 1372/1/89 1567/1/89 1566/1/90
f 1357/1/158 1358/1/158 1553/1/158 1552/1/158
f 1262/1/78 1261/1/74 1453/1/74 1454/1/78
f 1358/1/85 1359/1/84 1554/1/84 1553/1/85
f 1263/1/86 1262/1/78 1454/1/78 1455/1/86
f 1385/1/166 1386/1/167 1581/1/167 1580/1/166
f 1372/1/89 1373/1/94 1568/1/94 1567/1/89
f 1359/1/84 1360/1/110 1555/1/110 1554/1/84
f 1206/1/109 1198/1/105 1391/1/105 1398/1/109
f 1283/1/168 1275/1/162 1467/1/162 1475/1/168
f 1264/1/169 1263/1/86 1455/1/86 1456/1/169
f 1386/1/167 1387/1/170 1582/1/170 1581/1/167
f 1373/1/94 1374/1/95 1569/1/95 1568/1/94
f 1207/1/117 1206/1/109 1398/1/109 1399/1/117
f 1284/1/171 1283/1/168 1475/1/168 1476/1/171
f 1360/1/110 1361/1/115 1556/1/115 1555/1/110
f 1208/1/122 1207/1/117 1399/1/117 1400/1/122
f 1169/1/172 1284/1/171 1476/1/171 1477/1/172
f 1387/1/170 1388/1/173 1583/1/173 1582/1/170
f 1374/1/95 1375/1/174 1570/1/174 1569/1/95
f 1361/1/115 1362/1/118 1557/1/118 1556/1/115
f 1228/1/81 1220/1/76 1412/1/76 1420/1/81
f 1209/1/127 1208/1/122 1400/1/122 1401/1/127
f 1388/1/173 1389/1/175 1584/1/175 1583/1/173
f 1229/1/88 1228/1/81 1420/1/81 1421/1/88
f 1375/1/174 1376/1/133 1571/1/133 1570/1/174
f 1362/1/118 1363/1/80 1558/1/80 1557/1/118
f 1230/1/93 1229/1/88 1421/1/88 1422/1/93
f 1389/1/175 1168/1/176 1176/1/176 1584/1/175
f 1376/1/133 1377/1/134 1572/1/134 1571/1/133
f 1363/1/80 1364/1/79 1559/1/79 1558/1/80
f 1250/1/126 1242/1/165 1434/1/165 1442/1/126
f 1231/1/97 1230/1/93 1422/1/93 1423/1/97
f 1251/1/131 1250/1/126 1442/1/126 1443/1/131
f 1377/1/134 1378/1/137 1573/1/137 1572/1/134
f 1364/1/79 1365/1/83 1560/1/83 1559/1/79
f 1252/1/135 1251/1/131 1443/1/131 1444/1/135
f 1378/1/137 1379/1/99 1574/1/99 1573/1/137
f 1365/1/83 1366/1/87 1561/1/87 1560/1/83
f 1272/1/160 1264/1/169 1456/1/169 1464/1/160
f 1253/1/73 1252/1/135 1444/1/135 1445/1/73
usemtl White
f 5/1/1 4/1/1 6/1/1 7/1/1
f 13/1/1 14/1/1 156/1/1 8/1/1
f 17/1/1 18/1/1 16/1/1 15/1/1
f 147/1/1 19/1/1 24/1/1 25/1/1
f 27/1/1 26/1/1 28/1/1 29/1/1
f 35/1/1 36/1/1 138/1/1 30/1/1
f 38/1/1 37/1/1 39/1/1 40/1/1
f 46/1/1 47/1/1 129/1/1 41/1/1
f 49/1/1 48/1/1 50/1/1 51/1/1
f 57/1/1 58/1/1 120/1/1 52/1/1
f 61/1/1 62/1/1 60/1/1 59/1/1
f 111/1/1 63/1/1 68/1/1 69/1/1
f 71/1/1 70/1/1 72/1/1 73/1/1
f 79/1/1 80/1/1 102/1/1 74/1/1
f 83/1/1 85/1/1 82/1/1 81/1/1
f 1199/1/1 1200/1/1 88/1/1 84/1/1
f 89/1/1 90/1/1 92/1/1 91/1/1
f 91/1/1 92/1/1 94/1/1 93/1/1
f 93/1/1 94/1/1 96/1/1 95/1/1
f 98/1/1 97/1/1 95/1/1 96/1/1
f 97/1/1 98/1/1 100/1/1 99/1/1
f 103/1/1 101/1/1 99/1/1 100/1/1
f 105/1/1 104/1/1 101/1/1 103/1/1
f 107/1/1 106/1/1 104/1/1 105/1/1
f 109/1/1 108/1/1 106/1/1 107/1/1
f 108/1/1 109/1/1 112/1/1 110/1/1
f 110/1/1 112/1/1 114/1/1 113/1/1
f 116/1/1 115/1/1 113/1/1 114/1/1
f 115/1/1 116/1/1 118/1/1 117/1/1
f 121/1/1 119/1/1 117/1/1 118/1/1
f 123/1/1 122/1/1 119/1/1 121/1/1
f 125/1/1 124/1/1 122/1/1 123/1/1
f 124/1/1 125/1/1 127/1/1 126/1/1
f 130/1/1 128/1/1 126/1/1 127/1/1
f 132/1/1 131/1/1 128/1/1 130/1/1
f 134/1/1 133/1/1 131/1/1 132/1/1
f 133/1/1 134/1/1 136/1/1 135/1/1
f 139/1/1 137/1/1 135/1/1 136/1/1
f 141/1/1 140/1/1 137/1/1 139/1/1
f 143/1/1 142/1/1 140/1/1 141/1/1
f 145/1/1 144/1/1 142/1/1 143/1/1
f 144/1/1 145/1/1 148/1/1 146/1/1
f 146/1/1 148/1/1 150/1/1 149/1/1
f 152/1/1 151/1/1 149/1/1 150/1/1
f 151/1/1 152/1/1 154/1/1 153/1/1
f 157/1/1 155/1/1 153/1/1 154/1/1
f 159/1/1 158/1/1 155/1/1 157/1/1
f 161/1/1 160/1/1 158/1/1 159/1/1
f 197/1/2 199/1/2 198/1/2 196/1/2
f 205/1/2 200/1/2 349/1/2 206/1/2
f 209/1/2 207/1/2 208/1/2 210/1/2
f 340/1/2 217/1/2 216/1/2 211/1/2
f 219/1/2 221/1/2 220/1/2 218/1/2
f 227/1/2 222/1/2 331/1/2 228/1/2
f 230/1/2 232/1/2 231/1/2 229/1/2
f 238/1/2 233/1/2 322/1/2 239/1/2
f 241/1/2 243/1/2 242/1/2 240/1/2
f 249/1/2 244/1/2 313/1/2 250/1/2
f 253/1/2 251/1/2 252/1/2 254/1/2
f 304/1/2 261/1/2 260/1/2 255/1/2
f 263/1/2 265/1/2 264/1/2 262/1/2
f 271/1/2 266/1/2 295/1/2 272/1/2
f 275/1/2 273/1/2 274/1/2 277/1/2
f 280/1/2 276/1/2 281/1/2 1392/1/2
f 282/1/2 284/1/2 285/1/2 283/1/2
f 284/1/2 286/1/2 287/1/2 285/1/2
f 286/1/2 288/1/2 289/1/2 287/1/2
f 291/1/2 289/1/2 288/1/2 290/1/2
f 290/1/2 292/1/2 293/1/2 291/1/2
f 296/1/2 293/1/2 292/1/2 294/1/2
f 298/1/2 296/1/2 294/1/2 297/1/2
f 300/1/2 298/1/2 297/1/2 299/1/2
f 302/1/2 300/1/2 299/1/2 301/1/2
f 301/1/2 303/1/2 305/1/2 302/1/2
f 303/1/2 306/1/2 307/1/2 305/1/2
f 309/1/2 307/1/2 306/1/2 308/1/2
f 308/1/2 310/1/2 311/1/2 309/1/2
f 314/1/2 311/1/2 310/1/2 312/1/2
f 316/1/2 314/1/2 312/1/2 315/1/2
f 318/1/2 316/1/2 315/1/2 317/1/2
f 317/1/2 319/1/2 320/1/2 318/1/2
f 323/1/2 320/1/2 319/1/2 321/1/2
f 325/1/2 323/1/2 321/1/2 324/1/2
f 327/1/2 325/1/2 324/1/2 326/1/2
f 326/1/2 328/1/2 329/1/2 327/1/2
f 332/1/2 329/1/2 328/1/2 330/1/2
f 334/1/2 332/1/2 330/1/2 333/1/2
f 336/1/2 334/1/2 333/1/2 335/1/2
f 338/1/2 336/1/2 335/1/2 337/1/2
f 337/1/2 339/1/2 341/1/2 338/1/2
f 339/1/2 342/1/2 343/1/2 341/1/2
f 345/1/2 343/1/2 342/1/2 344/1/2
f 344/1/2 346/1/2 347/1/2 345/1/2
f 350/1/2 347/1/2 346/1/2 348/1/2
f 352/1/2 350/1/2 348/1/2 351/1/2
f 354/1/2 352/1/2 351/1/2 353/1/2
f 160/1/21 161/1/21 354/1/21 353/1/21
f 1200/1/57 1199/1/57 280/1/57 1392/1/57
f 90/1/57 89/1/57 282/1/57 283/1/57
f 393/1/1 392/1/1 394/1/1 395/1/1
f 401/1/1 402/1/1 544/1/1 396/1/1
f 405/1/1 406/1/1 404/1/1 403/1/1
f 535/1/1 407/1/1 412/1/1 413/1/1
f 415/1/1 414/1/1 416/1/1 417/1/1
f 423/1/1 424/1/1 526/1/1 418/1/1
f 426/1/1 425/1/1 427/1/1 428/1/1
f 434/1/1 435/1/1 517/1/1 429/1/1
f 437/1/1 436/1/1 438/1/1 439/1/1
f 445/1/1 446/1/1 508/1/1 440/1/1
f 449/1/1 450/1/1 448/1/1 447/1/1
f 499/1/1 451/1/1 456/1/1 457/1/1
f 459/1/1 458/1/1 460/1/1 461/1/1
f 467/1/1 468/1/1 490/1/1 462/1/1
f 471/1/1 473/1/1 470/1/1 469/1/1
f 1188/1/1 476/1/1 477/1/1 472/1/1
f 1186/1/1 478/1/1 480/1/1 479/1/1
f 479/1/1 480/1/1 482/1/1 481/1/1
f 481/1/1 482/1/1 484/1/1 483/1/1
f 486/1/1 485/1/1 483/1/1 484/1/1
f 485/1/1 486/1/1 488/1/1 487/1/1
f 491/1/1 489/1/1 487/1/1 488/1/1
f 493/1/1 492/1/1 489/1/1 491/1/1
f 495/1/1 494/1/1 492/1/1 493/1/1
f 497/1/1 496/1/1 494/1/1 495/1/1
f 496/1/1 497/1/1 500/1/1 498/1/1
f 498/1/1 500/1/1 502/1/1 501/1/1
f 504/1/1 503/1/1 501/1/1 502/1/1
f 503/1/1 504/1/1 506/1/1 505/1/1
f 509/1/1 507/1/1 505/1/1 506/1/1
f 511/1/1 510/1/1 507/1/1 509/1/1
f 513/1/1 512/1/1 510/1/1 511/1/1
f 512/1/1 513/1/1 515/1/1 514/1/1
f 518/1/1 516/1/1 514/1/1 515/1/1
f 520/1/1 519/1/1 516/1/1 518/1/1
f 522/1/1 521/1/1 519/1/1 520/1/1
f 521/1/1 522/1/1 524/1/1 523/1/1
f 527/1/1 525/1/1 523/1/1 524/1/1
f 529/1/1 528/1/1 525/1/1 527/1/1
f 531/1/1 530/1/1 528/1/1 529/1/1
f 533/1/1 532/1/1 530/1/1 531/1/1
f 532/1/1 533/1/1 536/1/1 534/1/1
f 534/1/1 536/1/1 538/1/1 537/1/1
f 540/1/1 539/1/1 537/1/1 538/1/1
f 539/1/1 540/1/1 542/1/1 541/1/1
f 545/1/1 543/1/1 541/1/1 542/1/1
f 547/1/1 546/1/1 543/1/1 545/1/1
f 549/1/1 548/1/1 546/1/1 547/1/1
f 587/1/2 589/1/2 588/1/2 586/1/2
f 595/1/2 590/1/2 739/1/2 596/1/2
f 599/1/2 597/1/2 598/1/2 600/1/2
f 730/1/2 607/1/2 606/1/2 601/1/2
f 609/1/2 611/1/2 610/1/2 608/1/2
f 617/1/2 612/1/2 721/1/2 618/1/2
f 620/1/2 622/1/2 621/1/2 619/1/2
f 628/1/2 623/1/2 712/1/2 629/1/2
f 631/1/2 633/1/2 632/1/2 630/1/2
f 639/1/2 634/1/2 703/1/2 640/1/2
f 643/1/2 641/1/2 642/1/2 644/1/2
f 694/1/2 651/1/2 650/1/2 645/1/2
f 653/1/2 655/1/2 654/1/2 652/1/2
f 661/1/2 656/1/2 685/1/2 662/1/2
f 665/1/2 663/1/2 664/1/2 667/1/2
f 1196/1/2 666/1/2 671/1/2 670/1/2
f 672/1/2 674/1/2 675/1/2 673/1/2
f 674/1/2 676/1/2 677/1/2 675/1/2
f 676/1/2 678/1/2 679/1/2 677/1/2
f 681/1/2 679/1/2 678/1/2 680/1/2
f 680/1/2 682/1/2 683/1/2 681/1/2
f 686/1/2 683/1/2 682/1/2 684/1/2
f 688/1/2 686/1/2 684/1/2 687/1/2
f 690/1/2 688/1/2 687/1/2 689/1/2
f 692/1/2 690/1/2 689/1/2 691/1/2
f 691/1/2 693/1/2 695/1/2 692/1/2
f 693/1/2 696/1/2 697/1/2 695/1/2
f 699/1/2 697/1/2 696/1/2 698/1/2
f 698/1/2 700/1/2 701/1/2 699/1/2
f 704/1/2 701/1/2 700/1/2 702/1/2
f 706/1/2 704/1/2 702/1/2 705/1/2
f 708/1/2 706/1/2 705/1/2 707/1/2
f 707/1/2 709/1/2 710/1/2 708/1/2
f 713/1/2 710/1/2 709/1/2 711/1/2
f 715/1/2 713/1/2 711/1/2 714/1/2
f 717/1/2 715/1/2 714/1/2 716/1/2
f 716/1/2 718/1/2 719/1/2 717/1/2
f 722/1/2 719/1/2 718/1/2 720/1/2
f 724/1/2 722/1/2 720/1/2 723/1/2
f 726/1/2 724/1/2 723/1/2 725/1/2
f 728/1/2 726/1/2 725/1/2 727/1/2
f 727/1/2 729/1/2 731/1/2 728/1/2
f 729/1/2 732/1/2 733/1/2 731/1/2
f 735/1/2 733/1/2 732/1/2 734/1/2
f 734/1/2 736/1/2 737/1/2 735/1/2
f 740/1/2 737/1/2 736/1/2 738/1/2
f 742/1/2 740/1/2 738/1/2 741/1/2
f 744/1/2 742/1/2 741/1/2 743/1/2
f 548/1/57 549/1/57 744/1/57 743/1/57
f 476/1/128 1188/1/128 1196/1/128 670/1/128
f 478/1/128 1186/1/128 672/1/128 673/1/128
f 782/1/1 781/1/1 783/1/1 784/1/1
f 790/1/1 791/1/1 933/1/1 785/1/1
f 794/1/1 795/1/1 793/1/1 792/1/1
f 924/1/1 796/1/1 801/1/1 802/1/1
f 804/1/1 803/1/1 805/1/1 806/1/1
f 812/1/1 813/1/1 915/1/1 807/1/1
f 815/1/1 814/1/1 816/1/1 817/1/1
f 823/1/1 824/1/1 906/1/1 818/1/1
f 826/1/1 825/1/1 827/1/1 828/1/1
f 834/1/1 835/1/1 897/1/1 829/1/1
f 838/1/1 839/1/1 837/1/1 836/1/1
f 888/1/1 840/1/1 845/1/1 846/1/1
f 848/1/1 847/1/1 849/1/1 850/1/1
f 856/1/1 857/1/1 879/1/1 851/1/1
f 860/1/1 862/1/1 859/1/1 858/1/1
f 390/1/1 391/1/1 865/1/1 861/1/1
f 866/1/1 867/1/1 869/1/1 868/1/1
f 868/1/1 869/1/1 871/1/1 870/1/1
f 870/1/1 871/1/1 873/1/1 872/1/1
f 875/1/1 874/1/1 872/1/1 873/1/1
f 874/1/1 875/1/1 877/1/1 876/1/1
f 880/1/1 878/1/1 876/1/1 877/1/1
f 882/1/1 881/1/1 878/1/1 880/1/1
f 884/1/1 883/1/1 881/1/1 882/1/1
f 886/1/1 885/1/1 883/1/1 884/1/1
f 885/1/1 886/1/1 889/1/1 887/1/1
f 887/1/1 889/1/1 891/1/1 890/1/1
f 893/1/1 892/1/1 890/1/1 891/1/1
f 892/1/1 893/1/1 895/1/1 894/1/1
f 898/1/1 896/1/1 894/1/1 895/1/1
f 900/1/1 899/1/1 896/1/1 898/1/1
f 902/1/1 901/1/1 899/1/1 900/1/1
f 901/1/1 902/1/1 904/1/1 903/1/1
f 907/1/1 905/1/1 903/1/1 904/1/1
f 909/1/1 908/1/1 905/1/1 907/1/1
f 911/1/1 910/1/1 908/1/1 909/1/1
f 910/1/1 911/1/1 913/1/1 912/1/1
f 916/1/1 914/1/1 912/1/1 913/1/1
f 918/1/1 917/1/1 914/1/1 916/1/1
f 920/1/1 919/1/1 917/1/1 918/1/1
f 922/1/1 921/1/1 919/1/1 920/1/1
f 921/1/1 922/1/1 925/1/1 923/1/1
f 923/1/1 925/1/1 927/1/1 926/1/1
f 929/1/1 928/1/1 926/1/1 927/1/1
f 928/1/1 929/1/1 931/1/1 930/1/1
f 934/1/1 932/1/1 930/1/1 931/1/1
f 936/1/1 935/1/1 932/1/1 934/1/1
f 938/1/1 937/1/1 935/1/1 936/1/1
f 976/1/2 978/1/2 977/1/2 975/1/2
f 984/1/2 979/1/2 1128/1/2 985/1/2
f 988/1/2 986/1/2 987/1/2 989/1/2
f 1119/1/2 996/1/2 995/1/2 990/1/2
f 998/1/2 1000/1/2 999/1/2 997/1/2
f 1006/1/2 1001/1/2 1110/1/2 1007/1/2
f 1009/1/2 1011/1/2 1010/1/2 1008/1/2
f 1017/1/2 1012/1/2 1101/1/2 1018/1/2
f 1020/1/2 1022/1/2 1021/1/2 1019/1/2
f 1028/1/2 1023/1/2 1092/1/2 1029/1/2
f 1032/1/2 1030/1/2 1031/1/2 1033/1/2
f 1083/1/2 1040/1/2 1039/1/2 1034/1/2
f 1042/1/2 1044/1/2 1043/1/2 1041/1/2
f 1050/1/2 1045/1/2 1074/1/2 1051/1/2
f 1054/1/2 1052/1/2 1053/1/2 1056/1/2
f 1059/1/2 1055/1/2 1060/1/2 585/1/2
f 1061/1/2 1063/1/2 1064/1/2 1062/1/2
f 1063/1/2 1065/1/2 1066/1/2 1064/1/2
f 1065/1/2 1067/1/2 1068/1/2 1066/1/2
f 1070/1/2 1068/1/2 1067/1/2 1069/1/2
f 1069/1/2 1071/1/2 1072/1/2 1070/1/2
f 1075/1/2 1072/1/2 1071/1/2 1073/1/2
f 1077/1/2 1075/1/2 1073/1/2 1076/1/2
f 1079/1/2 1077/1/2 1076/1/2 1078/1/2
f 1081/1/2 1079/1/2 1078/1/2 1080/1/2
f 1080/1/2 1082/1/2 1084/1/2 1081/1/2
f 1082/1/2 1085/1/2 1086/1/2 1084/1/2
f 1088/1/2 1086/1/2 1085/1/2 1087/1/2
f 1087/1/2 1089/1/2 1090/1/2 1088/1/2
f 1093/1/2 1090/1/2 1089/1/2 1091/1/2
f 1095/1/2 1093/1/2 1091/1/2 1094/1/2
f 1097/1/2 1095/1/2 1094/1/2 1096/1/2
f 1096/1/2 1098/1/2 1099/1/2 1097/1/2
f 1102/1/2 1099/1/2 1098/1/2 1100/1/2
f 1104/1/2 1102/1/2 1100/1/2 1103/1/2
f 1106/1/2 1104/1/2 1103/1/2 1105/1/2
f 1105/1/2 1107/1/2 1108/1/2 1106/1/2
f 1111/1/2 1108/1/2 1107/1/2 1109/1/2
f 1113/1/2 1111/1/2 1109/1/2 1112/1/2
f 1115/1/2 1113/1/2 1112/1/2 1114/1/2
f 1117/1/2 1115/1/2 1114/1/2 1116/1/2
f 1116/1/2 1118/1/2 1120/1/2 1117/1/2
f 1118/1/2 1121/1/2 1122/1/2 1120/1/2
f 1124/1/2 1122/1/2 1121/1/2 1123/1/2
f 1123/1/2 1125/1/2 1126/1/2 1124/1/2
f 1129/1/2 1126/1/2 1125/1/2 1127/1/2
f 1131/1/2 1129/1/2 1127/1/2 1130/1/2
f 1133/1/2 1131/1/2 1130/1/2 1132/1/2
f 937/1/128 938/1/128 1133/1/128 1132/1/128
f 867/1/158 866/1/158 1061/1/158 1062/1/158
f 1170/10/1 1285/11/1 1171/12/1 780/13/1
f 1172/14/1 1173/15/1 1174/16/1 1175/17/1
f 1479/10/2 974/13/2 1178/12/2 1478/11/2
f 1481/14/2 1180/17/2 1181/16/2 1179/15/2
f 1285/11/128 1170/10/128 1479/10/128 1478/11/128
f 1173/15/128 1172/14/128 1481/14/128 1179/15/128
f 1175/17/21 1174/16/21 1181/16/21 1180/17/21
f 1184/10/1 1185/11/1 478/12/1 1186/13/1
f 1187/14/1 3/15/1 476/16/1 1188/17/1
f 1193/10/2 672/13/2 673/12/2 1192/11/2
f 1195/14/2 1196/17/2 670/16/2 1194/15/2
f 1185/11/128 1184/10/128 1193/10/128 1192/11/128
f 1202/1/1 1201/1/1 1203/1/1 1204/1/1
f 1210/1/1 1211/1/1 1352/1/1 1205/1/1
f 1214/1/1 1215/1/1 1213/1/1 1212/1/1
f 1343/1/1 1216/1/1 1221/1/1 1222/1/1
f 1224/1/1 1223/1/1 1225/1/1 1226/1/1
f 1232/1/1 1233/1/1 1334/1/1 1227/1/1
f 1235/1/1 1234/1/1 1236/1/1 1237/1/1
f 1243/1/1 1244/1/1 1325/1/1 1238/1/1
f 1246/1/1 1245/1/1 1247/1/1 1248/1/1
f 1254/1/1 1255/1/1 1316/1/1 1249/1/1
f 1258/1/1 1259/1/1 1257/1/1 1256/1/1
f 1307/1/1 1260/1/1 1265/1/1 1266/1/1
f 1268/1/1 1267/1/1 1269/1/1 1270/1/1
f 1276/1/1 1277/1/1 1298/1/1 1271/1/1
f 1280/1/1 1282/1/1 1279/1/1 1278/1/1
f 1285/1/1 1170/1/1 1286/1/1 1281/1/1
f 1173/1/1 1172/1/1 1288/1/1 1287/1/1
f 1287/1/1 1288/1/1 1290/1/1 1289/1/1
f 1289/1/1 1290/1/1 1292/1/1 1291/1/1
f 1294/1/1 1293/1/1 1291/1/1 1292/1/1
f 1293/1/1 1294/1/1 1296/1/1 1295/1/1
f 1299/1/1 1297/1/1 1295/1/1 1296/1/1
f 1301/1/1 1300/1/1 1297/1/1 1299/1/1
f 1303/1/1 1302/1/1 1300/1/1 1301/1/1
f 1305/1/1 1304/1/1 1302/1/1 1303/1/1
f 1304/1/1 1305/1/1 1308/1/1 1306/1/1
f 1306/1/1 1308/1/1 1310/1/1 1309/1/1
f 1312/1/1 1311/1/1 1309/1/1 1310/1/1
f 1311/1/1 1312/1/1 1314/1/1 1313/1/1
f 1317/1/1 1315/1/1 1313/1/1 1314/1/1
f 1319/1/1 1318/1/1 1315/1/1 1317/1/1
f 1321/1/1 1320/1/1 1318/1/1 1319/1/1
f 1320/1/1 1321/1/1 1323/1/1 1322/1/1
f 1326/1/1 1324/1/1 1322/1/1 1323/1/1
f 1328/1/1 1327/1/1 1324/1/1 1326/1/1
f 1330/1/1 1329/1/1 1327/1/1 1328/1/1
f 1329/1/1 1330/1/1 1332/1/1 1331/1/1
f 1335/1/1 1333/1/1 1331/1/1 1332/1/1
f 1337/1/1 1336/1/1 1333/1/1 1335/1/1
f 1339/1/1 1338/1/1 1336/1/1 1337/1/1
f 1341/1/1 1340/1/1 1338/1/1 1339/1/1
f 1340/1/1 1341/1/1 1344/1/1 1342/1/1
f 1342/1/1 1344/1/1 1346/1/1 1345/1/1
f 1348/1/1 1347/1/1 1345/1/1 1346/1/1
f 1347/1/1 1348/1/1 1350/1/1 1349/1/1
f 1353/1/1 1351/1/1 1349/1/1 1350/1/1
f 1355/1/1 1354/1/1 1351/1/1 1353/1/1
f 1357/1/1 1356/1/1 1354/1/1 1355/1/1
f 1394/1/2 1396/1/2 1395/1/2 1393/1/2
f 1402/1/2 1397/1/2 1547/1/2 1403/1/2
f 1406/1/2 1404/1/2 1405/1/2 1407/1/2
f 1538/1/2 1414/1/2 1413/1/2 1408/1/2
f 1416/1/2 1418/1/2 1417/1/2 1415/1/2
f 1424/1/2 1419/1/2 1529/1/2 1425/1/2
f 1427/1/2 1429/1/2 1428/1/2 1426/1/2
f 1435/1/2 1430/1/2 1520/1/2 1436/1/2
f 1438/1/2 1440/1/2 1439/1/2 1437/1/2
f 1446/1/2 1441/1/2 1511/1/2 1447/1/2
f 1450/1/2 1448/1/2 1449/1/2 1451/1/2
f 1502/1/2 1458/1/2 1457/1/2 1452/1/2
f 1460/1/2 1462/1/2 1461/1/2 1459/1/2
f 1468/1/2 1463/1/2 1493/1/2 1469/1/2
f 1472/1/2 1470/1/2 1471/1/2 1474/1/2
f 1478/1/2 1473/1/2 1480/1/2 1479/1/2
f 1179/1/2 1482/1/2 1483/1/2 1481/1/2
f 1482/1/2 1484/1/2 1485/1/2 1483/1/2
f 1484/1/2 1486/1/2 1487/1/2 1485/1/2
f 1489/1/2 1487/1/2 1486/1/2 1488/1/2
f 1488/1/2 1490/1/2 1491/1/2 1489/1/2
f 1494/1/2 1491/1/2 1490/1/2 1492/1/2
f 1496/1/2 1494/1/2 1492/1/2 1495/1/2
f 1498/1/2 1496/1/2 1495/1/2 1497/1/2
f 1500/1/2 1498/1/2 1497/1/2 1499/1/2
f 1499/1/2 1501/1/2 1503/1/2 1500/1/2
f 1501/1/2 1504/1/2 1505/1/2 1503/1/2
f 1507/1/2 1505/1/2 1504/1/2 1506/1/2
f 1506/1/2 1508/1/2 1509/1/2 1507/1/2
f 1512/1/2 1509/1/2 1508/1/2 1510/1/2
f 1514/1/2 1512/1/2 1510/1/2 1513/1/2
f 1516/1/2 1514/1/2 1513/1/2 1515/1/2
f 1515/1/2 1517/1/2 1518/1/2 1516/1/2
f 1521/1/2 1518/1/2 1517/1/2 1519/1/2
f 1523/1/2 1521/1/2 1519/1/2 1522/1/2
f 1525/1/2 1523/1/2 1522/1/2 1524/1/2
f 1524/1/2 1526/1/2 1527/1/2 1525/1/2
f 1530/1/2 1527/1/2 1526/1/2 1528/1/2
f 1532/1/2 1530/1/2 1528/1/2 1531/1/2
f 1534/1/2 1532/1/2 1531/1/2 1533/1/2
f 1536/1/2 1534/1/2 1533/1/2 1535/1/2
f 1535/1/2 1537/1/2 1539/1/2 1536/1/2
f 1537/1/2 1540/1/2 1541/1/2 1539/1/2
f 1543/1/2 1541/1/2 1540/1/2 1542/1/2
f 1542/1/2 1544/1/2 1545/1/2 1543/1/2
f 1548/1/2 1545/1/2 1544/1/2 1546/1/2
f 1550/1/2 1548/1/2 1546/1/2 1549/1/2
f 1552/1/2 1550/1/2 1549/1/2 1551/1/2
f 1356/1/158 1357/1/158 1552/1/158 1551/1/158
usemtl Red
f 3/1/1 1187/1/1 4/1/1 5/1/1
f 7/1/1 6/1/1 8/1/1 156/1/1
f 14/1/1 13/1/1 15/1/1 16/1/1
f 19/1/1 147/1/1 18/1/1 17/1/1
f 25/1/1 24/1/1 26/1/1 27/1/1
f 29/1/1 28/1/1 30/1/1 138/1/1
f 36/1/1 35/1/1 37/1/1 38/1/1
f 40/1/1 39/1/1 41/1/1 129/1/1
f 47/1/1 46/1/1 48/1/1 49/1/1
f 51/1/1 50/1/1 52/1/1 120/1/1
f 58/1/1 57/1/1 59/1/1 60/1/1
f 63/1/1 111/1/1 62/1/1 61/1/1
f 69/1/1 68/1/1 70/1/1 71/1/1
f 73/1/1 72/1/1 74/1/1 102/1/1
f 80/1/1 79/1/1 81/1/1 82/1/1
f 84/1/1 88/1/1 85/1/1 83/1/1
f 1194/1/2 197/1/2 196/1/2 1195/1/2
f 199/1/2 349/1/2 200/1/2 198/1/2
f 206/1/2 208/1/2 207/1/2 205/1/2
f 211/1/2 209/1/2 210/1/2 340/1/2
f 217/1/2 219/1/2 218/1/2 216/1/2
f 221/1/2 331/1/2 222/1/2 220/1/2
f 228/1/2 230/1/2 229/1/2 227/1/2
f 232/1/2 322/1/2 233/1/2 231/1/2
f 239/1/2 241/1/2 240/1/2 238/1/2
f 243/1/2 313/1/2 244/1/2 242/1/2
f 250/1/2 252/1/2 251/1/2 249/1/2
f 255/1/2 253/1/2 254/1/2 304/1/2
f 261/1/2 263/1/2 262/1/2 260/1/2
f 265/1/2 295/1/2 266/1/2 264/1/2
f 272/1/2 274/1/2 273/1/2 271/1/2
f 276/1/2 275/1/2 277/1/2 281/1/2
f 1187/1/21 3/1/21 1194/1/21 1195/1/21
f 391/1/1 390/1/1 392/1/1 393/1/1
f 395/1/1 394/1/1 396/1/1 544/1/1
f 402/1/1 401/1/1 403/1/1 404/1/1
f 407/1/1 535/1/1 406/1/1 405/1/1
f 413/1/1 412/1/1 414/1/1 415/1/1
f 417/1/1 416/1/1 418/1/1 526/1/1
f 424/1/1 423/1/1 425/1/1 426/1/1
f 428/1/1 427/1/1 429/1/1 517/1/1
f 435/1/1 434/1/1 436/1/1 437/1/1
f 439/1/1 438/1/1 440/1/1 508/1/1
f 446/1/1 445/1/1 447/1/1 448/1/1
f 451/1/1 499/1/1 450/1/1 449/1/1
f 457/1/1 456/1/1 458/1/1 459/1/1
f 461/1/1 460/1/1 462/1/1 490/1/1
f 468/1/1 467/1/1 469/1/1 470/1/1
f 472/1/1 477/1/1 473/1/1 471/1/1
f 585/1/2 587/1/2 586/1/2 1059/1/2
f 589/1/2 739/1/2 590/1/2 588/1/2
f 596/1/2 598/1/2 597/1/2 595/1/2
f 601/1/2 599/1/2 600/1/2 730/1/2
f 607/1/2 609/1/2 608/1/2 606/1/2
f 611/1/2 721/1/2 612/1/2 610/1/2
f 618/1/2 620/1/2 619/1/2 617/1/2
f 622/1/2 712/1/2 623/1/2 621/1/2
f 629/1/2 631/1/2 630/1/2 628/1/2
f 633/1/2 703/1/2 634/1/2 632/1/2
f 640/1/2 642/1/2 641/1/2 639/1/2
f 645/1/2 643/1/2 644/1/2 694/1/2
f 651/1/2 653/1/2 652/1/2 650/1/2
f 655/1/2 685/1/2 656/1/2 654/1/2
f 662/1/2 664/1/2 663/1/2 661/1/2
f 666/1/2 665/1/2 667/1/2 671/1/2
f 390/1/57 391/1/57 585/1/57 1059/1/57
f 780/1/1 1171/1/1 781/1/1 782/1/1
f 784/1/1 783/1/1 785/1/1 933/1/1
f 791/1/1 790/1/1 792/1/1 793/1/1
f 796/1/1 924/1/1 795/1/1 794/1/1
f 802/1/1 801/1/1 803/1/1 804/1/1
f 806/1/1 805/1/1 807/1/1 915/1/1
f 813/1/1 812/1/1 814/1/1 815/1/1
f 817/1/1 816/1/1 818/1/1 906/1/1
f 824/1/1 823/1/1 825/1/1 826/1/1
f 828/1/1 827/1/1 829/1/1 897/1/1
f 835/1/1 834/1/1 836/1/1 837/1/1
f 840/1/1 888/1/1 839/1/1 838/1/1
f 846/1/1 845/1/1 847/1/1 848/1/1
f 850/1/1 849/1/1 851/1/1 879/1/1
f 857/1/1 856/1/1 858/1/1 859/1/1
f 861/1/1 865/1/1 862/1/1 860/1/1
f 974/1/2 976/1/2 975/1/2 1178/1/2
f 978/1/2 1128/1/2 979/1/2 977/1/2
f 985/1/2 987/1/2 986/1/2 984/1/2
f 990/1/2 988/1/2 989/1/2 1119/1/2
f 996/1/2 998/1/2 997/1/2 995/1/2
f 1000/1/2 1110/1/2 1001/1/2 999/1/2
f 1007/1/2 1009/1/2 1008/1/2 1006/1/2
f 1011/1/2 1101/1/2 1012/1/2 1010/1/2
f 1018/1/2 1020/1/2 1019/1/2 1017/1/2
f 1022/1/2 1092/1/2 1023/1/2 1021/1/2
f 1029/1/2 1031/1/2 1030/1/2 1028/1/2
f 1034/1/2 1032/1/2 1033/1/2 1083/1/2
f 1040/1/2 1042/1/2 1041/1/2 1039/1/2
f 1044/1/2 1074/1/2 1045/1/2 1043/1/2
f 1051/1/2 1053/1/2 1052/1/2 1050/1/2
f 1055/1/2 1054/1/2 1056/1/2 1060/1/2
f 1171/1/128 780/1/128 974/1/128 1178/1/128
f 1200/1/1 1199/1/1 1201/1/1 1202/1/1
f 1204/1/1 1203/1/1 1205/1/1 1352/1/1
f 1211/1/1 1210/1/1 1212/1/1 1213/1/1
f 1216/1/1 1343/1/1 1215/1/1 1214/1/1
f 1222/1/1 1221/1/1 1223/1/1 1224/1/1
f 1226/1/1 1225/1/1 1227/1/1 1334/1/1
f 1233/1/1 1232/1/1 1234/1/1 1235/1/1
f 1237/1/1 1236/1/1 1238/1/1 1325/1/1
f 1244/1/1 1243/1/1 1245/1/1 1246/1/1
f 1248/1/1 1247/1/1 1249/1/1 1316/1/1
f 1255/1/1 1254/1/1 1256/1/1 1257/1/1
f 1260/1/1 1307/1/1 1259/1/1 1258/1/1
f 1266/1/1 1265/1/1 1267/1/1 1268/1/1
f 1270/1/1 1269/1/1 1271/1/1 1298/1/1
f 1277/1/1 1276/1/1 1278/1/1 1279/1/1
f 1281/1/1 1286/1/1 1282/1/1 1280/1/1
f 1392/1/2 1394/1/2 1393/1/2 280/1/2
f 1396/1/2 1547/1/2 1397/1/2 1395/1/2
f 1403/1/2 1405/1/2 1404/1/2 1402/1/2
f 1408/1/2 1406/1/2 1407/1/2 1538/1/2
f 1414/1/2 1416/1/2 1415/1/2 1413/1/2
f 1418/1/2 1529/1/2 1419/1/2 1417/1/2
f 1425/1/2 1427/1/2 1426/1/2 1424/1/2
f 1429/1/2 1520/1/2 1430/1/2 1428/1/2
f 1436/1/2 1438/1/2 1437/1/2 1435/1/2
f 1440/1/2 1511/1/2 1441/1/2 1439/1/2
f 1447/1/2 1449/1/2 1448/1/2 1446/1/2
f 1452/1/2 1450/1/2 1451/1/2 1502/1/2
f 1458/1/2 1460/1/2 1459/1/2 1457/1/2
f 1462/1/2 1493/1/2 1463/1/2 1461/1/2
f 1469/1/2 1471/1/2 1470/1/2 1468/1/2
f 1473/1/2 1472/1/2 1474/1/2 1480/1/2
o WindyTrack
v -2.926437 0.282453 47.710934
v -2.808792 0.282453 46.540859
v -2.632521 0.282453 47.710934
v -2.488955 0.282453 47.710934
v -2.516317 0.282453 46.555187
v -2.373455 0.282453 46.562187
v -2.386154 0.282453 45.402222
v -2.244078 0.282453 45.416203
v -2.228067 0.282453 44.254807
v -2.677013 0.282453 45.373596
v -2.516968 0.282453 44.211956
v -2.314516 0.282453 43.058750
v -2.058023 0.282453 41.916775
v -2.028097 0.282453 43.115723
v -1.888193 0.282453 43.143555
v -1.774744 0.282453 41.987732
v -1.636374 0.282453 42.022392
v -1.466352 0.282453 40.873520
v -1.329847 0.282453 40.914928
v -1.103745 0.282453 39.775757
v -1.745810 0.282453 40.788746
v -1.378706 0.282453 39.677372
v -0.957529 0.282453 38.585354
v -0.483170 0.282453 37.515358
v -0.687729 0.282453 38.697109
v -0.555939 0.282453 38.751698
v -0.219173 0.282453 37.640221
v -0.090221 0.282453 37.701210
v 0.300657 0.282453 36.607578
v 0.426458 0.282453 36.674820
v 0.870461 0.282453 35.601650
v 0.043108 0.282453 36.469917
v 0.619978 0.282453 35.451515
v 1.246111 0.282453 34.462646
v 1.920092 0.282453 33.505753
v 1.488928 0.282453 34.624893
v 1.607534 0.282453 34.704140
v 2.154654 0.282453 33.679718
v 2.269228 0.282453 33.764694
v 2.865961 0.282453 32.768333
v 2.976227 0.282453 32.858826
v 3.621067 0.282453 31.892895
v 2.640217 0.282453 32.583069
v 3.404686 0.282453 31.696777
v 4.211706 0.282453 30.849066
v 5.059419 0.282453 30.042048
v 4.418203 0.282453 31.055565
v 4.519068 0.282453 31.156431
v 5.255536 0.282453 30.258427
v 5.351333 0.282453 30.364122
v 6.130975 0.282453 29.503323
v 6.221467 0.282453 29.613590
v 7.042360 0.282453 28.792021
v 5.945712 0.282453 29.277580
v 6.868397 0.282453 28.557457
v 7.825289 0.282453 27.883476
v 8.814157 0.282453 27.257343
v 7.987532 0.282453 28.126291
v 8.066782 0.282453 28.244898
v 8.964291 0.282453 27.507830
v 9.037626 0.282453 27.630180
v 9.970218 0.282453 26.938025
v 10.037460 0.282453 27.063826
v 11.002858 0.282453 26.418190
v 9.832557 0.282453 26.680475
v 10.878000 0.282453 26.154196
v 11.947997 0.282453 25.679844
v 13.040015 0.282453 25.258663
v 12.059752 0.282453 25.949648
v 12.114340 0.282453 26.081436
v 13.138397 0.282453 25.533621
v 13.186455 0.282453 25.667927
v 14.236166 0.282453 25.170984
v 14.277575 0.282453 25.307474
v 15.350378 0.282453 24.862532
v 14.151394 0.282453 24.891558
v 15.279419 0.282453 24.579350
v 16.421396 0.282453 24.322857
v 17.574604 0.282453 24.120407
v 16.478367 0.282453 24.609041
v 16.506197 0.282453 24.748833
v 17.617451 0.282453 24.408855
v 17.638380 0.282453 24.549749
v 18.764862 0.282453 24.250484
v 19.917835 0.282453 24.119995
v 18.778845 0.282453 24.392199
v 18.736242 0.282453 23.960361
v 19.903505 0.282453 23.828585
v 21.073578 0.282453 23.710939
v 21.073578 0.282453 24.003441
v 21.073578 0.282453 24.146317
v 19.924833 0.282453 24.262337
v 21.073574 0.282453 29.290567
v 21.073574 0.282453 29.433065
v 20.176842 0.282453 29.387407
v 20.183823 0.282453 29.529375
v 19.282263 0.282453 29.494658
v 19.296209 0.282453 29.636000
v 18.391993 0.282453 29.622728
v 18.412868 0.282453 29.763254
v 17.508188 0.282453 29.782030
v 17.535942 0.282453 29.921453
v 16.632984 0.282453 29.981207
v 16.667549 0.282453 30.119165
v 15.768476 0.282453 30.221817
v 15.385036 0.282453 25.000853
v 15.809775 0.282453 30.357948
v 14.916724 0.282453 30.503654
v 14.964655 0.282453 30.637608
v 14.079811 0.282453 30.826515
v 14.134256 0.282453 30.957958
v 13.259773 0.282453 31.190054
v 13.320604 0.282453 31.318666
v 12.458561 0.282453 31.593388
v 11.063849 0.282453 26.547140
v 12.525626 0.282453 31.718861
v 11.678068 0.282453 32.035496
v 11.751210 0.282453 32.157524
v 10.920209 0.282453 32.515354
v 10.999250 0.282453 32.633652
v 10.186854 0.282453 33.031891
v 10.271605 0.282453 33.146164
v 9.479714 0.282453 33.583786
v 7.127337 0.282453 28.906595
v 9.569971 0.282453 33.693764
v 8.800477 0.282453 34.169662
v 8.896020 0.282453 34.275082
v 8.150792 0.282453 34.788155
v 8.251395 0.282453 34.888760
v 7.532295 0.282453 35.437836
v 7.637712 0.282453 35.533382
v 6.946415 0.282453 36.117081
v 3.726759 0.282453 31.988693
v 7.056393 0.282453 36.207336
v 6.394524 0.282453 36.824219
v 6.508799 0.282453 36.908970
v 5.877986 0.282453 37.557571
v 5.996280 0.282453 37.636612
v 5.398124 0.282453 38.315430
v 5.520154 0.282453 38.388573
v 4.956015 0.282453 39.095924
v 0.992813 0.282453 35.674984
v 5.081488 0.282453 39.162987
v 4.552681 0.282453 39.897141
v 4.681293 0.282453 39.957970
v 4.189140 0.282453 40.717175
v 4.320583 0.282453 40.771622
v 3.866356 0.282453 41.554089
v 4.000313 0.282453 41.602020
v 3.585007 0.282453 42.405834
v -0.969437 0.282453 39.823811
v 3.721151 0.282453 42.447136
v 3.345732 0.282453 43.270348
v 3.483738 0.282453 43.304916
v 3.149157 0.282453 44.145546
v 3.288694 0.282453 44.173302
v 2.993999 0.282453 45.029354
v 3.134745 0.282453 45.050228
v 2.871340 0.282453 45.919621
v -2.086954 0.282453 44.275738
v 3.013041 0.282453 45.933567
v 2.770350 0.282453 46.814201
v 2.912836 0.282453 46.821182
v 2.680182 0.282453 47.710934
v 2.823370 0.282453 47.710934
v 3.102591 0.282453 47.710934
v 3.190687 0.282453 46.834793
v 3.289358 0.282453 45.960758
v 3.409203 0.282453 45.090935
v 3.560797 0.282453 44.227428
v 3.752857 0.282453 43.372326
v 3.986637 0.282453 42.527668
v 4.261526 0.282453 41.695480
v 4.576897 0.282453 40.877789
v 4.932091 0.282453 40.076588
v 5.326159 0.282453 39.293770
v 5.758117 0.282453 38.531200
v 6.226956 0.282453 37.790745
v 6.731631 0.282453 37.074234
v 7.270849 0.282453 36.383335
v 7.843277 0.282453 35.719692
v 8.447569 0.282453 35.084930
v 9.082330 0.282453 34.480644
v 9.745973 0.282453 33.908218
v 10.436870 0.282453 33.368999
v 11.153385 0.282453 32.864326
v 11.893838 0.282453 32.395485
v 12.656409 0.282453 31.963531
v 13.439222 0.282453 31.569462
v 14.240427 0.282453 31.214270
v 15.058119 0.282453 30.898817
v 15.890306 0.282453 30.623404
v 16.734964 0.282453 30.388187
v 17.590069 0.282453 30.193331
v 18.453575 0.282453 30.037277
v 19.323400 0.282453 29.911617
v 20.197435 0.282453 29.806215
v 21.073574 0.282453 29.710941
v -2.926437 0.082453 47.710934
v -2.808792 0.082453 46.540859
v -2.632521 0.082453 47.710934
v -2.488955 0.082453 47.710934
v -2.516317 0.082453 46.555187
v -2.373455 0.082453 46.562187
v -2.386154 0.082453 45.402222
v -2.244078 0.082453 45.416203
v -2.228067 0.082453 44.254807
v -2.677013 0.082453 45.373596
v -2.516968 0.082453 44.211956
v -2.314516 0.082453 43.058750
v -2.058023 0.082453 41.916775
v -2.028097 0.082453 43.115723
v -1.888193 0.082453 43.143555
v -1.774744 0.082453 41.987732
v -1.636374 0.082453 42.022392
v -1.466352 0.082453 40.873520
v -1.329847 0.082453 40.914928
v -1.103745 0.082453 39.775757
v -1.745810 0.082453 40.788746
v -1.378706 0.082453 39.677372
v -0.957529 0.082453 38.585354
v -0.483170 0.082453 37.515358
v -0.687729 0.082453 38.697109
v -0.555939 0.082453 38.751698
v -0.219173 0.082453 37.640221
v -0.090221 0.082453 37.701210
v 0.300657 0.082453 36.607578
v 0.426458 0.082453 36.674820
v 0.870461 0.082453 35.601650
v 0.043108 0.082453 36.469917
v 0.619978 0.082453 35.451515
v 1.246111 0.082453 34.462646
v 1.920092 0.082453 33.505753
v 1.488928 0.082453 34.624893
v 1.607534 0.082453 34.704140
v 2.154654 0.082453 33.679718
v 2.269228 0.082453 33.764694
v 2.865961 0.082453 32.768333
v 2.976227 0.082453 32.858826
v 3.621067 0.082453 31.892895
v 2.640217 0.082453 32.583069
v 3.404686 0.082453 31.696777
v 4.211706 0.082453 30.849066
v 5.059419 0.082453 30.042048
v 4.418203 0.082453 31.055565
v 4.519068 0.082453 31.156431
v 5.255536 0.082453 30.258427
v 5.351333 0.082453 30.364122
v 6.130975 0.082453 29.503323
v 6.221467 0.082453 29.613590
v 7.042360 0.082453 28.792021
v 5.945712 0.082453 29.277580
v 6.868397 0.082453 28.557457
v 7.825289 0.082453 27.883476
v 8.814157 0.082453 27.257343
v 7.987532 0.082453 28.126291
v 8.066782 0.082453 28.244898
v 8.964291 0.082453 27.507830
v 9.037626 0.082453 27.630180
v 9.970218 0.082453 26.938025
v 10.037460 0.082453 27.063826
v 11.002858 0.082453 26.418190
v 9.832557 0.082453 26.680475
v 10.878000 0.082453 26.154196
v 11.947997 0.082453 25.679844
v 13.040015 0.082453 25.258663
v 12.059752 0.082453 25.949648
v 12.114340 0.082453 26.081436
v 13.138397 0.082453 25.533621
v 13.186455 0.082453 25.667927
v 14.236166 0.082453 25.170984
v 14.277575 0.082453 25.307474
v 15.350378 0.082453 24.862532
v 14.151394 0.082453 24.891558
v 15.279419 0.082453 24.579350
v 16.421396 0.082453 24.322857
v 17.574604 0.082453 24.120407
v 16.478367 0.082453 24.609041
v 16.506197 0.082453 24.748833
v 17.617451 0.082453 24.408855
v 17.638380 0.082453 24.549749
v 18.764862 0.082453 24.250484
v 19.917835 0.082453 24.119995
v 18.778845 0.082453 24.392199
v 18.736242 0.082453 23.960361
v 19.903505 0.082453 23.828585
v 21.073578 0.082453 23.710939
v 21.073578 0.082453 24.003441
v 21.073578 0.082453 24.146317
v 19.924833 0.082453 24.262337
v 21.073574 0.082453 29.290567
v 21.073574 0.082453 29.433065
v 20.176842 0.082453 29.387407
v 20.183823 0.082453 29.529375
v 19.282263 0.082453 29.494658
v 19.296209 0.082453 29.636000
v 18.391993 0.082453 29.622728
v 18.412868 0.082453 29.763254
v 17.508188 0.082453 29.782030
v 17.535942 0.082453 29.921453
v 16.632984 0.082453 29.981207
v 16.667549 0.082453 30.119165
v 15.768476 0.082453 30.221817
v 15.385036 0.082453 25.000853
v 15.809775 0.082453 30.357948
v 14.916724 0.082453 30.503654
v 14.964655 0.082453 30.637608
v 14.079811 0.082453 30.826515
v 14.134256 0.082453 30.957958
v 13.259773 0.082453 31.190054
v 13.320604 0.082453 31.318666
v 12.458561 0.082453 31.593388
v 11.063849 0.082453 26.547140
v 12.525626 0.082453 31.718861
v 11.678068 0.082453 32.035496
v 11.751210 0.082453 32.157524
v 10.920209 0.082453 32.515354
v 10.999250 0.082453 32.633652
v 10.186854 0.082453 33.031891
v 10.271605 0.082453 33.146164
v 9.479714 0.082453 33.583786
v 7.127337 0.082453 28.906595
v 9.569971 0.082453 33.693764
v 8.800477 0.082453 34.169662
v 8.896020 0.082453 34.275082
v 8.150792 0.082453 34.788155
v 8.251395 0.082453 34.888760
v 7.532295 0.082453 35.437836
v 7.637712 0.082453 35.533382
v 6.946415 0.082453 36.117081
v 3.726759 0.082453 31.988693
v 7.056393 0.082453 36.207336
v 6.394524 0.082453 36.824219
v 6.508799 0.082453 36.908970
v 5.877986 0.082453 37.557571
v 5.996280 0.082453 37.636612
v 5.398124 0.082453 38.315430
v 5.520154 0.082453 38.388573
v 4.956015 0.082453 39.095924
v 0.992813 0.082453 35.674984
v 5.081488 0.082453 39.162987
v 4.552681 0.082453 39.897141
v 4.681293 0.082453 39.957970
v 4.189140 0.082453 40.717175
v 4.320583 0.082453 40.771622
v 3.866356 0.082453 41.554089
v 4.000313 0.082453 41.602020
v 3.585007 0.082453 42.405834
v -0.969437 0.082453 39.823811
v 3.721151 0.082453 42.447136
v 3.345732 0.082453 43.270348
v 3.483738 0.082453 43.304916
v 3.149157 0.082453 44.145546
v 3.288694 0.082453 44.173302
v 2.993999 0.082453 45.029354
v 3.134745 0.082453 45.050228
v 2.871340 0.082453 45.919621
v -2.086954 0.082453 44.275738
v 3.013041 0.082453 45.933567
v 2.770350 0.082453 46.814201
v 2.912836 0.082453 46.821182
v 2.680182 0.082453 47.710934
v 2.823370 0.082453 47.710934
v 3.102591 0.082453 47.710934
v 3.190687 0.082453 46.834793
v 3.289358 0.082453 45.960758
v 3.409203 0.082453 45.090935
v 3.560797 0.082453 44.227428
v 3.752857 0.082453 43.372326
v 3.986637 0.082453 42.527668
v 4.261526 0.082453 41.695480
v 4.576897 0.082453 40.877789
v 4.932091 0.082453 40.076588
v 5.326159 0.082453 39.293770
v 5.758117 0.082453 38.531200
v 6.226956 0.082453 37.790745
v 6.731631 0.082453 37.074234
v 7.270849 0.082453 36.383335
v 7.843277 0.082453 35.719692
v 8.447569 0.082453 35.084930
v 9.082330 0.082453 34.480644
v 9.745973 0.082453 33.908218
v 10.436870 0.082453 33.368999
v 11.153385 0.082453 32.864326
v 11.893838 0.082453 32.395485
v 12.656409 0.082453 31.963531
v 13.439222 0.082453 31.569462
v 14.240427 0.082453 31.214270
v 15.058119 0.082453 30.898817
v 15.890306 0.082453 30.623404
v 16.734964 0.082453 30.388187
v 17.590069 0.082453 30.193331
v 18.453575 0.082453 30.037277
v 19.323400 0.082453 29.911617
v 20.197435 0.082453 29.806215
v 21.073574 0.082453 29.710941
v 84.073593 0.282441 -39.274536
v 85.243668 0.282441 -39.156891
v 84.073593 0.282441 -38.980614
v 84.073593 0.282441 -38.837051
v 85.229340 0.282441 -38.864410
v 85.222343 0.282441 -38.721558
v 86.382309 0.282441 -38.734253
v 86.368332 0.282441 -38.592178
v 87.529724 0.282441 -38.576172
v 86.410934 0.282441 -39.025116
v 87.572571 0.282441 -38.865067
v 88.725784 0.282441 -38.662621
v 89.867760 0.282441 -38.406120
v 88.668808 0.282441 -38.376198
v 88.640984 0.282441 -38.236290
v 89.796791 0.282441 -38.122849
v 89.762138 0.282441 -37.984474
v 90.911003 0.282441 -37.814453
v 90.869598 0.282441 -37.677948
v 92.008766 0.282441 -37.451843
v 90.995781 0.282441 -38.093918
v 92.107155 0.282441 -37.726807
v 93.199173 0.282441 -37.305626
v 94.269165 0.282441 -36.831268
v 93.087418 0.282441 -37.035828
v 93.032829 0.282441 -36.904037
v 94.144310 0.282441 -36.567268
v 94.083321 0.282441 -36.438316
v 95.176949 0.282441 -36.047440
v 95.109703 0.282441 -35.921638
v 96.182877 0.282441 -35.477638
v 95.314613 0.282441 -36.304993
v 96.333015 0.282441 -35.728127
v 97.321877 0.282441 -35.101997
v 98.278778 0.282441 -34.428009
v 97.159637 0.282441 -34.859169
v 97.080383 0.282441 -34.740562
v 98.104813 0.282441 -34.193451
v 98.019836 0.282441 -34.078873
v 99.016197 0.282441 -33.482147
v 98.925705 0.282441 -33.371880
v 99.891640 0.282441 -32.727036
v 99.201462 0.282441 -33.707886
v 100.087753 0.282441 -32.943420
v 100.935463 0.282441 -32.136398
v 101.742485 0.282441 -31.288689
v 100.728966 0.282441 -31.929901
v 100.628098 0.282441 -31.829033
v 101.526108 0.282441 -31.092575
v 101.420410 0.282441 -30.996773
v 102.281212 0.282441 -30.217133
v 102.170944 0.282441 -30.126640
v 102.992516 0.282441 -29.305748
v 102.506958 0.282441 -30.402390
v 103.227074 0.282441 -29.479713
v 103.901054 0.282441 -28.522820
v 104.527191 0.282441 -27.533951
v 103.658241 0.282441 -28.360573
v 103.539635 0.282441 -28.281326
v 104.276703 0.282441 -27.383820
v 104.154358 0.282441 -27.310486
v 104.846512 0.282441 -26.377892
v 104.720711 0.282441 -26.310646
v 105.366348 0.282441 -25.345253
v 105.104057 0.282441 -26.515556
v 105.630341 0.282441 -25.470108
v 106.104691 0.282441 -24.400116
v 106.525871 0.282441 -23.308098
v 105.834892 0.282441 -24.288353
v 105.703102 0.282441 -24.233772
v 106.250923 0.282441 -23.209709
v 106.116615 0.282441 -23.161659
v 106.613548 0.282441 -22.111946
v 106.477058 0.282441 -22.070534
v 106.922005 0.282441 -20.997726
v 106.892975 0.282441 -22.196716
v 107.205185 0.282441 -21.068687
v 107.461678 0.282441 -19.926712
v 107.664131 0.282441 -18.773506
v 107.175499 0.282441 -19.869736
v 107.035706 0.282441 -19.841904
v 107.375687 0.282441 -18.730659
v 107.234787 0.282441 -18.709724
v 107.534050 0.282441 -17.583237
v 107.664551 0.282441 -16.430267
v 107.392342 0.282441 -17.569260
v 107.824173 0.282441 -17.611862
v 107.955956 0.282441 -16.444603
v 108.073601 0.282441 -15.274532
v 107.781097 0.282441 -15.274532
v 107.638229 0.282441 -15.274532
v 107.522209 0.282441 -16.423271
v 102.493973 0.282441 -15.274532
v 102.351471 0.282441 -15.274532
v 102.397133 0.282441 -16.171268
v 102.255165 0.282441 -16.164288
v 102.289886 0.282441 -17.065849
v 102.148544 0.282441 -17.051895
v 102.161804 0.282441 -17.956116
v 102.021286 0.282441 -17.935234
v 102.002502 0.282441 -18.839920
v 101.863083 0.282441 -18.812164
v 101.803329 0.282441 -19.715118
v 101.665375 0.282441 -19.680557
v 101.562721 0.282441 -20.579628
v 106.783684 0.282441 -20.963074
v 101.426590 0.282441 -20.538330
v 101.280884 0.282441 -21.431381
v 101.146927 0.282441 -21.383453
v 100.958023 0.282441 -22.268295
v 100.826576 0.282441 -22.213844
v 100.594490 0.282441 -23.088326
v 100.465874 0.282441 -23.027496
v 100.191154 0.282441 -23.889542
v 105.237396 0.282441 -25.284264
v 100.065681 0.282441 -23.822479
v 99.749046 0.282441 -24.670036
v 99.627014 0.282441 -24.596893
v 99.269180 0.282441 -25.427895
v 99.150887 0.282441 -25.348854
v 98.752647 0.282441 -26.161247
v 98.638374 0.282441 -26.076500
v 98.200752 0.282441 -26.868385
v 102.877937 0.282441 -29.220772
v 98.090775 0.282441 -26.778130
v 97.614868 0.282441 -27.547630
v 97.509460 0.282441 -27.452080
v 96.996376 0.282441 -28.197311
v 96.895782 0.282441 -28.096703
v 96.346703 0.282441 -28.815804
v 96.251152 0.282441 -28.710388
v 95.667450 0.282441 -29.401688
v 99.795837 0.282441 -32.621346
v 95.577202 0.282441 -29.291710
v 94.960320 0.282441 -29.953575
v 94.875565 0.282441 -29.839302
v 94.226959 0.282441 -30.470116
v 94.147919 0.282441 -30.351822
v 93.469109 0.282441 -30.949974
v 93.395958 0.282441 -30.827950
v 92.688614 0.282441 -31.392082
v 96.109543 0.282441 -35.355293
v 92.621544 0.282441 -31.266609
v 91.887390 0.282441 -31.795418
v 91.826561 0.282441 -31.666801
v 91.067360 0.282441 -32.158966
v 91.012909 0.282441 -32.027519
v 90.230446 0.282441 -32.481743
v 90.182510 0.282441 -32.347794
v 89.378693 0.282441 -32.763100
v 91.960716 0.282441 -37.317535
v 89.337395 0.282441 -32.626945
v 88.514183 0.282441 -33.002373
v 88.479614 0.282441 -32.864365
v 87.638985 0.282441 -33.198944
v 87.611229 0.282441 -33.059410
v 86.755180 0.282441 -33.354095
v 86.734306 0.282441 -33.213356
v 85.864906 0.282441 -33.476761
v 87.508797 0.282441 -38.435051
v 85.850960 0.282441 -33.335052
v 84.970329 0.282441 -33.577744
v 84.963348 0.282441 -33.435257
v 84.073593 0.282441 -33.667915
v 84.073593 0.282441 -33.524727
v 84.073593 0.282441 -33.245506
v 84.949738 0.282441 -33.157410
v 85.823769 0.282441 -33.058739
v 86.693596 0.282441 -32.938896
v 87.557106 0.282441 -32.787300
v 88.412209 0.282441 -32.595245
v 89.256859 0.282441 -32.361465
v 90.089050 0.282441 -32.086578
v 90.906746 0.282441 -31.771202
v 91.707947 0.282441 -31.416008
v 92.490768 0.282441 -31.021942
v 93.253334 0.282441 -30.589981
v 93.993790 0.282441 -30.121140
v 94.710304 0.282441 -29.616470
v 95.401199 0.282441 -29.077248
v 96.064842 0.282441 -28.504822
v 96.699608 0.282441 -27.900528
v 97.303894 0.282441 -27.265770
v 97.876320 0.282441 -26.602127
v 98.415535 0.282441 -25.911232
v 98.920212 0.282441 -25.194717
v 99.389053 0.282441 -24.454269
v 99.821007 0.282441 -23.691696
v 100.215080 0.282441 -22.908882
v 100.570267 0.282441 -22.107681
v 100.885712 0.282441 -21.289986
v 101.161133 0.282441 -20.457794
v 101.396347 0.282441 -19.613144
v 101.591202 0.282441 -18.758041
v 101.747261 0.282441 -17.894531
v 101.872925 0.282441 -17.024704
v 101.978325 0.282441 -16.150673
v 102.073601 0.282441 -15.274532
v 84.073593 0.082441 -39.274536
v 85.243668 0.082441 -39.156891
v 84.073593 0.082441 -38.980614
v 84.073593 0.082441 -38.837051
v 85.229340 0.082441 -38.864410
v 85.222343 0.082441 -38.721558
v 86.382309 0.082441 -38.734253
v 86.368332 0.082441 -38.592178
v 87.529724 0.082441 -38.576172
v 86.410934 0.082441 -39.025116
v 87.572571 0.082441 -38.865067
v 88.725784 0.082441 -38.662621
v 89.867760 0.082441 -38.406120
v 88.668808 0.082441 -38.376198
v 88.640984 0.082441 -38.236290
v 89.796791 0.082441 -38.122849
v 89.762138 0.082441 -37.984474
v 90.911003 0.082441 -37.814453
v 90.869598 0.082441 -37.677948
v 92.008766 0.082441 -37.451843
v 90.995781 0.082441 -38.093918
v 92.107155 0.082441 -37.726807
v 93.199173 0.082441 -37.305626
v 94.269165 0.082441 -36.831268
v 93.087418 0.082441 -37.035828
v 93.032829 0.082441 -36.904037
v 94.144310 0.082441 -36.567268
v 94.083321 0.082441 -36.438316
v 95.176949 0.082441 -36.047440
v 95.109703 0.082441 -35.921638
v 96.182877 0.082441 -35.477638
v 95.314613 0.082441 -36.304993
v 96.333015 0.082441 -35.728127
v 97.321877 0.082441 -35.101997
v 98.278778 0.082441 -34.428009
v 97.159637 0.082441 -34.859169
v 97.080383 0.082441 -34.740562
v 98.104813 0.082441 -34.193451
v 98.019836 0.082441 -34.078873
v 99.016197 0.082441 -33.482147
v 98.925705 0.082441 -33.371880
v 99.891640 0.082441 -32.727036
v 99.201462 0.082441 -33.707886
v 100.087753 0.082441 -32.943420
v 100.935463 0.082441 -32.136398
v 101.742485 0.082441 -31.288689
v 100.728966 0.082441 -31.929901
v 100.628098 0.082441 -31.829033
v 101.526108 0.082441 -31.092575
v 101.420410 0.082441 -30.996773
v 102.281212 0.082441 -30.217133
v 102.170944 0.082441 -30.126640
v 102.992516 0.082441 -29.305748
v 102.506958 0.082441 -30.402390
v 103.227074 0.082441 -29.479713
v 103.901054 0.082441 -28.522820
v 104.527191 0.082441 -27.533951
v 103.658241 0.082441 -28.360573
v 103.539635 0.082441 -28.281326
v 104.276703 0.082441 -27.383820
v 104.154358 0.082441 -27.310486
v 104.846512 0.082441 -26.377892
v 104.720711 0.082441 -26.310646
v 105.366348 0.082441 -25.345253
v 105.104057 0.082441 -26.515556
v 105.630341 0.082441 -25.470108
v 106.104691 0.082441 -24.400116
v 106.525871 0.082441 -23.308098
v 105.834892 0.082441 -24.288353
v 105.703102 0.082441 -24.233772
v 106.250923 0.082441 -23.209709
v 106.116615 0.082441 -23.161659
v 106.613548 0.082441 -22.111946
v 106.477058 0.082441 -22.070534
v 106.922005 0.082441 -20.997726
v 106.892975 0.082441 -22.196716
v 107.205185 0.082441 -21.068687
v 107.461678 0.082441 -19.926712
v 107.664131 0.082441 -18.773506
v 107.175499 0.082441 -19.869736
v 107.035706 0.082441 -19.841904
v 107.375687 0.082441 -18.730659
v 107.234787 0.082441 -18.709724
v 107.534050 0.082441 -17.583237
v 107.664551 0.082441 -16.430267
v 107.392342 0.082441 -17.569260
v 107.824173 0.082441 -17.611862
v 107.955956 0.082441 -16.444603
v 108.073601 0.082441 -15.274532
v 107.781097 0.082441 -15.274532
v 107.638229 0.082441 -15.274532
v 107.522209 0.082441 -16.423271
v 102.493973 0.082441 -15.274532
v 102.351471 0.082441 -15.274532
v 102.397133 0.082441 -16.171268
v 102.255165 0.082441 -16.164288
v 102.289886 0.082441 -17.065849
v 102.148544 0.082441 -17.051895
v 102.161804 0.082441 -17.956116
v 102.021286 0.082441 -17.935234
v 102.002502 0.082441 -18.839920
v 101.863083 0.082441 -18.812164
v 101.803329 0.082441 -19.715118
v 101.665375 0.082441 -19.680557
v 101.562721 0.082441 -20.579628
v 106.783684 0.082441 -20.963074
v 101.426590 0.082441 -20.538330
v 101.280884 0.082441 -21.431381
v 101.146927 0.082441 -21.383453
v 100.958023 0.082441 -22.268295
v 100.826576 0.082441 -22.213844
v 100.594490 0.082441 -23.088326
v 100.465874 0.082441 -23.027496
v 100.191154 0.082441 -23.889542
v 105.237396 0.082441 -25.284264
v 100.065681 0.082441 -23.822479
v 99.749046 0.082441 -24.670036
v 99.627014 0.082441 -24.596893
v 99.269180 0.082441 -25.427895
v 99.150887 0.082441 -25.348854
v 98.752647 0.082441 -26.161247
v 98.638374 0.082441 -26.076500
v 98.200752 0.082441 -26.868385
v 102.877937 0.082441 -29.220772
v 98.090775 0.082441 -26.778130
v 97.614868 0.082441 -27.547630
v 97.509460 0.082441 -27.452080
v 96.996376 0.082441 -28.197311
v 96.895782 0.082441 -28.096703
v 96.346703 0.082441 -28.815804
v 96.251152 0.082441 -28.710388
v 95.667450 0.082441 -29.401688
v 99.795837 0.082441 -32.621346
v 95.577202 0.082441 -29.291710
v 94.960320 0.082441 -29.953575
v 94.875565 0.082441 -29.839302
v 94.226959 0.082441 -30.470116
v 94.147919 0.082441 -30.351822
v 93.469109 0.082441 -30.949974
v 93.395958 0.082441 -30.827950
v 92.688614 0.082441 -31.392082
v 96.109543 0.082441 -35.355293
v 92.621544 0.082441 -31.266609
v 91.887390 0.082441 -31.795418
v 91.826561 0.082441 -31.666801
v 91.067360 0.082441 -32.158966
v 91.012909 0.082441 -32.027519
v 90.230446 0.082441 -32.481743
v 90.182510 0.082441 -32.347794
v 89.378693 0.082441 -32.763100
v 91.960716 0.082441 -37.317535
v 89.337395 0.082441 -32.626945
v 88.514183 0.082441 -33.002373
v 88.479614 0.082441 -32.864365
v 87.638985 0.082441 -33.198944
v 87.611229 0.082441 -33.059410
v 86.755180 0.082441 -33.354095
v 86.734306 0.082441 -33.213356
v 85.864906 0.082441 -33.476761
v 87.508797 0.082441 -38.435051
v 85.850960 0.082441 -33.335052
v 84.970329 0.082441 -33.577744
v 84.963348 0.082441 -33.435257
v 84.073593 0.082441 -33.667915
v 84.073593 0.082441 -33.524727
v 84.073593 0.082441 -33.245506
v 84.949738 0.082441 -33.157410
v 85.823769 0.082441 -33.058739
v 86.693596 0.082441 -32.938896
v 87.557106 0.082441 -32.787300
v 88.412209 0.082441 -32.595245
v 89.256859 0.082441 -32.361465
v 90.089050 0.082441 -32.086578
v 90.906746 0.082441 -31.771202
v 91.707947 0.082441 -31.416008
v 92.490768 0.082441 -31.021942
v 93.253334 0.082441 -30.589981
v 93.993790 0.082441 -30.121140
v 94.710304 0.082441 -29.616470
v 95.401199 0.082441 -29.077248
v 96.064842 0.082441 -28.504822
v 96.699608 0.082441 -27.900528
v 97.303894 0.082441 -27.265770
v 97.876320 0.082441 -26.602127
v 98.415535 0.082441 -25.911232
v 98.920212 0.082441 -25.194717
v 99.389053 0.082441 -24.454269
v 99.821007 0.082441 -23.691696
v 100.215080 0.082441 -22.908882
v 100.570267 0.082441 -22.107681
v 100.885712 0.082441 -21.289986
v 101.161133 0.082441 -20.457794
v 101.396347 0.082441 -19.613144
v 101.591202 0.082441 -18.758041
v 101.747261 0.082441 -17.894531
v 101.872925 0.082441 -17.024704
v 101.978325 0.082441 -16.150673
v 102.073601 0.082441 -15.274532
v 84.061142 0.082887 -39.269714
v 81.867966 0.082862 -39.049202
v 84.061142 0.082887 -38.975792
v 84.061142 0.082887 -38.832230
v 79.680054 0.082691 -38.802193
v 77.502686 0.082226 -38.502197
v 75.341125 0.081320 -38.122742
v 73.200607 0.081908 -37.641960
v 71.086243 0.094251 -37.056763
v 69.003082 0.130693 -36.368660
v 66.956207 0.203576 -35.579201
v 64.950623 0.324023 -34.690071
v 62.991043 0.498276 -33.703613
v 61.082157 0.731355 -32.622322
v 59.228626 1.028282 -31.448723
v 57.435028 1.392218 -30.185402
v 57.608994 1.365670 -29.950844
v 55.890820 1.788698 -28.609871
v 54.240410 2.268878 -27.186317
v 55.705551 1.818893 -28.835617
v 54.044296 2.302176 -27.402702
v 52.455345 2.835937 -25.890030
v 50.942673 3.413090 -24.301071
v 52.661846 2.800214 -25.683533
v 51.159050 3.375741 -24.104950
v 49.735497 3.984620 -22.454552
v 48.394531 4.615043 -20.736374
v 49.509758 4.022723 -22.639816
v 48.159966 4.652967 -20.910339
v 46.896652 5.291955 -19.116745
v 45.723038 5.934484 -17.263214
v 47.139473 5.255201 -18.954498
v 45.973518 5.899926 -17.113083
v 44.899300 6.570591 -15.216671
v 43.919289 7.295207 -13.269897
v 44.641747 6.602019 -15.354328
v 43.655296 7.322690 -13.394756
v 42.766174 8.124630 -11.389156
v 41.976677 9.015483 -9.342285
v 43.035973 8.101786 -11.277409
v 42.251633 8.997784 -9.243908
v 41.567734 9.908443 -7.174358
v 40.985558 10.738454 -5.073799
v 41.288311 9.920947 -7.259129
v 40.702385 10.746238 -5.144756
v 40.220215 11.396566 -3.004250
v 39.838520 11.804180 -0.842682
v 40.506401 11.392504 -2.947273
v 40.126961 11.802467 -0.799835
v 39.825745 12.008977 1.363308
v 39.576660 12.079848 3.536926
v 39.535618 12.009484 1.334686
v 39.285252 12.079911 3.522598
v 39.061150 12.082904 5.715778
v 39.353645 12.082904 5.715778
v 39.496521 12.082904 5.715778
v 44.640778 12.082904 5.715778
v 44.783272 12.082904 5.715778
v 44.986038 12.078671 3.802921
v 45.211254 11.999551 1.894657
v 45.481358 11.770653 -0.004410
v 45.818817 11.317093 -1.889698
v 46.242210 10.593966 -3.756626
v 46.754696 9.676333 -5.600742
v 47.355614 8.669241 -7.417645
v 48.044289 7.677732 -9.202900
v 48.819771 6.785047 -10.952141
v 49.680130 5.987210 -12.661255
v 50.623219 5.258439 -14.326160
v 51.646828 4.572953 -15.942780
v 52.748665 3.911045 -17.507126
v 53.925945 3.277317 -19.015556
v 55.175709 2.682446 -20.464478
v 56.495029 2.137109 -21.850334
v 57.880886 1.650790 -23.169678
v 59.329819 1.228203 -24.419434
v 60.838238 0.872866 -25.596695
v 84.061142 0.082887 -33.663086
v 84.061142 0.082887 -33.519897
v 84.061142 0.082887 -33.240677
v 82.161903 0.082641 -33.049721
v 80.267220 0.080921 -32.835815
v 78.381660 0.076254 -32.576035
v 76.509789 0.067165 -32.247414
v 74.656158 0.053905 -31.831085
v 72.825157 0.043629 -31.324310
v 71.021194 0.045213 -30.728432
v 69.248642 0.067538 -30.044769
v 67.511841 0.119875 -29.274811
v 65.814896 0.213063 -28.420563
v 64.161842 0.358339 -27.484200
v 62.556725 0.566934 -26.467865
v 61.003502 0.847646 -25.373863
v 59.505817 1.199518 -24.204979
v 58.067204 1.619158 -22.964111
v 56.691204 2.103173 -21.654160
v 55.381268 2.646965 -20.278168
v 54.140400 3.241119 -18.839554
v 52.971504 3.875016 -17.341858
v 51.877506 4.538037 -15.788647
v 50.861183 5.225609 -14.183533
v 49.924805 5.957354 -12.530472
v 49.070564 6.758938 -10.833519
v 48.300598 7.656030 -9.096729
v 47.616825 8.652427 -7.324184
v 47.020153 9.664454 -5.520210
v 46.511230 10.586571 -3.689213
v 46.090694 11.313232 -1.835575
v 45.755386 11.769025 0.036293
v 45.486874 11.999067 1.921848
v 45.262878 12.078610 3.816532
v 45.061150 12.082904 5.715778
v 55.890820 0.082887 -28.609871
v 57.608994 0.082887 -29.950844
v 57.435028 0.082887 -30.185402
v 55.705551 0.082887 -28.835617
v 54.044296 0.082887 -27.402702
v 52.455345 0.082887 -25.890030
v 54.240410 0.082887 -27.186317
v 52.661846 0.082887 -25.683533
v 49.735497 0.082887 -22.454552
v 51.159050 0.082887 -24.104950
v 50.942673 0.082887 -24.301071
v 49.509758 0.082887 -22.639816
v 48.159966 0.082887 -20.910339
v 46.896652 0.082887 -19.116745
v 48.394531 0.082887 -20.736374
v 47.139473 0.082887 -18.954498
v 44.899300 0.082887 -15.216671
v 45.973518 0.082887 -17.113083
v 45.723038 0.082887 -17.263214
v 44.641747 0.082887 -15.354328
v 43.655296 0.082887 -13.394756
v 42.766174 0.082887 -11.389156
v 43.919289 0.082887 -13.269897
v 43.035973 0.082887 -11.277409
v 41.567734 0.082887 -7.174358
v 42.251633 0.082887 -9.243908
v 41.976677 0.082887 -9.342285
v 41.288311 0.082887 -7.259129
v 40.702385 0.082887 -5.144756
v 40.220215 0.082887 -3.004250
v 40.985558 0.082887 -5.073799
v 40.506401 0.082887 -2.947273
v 39.825745 0.082887 1.363308
v 40.126961 0.082887 -0.799835
v 39.838520 0.082887 -0.842682
v 39.535618 0.082887 1.334686
v 39.285252 0.082887 3.522598
v 39.061150 0.082887 5.715778
v 39.576660 0.082887 3.536926
v 39.353645 0.082887 5.715778
v 61.003502 0.082887 -25.373863
v 59.505817 0.082887 -24.204979
v 60.838238 0.082887 -25.596695
v 59.329819 0.082887 -24.419434
v 58.067204 0.082887 -22.964111
v 56.691204 0.082887 -21.654160
v 57.880886 0.082887 -23.169678
v 56.495029 0.082887 -21.850334
v 55.381268 0.082887 -20.278168
v 54.140400 0.082887 -18.839554
v 55.175709 0.082887 -20.464478
v 53.925945 0.082887 -19.015556
v 52.971504 0.082887 -17.341858
v 51.877506 0.082887 -15.788647
v 52.748665 0.082887 -17.507126
v 51.646828 0.082887 -15.942780
v 50.861183 0.082887 -14.183533
v 49.924805 0.082887 -12.530472
v 50.623219 0.082887 -14.326160
v 49.680130 0.082887 -12.661255
v 49.070564 0.082887 -10.833519
v 48.300598 0.082887 -9.096729
v 48.819771 0.082887 -10.952141
v 48.044289 0.082887 -9.202900
v 47.616825 0.082887 -7.324184
v 47.020153 0.082887 -5.520210
v 47.355614 0.082887 -7.417645
v 46.754696 0.082887 -5.600742
v 46.511230 0.082887 -3.689213
v 46.090694 0.082887 -1.835575
v 46.242210 0.082887 -3.756626
v 45.818817 0.082887 -1.889698
v 45.755386 0.082887 0.036293
v 45.486874 0.082887 1.921848
v 45.481358 0.082887 -0.004410
v 45.211254 0.082887 1.894657
v 45.262878 0.082887 3.816532
v 45.061150 0.082887 5.715778
v 44.986038 0.082887 3.802921
v 44.783272 0.082887 5.715778
v 84.073593 0.282441 -39.274536
v 81.880409 0.282416 -39.054031
v 84.073593 0.282441 -38.980621
v 84.073593 0.282441 -38.837051
v 81.894737 0.282406 -38.761559
v 81.901733 0.282400 -38.618698
v 79.721115 0.282159 -38.516159
v 79.735107 0.282117 -38.374077
v 77.557976 0.281489 -38.218132
v 79.692505 0.282245 -38.807022
v 77.515129 0.281780 -38.507027
v 75.353561 0.280874 -38.127571
v 73.213043 0.281462 -37.646790
v 75.410538 0.280184 -37.841148
v 75.438370 0.279847 -37.701241
v 73.283997 0.280097 -37.363510
v 73.318665 0.279430 -37.225136
v 71.183456 0.291337 -36.782143
v 71.224861 0.290132 -36.645638
v 69.113907 0.326080 -36.098518
v 71.098679 0.293805 -37.061592
v 69.015533 0.330247 -36.373489
v 66.968651 0.403130 -35.584030
v 64.963058 0.523578 -34.694901
v 67.080406 0.396498 -35.314224
v 67.134995 0.393259 -35.182434
v 65.087921 0.513625 -34.430908
v 65.148911 0.508764 -34.301956
v 63.141144 0.683926 -33.450905
v 63.208389 0.677135 -33.325096
v 61.244732 0.912725 -32.376671
v 63.003483 0.697830 -33.708443
v 61.094597 0.930910 -32.627159
v 59.241066 1.227836 -31.453552
v 57.447472 1.591772 -30.190231
v 59.403313 1.205345 -31.210747
v 59.482559 1.194360 -31.092140
v 57.621437 1.565225 -29.955673
v 57.706409 1.552257 -29.841095
v 55.903259 1.988252 -28.614700
v 55.993752 1.973503 -28.504433
v 54.252853 2.468433 -27.191147
v 55.717995 2.018447 -28.840446
v 54.056740 2.501730 -27.407532
v 52.467789 3.035491 -25.894859
v 50.955116 3.612644 -24.305901
v 52.674286 2.999768 -25.688362
v 52.775154 2.982320 -25.587494
v 51.171494 3.575295 -24.109787
v 51.277187 3.557052 -24.013992
v 49.747940 4.184174 -22.459381
v 49.858212 4.165562 -22.368881
v 48.406975 4.814597 -20.741203
v 49.522202 4.222277 -22.644638
v 48.172409 4.852522 -20.915161
v 46.909096 5.491509 -19.121574
v 45.735477 6.134038 -17.268044
v 47.151913 5.454756 -18.959328
v 47.270519 5.436803 -18.880081
v 45.985962 6.099480 -17.117912
v 46.108315 6.082600 -17.044571
v 44.911739 6.770146 -15.221500
v 45.037537 6.754795 -15.154255
v 43.931732 7.494761 -13.274727
v 44.654190 6.801573 -15.359158
v 43.667740 7.522244 -13.399586
v 42.778618 8.324184 -11.393986
v 41.989120 9.215037 -9.347115
v 43.048416 8.301340 -11.282238
v 43.180206 8.290182 -11.227650
v 42.264076 9.197338 -9.248737
v 42.398384 9.188692 -9.200676
v 41.580177 10.107998 -7.179188
v 41.716671 10.101890 -7.137783
v 40.998001 10.938008 -5.078629
v 41.300751 10.120502 -7.263958
v 40.714828 10.945792 -5.149586
v 40.232658 11.596121 -3.009079
v 39.850964 12.003735 -0.847511
v 40.518845 11.592058 -2.952103
v 40.658630 11.590075 -2.924274
v 40.139404 12.002022 -0.804665
v 40.280300 12.001184 -0.783733
v 39.838188 12.208531 1.358479
v 39.589100 12.279403 3.532097
v 39.979897 12.208283 1.372459
v 39.548061 12.209039 1.329857
v 39.297691 12.279466 3.517769
v 39.073589 12.282458 5.710949
v 39.366089 12.282458 5.710949
v 39.508965 12.282458 5.710949
v 39.731441 12.279371 3.539097
v 44.653221 12.282458 5.710949
v 44.795715 12.282458 5.710949
v 44.856514 12.278256 3.791111
v 44.998482 12.278226 3.798092
v 45.082355 12.199352 1.875881
v 45.223698 12.199105 1.889828
v 45.353279 11.971043 -0.030117
v 45.493801 11.970207 -0.009239
v 45.691833 11.518626 -1.922279
v 45.831261 11.516647 -1.894527
v 46.116692 10.797313 -3.796021
v 46.254654 10.793521 -3.761456
v 46.631012 9.881980 -5.646873
v 41.136322 10.934207 -5.043972
v 46.767139 9.875888 -5.605572
v 47.234104 8.877419 -7.470409
v 47.368057 8.868795 -7.422474
v 47.925285 7.888416 -9.262173
v 48.056732 7.877287 -9.207729
v 48.703598 6.997991 -11.017807
v 48.832214 6.984601 -10.956970
v 49.567101 6.202075 -12.733147
v 44.060684 7.481337 -13.213734
v 49.692574 6.186764 -12.666084
v 50.513626 5.474829 -14.404129
v 50.635662 5.457994 -14.330990
v 51.540977 4.790413 -16.026657
v 51.659271 4.772507 -15.947609
v 52.646835 4.129076 -17.596710
v 52.761108 4.110600 -17.511955
v 53.828411 3.495434 -19.110641
v 48.521553 4.796072 -20.656235
v 53.938389 3.476871 -19.020386
v 55.082733 2.900196 -20.564842
v 55.188152 2.882000 -20.469307
v 56.406876 2.354066 -21.955772
v 56.507473 2.336663 -21.855164
v 57.797791 1.866566 -23.279922
v 57.893330 1.850345 -23.174500
v 59.252003 1.442467 -24.534241
v 54.348648 2.452168 -27.085449
v 59.342262 1.427757 -24.424271
v 60.765930 1.085354 -25.715797
v 60.850677 1.072420 -25.601524
v 62.335995 0.798811 -26.821663
v 62.415031 0.787854 -26.703369
v 63.958515 0.584027 -27.849014
v 64.031654 0.575168 -27.726982
v 65.629486 0.432600 -28.795532
v 61.318066 0.903843 -32.254318
v 65.696548 0.425827 -28.670067
v 67.344833 0.333732 -29.659042
v 67.405663 0.328884 -29.530434
v 69.100464 0.276624 -30.437355
v 69.154915 0.273393 -30.305923
v 70.892235 0.250757 -31.128433
v 70.940170 0.248726 -30.994476
v 72.715767 0.246730 -31.730766
v 69.161972 0.324044 -35.964211
v 72.757065 0.245527 -31.594620
v 74.566612 0.255421 -32.243042
v 74.601181 0.254756 -32.105034
v 76.440353 0.267711 -32.663887
v 76.468109 0.267375 -32.524353
v 78.332520 0.276227 -32.996056
v 78.353394 0.276085 -32.855316
v 80.238525 0.280600 -33.258659
v 77.578903 0.281346 -38.077011
v 80.252464 0.280558 -33.116959
v 82.153748 0.282211 -33.474892
v 82.160728 0.282206 -33.332405
v 84.073586 0.282441 -33.667915
v 84.073586 0.282441 -33.524727
v 84.073586 0.282441 -33.245506
v 82.174339 0.282195 -33.054550
v 80.279655 0.280476 -32.840645
v 78.394104 0.275808 -32.580864
v 76.522232 0.266719 -32.252243
v 74.668594 0.253459 -31.835915
v 72.837601 0.243183 -31.329140
v 71.033630 0.244768 -30.733261
v 69.261078 0.267093 -30.049599
v 67.524277 0.319429 -29.279640
v 65.827332 0.412618 -28.425392
v 64.174286 0.557893 -27.489029
v 62.569164 0.766488 -26.472694
v 61.015942 1.047200 -25.378693
v 59.518261 1.399072 -24.209808
v 58.079647 1.818712 -22.968941
v 56.703648 2.302727 -21.658989
v 55.393711 2.846519 -20.282997
v 54.152843 3.440673 -18.844383
v 52.983948 4.074570 -17.346695
v 51.889946 4.737591 -15.793476
v 50.873623 5.425164 -14.188362
v 49.937248 6.156908 -12.535301
v 49.083008 6.958493 -10.838348
v 48.313042 7.855584 -9.101559
v 47.629269 8.851981 -7.329014
v 47.032597 9.864009 -5.525040
v 46.523670 10.786125 -3.694042
v 46.103134 11.512787 -1.840405
v 45.767830 11.968579 0.031467
v 45.499317 12.198622 1.917019
v 45.275322 12.278165 3.811703
v 45.073593 12.282458 5.710949
v 108.052864 0.083367 -15.271107
v 107.935219 0.083453 -14.101032
v 107.758942 0.083367 -15.271107
v 107.615379 0.083367 -15.271107
v 107.803444 0.084056 -12.933773
v 107.643402 0.085692 -11.772133
v 107.440948 0.088877 -10.618931
v 107.184448 0.096389 -9.476952
v 106.872246 0.120042 -8.348919
v 106.505142 0.173913 -7.237549
v 106.083961 0.272075 -6.145531
v 105.609596 0.426578 -5.075531
v 105.083321 0.641362 -4.030087
v 104.506454 0.918343 -3.011684
v 103.880318 1.259435 -2.022820
v 103.206337 1.666868 -1.065929
v 103.637505 1.214454 -2.185062
v 102.971779 1.613773 -1.239891
v 102.260475 2.083750 -0.328506
v 101.505363 2.628466 0.546932
v 102.486214 2.144140 -0.143246
v 101.721748 2.695060 0.743050
v 100.914726 3.323443 1.590763
v 100.067017 4.028827 2.397781
v 100.708229 3.251999 1.384266
v 99.870895 3.954129 2.181400
v 98.995461 4.717452 2.936508
v 98.084084 5.520261 3.647804
v 99.180717 4.793658 3.162247
v 98.258041 5.596111 3.882370
v 97.301147 6.414360 4.556358
v 96.312279 7.227139 5.182480
v 97.138908 6.340853 4.313538
v 96.162148 7.158024 4.932003
v 95.156227 7.952585 5.501804
v 94.123581 8.705844 6.021637
v 95.293884 8.015440 5.759357
v 94.248436 8.760810 6.285633
v 93.178444 9.444803 6.759983
v 92.086426 10.051530 7.181171
v 93.066689 9.399115 6.490181
v 91.988045 10.016132 6.906208
v 90.890274 10.550345 7.268848
v 89.776062 10.997622 7.577301
v 90.975044 10.575353 7.548275
v 89.847023 11.013188 7.860485
v 88.705048 11.361959 8.116978
v 87.551834 11.622939 8.319427
v 88.648071 11.353835 7.830795
v 87.508987 11.619512 8.030983
v 86.361580 11.813796 8.189346
v 85.208611 11.960483 8.319839
v 86.390198 11.814811 8.479469
v 85.222939 11.960608 8.611248
v 84.052856 12.083373 8.728893
v 84.052856 12.083373 8.436394
v 84.052856 12.083373 8.293518
v 84.052864 12.083373 3.149269
v 84.052864 12.083373 3.006775
v 84.942612 11.958127 2.910461
v 85.830223 11.794944 2.803833
v 86.713570 11.555884 2.676579
v 87.590492 11.203011 2.518383
v 88.458885 10.708646 2.320671
v 89.316658 10.086125 2.081894
v 90.161781 9.359049 1.802223
v 90.992180 8.551006 1.481880
v 91.805824 7.685524 1.121166
v 92.600807 6.785823 0.720966
v 93.375221 5.875051 0.282307
v 94.127182 4.976355 -0.193825
v 94.854828 4.112267 -0.706341
v 95.556465 3.302847 -1.253929
v 96.230415 2.567540 -1.835255
v 96.875038 1.925789 -2.448929
v 97.488716 1.392291 -3.093552
v 98.070038 0.962761 -3.767509
v 102.446243 0.083367 -15.271111
v 102.303055 0.083367 -15.271111
v 102.023834 0.083367 -15.271111
v 101.935738 0.083011 -14.394966
v 101.837067 0.080517 -13.520935
v 101.717224 0.073749 -12.651112
v 101.565628 0.060568 -11.787605
v 101.373573 0.040384 -10.932503
v 101.139801 0.018798 -10.087841
v 100.864914 0.002954 -9.255653
v 100.549530 0.000000 -8.437958
v 100.194344 0.018281 -7.636765
v 99.800270 0.070937 -6.853943
v 99.368309 0.172311 -6.091377
v 98.899467 0.336740 -5.350922
v 98.394798 0.577724 -4.634407
v 97.855583 0.905391 -3.943508
v 97.283150 1.329026 -3.279861
v 96.678856 1.857916 -2.645103
v 96.044106 2.496578 -2.040813
v 95.380455 3.230451 -1.468384
v 94.689560 4.040209 -0.929173
v 93.973045 4.906523 -0.424500
v 93.232597 5.809391 0.044346
v 92.470024 6.726111 0.476295
v 91.687210 7.633307 0.870373
v 90.886009 8.507603 1.225559
v 90.068321 9.325420 1.541019
v 89.236122 10.062367 1.816433
v 88.391472 10.693856 2.051651
v 87.536362 11.195292 2.246506
v 86.672859 11.552628 2.402554
v 85.803032 11.793978 2.528214
v 84.929001 11.958005 2.633621
v 84.052864 12.083373 2.728893
v 103.880318 0.083363 -2.022820
v 103.206337 0.083363 -1.065929
v 103.637505 0.083363 -2.185062
v 102.971779 0.083363 -1.239891
v 101.505363 0.083363 0.546932
v 102.260475 0.083363 -0.328506
v 102.486214 0.083363 -0.143246
v 101.721748 0.083363 0.743050
v 100.914726 0.083363 1.590763
v 100.067017 0.083363 2.397781
v 100.708229 0.083363 1.384266
v 99.870895 0.083363 2.181400
v 98.084084 0.083363 3.647804
v 98.995461 0.083363 2.936508
v 99.180717 0.083363 3.162247
v 98.258041 0.083363 3.882370
v 97.301147 0.083363 4.556358
v 96.312279 0.083363 5.182480
v 97.138908 0.083363 4.313538
v 96.162148 0.083363 4.932003
v 94.123581 0.083363 6.021637
v 95.156227 0.083363 5.501804
v 95.293884 0.083363 5.759357
v 94.248436 0.083363 6.285633
v 93.178444 0.083363 6.759983
v 92.086426 0.083363 7.181171
v 93.066689 0.083363 6.490181
v 91.988045 0.083363 6.906208
v 89.776062 0.083363 7.577301
v 90.890274 0.083363 7.268848
v 90.975044 0.083363 7.548275
v 89.847023 0.083363 7.860485
v 88.705048 0.083363 8.116978
v 87.551834 0.083363 8.319427
v 88.648071 0.083363 7.830795
v 87.508987 0.083363 8.030983
v 85.208611 0.083363 8.319839
v 86.361580 0.083363 8.189346
v 86.390198 0.083363 8.479469
v 85.222939 0.083363 8.611248
v 97.855583 0.083363 -3.943508
v 97.283150 0.083363 -3.279861
v 98.070038 0.083363 -3.767509
v 97.488716 0.083363 -3.093552
v 96.678856 0.083363 -2.645103
v 96.044106 0.083363 -2.040813
v 96.875038 0.083363 -2.448929
v 96.230415 0.083363 -1.835255
v 95.380455 0.083363 -1.468384
v 94.689560 0.083363 -0.929173
v 95.556465 0.083363 -1.253929
v 94.854828 0.083363 -0.706341
v 93.973045 0.083363 -0.424500
v 93.232597 0.083363 0.044346
v 94.127182 0.083363 -0.193825
v 93.375221 0.083363 0.282307
v 92.470024 0.083363 0.476295
v 91.687210 0.083363 0.870373
v 92.600807 0.083363 0.720966
v 91.805824 0.083363 1.121166
v 90.886009 0.083363 1.225559
v 90.068321 0.083363 1.541019
v 90.992180 0.083363 1.481880
v 90.161781 0.083363 1.802223
v 89.236122 0.083363 1.816433
v 88.391472 0.083363 2.051651
v 89.316658 0.083363 2.081894
v 88.458885 0.083363 2.320671
v 87.536362 0.083363 2.246506
v 86.672859 0.083363 2.402554
v 87.590492 0.083363 2.518383
v 86.713570 0.083363 2.676579
v 85.803032 0.083363 2.528214
v 84.929001 0.083363 2.633621
v 85.830223 0.083363 2.803833
v 84.942612 0.083363 2.910461
v 108.052864 0.083367 -15.271107
v 107.935219 0.083453 -14.101032
v 107.758942 0.083367 -15.271107
v 107.615379 0.083367 -15.271107
v 107.803444 0.084056 -12.933773
v 107.643402 0.085692 -11.772133
v 107.440948 0.088877 -10.618931
v 107.184448 0.096389 -9.476952
v 106.872246 0.120042 -8.348919
v 106.505142 0.173913 -7.237549
v 106.083961 0.272075 -6.145531
v 105.609596 0.426578 -5.075531
v 105.083321 0.641362 -4.030087
v 104.506454 0.918343 -3.011684
v 103.880318 1.259435 -2.022820
v 103.206337 1.666868 -1.065929
v 102.486214 2.144140 -0.143246
v 101.721748 2.695060 0.743050
v 100.914726 3.323443 1.590763
v 100.067017 4.028827 2.397781
v 99.180717 4.793658 3.162247
v 98.258041 5.596111 3.882370
v 97.301147 6.414360 4.556358
v 96.312279 7.227139 5.182480
v 95.293884 8.015440 5.759357
v 94.248436 8.760810 6.285633
v 93.178444 9.444803 6.759983
v 92.086426 10.051530 7.181171
v 90.975044 10.575353 7.548275
v 89.847023 11.013188 7.860485
v 88.705048 11.361959 8.116978
v 87.551834 11.622939 8.319427
v 86.390198 11.814811 8.479469
v 85.222939 11.960608 8.611248
v 84.052856 12.083373 8.728893
v 84.052856 12.083373 8.436394
v 84.052856 12.083373 8.293518
v 84.052864 12.083373 3.149269
v 84.052864 12.083373 3.006775
v 102.446243 0.083367 -15.271111
v 102.303055 0.083367 -15.271111
v 102.023834 0.083367 -15.271111
v 101.935738 0.083011 -14.394966
v 101.837067 0.080517 -13.520935
v 101.717224 0.073749 -12.651112
v 101.565628 0.060568 -11.787605
v 101.373573 0.040384 -10.932503
v 101.139801 0.018798 -10.087841
v 100.864914 0.002954 -9.255653
v 100.549530 0.000000 -8.437958
v 100.194344 0.018281 -7.636765
v 99.800270 0.070937 -6.853943
v 99.368309 0.172311 -6.091377
v 98.899467 0.336740 -5.350922
v 98.394798 0.577724 -4.634407
v 97.855583 0.905391 -3.943508
v 97.283150 1.329026 -3.279861
v 96.678856 1.857916 -2.645103
v 96.044106 2.496578 -2.040813
v 95.380455 3.230451 -1.468384
v 94.689560 4.040209 -0.929173
v 93.973045 4.906523 -0.424500
v 93.232597 5.809391 0.044346
v 92.470024 6.726111 0.476295
v 91.687210 7.633307 0.870373
v 90.886009 8.507603 1.225559
v 90.068321 9.325420 1.541019
v 89.236122 10.062367 1.816433
v 88.391472 10.693856 2.051651
v 87.536362 11.195292 2.246506
v 86.672859 11.552628 2.402554
v 85.803032 11.793978 2.528214
v 84.929001 11.958005 2.633621
v 84.052864 12.083373 2.728893
v 108.059052 0.282465 -15.289040
v 107.941406 0.282551 -14.118969
v 107.765137 0.282465 -15.289040
v 107.621567 0.282465 -15.289040
v 107.648933 0.282530 -14.133297
v 107.506073 0.282519 -14.140301
v 107.518776 0.282981 -12.980331
v 107.376701 0.282897 -12.994312
v 107.360687 0.284208 -11.832912
v 107.809639 0.283154 -12.951710
v 107.649590 0.284790 -11.790066
v 107.447144 0.287975 -10.636860
v 107.190643 0.295487 -9.494884
v 107.160721 0.286595 -10.693829
v 107.020813 0.285921 -10.721661
v 106.907364 0.292757 -9.565845
v 106.768997 0.291423 -9.600502
v 106.598976 0.314205 -8.451630
v 106.462471 0.311794 -8.493034
v 106.236366 0.364677 -7.353863
v 106.878433 0.319141 -8.366856
v 106.511337 0.373011 -7.255482
v 106.090149 0.471173 -6.163464
v 105.615791 0.625676 -5.093464
v 105.820351 0.457909 -6.275215
v 105.688560 0.451431 -6.329803
v 105.351791 0.605771 -5.218327
v 105.222839 0.596049 -5.279316
v 104.831963 0.812652 -4.185684
v 104.706161 0.799069 -4.252926
v 104.262161 1.081072 -3.179752
v 105.089516 0.840460 -4.048023
v 104.512642 1.117441 -3.029625
v 103.886513 1.458533 -2.040752
v 103.212532 1.865966 -1.083858
v 103.643692 1.413552 -2.202995
v 103.525085 1.391580 -2.282246
v 102.977974 1.812871 -1.257832
v 102.863396 1.786936 -1.342804
v 102.266670 2.282849 -0.346443
v 102.156395 2.253351 -0.436935
v 101.511559 2.827564 0.528999
v 102.492409 2.343238 -0.161182
v 101.727943 2.894158 0.725113
v 100.920921 3.522541 1.572830
v 100.073204 4.227924 2.379845
v 100.714424 3.451097 1.366333
v 100.613556 3.416199 1.265465
v 99.877090 4.153227 2.163467
v 99.781296 4.116741 2.057774
v 99.001656 4.916550 2.918575
v 98.911163 4.879326 2.808304
v 98.090271 5.719359 3.629871
v 99.186913 4.992756 3.144318
v 98.264229 5.795209 3.864433
v 97.307343 6.613458 4.538422
v 96.318474 7.426238 5.164547
v 97.145096 6.539951 4.295601
v 97.065849 6.504046 4.176994
v 96.168343 7.357122 4.914066
v 96.095009 7.323362 4.791718
v 95.162415 8.151683 5.483868
v 95.095169 8.120981 5.358067
v 94.129776 8.904942 6.003704
v 95.300072 8.214538 5.741421
v 94.254631 8.959908 6.267696
v 93.184639 9.643901 6.742046
v 92.092613 10.250628 7.163231
v 93.072876 9.598212 6.472248
v 93.018288 9.575895 6.340458
v 91.994232 10.215230 6.888275
v 91.946175 10.197940 6.753971
v 90.896461 10.749443 7.250912
v 90.855057 10.737227 7.114426
v 89.782257 11.196719 7.559368
v 90.981239 10.774450 7.530338
v 89.853218 11.212286 7.842548
v 88.711235 11.561057 8.099041
v 87.558029 11.822037 8.301495
v 88.654259 11.552933 7.812862
v 88.626434 11.548964 7.673069
v 87.515182 11.818609 8.013046
v 87.494247 11.816935 7.872150
v 86.367767 12.012894 8.171410
v 85.214798 12.159580 8.301907
v 86.353790 12.012398 8.029694
v 86.396385 12.013908 8.461536
v 85.229126 12.159706 8.593315
v 84.059052 12.282471 8.710960
v 84.059052 12.282471 8.418457
v 84.059052 12.282471 8.275585
v 85.207802 12.159518 8.159561
v 84.059052 12.282471 3.131336
v 84.059052 12.282471 2.988838
v 84.955780 12.157286 3.034492
v 84.948807 12.157225 2.892525
v 85.850365 11.994535 2.927242
v 85.836418 11.994041 2.785896
v 86.740631 11.756652 2.799171
v 86.719757 11.754982 2.658646
v 87.624435 11.406067 2.639874
v 87.596687 11.402108 2.500450
v 88.499641 10.915327 2.440693
v 88.465073 10.907743 2.302738
v 89.364151 10.297406 2.200089
v 89.747597 11.189115 7.421047
v 89.322853 10.285223 2.063957
v 90.215904 9.575392 1.918243
v 90.167976 9.558146 1.784290
v 91.052811 8.772363 1.595387
v 90.998367 8.750104 1.463943
v 91.872849 7.911400 1.231846
v 91.812019 7.884622 1.103237
v 92.674065 7.015543 0.828510
v 94.068779 8.878093 5.874752
v 92.607002 6.984921 0.703037
v 93.454552 6.107821 0.386406
v 93.381416 6.074149 0.264370
v 94.212418 5.211265 -0.093464
v 94.133369 5.175453 -0.211758
v 94.945770 4.348318 -0.609997
v 94.861015 4.311365 -0.724270
v 95.652908 3.539072 -1.161884
v 98.005295 5.682309 3.515297
v 95.562653 3.501945 -1.271862
v 96.332146 2.803029 -1.747772
v 96.236603 2.766638 -1.853188
v 96.981834 2.159693 -2.366261
v 96.881226 2.124887 -2.466858
v 97.600327 1.623832 -3.015942
v 97.494911 1.591389 -3.111481
v 98.186211 1.191279 -3.695183
v 101.405861 2.795036 0.433205
v 98.076225 1.161859 -3.785442
v 98.738098 0.853130 -4.402325
v 98.623825 0.827263 -4.487080
v 99.254631 0.600485 -5.135674
v 99.136345 0.578571 -5.214718
v 99.734497 0.423678 -5.893539
v 99.612465 0.405959 -5.966682
v 100.176605 0.310001 -6.674026
v 104.139809 1.063307 -3.253094
v 100.051132 0.296453 -6.741096
v 100.579941 0.245985 -7.475246
v 100.451332 0.236288 -7.536079
v 100.943481 0.218160 -8.295284
v 100.812042 0.211699 -8.349731
v 101.266266 0.214030 -9.132191
v 101.132309 0.209970 -9.180122
v 101.547623 0.224989 -9.983940
v 106.102058 0.360606 -7.401920
v 101.411469 0.222585 -10.025242
v 101.786896 0.243406 -10.848457
v 101.648880 0.242076 -10.883022
v 101.983467 0.261649 -11.723656
v 101.843933 0.260977 -11.751411
v 102.138618 0.273683 -12.607464
v 101.997879 0.273400 -12.628338
v 102.261276 0.279863 -13.497726
v 107.219574 0.283923 -11.853844
v 102.119576 0.279779 -13.511673
v 102.362267 0.282140 -14.392307
v 102.219780 0.282129 -14.399292
v 102.452438 0.282465 -15.289043
v 102.309250 0.282465 -15.289043
v 102.030029 0.282465 -15.289043
v 101.941933 0.282109 -14.412907
v 101.843262 0.279615 -13.538872
v 101.723419 0.272847 -12.669044
v 101.571823 0.259666 -11.805534
v 101.379761 0.239482 -10.950432
v 101.145988 0.217896 -10.105774
v 100.871101 0.202052 -9.273590
v 100.555725 0.199098 -8.455894
v 100.200531 0.217379 -7.654694
v 99.806465 0.270036 -6.871872
v 99.374504 0.371409 -6.109306
v 98.905663 0.535838 -5.368851
v 98.400993 0.776822 -4.652344
v 97.861771 1.104489 -3.961441
v 97.289345 1.528124 -3.297791
v 96.685051 2.057014 -2.663033
v 96.050293 2.695676 -2.058746
v 95.386650 3.429549 -1.486324
v 94.695755 4.239307 -0.947105
v 93.979240 5.105621 -0.442432
v 93.238792 6.008489 0.026409
v 92.476219 6.925210 0.458363
v 91.693398 7.832405 0.852436
v 90.892204 8.706700 1.207630
v 90.074509 9.524518 1.523083
v 89.242317 10.261465 1.798496
v 88.397667 10.892954 2.033714
v 87.542557 11.394390 2.228573
v 86.679054 11.751725 2.384621
v 85.809227 11.993075 2.510284
v 84.935188 12.157103 2.615685
v 84.059052 12.282471 2.710960
v 39.073547 0.082899 47.710941
v 39.294060 0.082875 45.517765
v 39.367466 0.082899 47.710941
v 39.511032 0.082899 47.710941
v 39.541069 0.082703 43.329853
v 39.841061 0.082238 41.152481
v 40.220528 0.081332 38.990921
v 40.701302 0.081920 36.850403
v 41.286503 0.094263 34.736038
v 41.974609 0.130705 32.652882
v 42.764069 0.203588 30.606005
v 43.653198 0.324036 28.600414
v 44.639648 0.498289 26.640839
v 45.720940 0.731368 24.731953
v 46.894547 1.028294 22.878424
v 48.157867 1.392231 21.084826
v 48.392433 1.365683 21.258791
v 49.733398 1.788710 19.540617
v 51.156960 2.268891 17.890209
v 49.507660 1.818905 19.355349
v 50.940575 2.302188 17.694096
v 52.453247 2.835949 16.105141
v 54.042198 3.413102 14.592472
v 52.659744 2.800227 16.311646
v 54.238319 3.375754 14.808853
v 55.888721 3.984632 13.385300
v 57.606899 4.615055 12.044334
v 55.703461 4.022735 13.159557
v 57.432941 4.652980 11.809772
v 59.226532 5.291967 10.546459
v 61.080059 5.934496 9.372837
v 59.388775 5.255214 10.789272
v 61.230190 5.899938 9.623322
v 63.126610 6.570604 8.549103
v 65.073380 7.295219 7.569099
v 62.988949 6.602031 8.291553
v 64.948517 7.322702 7.305107
v 66.954117 8.124642 6.415985
v 69.000992 9.015495 5.626488
v 67.065872 8.101798 6.685780
v 69.099373 8.997796 5.901443
v 71.168915 9.908456 5.217545
v 73.269478 10.738466 4.635368
v 71.084145 9.920959 4.938118
v 73.198524 10.746250 4.352196
v 75.339035 11.396579 3.870029
v 77.500595 11.804193 3.488335
v 75.396011 11.392516 4.156212
v 77.543442 11.802480 3.776775
v 79.706589 12.008989 3.475559
v 81.880203 12.079861 3.226475
v 79.677971 12.009497 3.185436
v 81.865875 12.079924 2.935066
v 84.059059 12.082916 2.710964
v 84.059059 12.082916 3.003464
v 84.059059 12.082916 3.146336
v 84.059052 12.082916 8.290592
v 84.059052 12.082916 8.433090
v 82.146194 12.078684 8.635857
v 80.237930 11.999563 8.861069
v 78.338867 11.770665 9.131168
v 76.453583 11.317105 9.468628
v 74.586655 10.593979 9.892025
v 72.742531 9.676346 10.404507
v 70.925629 8.669253 11.005421
v 69.140381 7.677745 11.694099
v 67.391129 6.785059 12.469578
v 65.682022 5.987222 13.329941
v 64.017113 5.258451 14.273026
v 62.400490 4.572965 15.296631
v 60.836143 3.911057 16.398468
v 59.327721 3.277329 17.575745
v 57.878799 2.682458 18.825506
v 56.492935 2.137121 20.144835
v 55.173599 1.650803 21.530691
v 53.923836 1.228215 22.979618
v 52.746571 0.872879 24.488041
v 44.680176 0.082899 47.710945
v 44.823364 0.082899 47.710945
v 45.102581 0.082899 47.710945
v 45.293537 0.082653 45.811703
v 45.507439 0.080934 43.917019
v 45.767227 0.076266 42.031460
v 46.095840 0.067177 40.159595
v 46.512177 0.053918 38.305954
v 47.018959 0.043641 36.474957
v 47.614834 0.045226 34.670990
v 48.298492 0.067551 32.898438
v 49.068459 0.119887 31.161638
v 49.922707 0.213076 29.464691
v 50.859070 0.358351 27.811640
v 51.875397 0.566946 26.206526
v 52.969406 0.847658 24.653305
v 54.138294 1.199530 23.155617
v 55.379162 1.619171 21.717005
v 56.689110 2.103185 20.341009
v 58.065109 2.646977 19.031065
v 59.503723 3.241131 17.790203
v 61.001411 3.875028 16.621307
v 62.554626 4.538049 15.527309
v 64.159744 5.225622 14.510986
v 65.812798 5.957366 13.574615
v 67.509750 6.758951 12.720371
v 69.246552 7.656042 11.950405
v 71.019096 8.652439 11.266632
v 72.823074 9.664467 10.669964
v 74.654068 10.586583 10.161041
v 76.507706 11.313245 9.740505
v 78.379578 11.769037 9.405197
v 80.265121 11.999080 9.136688
v 82.159805 12.078623 8.912693
v 84.059052 12.082916 8.710964
v 49.733398 0.082899 19.540617
v 48.392433 0.082899 21.258791
v 48.157867 0.082899 21.084826
v 49.507660 0.082899 19.355349
v 50.940575 0.082899 17.694096
v 52.453247 0.082899 16.105141
v 51.156960 0.082899 17.890209
v 52.659744 0.082899 16.311646
v 55.888721 0.082899 13.385300
v 54.238319 0.082899 14.808853
v 54.042198 0.082899 14.592472
v 55.703461 0.082899 13.159557
v 57.432941 0.082899 11.809772
v 59.226532 0.082899 10.546459
v 57.606899 0.082899 12.044334
v 59.388775 0.082899 10.789272
v 63.126610 0.082899 8.549103
v 61.230190 0.082899 9.623322
v 61.080059 0.082899 9.372837
v 62.988949 0.082899 8.291553
v 64.948517 0.082899 7.305107
v 66.954117 0.082899 6.415985
v 65.073380 0.082899 7.569099
v 67.065872 0.082899 6.685780
v 71.168915 0.082899 5.217545
v 69.099373 0.082899 5.901443
v 69.000992 0.082899 5.626488
v 71.084145 0.082899 4.938118
v 73.198524 0.082899 4.352196
v 75.339035 0.082899 3.870029
v 73.269478 0.082899 4.635368
v 75.396011 0.082899 4.156212
v 79.706589 0.082899 3.475559
v 77.543442 0.082899 3.776775
v 77.500595 0.082899 3.488335
v 79.677971 0.082899 3.185436
v 81.865875 0.082899 2.935066
v 84.059059 0.082899 2.710964
v 81.880203 0.082899 3.226475
v 84.059059 0.082899 3.003464
v 52.969406 0.082899 24.653305
v 54.138294 0.082899 23.155617
v 52.746571 0.082899 24.488041
v 53.923836 0.082899 22.979618
v 55.379162 0.082899 21.717005
v 56.689110 0.082899 20.341009
v 55.173599 0.082899 21.530691
v 56.492935 0.082899 20.144835
v 58.065109 0.082899 19.031065
v 59.503723 0.082899 17.790203
v 57.878799 0.082899 18.825506
v 59.327721 0.082899 17.575745
v 61.001411 0.082899 16.621307
v 62.554626 0.082899 15.527309
v 60.836143 0.082899 16.398468
v 62.400490 0.082899 15.296631
v 64.159744 0.082899 14.510986
v 65.812798 0.082899 13.574615
v 64.017113 0.082899 14.273026
v 65.682022 0.082899 13.329941
v 67.509750 0.082899 12.720371
v 69.246552 0.082899 11.950405
v 67.391129 0.082899 12.469578
v 69.140381 0.082899 11.694099
v 71.019096 0.082899 11.266632
v 72.823074 0.082899 10.669964
v 70.925629 0.082899 11.005421
v 72.742531 0.082899 10.404507
v 74.654068 0.082899 10.161041
v 76.507706 0.082899 9.740505
v 74.586655 0.082899 9.892025
v 76.453583 0.082899 9.468628
v 78.379578 0.082899 9.405197
v 80.265121 0.082899 9.136688
v 78.338867 0.082899 9.131168
v 80.237930 0.082899 8.861069
v 82.159805 0.082899 8.912693
v 84.059052 0.082899 8.710964
v 82.146194 0.082899 8.635857
v 84.059052 0.082899 8.433090
v 39.068718 0.282453 47.723385
v 39.289230 0.282429 45.530205
v 39.362637 0.282453 47.723385
v 39.506203 0.282453 47.723385
v 39.581703 0.282418 45.544537
v 39.724564 0.282413 45.551533
v 39.827095 0.282171 43.370918
v 39.969177 0.282129 43.384903
v 40.125130 0.281501 41.207775
v 39.536240 0.282257 43.342297
v 39.836231 0.281792 41.164925
v 40.215698 0.280886 39.003361
v 40.696472 0.281474 36.862846
v 40.502117 0.280196 39.060333
v 40.642021 0.279859 39.088161
v 40.979755 0.280109 36.933800
v 41.118126 0.279442 36.968460
v 41.561127 0.291350 34.833252
v 41.697632 0.290144 34.874657
v 42.244743 0.326092 32.763702
v 41.281673 0.293818 34.748478
v 41.969780 0.330259 32.665321
v 42.759239 0.403143 30.618446
v 43.648369 0.523590 28.612854
v 43.029037 0.396511 30.730202
v 43.160828 0.393271 30.784790
v 43.912361 0.513638 28.737713
v 44.041306 0.508776 28.798702
v 44.892365 0.683939 26.790941
v 45.018166 0.677147 26.858185
v 45.966599 0.912737 24.894527
v 44.634819 0.697843 26.653280
v 45.716110 0.930922 24.744394
v 46.889717 1.227849 22.890865
v 48.153038 1.591785 21.097267
v 47.132530 1.205358 23.053108
v 47.251137 1.194372 23.132359
v 48.387604 1.565237 21.271235
v 48.502174 1.552269 21.356207
v 49.728569 1.988265 19.553059
v 49.838840 1.973516 19.643547
v 51.152130 2.468445 17.902651
v 49.502831 2.018459 19.367790
v 50.935745 2.501742 17.706539
v 52.448418 3.035503 16.117584
v 54.037369 3.612656 14.604916
v 52.654915 2.999781 16.324087
v 52.755783 2.982332 16.424955
v 54.233490 3.575308 14.821297
v 54.329281 3.557065 14.926987
v 55.883892 4.184186 13.397743
v 55.974388 4.165575 13.508011
v 57.602070 4.814610 12.056778
v 55.698631 4.222290 13.172001
v 57.428112 4.852534 11.822216
v 59.221703 5.491522 10.558903
v 61.075230 6.134050 9.385281
v 59.383945 5.454768 10.801716
v 59.463196 5.436816 10.920322
v 61.225361 6.099493 9.635761
v 61.298698 6.082613 9.758118
v 63.121780 6.770158 8.561546
v 63.189022 6.754807 8.687344
v 65.068550 7.494774 7.581543
v 62.984119 6.801586 8.303997
v 64.943695 7.522257 7.317551
v 66.949280 8.324197 6.428429
v 68.996162 9.215050 5.638931
v 67.061043 8.301353 6.698223
v 67.115631 8.290195 6.830013
v 69.094543 9.197351 5.913887
v 69.142593 9.188704 6.048195
v 71.164093 10.108010 5.229988
v 71.205498 10.101902 5.366478
v 73.264648 10.938021 4.647812
v 71.079315 10.120514 4.950562
v 73.193695 10.945805 4.364639
v 75.334213 11.596133 3.882473
v 77.495773 12.003747 3.500774
v 75.391174 11.592071 4.168652
v 75.419006 11.590087 4.308445
v 77.538620 12.002034 3.789219
v 77.559555 12.001197 3.930111
v 79.701759 12.208544 3.488003
v 81.875381 12.279415 3.238914
v 79.715744 12.208296 3.629715
v 79.673141 12.209051 3.197876
v 81.861053 12.279478 2.947510
v 84.054237 12.282471 2.723404
v 84.054237 12.282471 3.015907
v 84.054237 12.282471 3.158779
v 81.882385 12.279384 3.381256
v 84.054230 12.282471 8.303036
v 84.054230 12.282471 8.445534
v 82.134384 12.278269 8.506329
v 82.141373 12.278238 8.648300
v 80.219162 12.199365 8.732170
v 80.233109 12.199118 8.873512
v 78.313171 11.971055 9.003090
v 78.334045 11.970220 9.143612
v 76.421005 11.518639 9.341648
v 76.448746 11.516660 9.481068
v 74.547256 10.797325 9.766502
v 74.581825 10.793533 9.904469
v 72.696411 9.881992 10.280823
v 73.299309 10.934219 4.786137
v 72.737701 9.875900 10.416950
v 70.872864 8.877431 10.883911
v 70.920807 8.868808 11.017864
v 69.081108 7.888429 11.575096
v 69.135544 7.877299 11.706543
v 67.325470 6.998003 12.353409
v 67.386307 6.984614 12.482021
v 65.610123 6.202087 13.216911
v 65.129539 7.481349 7.710495
v 65.677185 6.186777 13.342384
v 63.939140 5.474842 14.163429
v 64.012283 5.458006 14.285469
v 62.316620 4.790425 15.190784
v 62.395660 4.772520 15.309074
v 60.746563 4.129088 16.296637
v 60.831314 4.110612 16.410912
v 59.232635 3.495447 17.478210
v 57.687046 4.796084 12.171356
v 59.322891 3.476884 17.588188
v 57.778427 2.900208 18.732533
v 57.873970 2.882013 18.837950
v 56.387505 2.354079 20.056677
v 56.488106 2.336675 20.157276
v 55.063351 1.866579 21.447592
v 55.168770 1.850357 21.543133
v 53.809029 1.442479 22.901802
v 51.257824 2.452181 17.998449
v 53.919006 1.427769 22.992062
v 52.627464 1.085366 24.415730
v 52.741741 1.072433 24.500481
v 51.521599 0.798824 25.985790
v 51.639900 0.787867 26.064831
v 50.494251 0.584040 27.608311
v 50.616280 0.575181 27.681454
v 49.547733 0.432613 29.279284
v 46.088947 0.903855 24.967861
v 49.673203 0.425839 29.346350
v 48.684219 0.333744 30.994631
v 48.812832 0.328896 31.055460
v 47.905907 0.276636 32.750267
v 48.037346 0.273405 32.804710
v 47.214836 0.250769 34.542038
v 47.348785 0.248739 34.589966
v 46.612503 0.246742 36.365566
v 42.379051 0.324057 32.811760
v 46.748650 0.245540 36.406868
v 46.100224 0.255434 38.216415
v 46.238235 0.254769 38.250984
v 45.679367 0.267723 40.090153
v 45.818909 0.267387 40.117908
v 45.347198 0.276239 41.982319
v 45.487946 0.276097 42.003193
v 45.084595 0.280612 43.888321
v 40.266251 0.281359 41.228706
v 45.226295 0.280570 43.902267
v 44.868366 0.282223 45.803547
v 45.010849 0.282218 45.810528
v 44.675346 0.282453 47.723389
v 44.818535 0.282453 47.723389
v 45.097752 0.282453 47.723389
v 45.288708 0.282208 45.824142
v 45.502609 0.280488 43.929459
v 45.762398 0.275821 42.043903
v 46.091011 0.266731 40.172035
v 46.507347 0.253472 38.318398
v 47.014130 0.243195 36.487396
v 47.610004 0.244780 34.683434
v 48.293663 0.267105 32.910881
v 49.063629 0.319441 31.174078
v 49.917877 0.412630 29.477133
v 50.854240 0.557905 27.824081
v 51.870567 0.766501 26.218967
v 52.964577 1.047212 24.665745
v 54.133465 1.399085 23.168060
v 55.374332 1.818725 21.729448
v 56.684277 2.302739 20.353451
v 58.060280 2.846531 19.043509
v 59.498894 3.440686 17.802645
v 60.996582 4.074583 16.633751
v 62.549797 4.737604 15.539753
v 64.154907 5.425176 14.523430
v 65.807968 6.156920 13.587059
v 67.504913 6.958505 12.732811
v 69.241714 7.855597 11.962849
v 71.014267 8.851994 11.279076
v 72.818237 9.864021 10.682407
v 74.649231 10.786138 10.173481
v 76.502876 11.512799 9.752949
v 78.374741 11.968592 9.417641
v 80.260300 12.198634 9.149132
v 82.154984 12.278177 8.925137
v 84.054230 12.282471 8.723404
v 21.091518 0.083355 29.704750
v 22.261591 0.083441 29.587105
v 21.091518 0.083355 29.410835
v 21.091518 0.083355 29.267269
v 23.428852 0.084044 29.455332
v 24.590492 0.085680 29.295286
v 25.743700 0.088866 29.092833
v 26.885675 0.096377 28.836338
v 28.013702 0.120031 28.524128
v 29.125080 0.173901 28.157024
v 30.217098 0.272063 27.735847
v 31.287090 0.426566 27.261492
v 32.332539 0.641351 26.735216
v 33.350937 0.918331 26.158344
v 34.339806 1.259423 25.532211
v 35.296700 1.666857 24.858234
v 34.177563 1.214442 25.289394
v 35.122734 1.613761 24.623672
v 36.034122 2.083739 23.912365
v 36.909561 2.628454 23.157257
v 36.219383 2.144128 24.138107
v 37.105675 2.695048 23.373640
v 37.953392 3.323431 22.566620
v 38.760410 4.028815 21.718908
v 37.746895 3.251987 22.360123
v 38.544029 3.954118 21.522789
v 39.299141 4.717441 20.647352
v 40.010437 5.520249 19.735968
v 39.524879 4.793647 20.832617
v 40.244995 5.596099 19.909933
v 40.918983 6.414349 18.953041
v 41.545113 7.227128 17.964170
v 40.676163 6.340842 18.790798
v 41.294632 7.158012 17.814039
v 41.864433 7.952573 16.808111
v 42.384270 8.705832 15.775473
v 42.121986 8.015428 16.945772
v 42.648262 8.760798 15.900331
v 43.122616 9.444791 14.830334
v 43.543800 10.051517 13.738316
v 42.852814 9.399102 14.718578
v 43.268841 10.016120 13.639935
v 43.631477 10.550333 12.542164
v 43.939934 10.997609 11.427956
v 43.910904 10.575340 12.626938
v 44.223114 11.013176 11.498913
v 44.479610 11.361947 10.356937
v 44.682060 11.622927 9.203732
v 44.193428 11.353823 10.299965
v 44.393612 11.619499 9.160885
v 44.551979 11.813784 8.013470
v 44.682472 11.960470 6.860497
v 44.842102 11.814798 8.042091
v 44.973885 11.960596 6.874828
v 45.091530 12.083361 5.704754
v 44.799026 12.083361 5.704754
v 44.656151 12.083361 5.704754
v 39.511906 12.083361 5.704750
v 39.369408 12.083361 5.704750
v 39.273094 11.958115 6.594505
v 39.166466 11.794931 7.482117
v 39.039215 11.555872 8.365456
v 38.881012 11.202998 9.242386
v 38.683304 10.708633 10.110775
v 38.444527 10.086113 10.968552
v 38.164856 9.359036 11.813671
v 37.844513 8.550994 12.644070
v 37.483803 7.685513 13.457722
v 37.083603 6.785812 14.252701
v 36.644939 5.875040 15.027115
v 36.168808 4.976344 15.779076
v 35.656292 4.112256 16.506718
v 35.108696 3.302835 17.208353
v 34.527374 2.567528 17.882303
v 33.913704 1.925777 18.526928
v 33.269081 1.392279 19.140612
v 32.595119 0.962749 19.721931
v 21.091520 0.083355 24.098133
v 21.091520 0.083355 23.954945
v 21.091520 0.083355 23.675722
v 21.967659 0.082999 23.587626
v 22.841694 0.080505 23.488955
v 23.711517 0.073737 23.369114
v 24.575027 0.060556 23.217520
v 25.430130 0.040373 23.025459
v 26.274788 0.018786 22.791679
v 27.106972 0.002942 22.516794
v 27.924667 -0.000012 22.201424
v 28.725864 0.018269 21.846228
v 29.508686 0.070926 21.452162
v 30.271254 0.172299 21.020205
v 31.011709 0.336728 20.551365
v 31.728220 0.577712 20.046692
v 32.419121 0.905379 19.507475
v 33.082767 1.329015 18.935047
v 33.717529 1.857904 18.330753
v 34.321812 2.496566 17.695993
v 34.894241 3.230439 17.032352
v 35.433456 4.040198 16.341454
v 35.938133 4.906512 15.624939
v 36.406979 5.809380 14.884487
v 36.838928 6.726100 14.121918
v 37.233002 7.633295 13.339104
v 37.588196 8.507590 12.537899
v 37.903648 9.325408 11.720207
v 38.179062 10.062355 10.888020
v 38.414280 10.693844 10.043362
v 38.609138 11.195280 9.188255
v 38.765190 11.552615 8.324753
v 38.890850 11.793965 7.454926
v 38.996254 11.957993 6.580891
v 39.091530 12.083361 5.704750
v 34.339806 0.083351 25.532211
v 35.296700 0.083351 24.858234
v 34.177563 0.083351 25.289394
v 35.122734 0.083351 24.623672
v 36.909561 0.083351 23.157257
v 36.034122 0.083351 23.912365
v 36.219383 0.083351 24.138107
v 37.105675 0.083351 23.373640
v 37.953392 0.083351 22.566620
v 38.760410 0.083351 21.718908
v 37.746895 0.083351 22.360123
v 38.544029 0.083351 21.522789
v 40.010437 0.083351 19.735968
v 39.299141 0.083351 20.647352
v 39.524879 0.083351 20.832617
v 40.244995 0.083351 19.909933
v 40.918983 0.083351 18.953041
v 41.545113 0.083351 17.964170
v 40.676163 0.083351 18.790798
v 41.294632 0.083351 17.814039
v 42.384270 0.083351 15.775473
v 41.864433 0.083351 16.808111
v 42.121986 0.083351 16.945772
v 42.648262 0.083351 15.900331
v 43.122616 0.083351 14.830334
v 43.543800 0.083351 13.738316
v 42.852814 0.083351 14.718578
v 43.268841 0.083351 13.639935
v 43.939934 0.083351 11.427956
v 43.631477 0.083351 12.542164
v 43.910904 0.083351 12.626938
v 44.223114 0.083351 11.498913
v 44.479610 0.083351 10.356937
v 44.682060 0.083351 9.203732
v 44.193428 0.083351 10.299965
v 44.393612 0.083351 9.160885
v 44.682472 0.083351 6.860497
v 44.551979 0.083351 8.013470
v 44.842102 0.083351 8.042091
v 44.973885 0.083351 6.874828
v 32.419121 0.083351 19.507475
v 33.082767 0.083351 18.935047
v 32.595119 0.083351 19.721931
v 33.269081 0.083351 19.140612
v 33.717529 0.083351 18.330753
v 34.321812 0.083351 17.695993
v 33.913704 0.083351 18.526928
v 34.527374 0.083351 17.882303
v 34.894241 0.083351 17.032352
v 35.433456 0.083351 16.341454
v 35.108696 0.083351 17.208353
v 35.656292 0.083351 16.506718
v 35.938133 0.083351 15.624939
v 36.406979 0.083351 14.884487
v 36.168808 0.083351 15.779076
v 36.644939 0.083351 15.027115
v 36.838928 0.083351 14.121918
v 37.233002 0.083351 13.339104
v 37.083603 0.083351 14.252701
v 37.483803 0.083351 13.457722
v 37.588196 0.083351 12.537899
v 37.903648 0.083351 11.720207
v 37.844513 0.083351 12.644070
v 38.164856 0.083351 11.813671
v 38.179062 0.083351 10.888020
v 38.414280 0.083351 10.043362
v 38.444527 0.083351 10.968552
v 38.683304 0.083351 10.110775
v 38.609138 0.083351 9.188255
v 38.765190 0.083351 8.324753
v 38.881012 0.083351 9.242386
v 39.039215 0.083351 8.365456
v 38.890850 0.083351 7.454926
v 38.996254 0.083351 6.580891
v 39.166466 0.083351 7.482117
v 39.273094 0.083351 6.594505
v 21.091518 0.083355 29.704750
v 22.261591 0.083441 29.587105
v 21.091518 0.083355 29.410835
v 21.091518 0.083355 29.267269
v 23.428852 0.084044 29.455332
v 24.590492 0.085680 29.295286
v 25.743700 0.088866 29.092833
v 26.885675 0.096377 28.836338
v 28.013702 0.120031 28.524128
v 29.125080 0.173901 28.157024
v 30.217098 0.272063 27.735847
v 31.287090 0.426566 27.261492
v 32.332539 0.641351 26.735216
v 33.350937 0.918331 26.158344
v 34.339806 1.259423 25.532211
v 35.296700 1.666857 24.858234
v 36.219383 2.144128 24.138107
v 37.105675 2.695048 23.373640
v 37.953392 3.323431 22.566620
v 38.760410 4.028815 21.718908
v 39.524879 4.793647 20.832617
v 40.244995 5.596099 19.909933
v 40.918983 6.414349 18.953041
v 41.545113 7.227128 17.964170
v 42.121986 8.015428 16.945772
v 42.648262 8.760798 15.900331
v 43.122616 9.444791 14.830334
v 43.543800 10.051517 13.738316
v 43.910904 10.575340 12.626938
v 44.223114 11.013176 11.498913
v 44.479610 11.361947 10.356937
v 44.682060 11.622927 9.203732
v 44.842102 11.814798 8.042091
v 44.973885 11.960596 6.874828
v 45.091530 12.083361 5.704754
v 44.799026 12.083361 5.704754
v 44.656151 12.083361 5.704754
v 39.511906 12.083361 5.704750
v 39.369408 12.083361 5.704750
v 21.091520 0.083355 24.098133
v 21.091520 0.083355 23.954945
v 21.091520 0.083355 23.675722
v 21.967659 0.082999 23.587626
v 22.841694 0.080505 23.488955
v 23.711517 0.073737 23.369114
v 24.575027 0.060556 23.217520
v 25.430130 0.040373 23.025459
v 26.274788 0.018786 22.791679
v 27.106972 0.002942 22.516794
v 27.924667 -0.000012 22.201424
v 28.725864 0.018269 21.846228
v 29.508686 0.070926 21.452162
v 30.271254 0.172299 21.020205
v 31.011709 0.336728 20.551365
v 31.728220 0.577712 20.046692
v 32.419121 0.905379 19.507475
v 33.082767 1.329015 18.935047
v 33.717529 1.857904 18.330753
v 34.321812 2.496566 17.695993
v 34.894241 3.230439 17.032352
v 35.433456 4.040198 16.341454
v 35.938133 4.906512 15.624939
v 36.406979 5.809380 14.884487
v 36.838928 6.726100 14.121918
v 37.233002 7.633295 13.339104
v 37.588196 8.507590 12.537899
v 37.903648 9.325408 11.720207
v 38.179062 10.062355 10.888020
v 38.414280 10.693844 10.043362
v 38.609138 11.195280 9.188255
v 38.765190 11.552615 8.324753
v 38.890850 11.793965 7.454926
v 38.996254 11.957993 6.580891
v 39.091530 12.083361 5.704750
v 21.073584 0.282453 29.710941
v 22.243656 0.282539 29.593296
v 21.073584 0.282453 29.417027
v 21.073586 0.282453 29.273460
v 22.229328 0.282518 29.300819
v 22.222328 0.282507 29.157957
v 23.382296 0.282970 29.170662
v 23.368313 0.282885 29.028585
v 24.529711 0.284196 29.012575
v 23.410919 0.283142 29.461523
v 24.572559 0.284778 29.301477
v 25.725765 0.287964 29.099024
v 26.867741 0.295475 28.842529
v 25.668793 0.286584 28.812603
v 25.640965 0.285909 28.672699
v 26.796783 0.292745 28.559252
v 26.762123 0.291412 28.420881
v 27.910997 0.314193 28.250864
v 27.869591 0.311782 28.114359
v 29.008762 0.364665 27.888254
v 27.995770 0.319129 28.530319
v 29.107145 0.372999 28.163216
v 30.199163 0.471161 27.742039
v 31.269157 0.625664 27.267683
v 30.087410 0.457898 27.472239
v 30.032822 0.451419 27.340448
v 31.144300 0.605760 27.003689
v 31.083309 0.596037 26.874737
v 32.176945 0.812640 26.483858
v 32.109703 0.799057 26.358055
v 33.182869 1.081060 25.914051
v 32.314606 0.840449 26.741407
v 33.333004 1.117429 26.164536
v 34.321873 1.458521 25.538403
v 35.278763 1.865955 24.864426
v 34.159630 1.413540 25.295586
v 34.080379 1.391568 25.176979
v 35.104801 1.812859 24.629864
v 35.019825 1.786924 24.515289
v 36.016190 2.282837 23.918556
v 35.925694 2.253339 23.808289
v 36.891628 2.827552 23.163448
v 36.201447 2.343226 24.144299
v 37.087742 2.894146 23.379831
v 37.935455 3.522529 22.572811
v 38.742477 4.227913 21.725100
v 37.728958 3.451085 22.366314
v 37.628094 3.416187 22.265450
v 38.526096 4.153216 21.528980
v 38.420403 4.116729 21.433186
v 39.281204 4.916539 20.653543
v 39.170937 4.879315 20.563053
v 39.992500 5.719347 19.742159
v 39.506943 4.992745 20.838808
v 40.227066 5.795197 19.916124
v 40.901047 6.613447 18.959232
v 41.527176 7.426226 17.970362
v 40.658230 6.539940 18.796989
v 40.539623 6.504035 18.717739
v 41.276695 7.357111 17.820230
v 41.154343 7.323350 17.746893
v 41.846500 8.151670 16.814302
v 41.720699 8.120969 16.747061
v 42.366333 8.904929 15.781664
v 42.104050 8.214525 16.951963
v 42.630329 8.959895 15.906523
v 43.104683 9.643888 14.836525
v 43.525864 10.250615 13.744507
v 42.834877 9.598200 14.724773
v 42.703091 9.575883 14.670185
v 43.250908 10.215218 13.646126
v 43.116600 10.197927 13.598068
v 43.613544 10.749431 12.548359
v 43.477058 10.737215 12.506950
v 43.921997 11.196707 11.434147
v 43.892975 10.774438 12.633129
v 44.205181 11.212274 11.505104
v 44.461678 11.561045 10.363129
v 44.664124 11.822024 9.209919
v 44.175495 11.552920 10.306156
v 44.035702 11.548951 10.278328
v 44.375679 11.818597 9.167072
v 44.234779 11.816922 9.146145
v 44.534042 12.012881 8.019661
v 44.664539 12.159568 6.866688
v 44.392330 12.012385 8.005680
v 44.824169 12.013896 8.048283
v 44.955948 12.159694 6.881020
v 45.073593 12.282458 5.710949
v 44.781094 12.282458 5.710949
v 44.638222 12.282458 5.710949
v 44.522194 12.159506 6.859692
v 39.493973 12.282458 5.710945
v 39.351471 12.282458 5.710945
v 39.397129 12.157273 6.607677
v 39.255157 12.157212 6.600697
v 39.289875 11.994523 7.502254
v 39.148533 11.994029 7.488308
v 39.161808 11.756639 8.392525
v 39.021278 11.754970 8.371651
v 39.002502 11.406054 9.276329
v 38.863079 11.402096 9.248573
v 38.803329 10.915315 10.151535
v 38.665371 10.907731 10.116966
v 38.562721 10.297394 11.016041
v 43.783676 11.189102 11.399487
v 38.426590 10.285211 10.974743
v 38.280876 9.575379 11.867794
v 38.146919 9.558134 11.819862
v 37.958015 8.772350 12.704704
v 37.826576 8.750092 12.650261
v 37.594479 7.911389 13.524742
v 37.465866 7.884611 13.463913
v 37.191139 7.015532 14.325954
v 42.237385 8.878080 15.720671
v 37.065666 6.984910 14.258888
v 36.749039 6.107809 15.106449
v 36.627007 6.074138 15.033306
v 36.269169 5.211253 15.864307
v 36.150871 5.175442 15.785267
v 35.752632 4.348307 16.597662
v 35.638359 4.311354 16.512909
v 35.200741 3.539060 17.304802
v 39.877922 5.682297 19.657185
v 35.090763 3.501934 17.214544
v 34.614857 2.803017 17.984037
v 34.509441 2.766626 17.888494
v 33.996368 2.159681 18.633724
v 33.895767 2.124875 18.533119
v 33.346691 1.623821 19.252220
v 33.251148 1.591377 19.146803
v 32.667442 1.191267 19.838100
v 36.795834 2.795024 23.057758
v 32.577187 1.161847 19.728123
v 31.960304 0.853119 20.389992
v 31.875551 0.827251 20.275717
v 31.226955 0.600473 20.906527
v 31.147911 0.578559 20.788235
v 30.469090 0.423666 21.386387
v 30.395948 0.405947 21.264359
v 29.688599 0.309989 21.828495
v 33.109535 1.063296 25.791698
v 29.621532 0.296442 21.703022
v 28.887381 0.245973 22.231831
v 28.826550 0.236276 22.103216
v 28.067347 0.218149 22.595369
v 28.012901 0.211687 22.463928
v 27.230436 0.214018 22.918156
v 27.182507 0.209958 22.784197
v 26.378687 0.224978 23.199501
v 28.960707 0.360594 27.753946
v 26.337387 0.222573 23.063356
v 25.514175 0.243395 23.438774
v 25.479607 0.242064 23.300770
v 24.638975 0.261637 23.635351
v 24.611219 0.260965 23.495813
v 23.755165 0.273672 23.790508
v 23.734291 0.273388 23.649763
v 22.864901 0.279851 23.913164
v 24.508780 0.283911 28.871462
v 22.850954 0.279767 23.771463
v 21.970320 0.282128 24.014156
v 21.963337 0.282118 23.871668
v 21.073586 0.282453 24.104324
v 21.073586 0.282453 23.961136
v 21.073586 0.282453 23.681913
v 21.949724 0.282097 23.593817
v 22.823759 0.279603 23.495146
v 23.693583 0.272835 23.375305
v 24.557095 0.259654 23.223711
v 25.412197 0.239471 23.031651
v 26.256853 0.217884 22.797871
v 27.089039 0.202040 22.522985
v 27.906734 0.199086 22.207615
v 28.707932 0.217367 21.852419
v 29.490753 0.270024 21.458353
v 30.253319 0.371397 21.026396
v 30.993774 0.535826 20.557556
v 31.710287 0.776811 20.052883
v 32.401188 1.104477 19.513666
v 33.064835 1.528113 18.941238
v 33.699593 2.057003 18.336945
v 34.303879 2.695664 17.702185
v 34.876308 3.429537 17.038544
v 35.415524 4.239296 16.347645
v 35.920197 5.105610 15.631130
v 36.389042 6.008478 14.890678
v 36.820995 6.925198 14.128105
v 37.215073 7.832393 13.345295
v 37.570259 8.706688 12.544090
v 37.885712 9.524506 11.726398
v 38.161133 10.261453 10.894211
v 38.396347 10.892941 10.049553
v 38.591202 11.394378 9.194447
v 38.747253 11.751713 8.330940
v 38.872917 11.993063 7.461117
v 38.978321 12.157090 6.587082
v 39.073593 12.282458 5.710945
v 45.102570 0.282453 47.710945
v 44.984924 0.282453 48.881020
v 44.808655 0.282453 47.710945
v 44.665089 0.282453 47.710945
v 44.692451 0.282453 48.866688
v 44.549587 0.282453 48.859688
v 44.562286 0.282453 50.019657
v 44.420212 0.282453 50.005676
v 44.404202 0.282453 51.167068
v 44.853149 0.282453 50.048283
v 44.693100 0.282453 51.209919
v 44.490650 0.282453 52.363125
v 44.234161 0.282453 53.505100
v 44.204231 0.282453 52.306152
v 44.064327 0.282453 52.278320
v 43.950882 0.282453 53.434143
v 43.812508 0.282453 53.399483
v 43.642487 0.282453 54.548355
v 43.505981 0.282453 54.506950
v 43.279881 0.282453 55.646122
v 43.921944 0.282453 54.633129
v 43.554840 0.282453 55.744503
v 43.133667 0.282453 56.836525
v 42.659306 0.282453 57.906517
v 42.863865 0.282453 56.724766
v 42.732075 0.282453 56.670181
v 42.395309 0.282453 57.781658
v 42.266357 0.282453 57.720669
v 41.875481 0.282453 58.814297
v 41.749680 0.282453 58.747055
v 41.305679 0.282453 59.820229
v 42.133030 0.282453 58.951962
v 41.556160 0.282453 59.970364
v 40.930031 0.282453 60.959229
v 40.256046 0.282453 61.916122
v 40.687210 0.282453 60.796986
v 40.568604 0.282453 60.717735
v 40.021484 0.282453 61.742161
v 39.906910 0.282453 61.657188
v 39.310181 0.282453 62.653545
v 39.199913 0.282453 62.563049
v 38.555073 0.282453 63.528984
v 39.535923 0.282453 62.838806
v 38.771454 0.282453 63.725101
v 37.964432 0.282453 64.572815
v 37.116722 0.282453 65.379837
v 37.757935 0.282453 64.366318
v 37.657074 0.282453 64.265450
v 36.920605 0.282453 65.163452
v 36.824806 0.282453 65.057755
v 36.045166 0.282453 65.918556
v 35.954674 0.282453 65.808289
v 35.133781 0.282453 66.629860
v 36.230431 0.282453 66.144302
v 35.307747 0.282453 66.864426
v 34.350853 0.282453 67.538406
v 33.361984 0.282453 68.164536
v 34.188610 0.282453 67.295593
v 34.109360 0.282453 67.176987
v 33.211853 0.282453 67.914055
v 33.138515 0.282453 67.791702
v 32.205925 0.282453 68.483856
v 32.138680 0.282453 68.358055
v 31.173283 0.282453 69.003693
v 32.343586 0.282453 68.741409
v 31.298141 0.282453 69.267685
v 30.228146 0.282453 69.742035
v 29.136126 0.282453 70.163223
v 30.116390 0.282453 69.472237
v 30.061802 0.282453 69.340446
v 29.037745 0.282453 69.888260
v 28.989689 0.282453 69.753952
v 27.939976 0.282453 70.250900
v 27.898567 0.282453 70.114410
v 26.825764 0.282453 70.559357
v 28.024748 0.282453 70.530327
v 26.896725 0.282453 70.842537
v 25.754745 0.282453 71.099030
v 24.601540 0.282453 71.301476
v 25.697775 0.282453 70.812843
v 25.669945 0.282453 70.673050
v 24.558693 0.282453 71.013031
v 24.537762 0.282453 70.872131
v 23.411280 0.282453 71.171402
v 22.258307 0.282453 71.301895
v 23.397297 0.282453 71.029686
v 23.439901 0.282453 71.461525
v 22.272638 0.282453 71.593300
v 21.102566 0.282453 71.710945
v 21.102566 0.282453 71.418442
v 21.102566 0.282453 71.275574
v 22.251308 0.282453 71.159546
v 21.102566 0.282453 66.131317
v 21.102566 0.282453 65.988823
v 21.999300 0.282453 66.034485
v 21.992319 0.282453 65.892509
v 22.893879 0.282453 65.927231
v 22.879930 0.282453 65.785889
v 23.784149 0.282453 65.799156
v 23.763271 0.282453 65.658630
v 24.667953 0.282453 65.639854
v 24.640198 0.282453 65.500435
v 25.543156 0.282453 65.440681
v 25.508591 0.282453 65.302719
v 26.407663 0.282453 65.200066
v 26.791107 0.282453 70.421028
v 26.366364 0.282453 65.063934
v 27.259415 0.282453 64.918228
v 27.211485 0.282453 64.784279
v 28.096329 0.282453 64.595367
v 28.041882 0.282453 64.463928
v 28.916367 0.282453 64.231827
v 28.855534 0.282453 64.103218
v 29.717579 0.282453 63.828495
v 31.112293 0.282453 68.874741
v 29.650513 0.282453 63.703022
v 30.498072 0.282453 63.386387
v 30.424929 0.282453 63.264359
v 31.255930 0.282453 62.906528
v 31.176888 0.282453 62.788231
v 31.989285 0.282453 62.389992
v 31.904533 0.282453 62.275719
v 32.696426 0.282453 61.838097
v 35.048805 0.282453 66.515289
v 32.606167 0.282453 61.728119
v 33.375664 0.282453 61.252216
v 33.280117 0.282453 61.146801
v 34.025345 0.282453 60.633724
v 33.924744 0.282453 60.533123
v 34.643845 0.282453 59.984043
v 34.538425 0.282453 59.888500
v 35.229721 0.282453 59.304798
v 38.449379 0.282453 63.433189
v 35.119743 0.282453 59.214542
v 35.781612 0.282453 58.597664
v 35.667336 0.282453 58.512909
v 36.298153 0.282453 57.864311
v 36.179855 0.282453 57.785267
v 36.778015 0.282453 57.106449
v 36.655983 0.282453 57.033306
v 37.220123 0.282453 56.325958
v 41.183327 0.282453 59.746895
v 37.094650 0.282453 56.258892
v 37.623455 0.282453 55.524738
v 37.494843 0.282453 55.463909
v 37.986996 0.282453 54.704704
v 37.855553 0.282453 54.650261
v 38.309780 0.282453 53.867790
v 38.175823 0.282453 53.819862
v 38.591125 0.282453 53.016045
v 43.145573 0.282453 55.598064
v 38.454987 0.282453 52.974743
v 38.830402 0.282453 52.151535
v 38.692398 0.282453 52.116962
v 39.026978 0.282453 51.276333
v 38.887440 0.282453 51.248577
v 39.182137 0.282453 50.392525
v 39.041389 0.282453 50.371651
v 39.304794 0.282453 49.502258
v 44.263088 0.282453 51.146141
v 39.163094 0.282453 49.488312
v 39.405785 0.282453 48.607677
v 39.263298 0.282453 48.600697
v 39.495953 0.282453 47.710945
v 39.352764 0.282453 47.710945
v 39.073540 0.282453 47.710945
v 38.985443 0.282453 48.587086
v 38.886776 0.282453 49.461117
v 38.766930 0.282453 50.330944
v 38.615337 0.282453 51.194450
v 38.423279 0.282453 52.049553
v 38.189499 0.282453 52.894211
v 37.914608 0.282453 53.726398
v 37.599239 0.282453 54.544090
v 37.244045 0.282453 55.345291
v 36.849976 0.282453 56.128113
v 36.418018 0.282453 56.890678
v 35.949181 0.282453 57.631134
v 35.444504 0.282453 58.347645
v 34.905289 0.282453 59.038544
v 34.332863 0.282453 59.702190
v 33.728569 0.282453 60.336948
v 33.093807 0.282453 60.941238
v 32.430168 0.282453 61.513664
v 31.739269 0.282453 62.052883
v 31.022755 0.282453 62.557556
v 30.282301 0.282453 63.026398
v 29.519730 0.282453 63.458351
v 28.736916 0.282453 63.852425
v 27.935713 0.282453 64.207611
v 27.118021 0.282453 64.523071
v 26.285831 0.282453 64.798477
v 25.441175 0.282453 65.033699
v 24.586071 0.282453 65.228554
v 23.722565 0.282453 65.384605
v 22.852739 0.282453 65.510269
v 21.978706 0.282453 65.615677
v 21.102566 0.282453 65.710945
v 45.102570 0.082453 47.710945
v 44.984924 0.082453 48.881020
v 44.808655 0.082453 47.710945
v 44.665089 0.082453 47.710945
v 44.692451 0.082453 48.866688
v 44.549587 0.082453 48.859688
v 44.562286 0.082453 50.019657
v 44.420212 0.082453 50.005676
v 44.404202 0.082453 51.167068
v 44.853149 0.082453 50.048283
v 44.693100 0.082453 51.209919
v 44.490650 0.082453 52.363125
v 44.234161 0.082453 53.505100
v 44.204231 0.082453 52.306152
v 44.064327 0.082453 52.278320
v 43.950882 0.082453 53.434143
v 43.812508 0.082453 53.399483
v 43.642487 0.082453 54.548355
v 43.505981 0.082453 54.506950
v 43.279881 0.082453 55.646122
v 43.921944 0.082453 54.633129
v 43.554840 0.082453 55.744503
v 43.133667 0.082453 56.836525
v 42.659306 0.082453 57.906517
v 42.863865 0.082453 56.724766
v 42.732075 0.082453 56.670181
v 42.395309 0.082453 57.781658
v 42.266357 0.082453 57.720669
v 41.875481 0.082453 58.814297
v 41.749680 0.082453 58.747055
v 41.305679 0.082453 59.820229
v 42.133030 0.082453 58.951962
v 41.556160 0.082453 59.970364
v 40.930031 0.082453 60.959229
v 40.256046 0.082453 61.916122
v 40.687210 0.082453 60.796986
v 40.568604 0.082453 60.717735
v 40.021484 0.082453 61.742161
v 39.906910 0.082453 61.657188
v 39.310181 0.082453 62.653545
v 39.199913 0.082453 62.563049
v 38.555073 0.082453 63.528984
v 39.535923 0.082453 62.838806
v 38.771454 0.082453 63.725101
v 37.964432 0.082453 64.572815
v 37.116722 0.082453 65.379837
v 37.757935 0.082453 64.366318
v 37.657074 0.082453 64.265450
v 36.920605 0.082453 65.163452
v 36.824806 0.082453 65.057755
v 36.045166 0.082453 65.918556
v 35.954674 0.082453 65.808289
v 35.133781 0.082453 66.629860
v 36.230431 0.082453 66.144302
v 35.307747 0.082453 66.864426
v 34.350853 0.082453 67.538406
v 33.361984 0.082453 68.164536
v 34.188610 0.082453 67.295593
v 34.109360 0.082453 67.176987
v 33.211853 0.082453 67.914055
v 33.138515 0.082453 67.791702
v 32.205925 0.082453 68.483856
v 32.138680 0.082453 68.358055
v 31.173283 0.082453 69.003693
v 32.343586 0.082453 68.741409
v 31.298141 0.082453 69.267685
v 30.228146 0.082453 69.742035
v 29.136126 0.082453 70.163223
v 30.116390 0.082453 69.472237
v 30.061802 0.082453 69.340446
v 29.037745 0.082453 69.888260
v 28.989689 0.082453 69.753952
v 27.939976 0.082453 70.250900
v 27.898567 0.082453 70.114410
v 26.825764 0.082453 70.559357
v 28.024748 0.082453 70.530327
v 26.896725 0.082453 70.842537
v 25.754745 0.082453 71.099030
v 24.601540 0.082453 71.301476
v 25.697775 0.082453 70.812843
v 25.669945 0.082453 70.673050
v 24.558693 0.082453 71.013031
v 24.537762 0.082453 70.872131
v 23.411280 0.082453 71.171402
v 22.258307 0.082453 71.301895
v 23.397297 0.082453 71.029686
v 23.439901 0.082453 71.461525
v 22.272638 0.082453 71.593300
v 21.102566 0.082453 71.710945
v 21.102566 0.082453 71.418442
v 21.102566 0.082453 71.275574
v 22.251308 0.082453 71.159546
v 21.102566 0.082453 66.131317
v 21.102566 0.082453 65.988823
v 21.999300 0.082453 66.034485
v 21.992319 0.082453 65.892509
v 22.893879 0.082453 65.927231
v 22.879930 0.082453 65.785889
v 23.784149 0.082453 65.799156
v 23.763271 0.082453 65.658630
v 24.667953 0.082453 65.639854
v 24.640198 0.082453 65.500435
v 25.543156 0.082453 65.440681
v 25.508591 0.082453 65.302719
v 26.407663 0.082453 65.200066
v 26.791107 0.082453 70.421028
v 26.366364 0.082453 65.063934
v 27.259415 0.082453 64.918228
v 27.211485 0.082453 64.784279
v 28.096329 0.082453 64.595367
v 28.041882 0.082453 64.463928
v 28.916367 0.082453 64.231827
v 28.855534 0.082453 64.103218
v 29.717579 0.082453 63.828495
v 31.112293 0.082453 68.874741
v 29.650513 0.082453 63.703022
v 30.498072 0.082453 63.386387
v 30.424929 0.082453 63.264359
v 31.255930 0.082453 62.906528
v 31.176888 0.082453 62.788231
v 31.989285 0.082453 62.389992
v 31.904533 0.082453 62.275719
v 32.696426 0.082453 61.838097
v 35.048805 0.082453 66.515289
v 32.606167 0.082453 61.728119
v 33.375664 0.082453 61.252216
v 33.280117 0.082453 61.146801
v 34.025345 0.082453 60.633724
v 33.924744 0.082453 60.533123
v 34.643845 0.082453 59.984043
v 34.538425 0.082453 59.888500
v 35.229721 0.082453 59.304798
v 38.449379 0.082453 63.433189
v 35.119743 0.082453 59.214542
v 35.781612 0.082453 58.597664
v 35.667336 0.082453 58.512909
v 36.298153 0.082453 57.864311
v 36.179855 0.082453 57.785267
v 36.778015 0.082453 57.106449
v 36.655983 0.082453 57.033306
v 37.220123 0.082453 56.325958
v 41.183327 0.082453 59.746895
v 37.094650 0.082453 56.258892
v 37.623455 0.082453 55.524738
v 37.494843 0.082453 55.463909
v 37.986996 0.082453 54.704704
v 37.855553 0.082453 54.650261
v 38.309780 0.082453 53.867790
v 38.175823 0.082453 53.819862
v 38.591125 0.082453 53.016045
v 43.145573 0.082453 55.598064
v 38.454987 0.082453 52.974743
v 38.830402 0.082453 52.151535
v 38.692398 0.082453 52.116962
v 39.026978 0.082453 51.276333
v 38.887440 0.082453 51.248577
v 39.182137 0.082453 50.392525
v 39.041389 0.082453 50.371651
v 39.304794 0.082453 49.502258
v 44.263088 0.082453 51.146141
v 39.163094 0.082453 49.488312
v 39.405785 0.082453 48.607677
v 39.263298 0.082453 48.600697
v 39.495953 0.082453 47.710945
v 39.352764 0.082453 47.710945
v 39.073540 0.082453 47.710945
v 38.985443 0.082453 48.587086
v 38.886776 0.082453 49.461117
v 38.766930 0.082453 50.330944
v 38.615337 0.082453 51.194450
v 38.423279 0.082453 52.049553
v 38.189499 0.082453 52.894211
v 37.914608 0.082453 53.726398
v 37.599239 0.082453 54.544090
v 37.244045 0.082453 55.345291
v 36.849976 0.082453 56.128113
v 36.418018 0.082453 56.890678
v 35.949181 0.082453 57.631134
v 35.444504 0.082453 58.347645
v 34.905289 0.082453 59.038544
v 34.332863 0.082453 59.702190
v 33.728569 0.082453 60.336948
v 33.093807 0.082453 60.941238
v 32.430168 0.082453 61.513664
v 31.739269 0.082453 62.052883
v 31.022755 0.082453 62.557556
v 30.282301 0.082453 63.026398
v 29.519730 0.082453 63.458351
v 28.736916 0.082453 63.852425
v 27.935713 0.082453 64.207611
v 27.118021 0.082453 64.523071
v 26.285831 0.082453 64.798477
v 25.441175 0.082453 65.033699
v 24.586071 0.082453 65.228554
v 23.722565 0.082453 65.384605
v 22.852739 0.082453 65.510269
v 21.978706 0.082453 65.615677
v 21.102566 0.082453 65.710945
v 21.102575 0.282453 71.710945
v 19.932501 0.282453 71.593300
v 21.102575 0.282453 71.417030
v 21.102575 0.282453 71.273460
v 19.946831 0.282453 71.300827
v 19.953831 0.282453 71.157959
v 18.793863 0.282453 71.170662
v 18.807846 0.282453 71.028587
v 17.646450 0.282453 71.012573
v 18.765238 0.282453 71.461517
v 17.603601 0.282453 71.301476
v 16.450396 0.282453 71.099030
v 15.308418 0.282453 70.842529
v 16.507368 0.282453 70.812607
v 16.535198 0.282453 70.672699
v 15.379375 0.282453 70.559250
v 15.414036 0.282453 70.420883
v 14.265163 0.282453 70.250862
v 14.306570 0.282453 70.114357
v 13.167398 0.282453 69.888252
v 14.180389 0.282453 70.530319
v 13.069016 0.282453 70.163216
v 11.976996 0.282453 69.742035
v 10.907002 0.282453 69.267677
v 12.088753 0.282453 69.472237
v 12.143341 0.282453 69.340446
v 11.031863 0.282453 69.003685
v 11.092852 0.282453 68.874733
v 9.999223 0.282453 68.483856
v 10.066464 0.282453 68.358047
v 8.993294 0.282453 67.914047
v 9.861558 0.282453 68.741402
v 8.843158 0.282453 68.164528
v 7.854290 0.282453 67.538399
v 6.897396 0.282453 66.864418
v 8.016535 0.282453 67.295578
v 8.095785 0.282453 67.176971
v 7.071360 0.282453 66.629852
v 7.156335 0.282453 66.515282
v 6.159976 0.282453 65.918549
v 6.250470 0.282453 65.808281
v 5.284539 0.282453 65.163445
v 5.974713 0.282453 66.144295
v 5.088422 0.282453 65.379822
v 4.240707 0.282453 64.572800
v 3.433689 0.282453 63.725090
v 4.447206 0.282453 64.366302
v 4.548073 0.282453 64.265442
v 3.650070 0.282453 63.528973
v 3.755764 0.282453 63.433178
v 2.894966 0.282453 62.653534
v 3.005234 0.282453 62.563042
v 2.183662 0.282453 61.742149
v 2.669224 0.282453 62.838799
v 1.949100 0.282453 61.916115
v 1.275118 0.282453 60.959221
v 0.648985 0.282453 59.970352
v 1.517933 0.282453 60.796978
v 1.636539 0.282453 60.717728
v 0.899469 0.282453 59.820221
v 1.021822 0.282453 59.746883
v 0.329664 0.282453 58.814293
v 0.455467 0.282453 58.747051
v -0.190168 0.282453 57.781654
v 0.072115 0.282453 58.951954
v -0.454163 0.282453 57.906509
v -0.928514 0.282453 56.836514
v -1.349695 0.282453 55.744495
v -0.658710 0.282453 56.724758
v -0.526922 0.282453 56.670170
v -1.074738 0.282453 55.646114
v -0.940432 0.282453 55.598057
v -1.437374 0.282453 54.548344
v -1.300884 0.282453 54.506935
v -1.745829 0.282453 53.434132
v -1.716801 0.282453 54.633118
v -2.029009 0.282453 53.505093
v -2.285501 0.282453 52.363113
v -2.487953 0.282453 51.209908
v -1.999317 0.282453 52.306145
v -1.859526 0.282453 52.278313
v -2.199505 0.282453 51.167061
v -2.058611 0.282453 51.146130
v -2.357876 0.282453 50.019646
v -2.488365 0.282453 48.866676
v -2.216162 0.282453 50.005665
v -2.647999 0.282453 50.048267
v -2.779776 0.282453 48.881004
v -2.897421 0.282453 47.710934
v -2.604919 0.282453 47.710934
v -2.462044 0.282453 47.710934
v -2.346024 0.282453 48.859676
v 2.682207 0.282453 47.710934
v 2.824705 0.282453 47.710934
v 2.779047 0.282453 48.607670
v 2.921015 0.282453 48.600689
v 2.886297 0.282453 49.502247
v 3.027639 0.282453 49.488300
v 3.014368 0.282453 50.392517
v 3.154894 0.282453 50.371639
v 3.173670 0.282453 51.276321
v 3.313093 0.282453 51.248566
v 3.372847 0.282453 52.151527
v 3.510807 0.282453 52.116959
v 3.613459 0.282453 53.016033
v -1.607506 0.282453 53.399475
v 3.749590 0.282453 52.974735
v 3.895294 0.282453 53.867786
v 4.029247 0.282453 53.819855
v 4.218155 0.282453 54.704697
v 4.349598 0.282453 54.650253
v 4.581696 0.282453 55.524734
v 4.710308 0.282453 55.463905
v 4.985029 0.282453 56.325951
v -0.061218 0.282453 57.720661
v 5.110502 0.282453 56.258884
v 5.427136 0.282453 57.106441
v 5.549167 0.282453 57.033298
v 5.906997 0.282453 57.864300
v 6.025291 0.282453 57.785259
v 6.423532 0.282453 58.597656
v 6.537806 0.282453 58.512901
v 6.975426 0.282453 59.304794
v 2.298239 0.282453 61.657173
v 7.085403 0.282453 59.214539
v 7.561305 0.282453 59.984032
v 7.666722 0.282453 59.888489
v 8.179797 0.282453 60.633717
v 8.280399 0.282453 60.533115
v 8.829480 0.282453 61.252213
v 8.925023 0.282453 61.146797
v 9.508722 0.282453 61.838093
v 5.380334 0.282453 65.057755
v 9.598978 0.282453 61.728115
v 10.215858 0.282453 62.389984
v 10.300611 0.282453 62.275711
v 10.949213 0.282453 62.906525
v 11.028255 0.282453 62.788227
v 11.707072 0.282453 63.386387
v 11.780214 0.282453 63.264355
v 12.487565 0.282453 63.828495
v 9.066627 0.282453 67.791695
v 12.554630 0.282453 63.703022
v 13.288784 0.282453 64.231827
v 13.349613 0.282453 64.103218
v 14.108818 0.282453 64.595367
v 14.163263 0.282453 64.463928
v 14.945730 0.282453 64.918152
v 14.993660 0.282453 64.784195
v 15.797478 0.282453 65.199501
v 13.215455 0.282453 69.753944
v 15.838778 0.282453 65.063354
v 16.661987 0.282453 65.438782
v 16.696558 0.282453 65.300766
v 17.537189 0.282453 65.635353
v 17.564945 0.282453 65.495811
v 18.420996 0.282453 65.790504
v 18.441870 0.282453 65.649765
v 19.311264 0.282453 65.913162
v 17.667379 0.282453 70.871460
v 19.325209 0.282453 65.771469
v 20.205843 0.282453 66.014160
v 20.212824 0.282453 65.871674
v 21.102577 0.282453 66.104324
v 21.102577 0.282453 65.961136
v 21.102577 0.282453 65.681915
v 20.226437 0.282453 65.593819
v 19.352402 0.282453 65.495148
v 18.482578 0.282453 65.375305
v 17.619070 0.282453 65.223709
v 16.763968 0.282453 65.031647
v 15.919312 0.282453 64.797867
v 15.087124 0.282453 64.522980
v 14.269430 0.282453 64.207611
v 13.468229 0.282453 63.852417
v 12.685410 0.282453 63.458351
v 11.922841 0.282453 63.026390
v 11.182386 0.282453 62.557552
v 10.465877 0.282453 62.052876
v 9.774979 0.282453 61.513657
v 9.111333 0.282453 60.941231
v 8.476574 0.282453 60.336941
v 7.872286 0.282453 59.702179
v 7.299859 0.282453 59.038536
v 6.760640 0.282453 58.347641
v 6.255967 0.282453 57.631123
v 5.787127 0.282453 56.890671
v 5.355173 0.282453 56.128101
v 4.961102 0.282453 55.345287
v 4.605911 0.282453 54.544083
v 4.290459 0.282453 53.726391
v 4.015045 0.282453 52.894203
v 3.779827 0.282453 52.049545
v 3.584970 0.282453 51.194439
v 3.428917 0.282453 50.330933
v 3.303257 0.282453 49.461109
v 3.197855 0.282453 48.587074
v 3.102581 0.282453 47.710934
v 21.102575 0.082453 71.710945
v 19.932501 0.082453 71.593300
v 21.102575 0.082453 71.417030
v 21.102575 0.082453 71.273460
v 19.946831 0.082453 71.300827
v 19.953831 0.082453 71.157959
v 18.793863 0.082453 71.170662
v 18.807846 0.082453 71.028587
v 17.646450 0.082453 71.012573
v 18.765238 0.082453 71.461517
v 17.603601 0.082453 71.301476
v 16.450396 0.082453 71.099030
v 15.308418 0.082453 70.842529
v 16.507368 0.082453 70.812607
v 16.535198 0.082453 70.672699
v 15.379375 0.082453 70.559250
v 15.414036 0.082453 70.420883
v 14.265163 0.082453 70.250862
v 14.306570 0.082453 70.114357
v 13.167398 0.082453 69.888252
v 14.180389 0.082453 70.530319
v 13.069016 0.082453 70.163216
v 11.976996 0.082453 69.742035
v 10.907002 0.082453 69.267677
v 12.088753 0.082453 69.472237
v 12.143341 0.082453 69.340446
v 11.031863 0.082453 69.003685
v 11.092852 0.082453 68.874733
v 9.999223 0.082453 68.483856
v 10.066464 0.082453 68.358047
v 8.993294 0.082453 67.914047
v 9.861558 0.082453 68.741402
v 8.843158 0.082453 68.164528
v 7.854290 0.082453 67.538399
v 6.897396 0.082453 66.864418
v 8.016535 0.082453 67.295578
v 8.095785 0.082453 67.176971
v 7.071360 0.082453 66.629852
v 7.156335 0.082453 66.515282
v 6.159976 0.082453 65.918549
v 6.250470 0.082453 65.808281
v 5.284539 0.082453 65.163445
v 5.974713 0.082453 66.144295
v 5.088422 0.082453 65.379822
v 4.240707 0.082453 64.572800
v 3.433689 0.082453 63.725090
v 4.447206 0.082453 64.366302
v 4.548073 0.082453 64.265442
v 3.650070 0.082453 63.528973
v 3.755764 0.082453 63.433178
v 2.894966 0.082453 62.653534
v 3.005234 0.082453 62.563042
v 2.183662 0.082453 61.742149
v 2.669224 0.082453 62.838799
v 1.949100 0.082453 61.916115
v 1.275118 0.082453 60.959221
v 0.648985 0.082453 59.970352
v 1.517933 0.082453 60.796978
v 1.636539 0.082453 60.717728
v 0.899469 0.082453 59.820221
v 1.021822 0.082453 59.746883
v 0.329664 0.082453 58.814293
v 0.455467 0.082453 58.747051
v -0.190168 0.082453 57.781654
v 0.072115 0.082453 58.951954
v -0.454163 0.082453 57.906509
v -0.928514 0.082453 56.836514
v -1.349695 0.082453 55.744495
v -0.658710 0.082453 56.724758
v -0.526922 0.082453 56.670170
v -1.074738 0.082453 55.646114
v -0.940432 0.082453 55.598057
v -1.437374 0.082453 54.548344
v -1.300884 0.082453 54.506935
v -1.745829 0.082453 53.434132
v -1.716801 0.082453 54.633118
v -2.029009 0.082453 53.505093
v -2.285501 0.082453 52.363113
v -2.487953 0.082453 51.209908
v -1.999317 0.082453 52.306145
v -1.859526 0.082453 52.278313
v -2.199505 0.082453 51.167061
v -2.058611 0.082453 51.146130
v -2.357876 0.082453 50.019646
v -2.488365 0.082453 48.866676
v -2.216162 0.082453 50.005665
v -2.647999 0.082453 50.048267
v -2.779776 0.082453 48.881004
v -2.897421 0.082453 47.710934
v -2.604919 0.082453 47.710934
v -2.462044 0.082453 47.710934
v -2.346024 0.082453 48.859676
v 2.682207 0.082453 47.710934
v 2.824705 0.082453 47.710934
v 2.779047 0.082453 48.607670
v 2.921015 0.082453 48.600689
v 2.886297 0.082453 49.502247
v 3.027639 0.082453 49.488300
v 3.014368 0.082453 50.392517
v 3.154894 0.082453 50.371639
v 3.173670 0.082453 51.276321
v 3.313093 0.082453 51.248566
v 3.372847 0.082453 52.151527
v 3.510807 0.082453 52.116959
v 3.613459 0.082453 53.016033
v -1.607506 0.082453 53.399475
v 3.749590 0.082453 52.974735
v 3.895294 0.082453 53.867786
v 4.029247 0.082453 53.819855
v 4.218155 0.082453 54.704697
v 4.349598 0.082453 54.650253
v 4.581696 0.082453 55.524734
v 4.710308 0.082453 55.463905
v 4.985029 0.082453 56.325951
v -0.061218 0.082453 57.720661
v 5.110502 0.082453 56.258884
v 5.427136 0.082453 57.106441
v 5.549167 0.082453 57.033298
v 5.906997 0.082453 57.864300
v 6.025291 0.082453 57.785259
v 6.423532 0.082453 58.597656
v 6.537806 0.082453 58.512901
v 6.975426 0.082453 59.304794
v 2.298239 0.082453 61.657173
v 7.085403 0.082453 59.214539
v 7.561305 0.082453 59.984032
v 7.666722 0.082453 59.888489
v 8.179797 0.082453 60.633717
v 8.280399 0.082453 60.533115
v 8.829480 0.082453 61.252213
v 8.925023 0.082453 61.146797
v 9.508722 0.082453 61.838093
v 5.380334 0.082453 65.057755
v 9.598978 0.082453 61.728115
v 10.215858 0.082453 62.389984
v 10.300611 0.082453 62.275711
v 10.949213 0.082453 62.906525
v 11.028255 0.082453 62.788227
v 11.707072 0.082453 63.386387
v 11.780214 0.082453 63.264355
v 12.487565 0.082453 63.828495
v 9.066627 0.082453 67.791695
v 12.554630 0.082453 63.703022
v 13.288784 0.082453 64.231827
v 13.349613 0.082453 64.103218
v 14.108818 0.082453 64.595367
v 14.163263 0.082453 64.463928
v 14.945730 0.082453 64.918152
v 14.993660 0.082453 64.784195
v 15.797478 0.082453 65.199501
v 13.215455 0.082453 69.753944
v 15.838778 0.082453 65.063354
v 16.661987 0.082453 65.438782
v 16.696558 0.082453 65.300766
v 17.537189 0.082453 65.635353
v 17.564945 0.082453 65.495811
v 18.420996 0.082453 65.790504
v 18.441870 0.082453 65.649765
v 19.311264 0.082453 65.913162
v 17.667379 0.082453 70.871460
v 19.325209 0.082453 65.771469
v 20.205843 0.082453 66.014160
v 20.212824 0.082453 65.871674
v 21.102577 0.082453 66.104324
v 21.102577 0.082453 65.961136
v 21.102577 0.082453 65.681915
v 20.226437 0.082453 65.593819
v 19.352402 0.082453 65.495148
v 18.482578 0.082453 65.375305
v 17.619070 0.082453 65.223709
v 16.763968 0.082453 65.031647
v 15.919312 0.082453 64.797867
v 15.087124 0.082453 64.522980
v 14.269430 0.082453 64.207611
v 13.468229 0.082453 63.852417
v 12.685410 0.082453 63.458351
v 11.922841 0.082453 63.026390
v 11.182386 0.082453 62.557552
v 10.465877 0.082453 62.052876
v 9.774979 0.082453 61.513657
v 9.111333 0.082453 60.941231
v 8.476574 0.082453 60.336941
v 7.872286 0.082453 59.702179
v 7.299859 0.082453 59.038536
v 6.760640 0.082453 58.347641
v 6.255967 0.082453 57.631123
v 5.787127 0.082453 56.890671
v 5.355173 0.082453 56.128101
v 4.961102 0.082453 55.345287
v 4.605911 0.082453 54.544083
v 4.290459 0.082453 53.726391
v 4.015045 0.082453 52.894203
v 3.779827 0.082453 52.049545
v 3.584970 0.082453 51.194439
v 3.428917 0.082453 50.330933
v 3.303257 0.082453 49.461109
v 3.197855 0.082453 48.587074
v 3.102581 0.082453 47.710934
vn -0.0000 -1.0000 -0.0000
vn -0.0000 1.0000 -0.0000
vn 0.2419 -0.0000 0.9703
vn 0.2892 -0.0000 0.9573
vn -0.5134 -0.0000 -0.8582
vn -0.4706 -0.0000 -0.8823
vn -0.9238 -0.0000 -0.3829
vn -0.9039 -0.0000 -0.4278
vn 0.1951 -0.0000 0.9808
vn -0.4267 -0.0000 -0.9044
vn 0.9569 -0.0000 0.2904
vn 0.9700 -0.0000 0.2432
vn -0.8818 -0.0000 -0.4717
vn 0.1542 -0.0000 0.9880
vn 0.9415 -0.0000 0.3370
vn 0.9944 -0.0000 0.1061
vn 0.9950 -0.0000 0.1000
vn -0.3818 -0.0000 -0.9242
vn 0.9238 -0.0000 0.3829
vn -0.8576 -0.0000 -0.5144
vn -0.0000 -0.0000 -1.0000
vn 0.7727 -0.0000 0.6347
vn 0.8029 -0.0000 0.5961
vn -0.3362 -0.0000 -0.9418
vn 0.9039 -0.0000 0.4278
vn -0.8313 -0.0000 -0.5559
vn 0.7406 -0.0000 0.6719
vn 0.7067 -0.0000 0.7075
vn -0.2903 -0.0000 -0.9569
vn -0.8029 -0.0000 -0.5961
vn 0.4706 -0.0000 0.8823
vn 0.5134 -0.0000 0.8582
vn 0.6711 -0.0000 0.7414
vn -0.2443 -0.0000 -0.9697
vn -0.7727 -0.0000 -0.6347
vn 0.4267 -0.0000 0.9044
vn -0.9950 -0.0000 -0.1000
vn -0.9944 -0.0000 -0.1061
vn 0.3818 -0.0000 0.9243
vn -0.1991 -0.0000 -0.9800
vn -0.7406 -0.0000 -0.6719
vn -0.9922 -0.0000 -0.1244
vn 0.9922 -0.0000 0.1244
vn 0.1241 -0.0000 0.9923
vn 0.3359 -0.0000 0.9419
vn -0.1599 -0.0000 -0.9871
vn -0.7067 -0.0000 -0.7075
vn 0.9879 -0.0000 0.1548
vn 0.1061 -0.0000 0.9944
vn -0.9879 -0.0000 -0.1548
vn 0.9806 -0.0000 0.1962
vn 0.1000 -0.0000 0.9950
vn -0.1312 -0.0000 -0.9914
vn -0.6711 -0.0000 -0.7414
vn -0.9806 -0.0000 -0.1962
vn 0.8818 -0.0000 0.4717
vn -1.0000 -0.0000 -0.0000
vn -0.1139 -0.0000 -0.9935
vn 0.8576 -0.0000 0.5144
vn -0.6339 -0.0000 -0.7734
vn -0.9700 -0.0000 -0.2432
vn 0.8313 -0.0000 0.5559
vn -0.1081 -0.0000 -0.9941
vn -0.5952 -0.0000 -0.8036
vn -0.9569 -0.0000 -0.2904
vn 0.6339 -0.0000 0.7734
vn 0.5952 -0.0000 0.8036
vn -0.5550 -0.0000 -0.8319
vn -0.9415 -0.0000 -0.3370
vn 0.5550 -0.0000 0.8319
vn -0.9700 -0.0000 0.2432
vn -0.9569 -0.0000 0.2904
vn 0.8576 -0.0000 -0.5144
vn 0.8818 -0.0000 -0.4717
vn 0.3818 -0.0000 -0.9243
vn 0.4267 -0.0000 -0.9044
vn -0.9806 -0.0000 0.1962
vn 0.9039 -0.0000 -0.4278
vn -0.2892 -0.0000 0.9573
vn -0.2419 -0.0000 0.9703
vn 0.4706 -0.0000 -0.8823
vn -0.9880 -0.0000 0.1548
vn -0.3359 -0.0000 0.9419
vn -0.1061 -0.0000 0.9944
vn -0.1000 -0.0000 0.9950
vn 0.9238 -0.0000 -0.3829
vn -0.3818 -0.0000 0.9243
vn 0.5134 -0.0000 -0.8582
vn 1.0000 -0.0000 -0.0000
vn -0.6339 -0.0000 0.7734
vn -0.5952 -0.0000 0.8036
vn 0.9414 -0.0000 -0.3373
vn -0.4268 -0.0000 0.9044
vn 0.5550 -0.0000 -0.8319
vn -0.6711 -0.0000 0.7414
vn -0.7067 -0.0000 0.7075
vn 0.9566 -0.0000 -0.2915
vn 0.5952 -0.0000 -0.8036
vn -0.8818 -0.0000 0.4717
vn -0.8576 -0.0000 0.5144
vn -0.7407 -0.0000 0.6719
vn 0.9694 -0.0000 -0.2454
vn 0.6339 -0.0000 -0.7734
vn -0.9039 -0.0000 0.4278
vn 0.1000 -0.0000 -0.9950
vn 0.1061 -0.0000 -0.9944
vn -0.9238 -0.0000 0.3829
vn 0.9798 -0.0000 -0.2002
vn 0.6711 -0.0000 -0.7414
vn 0.1241 -0.0000 -0.9923
vn -0.1241 -0.0000 0.9923
vn -0.9922 -0.0000 0.1244
vn -0.9415 -0.0000 0.3370
vn 0.9870 -0.0000 -0.1605
vn 0.7067 -0.0000 -0.7075
vn -0.1542 -0.0000 0.9880
vn -0.9944 -0.0000 0.1061
vn 0.1542 -0.0000 -0.9880
vn -0.1951 -0.0000 0.9808
vn -0.9950 -0.0000 0.1000
vn 0.9913 -0.0000 -0.1314
vn 0.7406 -0.0000 -0.6719
vn 0.1951 -0.0000 -0.9808
vn -0.4706 -0.0000 0.8823
vn 0.9935 -0.0000 -0.1139
vn -0.5134 -0.0000 0.8582
vn 0.7727 -0.0000 -0.6347
vn 0.2419 -0.0000 -0.9703
vn -0.5549 -0.0000 0.8319
vn 0.9941 -0.0000 -0.1081
vn 0.8029 -0.0000 -0.5961
vn 0.2892 -0.0000 -0.9573
vn -0.7727 -0.0000 0.6347
vn -0.8029 -0.0000 0.5961
vn 0.8313 -0.0000 -0.5559
vn 0.3359 -0.0000 -0.9419
vn -0.8313 -0.0000 0.5559
vn 0.2431 -0.0000 -0.9700
vn -0.9081 -0.0000 0.4187
vn -0.7572 -0.0000 -0.6531
vn -0.9864 -0.0000 0.1644
vn 0.4275 -0.0000 -0.9040
vn -0.0982 -0.0000 0.9952
vn 0.9746 -0.0071 0.2239
vn 0.9699 -0.0476 0.2387
vn 0.9752 -0.0000 0.2212
vn -0.9073 0.0405 -0.4184
vn -0.9133 0.0060 -0.4073
vn -0.9142 -0.0000 -0.4053
vn 0.8032 -0.0000 -0.5957
vn 0.9142 -0.0028 0.4052
vn 0.9693 -0.0000 0.2459
vn -0.2903 -0.0000 0.9569
vn -0.7071 -0.0000 0.7071
vn -0.8387 0.0210 -0.5442
vn -0.9997 -0.0000 -0.0236
vn -0.9664 -0.0000 0.2571
vn -0.6895 -0.0000 -0.7243
vn -0.9997 -0.0000 -0.0237
vn -0.1550 -0.0142 -0.9878
vn -0.1967 -0.0115 -0.9804
vn -0.1933 -0.0117 -0.9811
vn -0.1532 -0.0144 -0.9881
vn -0.7185 0.0280 -0.6950
vn -0.3265 -0.9432 0.0611
vn -0.6539 -0.6653 -0.3602
vn 0.9885 -0.0407 0.1457
vn 0.9896 -0.0174 0.1430
vn 0.9873 -0.0580 0.1477
vn -0.9944 0.0297 -0.1016
vn -0.9944 0.0299 -0.1016
vn -0.9931 0.0595 -0.1016
vn 0.1952 0.0116 0.9807
vn 0.1543 0.0143 0.9879
vn 0.1540 0.0143 0.9880
vn 0.1950 0.0116 0.9807
vn -0.1244 -0.0163 -0.9921
vn -0.1238 -0.0163 -0.9922
vn 0.9916 -0.0590 0.1154
vn 0.1242 0.0163 0.9921
vn 0.1240 0.0163 0.9921
vn 0.6854 -0.0216 0.7279
vn 0.9766 -0.0029 0.2152
vn 0.6024 0.7060 0.3723
vn 0.3091 0.9507 -0.0262
vn -0.9803 0.0565 -0.1894
vn 0.9246 -0.0485 0.3778
vn -0.9900 0.0196 -0.1396
vn -0.9892 0.0386 -0.1413
vn -0.9880 0.0581 -0.1429
vn 0.1061 0.0174 0.9942
vn 0.1060 0.0174 0.9942
vn -0.1061 -0.0174 -0.9942
vn -0.1060 -0.0175 -0.9942
vn -0.6493 0.0221 -0.7602
vn -0.2858 -0.9583 -0.0073
vn -0.5394 -0.7566 -0.3696
vn 0.9689 -0.0546 0.2412
vn -0.9062 0.0463 -0.4203
vn -0.1000 -0.0178 -0.9948
vn 0.8857 -0.0440 0.4621
vn -0.9981 0.0622 -0.0000
vn 0.6129 -0.0159 0.7900
vn 0.4643 0.8137 0.3497
vn 0.2577 0.9654 0.0391
vn -0.9550 0.0525 -0.2919
vn 0.7189 -0.0280 0.6946
vn -0.8692 0.0060 -0.4945
vn -0.8641 0.0357 -0.5020
vn -0.8630 0.0416 -0.5034
vn -0.5415 0.0134 -0.8406
vn -0.5738 0.0160 -0.8188
vn -0.2252 -0.9718 -0.0696
vn -0.2857 -0.9360 -0.2056
vn 0.9405 -0.0458 0.3367
vn 0.9486 -0.0048 0.3164
vn 0.9394 -0.0504 0.3390
vn -0.6889 0.0037 -0.7249
vn -0.6849 0.0251 -0.7282
vn 0.6493 -0.0221 0.7602
vn -0.5018 0.0104 -0.8649
vn -0.2249 -0.9548 -0.1944
vn 0.4166 -0.0040 0.9091
vn 0.3738 -0.0009 0.9275
vn 0.3889 -0.0019 0.9213
vn 0.4357 -0.0054 0.9001
vn -0.9225 0.0483 -0.3830
vn -0.6148 0.0031 -0.7887
vn -0.7783 0.0157 -0.6277
vn -0.6122 0.0190 -0.7905
vn -0.9981 0.0623 -0.0000
vn -0.4614 0.0073 -0.8872
vn -0.4782 0.0086 -0.8782
vn 0.3307 0.0022 0.9437
vn 0.3406 0.0015 0.9402
vn 0.9053 -0.0415 0.4228
vn 0.9133 -0.0047 0.4073
vn 0.7531 0.6579 -0.0038
vn 0.2812 0.8986 -0.3367
vn 0.1000 0.0178 0.9948
vn 0.2867 0.0053 0.9580
vn 0.2916 0.0050 0.9565
vn 0.9813 -0.0567 0.1840
vn -0.4202 0.0042 -0.9074
vn -0.4323 0.0051 -0.9017
vn 0.2412 0.0084 0.9704
vn 0.2426 0.0084 0.9701
vn -0.8839 0.0438 -0.4657
vn -0.2981 -0.9130 0.2786
vn -0.7540 -0.6527 -0.0732
vn 0.6153 -0.0000 0.7883
vn -0.9749 0.0089 -0.2223
vn -0.9714 0.0461 -0.2328
vn -0.9704 0.0548 -0.2352
vn -0.8701 -0.0000 -0.4929
vn -0.3780 0.0012 -0.9258
vn -0.3851 0.0017 -0.9229
vn 0.1469 -0.0000 -0.9891
vn 0.8625 -0.0367 0.5048
vn 0.8692 -0.0049 0.4945
vn 0.7494 0.6472 0.1397
vn 0.3122 0.9220 -0.2290
vn 0.3369 -0.0000 -0.9415
vn 0.9569 -0.0527 0.2857
vn 0.7410 -0.0000 -0.6715
vn 0.9899 -0.0000 0.1419
vn 0.9977 -0.0000 0.0678
vn 0.8381 -0.0391 0.5442
vn -0.9981 -0.0000 0.0619
vn -0.6153 -0.0000 -0.7883
vn -0.9776 -0.0000 -0.2106
vn -0.9487 0.0060 -0.3161
vn -0.9426 0.0448 -0.3309
vn -0.9415 0.0507 -0.3331
vn -0.4714 -0.0000 0.8819
vn -0.3346 -0.0019 -0.9424
vn -0.3370 -0.0018 -0.9415
vn 0.9904 -0.0000 0.1379
vn -0.8366 0.0389 -0.5464
vn -0.3244 -0.9267 0.1896
vn -0.7437 -0.6382 -0.1990
vn 0.9494 -0.0000 0.3140
vn -0.8167 0.0052 -0.5771
vn -0.8119 0.0313 -0.5830
vn -0.8109 0.0364 -0.5841
vn -0.7730 -0.0000 0.6344
vn -0.9905 -0.0000 -0.1378
vn 0.6895 -0.0000 0.7243
vn -0.3827 -0.0000 0.9239
vn -0.8176 -0.0000 -0.5758
vn -0.1953 -0.0000 0.9808
vn 0.7410 -0.0000 -0.6716
vn -0.9948 -0.0000 -0.1017
vn 0.9985 -0.0000 -0.0550
vn 0.7572 -0.0000 0.6531
vn 0.9936 -0.0000 -0.1128
vn 0.9900 -0.0000 0.1410
vn 0.0491 -0.0000 -0.9988
vn 0.6716 -0.0000 -0.7409
vn -0.0000 0.0121 0.9999
vn -0.0000 -0.0000 1.0000
vn 0.9142 -0.0000 0.4053
vn 0.9998 -0.0029 0.0188
vn 0.7514 -0.0270 0.6593
vn 0.9948 -0.0000 0.1018
vn 0.9495 -0.0000 0.3138
vn -0.6344 -0.0000 0.7730
vn -0.8946 0.0260 -0.4462
vn 0.9940 -0.0295 0.1056
vn 0.9940 -0.0299 0.1056
vn 0.9944 -0.0000 0.1056
vn -0.9494 -0.0000 -0.3140
vn -0.7564 0.0043 -0.6541
vn 0.9848 -0.0031 -0.1736
vn 0.8107 -0.0320 0.5846
vn 0.8176 -0.0000 0.5758
vn 0.9572 -0.0000 -0.2893
vn -0.9752 -0.0000 -0.2212
vn 0.5957 -0.0000 -0.8032
vn 0.9690 -0.0000 -0.2470
vn -0.9495 -0.0000 -0.3138
vn -0.9900 -0.0000 -0.1408
vn -0.5556 -0.0000 0.8315
vn 0.8701 -0.0000 0.4929
vn -0.9756 -0.0000 -0.2198
vn -0.9944 -0.0000 -0.1054
vn 0.9426 -0.0000 0.3338
vn 0.5141 -0.0000 -0.8577
vn -0.1952 -0.0000 0.9808
vn 0.4276 -0.0000 -0.9040
vn 0.9755 -0.0000 0.2198
vn -0.2899 -0.0051 -0.9571
vn -0.2886 -0.0052 -0.9574
vn -0.0000 -0.0242 -0.9997
vn 0.7370 0.6268 0.2528
vn 0.3348 0.9288 -0.1589
vn -0.0000 0.0242 0.9997
vn 0.7819 -0.0337 0.6225
vn 0.5736 -0.0159 0.8190
vn 0.5404 -0.0133 0.8413
vn 0.5656 -0.0153 0.8246
vn -0.7512 0.0309 -0.6593
vn -0.2436 -0.0083 -0.9698
vn -0.2402 -0.0085 -0.9707
vn -0.7809 0.0336 -0.6237
vn -0.3393 -0.9319 0.1282
vn -0.7206 -0.6258 -0.2986
vn 0.9926 -0.0593 0.1056
vn 0.5001 -0.0102 0.8659
vn 0.5240 -0.0121 0.8516
vn 0.6930 0.6385 0.3348
vn 0.3366 0.9368 -0.0954
vn 0.4587 -0.0071 0.8886
vn 0.4808 -0.0087 0.8768
vn -0.9911 0.0589 -0.1196
vn 0.0001 -1.0000 -0.0001
vn -0.0000 -1.0000 -0.0001
vn 0.0004 -1.0000 -0.0005
vn 0.0001 -1.0000 -0.0004
vn 0.0009 -1.0000 -0.0013
vn 0.0002 -1.0000 -0.0012
vn 0.0002 -1.0000 -0.0010
vn -0.0003 -1.0000 -0.0026
vn -0.0001 -1.0000 -0.0022
vn -0.0025 -1.0000 -0.0038
vn -0.0038 -1.0000 -0.0042
vn 0.0009 -1.0000 -0.0028
vn -0.0020 -1.0000 -0.0046
vn -0.0126 -0.9999 -0.0053
vn -0.0099 -0.9999 -0.0061
vn -0.0098 -0.9999 -0.0051
vn -0.0269 -0.9996 -0.0057
vn -0.0230 -0.9997 -0.0070
vn -0.0231 -0.9997 -0.0056
vn -0.0430 -0.9991 -0.0051
vn -0.0471 -0.9989 -0.0050
vn -0.0724 -0.9974 -0.0029
vn -0.0689 -0.9976 -0.0031
vn -0.0416 -0.9991 -0.0071
vn -0.0658 -0.9978 -0.0059
vn -0.0944 -0.9955 -0.0024
vn -0.1010 -0.9949 0.0010
vn -0.0985 -0.9951 0.0007
vn -0.1260 -0.9920 0.0046
vn -0.1317 -0.9913 0.0080
vn -0.1305 -0.9914 0.0077
vn -0.1634 -0.9864 0.0189
vn -0.1635 -0.9864 0.0190
vn -0.1892 -0.9814 0.0311
vn -0.1806 -0.9832 0.0262
vn -0.1592 -0.9871 0.0161
vn -0.1908 -0.9811 0.0316
vn -0.2182 -0.9746 0.0498
vn -0.2235 -0.9732 0.0539
vn -0.2406 -0.9681 0.0703
vn -0.2375 -0.9691 0.0669
vn -0.2310 -0.9711 0.0598
vn -0.2615 -0.9600 0.1004
vn -0.2582 -0.9614 0.0947
vn -0.2641 -0.9583 0.1087
vn -0.2577 -0.9618 0.0925
vn -0.2685 -0.9563 0.1154
vn -0.2724 -0.9523 0.1375
vn -0.2676 -0.9539 0.1360
vn -0.2696 -0.9499 0.1581
vn -0.2647 -0.9529 0.1480
vn -0.2670 -0.9534 0.1403
vn -0.2483 -0.9528 0.1747
vn -0.2519 -0.9524 0.1717
vn -0.2443 -0.9516 0.1862
vn -0.2610 -0.9489 0.1776
vn -0.2500 -0.9471 0.2012
vn -0.2292 -0.9461 0.2289
vn -0.2389 -0.9424 0.2342
vn -0.2212 -0.9409 0.2564
vn -0.2271 -0.9336 0.2773
vn -0.2256 -0.9452 0.2361
vn -0.1957 -0.9238 0.3291
vn -0.2008 -0.9261 0.3195
vn -0.1837 -0.9226 0.3391
vn -0.2117 -0.9214 0.3258
vn -0.1865 -0.9141 0.3600
vn -0.1493 -0.9210 0.3598
vn -0.1360 -0.9312 0.3383
vn -0.1046 -0.9427 0.3169
vn -0.1078 -0.9446 0.3101
vn -0.1257 -0.9348 0.3323
vn -0.0410 -0.9829 0.1793
vn -0.0513 -0.9776 0.2042
vn -0.0319 -0.9883 0.1489
vn -0.0595 -0.9714 0.2297
vn -0.0268 -0.9904 0.1353
vn -0.0074 -0.9986 0.0525
vn -0.0092 -0.9979 0.0638
vn -0.0024 -0.9997 0.0225
vn -0.0018 -0.9998 0.0178
vn -0.0033 -0.9995 0.0320
vn -0.0001 -1.0000 0.0014
vn -0.0001 -1.0000 0.0016
vn -0.0002 -1.0000 0.0020
vn -0.0020 -0.9998 0.0201
vn -0.0026 -0.9996 0.0269
vn -0.0002 -1.0000 0.0022
vn -0.0100 -0.9974 0.0709
vn -0.0076 -0.9982 0.0601
vn -0.0289 -0.9882 0.1503
vn -0.0341 -0.9844 0.1729
vn -0.0604 -0.9654 0.2537
vn -0.0644 -0.9647 0.2552
vn -0.1126 -0.9298 0.3505
vn -0.1267 -0.9152 0.3826
vn -0.1604 -0.8956 0.4149
vn -0.1597 -0.9040 0.3965
vn -0.2133 -0.8859 0.4120
vn -0.1986 -0.8961 0.3971
vn -0.2304 -0.8932 0.3862
vn -0.2250 -0.9049 0.3612
vn -0.2519 -0.9156 0.3134
vn -0.2410 -0.9198 0.3097
vn -0.2528 -0.9311 0.2629
vn -0.2596 -0.9233 0.2832
vn -0.2634 -0.9379 0.2258
vn -0.2732 -0.9340 0.2302
vn -0.2796 -0.9364 0.2119
vn -0.2735 -0.9413 0.1981
vn -0.2807 -0.9438 0.1745
vn -0.2877 -0.9413 0.1768
vn -0.2874 -0.9444 0.1596
vn -0.2818 -0.9477 0.1500
vn -0.2769 -0.9531 0.1218
vn -0.2757 -0.9532 0.1240
vn -0.2669 -0.9582 0.1034
vn -0.2623 -0.9601 0.0975
vn -0.2422 -0.9676 0.0719
vn -0.2378 -0.9690 0.0670
vn -0.2199 -0.9742 0.0511
vn -0.2167 -0.9750 0.0485
vn -0.1771 -0.9839 0.0223
vn -0.1859 -0.9822 0.0279
vn -0.1465 -0.9892 0.0076
vn -0.1509 -0.9885 0.0106
vn -0.1151 -0.9934 -0.0019
vn -0.1097 -0.9940 -0.0052
vn -0.0764 -0.9970 -0.0119
vn -0.0821 -0.9966 -0.0088
vn -0.0486 -0.9987 -0.0141
vn -0.0540 -0.9985 -0.0113
vn -0.0272 -0.9995 -0.0134
vn -0.0320 -0.9994 -0.0111
vn -0.0115 -0.9999 -0.0114
vn -0.0158 -0.9998 -0.0097
vn -0.0045 -1.0000 -0.0078
vn -0.0011 -1.0000 -0.0089
vn 0.0018 -1.0000 -0.0056
vn 0.0043 -1.0000 -0.0063
vn 0.0049 -1.0000 -0.0037
vn 0.0033 -1.0000 -0.0033
vn 0.0023 -1.0000 -0.0015
vn 0.0032 -1.0000 -0.0017
vn 0.0015 -1.0000 -0.0006
vn 0.0011 -1.0000 -0.0005
vn 0.0005 -1.0000 -0.0001
vn 0.0003 -1.0000 -0.0001
vn 0.0001 -1.0000 -0.0000
vn 0.0006 -1.0000 -0.0002
vn 0.0018 -1.0000 -0.0007
vn 0.0036 -1.0000 -0.0019
vn 0.0054 -1.0000 -0.0042
vn 0.0039 -1.0000 -0.0069
vn -0.0028 -0.9999 -0.0097
vn -0.0148 -0.9998 -0.0122
vn -0.0320 -0.9994 -0.0140
vn -0.0542 -0.9984 -0.0142
vn -0.0812 -0.9966 -0.0115
vn -0.2234 -0.8851 0.4083
vn -0.1460 -0.9003 0.4101
vn -0.0492 -0.9727 0.2266
vn -0.0040 -0.9991 0.0412
vn 0.2559 0.9628 -0.0865
vn 0.2016 0.9788 -0.0367
vn 0.2081 0.9772 -0.0419
vn 0.2489 0.9653 -0.0795
vn 0.2675 0.9559 -0.1210
vn 0.2857 0.9475 -0.1437
vn 0.2600 0.9526 -0.1576
vn 0.2857 0.9378 -0.1973
vn 0.2666 0.9287 -0.2578
vn 0.2369 0.9507 -0.2002
vn 0.2131 0.9355 -0.2819
vn 0.2428 0.9025 -0.3557
vn 0.1655 0.9225 -0.3488
vn 0.1900 0.8829 -0.4295
vn 0.0964 0.9346 -0.3423
vn 0.0816 0.9581 -0.2745
vn 0.0152 0.9956 -0.0923
vn 0.0001 1.0000 -0.0014
vn 0.0002 1.0000 -0.0022
vn 0.0184 0.9929 -0.1178
vn -0.8819 -0.0000 0.4714
vn -0.1729 -0.0000 -0.9849
vn 0.4496 -0.0000 0.8932
vn 0.6798 -0.0000 -0.7334
vn 0.5350 -0.0000 0.8449
vn 0.9700 -0.0000 -0.2431
vn 0.8577 -0.0000 -0.5141
vn -0.8315 -0.0000 0.5556
vn -0.1193 -0.0000 -0.9929
vn -0.2667 -0.0000 -0.9638
vn -0.5350 -0.0000 -0.8449
vn 0.8445 -0.0000 -0.5356
vn -0.1775 -0.0000 -0.9841
vn -0.9569 -0.0000 0.2903
vn 0.8348 -0.0000 -0.5506
vn 0.2668 -0.0000 0.9638
vn -0.9808 -0.0000 0.1953
vn 0.7351 -0.0000 -0.6779
vn -0.8708 -0.0000 -0.4916
vn 0.9040 -0.0000 -0.4276
vn 0.3599 -0.0000 0.9330
vn 0.1731 -0.0000 0.9849
vn -0.9239 -0.0000 0.3827
vn 0.6715 -0.0000 -0.7410
vn 0.9415 -0.0000 -0.3369
vn 0.9891 -0.0000 -0.1469
vn -0.8706 -0.0000 -0.4920
vn -0.9864 -0.0000 0.1645
vn -0.7914 -0.0000 -0.6113
vn 0.2683 -0.0000 0.9633
vn 0.1125 -0.0000 0.9937
vn -0.4496 -0.0000 -0.8932
vn -0.7904 -0.0000 -0.6125
vn 0.7337 -0.0000 -0.6795
vn -0.9952 -0.0000 0.0982
vn 0.9040 -0.0000 -0.4275
vn 0.7901 -0.0000 -0.6130
vn -0.3599 -0.0000 -0.9330
vn -0.7095 -0.0000 -0.7047
vn 0.1778 -0.0000 0.9841
vn -0.1122 -0.0000 -0.9937
vn 0.7824 -0.0000 -0.6228
vn 0.9988 -0.0000 -0.0491
vn 0.7409 -0.0000 -0.6716
vn 0.1197 -0.0000 0.9928
vn -0.7106 -0.0000 -0.7036
vn -0.9776 -0.0000 -0.2107
vn -0.2682 -0.0000 -0.9634
vn 0.6048 0.0528 0.7946
vn -0.9995 0.0311 -0.0000
vn -0.9562 0.0034 -0.2926
vn -0.9410 -0.0012 -0.3383
vn -0.9419 -0.0010 -0.3359
vn -0.9576 0.0038 -0.2882
vn -0.6161 -0.0516 -0.7860
vn -0.6407 -0.0491 -0.7662
vn -0.8224 -0.0256 -0.5683
vn 0.6746 0.0454 0.7367
vn -0.9694 0.0080 -0.2454
vn -0.9706 0.0085 -0.2405
vn 0.6490 0.0482 0.7592
vn -0.1198 -0.0854 -0.9891
vn 0.8480 0.0213 0.5296
vn 0.8683 0.0176 0.4957
vn 0.8523 0.0206 0.5227
vn -0.9802 0.0126 -0.1978
vn -0.9809 0.0130 -0.1940
vn -0.6804 -0.0447 -0.7315
vn 0.8900 0.0134 0.4557
vn 0.8768 0.0160 0.4806
vn 0.1350 0.0847 0.9872
vn 0.9702 -0.0084 0.2422
vn 0.9805 -0.0128 0.1960
vn 0.9804 -0.0128 0.1964
vn 0.9697 -0.0082 0.2442
vn 0.9099 0.0091 0.4148
vn 0.8997 0.0113 0.4364
vn -0.9877 0.0167 -0.1555
vn -0.9880 0.0169 -0.1536
vn 0.7104 0.0412 0.7026
vn -0.1651 -0.0834 -0.9827
vn 0.1086 0.0858 0.9904
vn 0.9878 -0.0168 0.1548
vn -0.9920 0.0196 -0.1246
vn -0.9921 0.0197 -0.1239
vn -0.1223 -0.0853 -0.9888
vn 0.9920 -0.0196 0.1244
vn 0.9921 -0.0196 0.1243
vn -0.7392 -0.0376 -0.6724
vn 0.2097 0.0812 0.9744
vn -0.3928 -0.0704 -0.9169
vn 0.1496 0.0841 0.9852
vn 0.9941 -0.0213 0.1061
vn 0.9941 -0.0213 0.1060
vn -0.9941 0.0214 -0.1062
vn -0.9941 0.0214 -0.1060
vn 0.7674 0.0338 0.6403
vn -0.2649 -0.0783 -0.9611
vn 0.4399 0.0670 0.8956
vn -0.9947 0.0219 -0.1000
vn -0.4845 -0.0635 -0.8725
vn -0.0000 -0.0897 -0.9960
vn -0.8182 -0.0263 -0.5743
vn -0.7948 -0.0299 -0.6061
vn -0.7987 -0.0293 -0.6010
vn 0.3193 0.0752 0.9447
vn -0.7069 -0.0416 -0.7061
vn 0.5267 0.0600 0.8479
vn -0.8427 -0.0222 -0.5379
vn -0.8265 -0.0250 -0.5624
vn -0.3702 -0.0719 -0.9262
vn 0.7376 0.0378 0.6742
vn -0.7671 -0.0339 -0.6406
vn -0.8655 -0.0182 -0.5006
vn -0.8534 -0.0204 -0.5208
vn 0.9277 0.0048 0.3732
vn 0.9208 0.0065 0.3900
vn 0.4181 0.0686 0.9058
vn 0.7954 0.0298 0.6054
vn -0.8863 -0.0141 -0.4628
vn -0.8790 -0.0156 -0.4766
vn 0.9436 0.0005 0.3311
vn 0.9397 0.0016 0.3420
vn -0.4630 -0.0652 -0.8839
vn 0.9947 -0.0219 0.1000
vn 0.9578 -0.0039 0.2876
vn 0.9560 -0.0033 0.2932
vn -0.1903 -0.0822 -0.9783
vn -0.9058 -0.0100 -0.4237
vn -0.9025 -0.0107 -0.4305
vn 0.5050 0.0618 0.8609
vn 0.2415 0.0796 0.9671
vn -0.9241 -0.0057 -0.3822
vn -0.9236 -0.0058 -0.3834
vn -0.5443 -0.0585 -0.8368
vn -0.2935 -0.0767 -0.9529
vn -0.5668 -0.0564 -0.8219
vn 0.3439 0.0736 0.9361
vn 0.5812 0.0551 0.8119
vn -0.0000 1.0000 -0.0001
vn -0.0002 1.0000 -0.0002
vn -0.0002 1.0000 -0.0003
vn -0.0002 1.0000 0.0002
vn -0.0009 1.0000 0.0005
vn -0.0007 1.0000 -0.0008
vn -0.0008 1.0000 -0.0010
vn -0.0025 1.0000 0.0010
vn -0.0020 1.0000 -0.0020
vn -0.0023 1.0000 -0.0024
vn -0.0043 1.0000 -0.0048
vn -0.0048 1.0000 -0.0060
vn -0.0070 0.9998 -0.0181
vn -0.0067 0.9999 -0.0141
vn -0.0054 1.0000 0.0004
vn -0.0088 0.9999 -0.0062
vn -0.0077 0.9994 -0.0349
vn -0.0114 0.9997 -0.0235
vn -0.0075 0.9991 -0.0429
vn -0.0066 0.9977 -0.0679
vn -0.0124 0.9985 -0.0527
vn -0.0055 0.9967 -0.0808
vn -0.0004 0.9914 -0.1305
vn -0.0028 0.9937 -0.1122
vn 0.0035 0.9864 -0.1642
vn 0.0071 0.9826 -0.1858
vn -0.0112 0.9956 -0.0934
vn -0.0070 0.9896 -0.1439
vn 0.0012 0.9798 -0.2000
vn 0.0126 0.9757 -0.2188
vn 0.0178 0.9700 -0.2423
vn 0.0155 0.9659 -0.2585
vn 0.0259 0.9615 -0.2736
vn 0.0335 0.9541 -0.2975
vn 0.0446 0.9446 -0.3251
vn 0.0354 0.9521 -0.3038
vn 0.0375 0.9478 -0.3166
vn 0.0677 0.9261 -0.3711
vn 0.0854 0.9139 -0.3968
vn 0.1061 0.9011 -0.4204
vn 0.1049 0.9018 -0.4192
vn 0.0887 0.9115 -0.4016
vn 0.1526 0.8734 -0.4625
vn 0.1689 0.8641 -0.4741
vn 0.1944 0.8511 -0.4876
vn 0.1723 0.8621 -0.4765
vn 0.2054 0.8439 -0.4956
vn 0.2594 0.8165 -0.5158
vn 0.2661 0.8174 -0.5109
vn 0.3083 0.7960 -0.5209
vn 0.2879 0.8107 -0.5098
vn 0.2684 0.8170 -0.5104
vn 0.3509 0.7834 -0.5130
vn 0.3428 0.7983 -0.4953
vn 0.3577 0.7999 -0.4818
vn 0.3430 0.8002 -0.4919
vn 0.3869 0.7786 -0.4940
vn 0.4158 0.7816 -0.4649
vn 0.3927 0.8083 -0.4386
vn 0.3989 0.8180 -0.4144
vn 0.4365 0.7920 -0.4268
vn 0.3906 0.8127 -0.4324
vn 0.4071 0.8444 -0.3482
vn 0.4469 0.8098 -0.3803
vn 0.4012 0.8512 -0.3383
vn 0.3993 0.8614 -0.3138
vn 0.4444 0.8345 -0.3257
vn 0.4275 0.8644 -0.2648
vn 0.3731 0.8983 -0.2321
vn 0.3954 0.8963 -0.2010
vn 0.3507 0.9163 -0.1933
vn 0.3619 0.9063 -0.2183
vn 0.3457 0.9281 -0.1386
vn 0.2911 0.9497 -0.1156
vn 0.2523 0.9641 -0.0831
vn 0.2742 0.9563 -0.1014
vn 0.2787 0.9567 -0.0839
vn 0.2100 0.9767 -0.0440
vn 0.1768 0.9836 -0.0352
vn 0.1474 0.9889 -0.0209
vn 0.1561 0.9875 -0.0198
vn 0.1612 0.9865 -0.0275
vn 0.1110 0.9938 -0.0052
vn 0.1233 0.9923 -0.0071
vn 0.1052 0.9944 -0.0028
vn 0.1048 0.9945 -0.0028
vn 0.1119 0.9937 -0.0030
vn 0.1280 0.9918 -0.0034
vn 0.1437 0.9896 -0.0081
vn 0.1509 0.9885 -0.0070
vn 0.1392 0.9903 -0.0036
vn 0.1896 0.9816 -0.0230
vn 0.2256 0.9738 -0.0296
vn 0.2646 0.9630 -0.0517
vn 0.2855 0.9570 -0.0510
vn 0.4282 0.8957 -0.1198
vn 0.3576 0.9287 -0.0986
vn 0.4421 0.8826 -0.1601
vn 0.4914 0.8553 -0.1646
vn 0.5635 0.7853 -0.2565
vn 0.4971 0.8376 -0.2265
vn 0.5803 0.7571 -0.3000
vn 0.5261 0.7988 -0.2917
vn 0.5827 0.7174 -0.3818
vn 0.5354 0.7677 -0.3522
vn 0.5759 0.7041 -0.4153
vn 0.5290 0.7453 -0.4058
vn 0.5102 0.7319 -0.4517
vn 0.5406 0.6924 -0.4778
vn 0.4815 0.7271 -0.4894
vn 0.5211 0.6914 -0.5004
vn 0.4602 0.7054 -0.5390
vn 0.4443 0.7309 -0.5180
vn 0.3998 0.7432 -0.5365
vn 0.4313 0.7158 -0.5492
vn 0.3501 0.7542 -0.5556
vn 0.3484 0.7639 -0.5432
vn 0.3110 0.7765 -0.5480
vn 0.2899 0.7933 -0.5354
vn 0.2087 0.8377 -0.5046
vn 0.2248 0.8302 -0.5102
vn 0.1602 0.8684 -0.4692
vn 0.1649 0.8654 -0.4731
vn 0.0759 0.9188 -0.3874
vn 0.1029 0.9032 -0.4167
vn 0.0432 0.9392 -0.3405
vn 0.0550 0.9330 -0.3557
vn 0.0024 0.9638 -0.2666
vn 0.0174 0.9572 -0.2888
vn -0.0093 0.9756 -0.2194
vn -0.0248 0.9807 -0.1937
vn -0.0391 0.9912 -0.1263
vn -0.0239 0.9878 -0.1541
vn -0.0419 0.9966 -0.0705
vn -0.0287 0.9948 -0.0982
vn -0.0374 0.9989 -0.0300
vn -0.0274 0.9982 -0.0540
vn -0.0300 0.9995 -0.0033
vn -0.0233 0.9995 -0.0219
vn -0.0182 0.9998 -0.0009
vn -0.0223 0.9997 0.0126
vn -0.0127 0.9999 0.0095
vn -0.0150 0.9997 0.0187
vn -0.0086 0.9998 0.0163
vn -0.0075 0.9999 0.0105
vn -0.0034 1.0000 0.0069
vn -0.0039 0.9999 0.0102
vn -0.0013 1.0000 0.0048
vn -0.0012 1.0000 0.0033
vn -0.0003 1.0000 0.0015
vn -0.0003 1.0000 0.0010
vn -0.0000 1.0000 0.0004
vn -0.0000 1.0000 0.0002
vn -0.0003 1.0000 0.0014
vn -0.0012 1.0000 0.0045
vn -0.0034 0.9999 0.0094
vn -0.0076 0.9998 0.0156
vn -0.0137 0.9997 0.0197
vn -0.0209 0.9997 0.0161
vn -0.0286 0.9996 0.0031
vn -0.0364 0.9991 -0.0199
vn -0.0424 0.9976 -0.0544
vn -0.0429 0.9938 -0.1026
vn -0.0342 0.9859 -0.1636
vn -0.0125 0.9719 -0.2353
vn 0.0244 0.9496 -0.3124
vn 0.0713 0.9212 -0.3824
vn 0.2045 0.8399 -0.5028
vn 0.3476 0.7541 -0.5572
vn 0.4593 0.7027 -0.5433
vn 0.5415 0.6866 -0.4851
vn 0.5873 0.7072 -0.3937
vn 0.5790 0.7676 -0.2749
vn 0.4708 0.8708 -0.1420
vn 0.2588 0.9651 -0.0394
vn 0.1401 0.9901 -0.0037
vn -0.1808 -0.9834 0.0153
vn -0.3638 -0.9279 0.0819
vn -0.5417 -0.8143 0.2087
vn -0.5920 -0.7320 0.3373
vn -0.5697 -0.6922 0.4431
vn -0.5044 -0.6901 0.5190
vn -0.4072 -0.7240 0.5569
vn -0.2796 -0.7935 0.5405
vn -0.1333 -0.8837 0.4487
vn -0.0582 -0.9331 0.3548
vn -0.1269 -0.8877 0.4426
vn -0.2222 -0.8366 0.5007
vn -0.3088 -0.8048 0.5069
vn -0.3704 -0.8031 0.4667
vn -0.4017 -0.8288 0.3894
vn -0.3872 -0.8784 0.2801
vn -0.3247 -0.9327 0.1571
vn -0.2141 -0.9752 0.0568
vn -0.1238 -0.9922 0.0111
vn 0.6531 -0.0000 0.7572
vn 0.8182 -0.0000 0.5749
vn 0.9930 -0.0000 0.1178
vn -0.2222 0.0025 -0.9750
vn -0.2403 0.0520 -0.9693
vn -0.2212 -0.0000 -0.9752
vn 0.4193 -0.0432 0.9068
vn 0.4063 -0.0031 0.9137
vn 0.4053 -0.0000 0.9142
vn 0.9692 -0.0000 0.2464
vn 0.9666 -0.0000 -0.2564
vn -0.8290 -0.0000 0.5592
vn -0.9997 -0.0000 0.0226
vn 0.7243 -0.0000 0.6895
vn 0.8993 -0.0000 0.4373
vn 0.9975 -0.0000 -0.0708
vn 0.9878 0.0142 0.1551
vn 0.9804 0.0115 0.1968
vn 0.9807 0.0116 0.1954
vn 0.9879 0.0143 0.1543
vn 0.6950 -0.0280 0.7184
vn -0.1469 0.0510 -0.9878
vn -0.1418 0.0070 -0.9899
vn -0.1477 0.0580 -0.9873
vn 0.1016 -0.0292 0.9944
vn 0.1016 -0.0303 0.9944
vn 0.1016 -0.0595 0.9931
vn -0.9805 -0.0115 -0.1963
vn -0.9878 -0.0142 -0.1549
vn -0.9879 -0.0143 -0.1546
vn -0.9805 -0.0115 -0.1960
vn 0.9921 0.0163 0.1245
vn 0.9921 0.0163 0.1242
vn -0.1154 0.0590 -0.9916
vn -0.9921 -0.0162 -0.1244
vn -0.9921 -0.0163 -0.1243
vn -0.9940 0.0167 -0.1082
vn -0.7249 0.0037 -0.6888
vn -0.7284 0.0251 -0.6847
vn 0.1894 -0.0565 0.9803
vn -0.3778 0.0485 -0.9246
vn 0.1386 -0.0087 0.9903
vn 0.1422 -0.0494 0.9886
vn 0.1429 -0.0581 0.9880
vn -0.9942 -0.0174 -0.1061
vn -0.9942 -0.0175 -0.1061
vn 0.9942 0.0174 0.1061
vn 0.9942 0.0175 0.1060
vn 0.7602 -0.0221 0.6493
vn -0.2412 0.0546 -0.9689
vn 0.4203 -0.0463 0.9062
vn 0.9948 0.0178 0.1000
vn -0.4621 0.0440 -0.8857
vn -0.0000 -0.0622 0.9981
vn -0.9981 0.0112 0.0608
vn -0.7888 0.0038 -0.6147
vn -0.7903 0.0191 -0.6124
vn 0.2919 -0.0525 0.9550
vn -0.6946 0.0280 -0.7189
vn 0.4939 -0.0039 0.8695
vn 0.5025 -0.0378 0.8638
vn 0.5034 -0.0416 0.8630
vn 0.8387 -0.0136 0.5443
vn 0.8188 -0.0160 0.5738
vn 0.8263 -0.0151 0.5630
vn -0.3380 0.0483 -0.9399
vn -0.3150 0.0020 -0.9491
vn -0.3390 0.0504 -0.9394
vn 0.8800 -0.0037 0.4750
vn 0.7277 -0.0213 0.6856
vn 0.7282 -0.0251 0.6849
vn -0.7602 0.0221 -0.6493
vn 0.8628 -0.0106 0.5055
vn 0.8539 -0.0118 0.5203
vn -0.9068 0.0043 -0.4215
vn -0.9255 0.0012 -0.3788
vn -0.9223 0.0018 -0.3865
vn -0.9014 0.0052 -0.4329
vn 0.3830 -0.0483 0.9225
vn 0.9475 -0.0035 0.3196
vn 0.7901 -0.0154 0.6128
vn 0.7905 -0.0190 0.6122
vn 0.8850 -0.0076 0.4656
vn 0.8793 -0.0084 0.4762
vn -0.9423 -0.0019 -0.3348
vn -0.9407 -0.0016 -0.3391
vn -0.4236 0.0436 -0.9048
vn -0.4063 0.0024 -0.9137
vn -0.4246 0.0461 -0.9042
vn -0.9948 -0.0179 -0.1000
vn -0.9571 -0.0051 -0.2896
vn -0.9566 -0.0050 -0.2914
vn -0.1840 0.0567 -0.9813
vn 0.9056 -0.0045 0.4242
vn 0.9024 -0.0050 0.4308
vn -0.9700 -0.0083 -0.2430
vn -0.9699 -0.0083 -0.2433
vn 0.4657 -0.0438 0.8839
vn -0.9794 -0.0000 0.2019
vn -0.7883 -0.0000 -0.6153
vn 0.2207 -0.0032 0.9753
vn 0.2343 -0.0515 0.9708
vn 0.2352 -0.0548 0.9704
vn 0.4929 -0.0000 0.8701
vn 0.9245 -0.0014 0.3811
vn 0.9231 -0.0016 0.3845
vn -0.5053 0.0384 -0.8621
vn -0.4939 0.0031 -0.8695
vn -0.5063 0.0415 -0.8614
vn -0.2857 0.0527 -0.9569
vn -0.5442 0.0391 -0.8380
vn 0.7883 -0.0000 0.6153
vn 0.3148 -0.0026 0.9492
vn 0.3322 -0.0480 0.9420
vn 0.3331 -0.0506 0.9415
vn 0.9416 0.0018 0.3366
vn 0.9413 0.0017 0.3375
vn -0.1379 -0.0000 -0.9904
vn 0.5464 -0.0389 0.8366
vn -0.3140 -0.0000 -0.9494
vn 0.5768 -0.0040 0.8169
vn 0.5832 -0.0325 0.8116
vn 0.5841 -0.0364 0.8109
vn 0.1378 -0.0000 0.9905
vn -0.7243 -0.0000 -0.6895
vn 0.5758 -0.0000 0.8176
vn -0.9808 -0.0000 0.1952
vn 0.1017 -0.0000 0.9948
vn -0.6531 -0.0000 -0.7572
vn -0.8775 -0.0000 0.4796
vn -0.9875 -0.0000 -0.1576
vn -0.1410 -0.0000 -0.9900
vn 0.8029 -0.0038 0.5961
vn -0.9999 -0.0121 -0.0000
vn -0.4053 -0.0000 -0.9142
vn -0.6540 0.0035 -0.7565
vn -0.9602 0.0226 -0.2783
vn -0.1018 -0.0000 -0.9948
vn -0.3138 -0.0000 -0.9495
vn -0.1056 0.0288 -0.9940
vn -0.1056 0.0306 -0.9939
vn -0.1056 -0.0000 -0.9944
vn 0.3140 -0.0000 0.9494
vn 0.6586 -0.0270 0.7520
vn -0.9999 -0.0120 -0.0000
vn -0.5768 0.0033 -0.8169
vn -0.8962 0.0286 -0.4428
vn -0.9433 -0.0000 -0.3320
vn -0.5758 -0.0000 -0.8176
vn 0.2212 -0.0000 0.9752
vn 0.3138 -0.0000 0.9495
vn 0.1408 -0.0000 0.9900
vn -0.9239 -0.0000 0.3826
vn -0.4929 -0.0000 -0.8701
vn 0.2198 -0.0000 0.9756
vn 0.1054 -0.0000 0.9944
vn -0.7818 -0.0000 0.6235
vn -0.2198 -0.0000 -0.9755
vn 0.9568 0.0050 0.2908
vn 0.9570 0.0051 0.2901
vn 0.9997 0.0242 -0.0000
vn -0.5858 0.0363 -0.8097
vn -0.9997 -0.0242 -0.0000
vn -0.6225 0.0337 -0.7819
vn -0.8190 0.0159 -0.5736
vn -0.8395 0.0135 -0.5431
vn -0.8258 0.0152 -0.5638
vn 0.6593 -0.0309 0.7512
vn 0.9698 0.0083 0.2438
vn 0.9701 0.0084 0.2424
vn 0.6237 -0.0336 0.7809
vn -0.1056 0.0593 -0.9926
vn -0.8639 0.0105 -0.5036
vn -0.8530 0.0119 -0.5217
vn -0.6601 0.0308 -0.7505
vn -0.8863 0.0074 -0.4631
vn -0.8783 0.0086 -0.4780
vn 0.1196 -0.0589 0.9911
vn 0.0001 1.0000 -0.0001
vn 0.0001 1.0000 -0.0000
vn 0.0001 1.0000 -0.0002
vn 0.0005 1.0000 -0.0005
vn 0.0004 1.0000 -0.0001
vn 0.0005 1.0000 -0.0001
vn 0.0013 1.0000 -0.0010
vn 0.0012 1.0000 -0.0002
vn 0.0014 1.0000 -0.0002
vn 0.0026 1.0000 0.0002
vn 0.0029 1.0000 0.0006
vn 0.0045 1.0000 0.0053
vn 0.0042 1.0000 0.0038
vn 0.0029 1.0000 -0.0011
vn 0.0047 1.0000 0.0016
vn 0.0054 0.9999 0.0127
vn 0.0063 0.9999 0.0097
vn 0.0055 0.9999 0.0161
vn 0.0057 0.9996 0.0277
vn 0.0072 0.9997 0.0236
vn 0.0055 0.9994 0.0332
vn 0.0043 0.9984 0.0562
vn 0.0049 0.9988 0.0486
vn 0.0028 0.9973 0.0739
vn 0.0016 0.9965 0.0833
vn 0.0071 0.9990 0.0434
vn 0.0056 0.9977 0.0682
vn 0.0019 0.9953 0.0968
vn -0.0012 0.9948 0.1023
vn -0.0033 0.9936 0.1131
vn -0.0053 0.9917 0.1281
vn -0.0082 0.9911 0.1326
vn -0.0117 0.9894 0.1446
vn -0.0190 0.9863 0.1637
vn -0.0243 0.9841 0.1760
vn -0.0328 0.9808 0.1922
vn -0.0262 0.9832 0.1806
vn -0.0168 0.9869 0.1606
vn -0.0320 0.9810 0.1915
vn -0.0499 0.9746 0.2184
vn -0.0575 0.9719 0.2281
vn -0.0700 0.9681 0.2405
vn -0.0682 0.9687 0.2387
vn -0.0598 0.9711 0.2310
vn -0.1004 0.9600 0.2615
vn -0.0980 0.9606 0.2602
vn -0.1096 0.9582 0.2644
vn -0.0920 0.9619 0.2574
vn -0.1147 0.9565 0.2682
vn -0.1367 0.9524 0.2723
vn -0.1384 0.9535 0.2677
vn -0.1572 0.9500 0.2697
vn -0.1484 0.9529 0.2644
vn -0.1403 0.9534 0.2670
vn -0.1747 0.9528 0.2484
vn -0.1733 0.9523 0.2511
vn -0.1862 0.9517 0.2442
vn -0.1765 0.9490 0.2612
vn -0.1992 0.9475 0.2501
vn -0.2305 0.9458 0.2288
vn -0.2312 0.9431 0.2390
vn -0.2550 0.9412 0.2215
vn -0.2734 0.9347 0.2272
vn -0.2361 0.9452 0.2256
vn -0.3291 0.9238 0.1957
vn -0.3192 0.9261 0.2010
vn -0.3383 0.9227 0.1847
vn -0.3220 0.9227 0.2122
vn -0.3583 0.9146 0.1876
vn -0.3601 0.9206 0.1508
vn -0.3387 0.9309 0.1368
vn -0.3190 0.9418 0.1061
vn -0.3102 0.9445 0.1079
vn -0.3323 0.9348 0.1257
vn -0.1793 0.9829 0.0410
vn -0.2020 0.9781 0.0504
vn -0.1358 0.9903 0.0280
vn -0.2315 0.9710 0.0600
vn -0.1316 0.9910 0.0256
vn -0.0433 0.9990 0.0055
vn -0.0560 0.9984 0.0077
vn -0.0321 0.9995 0.0034
vn -0.0338 0.9994 0.0035
vn -0.0320 0.9995 0.0033
vn -0.0014 1.0000 0.0001
vn -0.0016 1.0000 0.0001
vn -0.0015 1.0000 0.0001
vn -0.0019 1.0000 0.0002
vn -0.0020 1.0000 0.0002
vn -0.0022 1.0000 0.0002
vn -0.0380 0.9993 0.0038
vn -0.0621 0.9980 0.0083
vn -0.0569 0.9984 0.0070
vn -0.0410 0.9992 0.0040
vn -0.1468 0.9888 0.0279
vn -0.1773 0.9835 0.0353
vn -0.2571 0.9644 0.0618
vn -0.2573 0.9641 0.0651
vn -0.3526 0.9288 0.1141
vn -0.3856 0.9136 0.1290
vn -0.4154 0.8951 0.1618
vn -0.3968 0.9036 0.1612
vn -0.4114 0.8859 0.2142
vn -0.3953 0.8966 0.1997
vn -0.3834 0.8941 0.2314
vn -0.3574 0.9063 0.2254
vn -0.3107 0.9164 0.2525
vn -0.3057 0.9211 0.2411
vn -0.2596 0.9320 0.2528
vn -0.2800 0.9240 0.2603
vn -0.2234 0.9385 0.2634
vn -0.2273 0.9345 0.2740
vn -0.2100 0.9367 0.2803
vn -0.1966 0.9416 0.2735
vn -0.1733 0.9440 0.2807
vn -0.1739 0.9417 0.2880
vn -0.1572 0.9449 0.2871
vn -0.1488 0.9479 0.2815
vn -0.1179 0.9541 0.2754
vn -0.1230 0.9535 0.2753
vn -0.1002 0.9591 0.2648
vn -0.0967 0.9603 0.2618
vn -0.0715 0.9677 0.2419
vn -0.0628 0.9702 0.2338
vn -0.0480 0.9752 0.2160
vn -0.0486 0.9750 0.2167
vn -0.0188 0.9851 0.1710
vn -0.0285 0.9820 0.1867
vn -0.0080 0.9890 0.1474
vn -0.0115 0.9882 0.1528
vn 0.0009 0.9930 0.1179
vn 0.0046 0.9937 0.1115
vn 0.0116 0.9968 0.0785
vn 0.0081 0.9963 0.0853
vn 0.0140 0.9986 0.0503
vn 0.0111 0.9983 0.0568
vn 0.0135 0.9995 0.0280
vn 0.0113 0.9994 0.0334
vn 0.0115 0.9999 0.0117
vn 0.0100 0.9998 0.0159
vn 0.0081 1.0000 0.0040
vn 0.0090 1.0000 0.0010
vn 0.0057 1.0000 -0.0023
vn 0.0063 1.0000 -0.0044
vn 0.0037 1.0000 -0.0050
vn 0.0034 1.0000 -0.0036
vn 0.0016 1.0000 -0.0025
vn 0.0017 1.0000 -0.0032
vn 0.0006 1.0000 -0.0015
vn 0.0005 1.0000 -0.0012
vn 0.0001 1.0000 -0.0005
vn 0.0001 1.0000 -0.0004
vn 0.0005 1.0000 -0.0014
vn 0.0015 1.0000 -0.0030
vn 0.0032 1.0000 -0.0048
vn 0.0057 1.0000 -0.0051
vn 0.0084 1.0000 -0.0012
vn 0.0109 0.9999 0.0077
vn 0.0132 0.9997 0.0220
vn 0.0144 0.9990 0.0419
vn 0.0134 0.9976 0.0677
vn 0.0083 0.9951 0.0987
vn -0.0021 0.9910 0.1339
vn -0.0165 0.9858 0.1672
vn -0.0601 0.9710 0.2314
vn -0.1151 0.9547 0.2745
vn -0.1714 0.9418 0.2893
vn -0.2233 0.9347 0.2765
vn -0.3023 0.9182 0.2559
vn -0.4084 0.8851 0.2234
vn -0.4101 0.9003 0.1460
vn -0.2266 0.9727 0.0491
vn -0.0412 0.9991 0.0040
vn 0.0865 -0.9628 -0.2559
vn 0.0367 -0.9788 -0.2016
vn 0.0419 -0.9772 -0.2081
vn 0.0795 -0.9653 -0.2489
vn 0.1210 -0.9559 -0.2675
vn 0.1437 -0.9475 -0.2857
vn 0.1576 -0.9526 -0.2601
vn 0.1973 -0.9378 -0.2857
vn 0.2578 -0.9287 -0.2666
vn 0.2002 -0.9507 -0.2369
vn 0.2819 -0.9355 -0.2131
vn 0.3557 -0.9025 -0.2428
vn 0.3488 -0.9225 -0.1655
vn 0.4295 -0.8829 -0.1900
vn 0.3423 -0.9346 -0.0964
vn 0.2745 -0.9581 -0.0816
vn 0.0923 -0.9956 -0.0152
vn 0.0014 -1.0000 -0.0001
vn 0.0022 -1.0000 -0.0002
vn 0.1178 -0.9929 -0.0184
vn 0.9849 -0.0000 0.1729
vn -0.8932 -0.0000 -0.4496
vn -0.9376 -0.0000 0.3477
vn -0.8449 -0.0000 -0.5350
vn -0.9274 -0.0000 0.3741
vn 0.9929 -0.0000 0.1193
vn 0.9638 -0.0000 0.2667
vn -0.9409 -0.0000 0.3386
vn 0.8449 -0.0000 0.5350
vn -0.9146 -0.0000 -0.4043
vn 0.8502 -0.0000 -0.5265
vn 0.9841 -0.0000 0.1775
vn 0.8016 -0.0000 -0.5978
vn -0.9638 -0.0000 -0.2668
vn -0.9768 -0.0000 -0.2142
vn -0.9330 -0.0000 -0.3599
vn -0.9849 -0.0000 -0.1731
vn 0.9687 -0.0000 -0.2483
vn 0.9661 -0.0000 -0.2580
vn 0.9167 -0.0000 -0.3996
vn -0.9633 -0.0000 -0.2683
vn -0.9937 -0.0000 -0.1125
vn 0.8932 -0.0000 0.4496
vn -0.9997 -0.0000 -0.0224
vn 0.8900 -0.0000 -0.4560
vn -0.9766 -0.0000 -0.2151
vn 0.9330 -0.0000 0.3599
vn -0.9841 -0.0000 -0.1778
vn 0.9937 -0.0000 0.1122
vn -0.9996 -0.0000 -0.0278
vn -0.9928 -0.0000 -0.1197
vn -0.9860 -0.0000 0.1669
vn -0.9872 -0.0000 0.1594
vn 0.9634 -0.0000 0.2682
vn -0.7946 -0.0528 -0.6048
vn -0.0000 -0.0311 0.9995
vn 0.2944 -0.0032 0.9557
vn 0.3385 0.0012 0.9410
vn 0.3336 0.0007 0.9427
vn 0.2843 -0.0042 0.9587
vn 0.7860 0.0517 0.6161
vn 0.5705 -0.6974 -0.4338
vn 0.8713 -0.1142 0.4773
vn 0.7662 0.0491 0.6407
vn 0.5683 0.0256 0.8224
vn -0.7367 -0.0454 -0.6746
vn 0.2479 -0.0078 0.9688
vn 0.2357 -0.0090 0.9718
vn -0.7592 -0.0482 -0.6490
vn -0.8457 0.1210 -0.5198
vn -0.5850 0.7176 0.3779
vn 0.9891 0.0854 0.1198
vn -0.5296 -0.0213 -0.8480
vn -0.4933 -0.0174 -0.8697
vn -0.5247 -0.0208 -0.8510
vn 0.1999 -0.0125 0.9797
vn 0.1895 -0.0135 0.9818
vn 0.7315 0.0447 0.6804
vn 0.5865 -0.7466 -0.3141
vn 0.8193 -0.1367 0.5569
vn -0.4523 -0.0130 -0.8918
vn -0.4834 -0.0163 -0.8753
vn -0.9872 -0.0847 -0.1350
vn -0.2385 0.0087 -0.9711
vn -0.1939 0.0130 -0.9809
vn -0.1963 0.0128 -0.9805
vn -0.2451 0.0081 -0.9695
vn -0.4102 -0.0086 -0.9120
vn -0.4400 -0.0117 -0.8979
vn 0.1566 -0.0166 0.9875
vn 0.1512 -0.0171 0.9884
vn -0.7026 -0.0412 -0.7104
vn -0.7914 0.1647 -0.5887
vn -0.5715 0.7844 0.2410
vn 0.9827 0.0834 0.1651
vn -0.9904 -0.0858 -0.1086
vn -0.1538 0.0169 -0.9880
vn -0.1546 0.0168 -0.9878
vn 0.1249 -0.0196 0.9920
vn 0.1231 -0.0198 0.9922
vn 0.9888 0.0853 0.1223
vn -0.1240 0.0197 -0.9921
vn -0.1242 0.0197 -0.9921
vn 0.6724 0.0376 0.7392
vn 0.5361 -0.8289 -0.1598
vn 0.7602 -0.2112 0.6144
vn -0.9744 -0.0813 -0.2097
vn 0.9169 0.0704 0.3928
vn -0.9852 -0.0841 -0.1496
vn -0.1060 0.0214 -0.9941
vn 0.1062 -0.0214 0.9941
vn 0.1058 -0.0214 0.9942
vn -0.6403 -0.0338 -0.7674
vn -0.7231 0.2794 -0.6317
vn -0.4849 0.8707 0.0817
vn 0.9611 0.0783 0.2649
vn -0.8956 -0.0670 -0.4398
vn 0.1000 -0.0219 0.9947
vn 0.8725 0.0635 0.4845
vn 0.9960 0.0897 -0.0000
vn 0.5731 0.0262 0.8191
vn 0.6061 0.0299 0.7948
vn 0.4218 -0.9066 -0.0120
vn 0.5427 -0.7716 0.3317
vn -0.9447 -0.0752 -0.3193
vn 0.7061 0.0416 0.7069
vn -0.8479 -0.0600 -0.5267
vn 0.5358 0.0220 0.8440
vn 0.4435 -0.8325 0.3320
vn 0.9262 0.0719 0.3702
vn -0.6742 -0.0378 -0.7376
vn 0.6406 0.0339 0.7671
vn 0.4973 0.0178 0.8674
vn 0.3404 -0.8870 0.3122
vn -0.3672 -0.0042 -0.9301
vn -0.3942 -0.0069 -0.9190
vn -0.9058 -0.0686 -0.4181
vn -0.6054 -0.0298 -0.7954
vn 0.4583 0.0136 0.8887
vn 0.2433 -0.9298 0.2762
vn -0.3244 0.0002 -0.9459
vn -0.3458 -0.0020 -0.9383
vn 0.8839 0.0652 0.4630
vn 0.4188 -0.7043 -0.5731
vn 0.9567 -0.1890 0.2213
vn -0.1000 0.0219 -0.9947
vn -0.2818 0.0044 -0.9595
vn -0.2957 0.0031 -0.9553
vn 0.9783 0.0822 0.1903
vn 0.4195 0.0096 0.9077
vn 0.4318 0.0109 0.9019
vn -0.8609 -0.0618 -0.5050
vn -0.9410 0.1488 -0.3040
vn -0.4686 0.6889 0.5530
vn -0.9671 -0.0796 -0.2415
vn 0.3801 0.0055 0.9249
vn 0.3830 0.0058 0.9237
vn 0.8369 0.0585 0.5443
vn 0.5110 -0.6827 -0.5223
vn 0.9197 -0.1262 0.3717
vn 0.9529 0.0767 0.2935
vn 0.8219 0.0564 0.5668
vn -0.9361 -0.0736 -0.3439
vn -0.8119 -0.0551 -0.5812
vn -0.8961 0.1155 -0.4286
vn -0.5454 0.6856 0.4822
vn 0.0003 -1.0000 0.0002
vn 0.0002 -1.0000 0.0001
vn -0.0001 -1.0000 0.0002
vn -0.0002 -1.0000 0.0008
vn 0.0009 -1.0000 0.0007
vn 0.0008 -1.0000 0.0006
vn -0.0004 -1.0000 0.0024
vn 0.0020 -1.0000 0.0020
vn 0.0019 -1.0000 0.0017
vn 0.0048 -1.0000 0.0043
vn 0.0042 -1.0000 0.0037
vn 0.0112 -0.9999 0.0061
vn 0.0139 -0.9999 0.0066
vn 0.0006 -1.0000 0.0051
vn 0.0070 -0.9999 0.0083
vn 0.0330 -0.9994 0.0077
vn 0.0219 -0.9997 0.0111
vn 0.0289 -0.9996 0.0075
vn 0.0644 -0.9979 0.0068
vn 0.0473 -0.9988 0.0127
vn 0.0606 -0.9981 0.0068
vn 0.1071 -0.9942 0.0030
vn 0.1088 -0.9941 0.0032
vn 0.1621 -0.9868 -0.0033
vn 0.1638 -0.9865 -0.0040
vn 0.0866 -0.9962 0.0121
vn 0.1377 -0.9904 0.0083
vn 0.1950 -0.9808 0.0002
vn 0.2178 -0.9759 -0.0124
vn 0.2231 -0.9747 -0.0139
vn 0.2548 -0.9669 -0.0140
vn 0.2733 -0.9616 -0.0258
vn 0.2815 -0.9591 -0.0287
vn 0.3219 -0.9458 -0.0431
vn 0.3038 -0.9521 -0.0354
vn 0.3143 -0.9486 -0.0362
vn 0.3704 -0.9265 -0.0670
vn 0.3896 -0.9174 -0.0807
vn 0.4209 -0.9008 -0.1066
vn 0.4184 -0.9023 -0.1042
vn 0.4016 -0.9115 -0.0887
vn 0.4639 -0.8723 -0.1544
vn 0.4705 -0.8671 -0.1639
vn 0.4878 -0.8510 -0.1947
vn 0.4765 -0.8621 -0.1723
vn 0.4972 -0.8422 -0.2084
vn 0.5170 -0.8147 -0.2627
vn 0.5101 -0.8189 -0.2628
vn 0.5216 -0.7942 -0.3117
vn 0.5099 -0.8105 -0.2884
vn 0.5104 -0.8170 -0.2684
vn 0.5133 -0.7817 -0.3543
vn 0.4958 -0.7986 -0.3413
vn 0.4815 -0.7999 -0.3583
vn 0.4919 -0.8002 -0.3430
vn 0.4938 -0.7770 -0.3905
vn 0.4644 -0.7800 -0.4194
vn 0.4390 -0.8083 -0.3923
vn 0.4135 -0.8183 -0.3993
vn 0.4259 -0.7905 -0.4401
vn 0.4324 -0.8127 -0.3906
vn 0.3477 -0.8447 -0.4070
vn 0.3789 -0.8085 -0.4503
vn 0.3383 -0.8512 -0.4012
vn 0.3120 -0.8622 -0.3991
vn 0.3240 -0.8335 -0.4475
vn 0.2628 -0.8637 -0.4301
vn 0.2301 -0.8992 -0.3723
vn 0.1987 -0.8962 -0.3967
vn 0.1905 -0.9175 -0.3492
vn 0.2183 -0.9063 -0.3619
vn 0.1363 -0.9287 -0.3449
vn 0.1137 -0.9505 -0.2892
vn 0.0828 -0.9642 -0.2520
vn 0.1014 -0.9563 -0.2742
vn 0.0821 -0.9575 -0.2764
vn 0.0434 -0.9769 -0.2091
vn 0.0358 -0.9834 -0.1779
vn 0.0221 -0.9884 -0.1501
vn 0.0201 -0.9873 -0.1573
vn 0.0275 -0.9865 -0.1612
vn 0.0056 -0.9937 -0.1120
vn 0.0073 -0.9922 -0.1243
vn 0.0028 -0.9944 -0.1053
vn 0.0028 -0.9945 -0.1048
vn 0.0030 -0.9936 -0.1127
vn 0.0034 -0.9917 -0.1289
vn 0.0083 -0.9894 -0.1449
vn 0.0069 -0.9886 -0.1505
vn 0.0036 -0.9902 -0.1393
vn 0.0233 -0.9814 -0.1905
vn 0.0288 -0.9744 -0.2230
vn 0.0511 -0.9635 -0.2629
vn 0.0499 -0.9579 -0.2827
vn 0.1181 -0.8975 -0.4250
vn 0.0969 -0.9298 -0.3551
vn 0.1581 -0.8831 -0.4418
vn 0.1640 -0.8556 -0.4909
vn 0.2574 -0.7849 -0.5637
vn 0.2246 -0.8369 -0.4992
vn 0.2992 -0.7573 -0.5805
vn 0.2900 -0.7973 -0.5294
vn 0.3823 -0.7174 -0.5824
vn 0.3507 -0.7657 -0.5392
vn 0.4141 -0.7043 -0.5766
vn 0.4046 -0.7431 -0.5330
vn 0.4508 -0.7295 -0.5144
vn 0.4774 -0.6925 -0.5408
vn 0.4889 -0.7246 -0.4857
vn 0.4993 -0.6912 -0.5225
vn 0.5383 -0.7050 -0.4617
vn 0.5180 -0.7284 -0.4486
vn 0.5369 -0.7406 -0.4041
vn 0.5487 -0.7147 -0.4337
vn 0.5557 -0.7526 -0.3533
vn 0.5441 -0.7612 -0.3527
vn 0.5490 -0.7741 -0.3152
vn 0.5371 -0.7905 -0.2942
vn 0.5078 -0.8343 -0.2148
vn 0.5126 -0.8276 -0.2290
vn 0.4714 -0.8667 -0.1631
vn 0.4780 -0.8615 -0.1713
vn 0.3948 -0.9150 -0.0827
vn 0.4176 -0.9027 -0.1038
vn 0.3425 -0.9385 -0.0445
vn 0.3543 -0.9336 -0.0539
vn 0.2650 -0.9642 -0.0016
vn 0.2843 -0.9586 -0.0148
vn 0.2120 -0.9772 0.0123
vn 0.1884 -0.9817 0.0264
vn 0.1200 -0.9920 0.0399
vn 0.1431 -0.9893 0.0276
vn 0.0652 -0.9970 0.0418
vn 0.0842 -0.9959 0.0323
vn 0.0278 -0.9989 0.0369
vn 0.0432 -0.9986 0.0292
vn 0.0037 -0.9995 0.0299
vn -0.0007 -0.9996 0.0273
vn 0.0469 -0.9988 0.0172
vn 0.0026 -0.9998 0.0175
vn -0.0120 -0.9997 0.0224
vn -0.0075 -0.9999 0.0122
vn -0.0185 -0.9997 0.0151
vn -0.0162 -0.9998 0.0086
vn -0.0092 -0.9999 0.0071
vn -0.0061 -1.0000 0.0033
vn -0.0101 -0.9999 0.0039
vn -0.0048 -1.0000 0.0013
vn -0.0029 -1.0000 0.0011
vn -0.0015 -1.0000 0.0003
vn -0.0009 -1.0000 0.0002
vn -0.0004 -1.0000 -0.0000
vn -0.0002 -1.0000 -0.0000
vn -0.0018 -1.0000 0.0003
vn -0.0055 -1.0000 0.0016
vn -0.0114 -0.9999 0.0045
vn -0.0180 -0.9998 0.0098
vn -0.0192 -0.9997 0.0168
vn -0.0108 -0.9996 0.0247
vn 0.0078 -0.9994 0.0329
vn 0.0354 -0.9986 0.0398
vn 0.0723 -0.9964 0.0432
vn 0.2749 -0.7676 -0.5790
vn 0.1420 -0.8708 -0.4708
vn 0.0394 -0.9651 -0.2588
vn 0.0037 -0.9901 -0.1401
vn -0.0153 0.9834 0.1808
vn -0.0819 0.9279 0.3638
vn -0.2087 0.8143 0.5417
vn -0.3373 0.7320 0.5920
vn -0.4431 0.6922 0.5697
vn -0.5189 0.6901 0.5044
vn -0.5569 0.7239 0.4071
vn -0.5405 0.7935 0.2796
vn -0.4487 0.8837 0.1333
vn -0.3548 0.9331 0.0582
vn -0.4426 0.8877 0.1269
vn -0.5007 0.8366 0.2222
vn -0.5069 0.8048 0.3088
vn -0.4667 0.8031 0.3704
vn -0.3894 0.8288 0.4017
vn -0.2801 0.8784 0.3872
vn -0.1571 0.9327 0.3247
vn -0.0568 0.9752 0.2141
vn -0.0111 0.9922 0.1238
vn -0.2419 -0.0000 -0.9703
vn -0.2892 -0.0000 -0.9573
vn -0.1951 -0.0000 -0.9808
vn -0.1542 -0.0000 -0.9880
vn 0.3818 -0.0000 0.9242
vn 0.3362 -0.0000 0.9418
vn -0.7407 -0.0000 -0.6719
vn 0.2903 -0.0000 0.9569
vn 0.2443 -0.0000 0.9697
vn -0.3818 -0.0000 -0.9243
vn 0.1991 -0.0000 0.9800
vn -0.1241 -0.0000 -0.9923
vn -0.3359 -0.0000 -0.9419
vn 0.1599 -0.0000 0.9871
vn -0.1061 -0.0000 -0.9944
vn -0.1000 -0.0000 -0.9950
vn 0.1312 -0.0000 0.9914
vn 0.1139 -0.0000 0.9935
vn 0.1081 -0.0000 0.9941
vn 0.9700 -0.0000 -0.2432
vn 0.9569 -0.0000 -0.2904
vn -0.4267 -0.0000 0.9044
vn 0.9806 -0.0000 -0.1962
vn 0.9879 -0.0000 -0.1548
vn -0.9414 -0.0000 0.3373
vn -0.5550 -0.0000 0.8319
vn -0.9566 -0.0000 0.2915
vn 0.7407 -0.0000 -0.6719
vn -0.9694 -0.0000 0.2454
vn -0.9798 -0.0000 0.2002
vn 0.9922 -0.0000 -0.1244
vn 0.9415 -0.0000 -0.3370
vn -0.9870 -0.0000 0.1605
vn 0.9944 -0.0000 -0.1061
vn 0.9950 -0.0000 -0.1000
vn -0.9913 -0.0000 0.1314
vn -0.7406 -0.0000 0.6719
vn -0.9935 -0.0000 0.1139
vn -0.9941 -0.0000 0.1081
vt 0.000000 0.000000
s 1
usemtl Black
f 1585/22/177 1586/22/177 1589/22/177 1587/22/177
f 1586/22/177 1594/22/177 1591/22/177 1589/22/177
f 1594/22/177 1595/22/177 1593/22/177 1591/22/177
f 1593/22/177 1595/22/177 1596/22/177 1598/22/177
f 1597/22/177 1600/22/177 1598/22/177 1596/22/177
f 1602/22/177 1600/22/177 1597/22/177 1605/22/177
f 1604/22/177 1602/22/177 1605/22/177 1606/22/177
f 1607/22/177 1609/22/177 1604/22/177 1606/22/177
f 1607/22/177 1608/22/177 1611/22/177 1609/22/177
f 1616/22/177 1613/22/177 1611/22/177 1608/22/177
f 1617/22/177 1615/22/177 1613/22/177 1616/22/177
f 1615/22/177 1617/22/177 1618/22/177 1620/22/177
f 1618/22/177 1619/22/177 1622/22/177 1620/22/177
f 1627/22/177 1624/22/177 1622/22/177 1619/22/177
f 1628/22/177 1626/22/177 1624/22/177 1627/22/177
f 1626/22/177 1628/22/177 1629/22/177 1631/22/177
f 1629/22/177 1630/22/177 1633/22/177 1631/22/177
f 1638/22/177 1635/22/177 1633/22/177 1630/22/177
f 1639/22/177 1637/22/177 1635/22/177 1638/22/177
f 1637/22/177 1639/22/177 1640/22/177 1642/22/177
f 1641/22/177 1644/22/177 1642/22/177 1640/22/177
f 1646/22/177 1644/22/177 1641/22/177 1649/22/177
f 1648/22/177 1646/22/177 1649/22/177 1650/22/177
f 1651/22/177 1653/22/177 1648/22/177 1650/22/177
f 1651/22/177 1652/22/177 1655/22/177 1653/22/177
f 1660/22/177 1657/22/177 1655/22/177 1652/22/177
f 1661/22/177 1659/22/177 1657/22/177 1660/22/177
f 1659/22/177 1661/22/177 1662/22/177 1664/22/177
f 1663/22/177 1666/22/177 1664/22/177 1662/22/177
f 1666/22/177 1663/22/177 1671/22/177 1668/22/177
f 1668/22/177 1671/22/177 1672/22/177 1669/22/177
f 1674/22/177 1669/22/177 1672/22/177 1673/22/177
f 1677/22/177 1679/22/177 1676/22/177 1675/22/177
f 1681/22/177 1670/22/177 1676/22/177 1679/22/177
f 1683/22/177 1667/22/177 1670/22/177 1681/22/177
f 1667/22/177 1683/22/177 1685/22/177 1665/22/177
f 1687/22/177 1690/22/177 1665/22/177 1685/22/177
f 1690/22/177 1687/22/177 1689/22/177 1658/22/177
f 1658/22/177 1689/22/177 1692/22/177 1656/22/177
f 1654/22/177 1656/22/177 1692/22/177 1694/22/177
f 1654/22/177 1694/22/177 1696/22/177 1699/22/177
f 1696/22/177 1698/22/177 1647/22/177 1699/22/177
f 1698/22/177 1701/22/177 1645/22/177 1647/22/177
f 1645/22/177 1701/22/177 1703/22/177 1643/22/177
f 1705/22/177 1708/22/177 1643/22/177 1703/22/177
f 1708/22/177 1705/22/177 1707/22/177 1636/22/177
f 1636/22/177 1707/22/177 1710/22/177 1634/22/177
f 1632/22/177 1634/22/177 1710/22/177 1712/22/177
f 1714/22/177 1717/22/177 1632/22/177 1712/22/177
f 1717/22/177 1714/22/177 1716/22/177 1625/22/177
f 1625/22/177 1716/22/177 1719/22/177 1623/22/177
f 1621/22/177 1623/22/177 1719/22/177 1721/22/177
f 1723/22/177 1726/22/177 1621/22/177 1721/22/177
f 1726/22/177 1723/22/177 1725/22/177 1614/22/177
f 1614/22/177 1725/22/177 1728/22/177 1612/22/177
f 1610/22/177 1612/22/177 1728/22/177 1730/22/177
f 1610/22/177 1730/22/177 1732/22/177 1735/22/177
f 1732/22/177 1734/22/177 1603/22/177 1735/22/177
f 1734/22/177 1737/22/177 1601/22/177 1603/22/177
f 1601/22/177 1737/22/177 1739/22/177 1599/22/177
f 1741/22/177 1744/22/177 1599/22/177 1739/22/177
f 1592/22/177 1744/22/177 1741/22/177 1743/22/177
f 1590/22/177 1592/22/177 1743/22/177 1746/22/177
f 1588/22/177 1590/22/177 1746/22/177 1748/22/177
f 1749/22/177 1747/22/177 1751/22/177 1750/22/177
f 1747/22/177 1745/22/177 1752/22/177 1751/22/177
f 1745/22/177 1742/22/177 1753/22/177 1752/22/177
f 1753/22/177 1742/22/177 1740/22/177 1754/22/177
f 1738/22/177 1755/22/177 1754/22/177 1740/22/177
f 1756/22/177 1755/22/177 1738/22/177 1736/22/177
f 1757/22/177 1756/22/177 1736/22/177 1733/22/177
f 1731/22/177 1758/22/177 1757/22/177 1733/22/177
f 1731/22/177 1729/22/177 1759/22/177 1758/22/177
f 1727/22/177 1760/22/177 1759/22/177 1729/22/177
f 1724/22/177 1761/22/177 1760/22/177 1727/22/177
f 1761/22/177 1724/22/177 1722/22/177 1762/22/177
f 1722/22/177 1720/22/177 1763/22/177 1762/22/177
f 1718/22/177 1764/22/177 1763/22/177 1720/22/177
f 1715/22/177 1765/22/177 1764/22/177 1718/22/177
f 1765/22/177 1715/22/177 1713/22/177 1766/22/177
f 1713/22/177 1711/22/177 1767/22/177 1766/22/177
f 1709/22/177 1768/22/177 1767/22/177 1711/22/177
f 1706/22/177 1769/22/177 1768/22/177 1709/22/177
f 1769/22/177 1706/22/177 1704/22/177 1770/22/177
f 1702/22/177 1771/22/177 1770/22/177 1704/22/177
f 1772/22/177 1771/22/177 1702/22/177 1700/22/177
f 1773/22/177 1772/22/177 1700/22/177 1697/22/177
f 1695/22/177 1774/22/177 1773/22/177 1697/22/177
f 1695/22/177 1693/22/177 1775/22/177 1774/22/177
f 1691/22/177 1776/22/177 1775/22/177 1693/22/177
f 1688/22/177 1777/22/177 1776/22/177 1691/22/177
f 1777/22/177 1688/22/177 1686/22/177 1778/22/177
f 1684/22/177 1779/22/177 1778/22/177 1686/22/177
f 1779/22/177 1684/22/177 1682/22/177 1780/22/177
f 1780/22/177 1682/22/177 1680/22/177 1781/22/177
f 1782/22/177 1781/22/177 1680/22/177 1678/22/177
f 1783/22/178 1785/22/178 1787/22/178 1784/22/178
f 1784/22/178 1787/22/178 1789/22/178 1792/22/178
f 1792/22/178 1789/22/178 1791/22/178 1793/22/178
f 1791/22/178 1796/22/178 1794/22/178 1793/22/178
f 1795/22/178 1794/22/178 1796/22/178 1798/22/178
f 1800/22/178 1803/22/178 1795/22/178 1798/22/178
f 1802/22/178 1804/22/178 1803/22/178 1800/22/178
f 1805/22/178 1804/22/178 1802/22/178 1807/22/178
f 1805/22/178 1807/22/178 1809/22/178 1806/22/178
f 1814/22/178 1806/22/178 1809/22/178 1811/22/178
f 1815/22/178 1814/22/178 1811/22/178 1813/22/178
f 1813/22/178 1818/22/178 1816/22/178 1815/22/178
f 1816/22/178 1818/22/178 1820/22/178 1817/22/178
f 1825/22/178 1817/22/178 1820/22/178 1822/22/178
f 1826/22/178 1825/22/178 1822/22/178 1824/22/178
f 1824/22/178 1829/22/178 1827/22/178 1826/22/178
f 1827/22/178 1829/22/178 1831/22/178 1828/22/178
f 1836/22/178 1828/22/178 1831/22/178 1833/22/178
f 1837/22/178 1836/22/178 1833/22/178 1835/22/178
f 1835/22/178 1840/22/178 1838/22/178 1837/22/178
f 1839/22/178 1838/22/178 1840/22/178 1842/22/178
f 1844/22/178 1847/22/178 1839/22/178 1842/22/178
f 1846/22/178 1848/22/178 1847/22/178 1844/22/178
f 1849/22/178 1848/22/178 1846/22/178 1851/22/178
f 1849/22/178 1851/22/178 1853/22/178 1850/22/178
f 1858/22/178 1850/22/178 1853/22/178 1855/22/178
f 1859/22/178 1858/22/178 1855/22/178 1857/22/178
f 1857/22/178 1862/22/178 1860/22/178 1859/22/178
f 1861/22/178 1860/22/178 1862/22/178 1864/22/178
f 1864/22/178 1866/22/178 1869/22/178 1861/22/178
f 1866/22/178 1867/22/178 1870/22/178 1869/22/178
f 1872/22/178 1871/22/178 1870/22/178 1867/22/178
f 1875/22/178 1873/22/178 1874/22/178 1877/22/178
f 1879/22/178 1877/22/178 1874/22/178 1868/22/178
f 1881/22/178 1879/22/178 1868/22/178 1865/22/178
f 1865/22/178 1863/22/178 1883/22/178 1881/22/178
f 1885/22/178 1883/22/178 1863/22/178 1888/22/178
f 1888/22/178 1856/22/178 1887/22/178 1885/22/178
f 1856/22/178 1854/22/178 1890/22/178 1887/22/178
f 1852/22/178 1892/22/178 1890/22/178 1854/22/178
f 1852/22/178 1897/22/178 1894/22/178 1892/22/178
f 1894/22/178 1897/22/178 1845/22/178 1896/22/178
f 1896/22/178 1845/22/178 1843/22/178 1899/22/178
f 1843/22/178 1841/22/178 1901/22/178 1899/22/178
f 1903/22/178 1901/22/178 1841/22/178 1906/22/178
f 1906/22/178 1834/22/178 1905/22/178 1903/22/178
f 1834/22/178 1832/22/178 1908/22/178 1905/22/178
f 1830/22/178 1910/22/178 1908/22/178 1832/22/178
f 1912/22/178 1910/22/178 1830/22/178 1915/22/178
f 1915/22/178 1823/22/178 1914/22/178 1912/22/178
f 1823/22/178 1821/22/178 1917/22/178 1914/22/178
f 1819/22/178 1919/22/178 1917/22/178 1821/22/178
f 1921/22/178 1919/22/178 1819/22/178 1924/22/178
f 1924/22/178 1812/22/178 1923/22/178 1921/22/178
f 1812/22/178 1810/22/178 1926/22/178 1923/22/178
f 1808/22/178 1928/22/178 1926/22/178 1810/22/178
f 1808/22/178 1933/22/178 1930/22/178 1928/22/178
f 1930/22/178 1933/22/178 1801/22/178 1932/22/178
f 1932/22/178 1801/22/178 1799/22/178 1935/22/178
f 1799/22/178 1797/22/178 1937/22/178 1935/22/178
f 1939/22/178 1937/22/178 1797/22/178 1942/22/178
f 1790/22/178 1941/22/178 1939/22/178 1942/22/178
f 1788/22/178 1944/22/178 1941/22/178 1790/22/178
f 1786/22/178 1946/22/178 1944/22/178 1788/22/178
f 1947/22/178 1948/22/178 1949/22/178 1945/22/178
f 1945/22/178 1949/22/178 1950/22/178 1943/22/178
f 1943/22/178 1950/22/178 1951/22/178 1940/22/178
f 1951/22/178 1952/22/178 1938/22/178 1940/22/178
f 1936/22/178 1938/22/178 1952/22/178 1953/22/178
f 1954/22/178 1934/22/178 1936/22/178 1953/22/178
f 1955/22/178 1931/22/178 1934/22/178 1954/22/178
f 1929/22/178 1931/22/178 1955/22/178 1956/22/178
f 1929/22/178 1956/22/178 1957/22/178 1927/22/178
f 1925/22/178 1927/22/178 1957/22/178 1958/22/178
f 1922/22/178 1925/22/178 1958/22/178 1959/22/178
f 1959/22/178 1960/22/178 1920/22/178 1922/22/178
f 1920/22/178 1960/22/178 1961/22/178 1918/22/178
f 1916/22/178 1918/22/178 1961/22/178 1962/22/178
f 1913/22/178 1916/22/178 1962/22/178 1963/22/178
f 1963/22/178 1964/22/178 1911/22/178 1913/22/178
f 1911/22/178 1964/22/178 1965/22/178 1909/22/178
f 1907/22/178 1909/22/178 1965/22/178 1966/22/178
f 1904/22/178 1907/22/178 1966/22/178 1967/22/178
f 1967/22/178 1968/22/178 1902/22/178 1904/22/178
f 1900/22/178 1902/22/178 1968/22/178 1969/22/178
f 1970/22/178 1898/22/178 1900/22/178 1969/22/178
f 1971/22/178 1895/22/178 1898/22/178 1970/22/178
f 1893/22/178 1895/22/178 1971/22/178 1972/22/178
f 1893/22/178 1972/22/178 1973/22/178 1891/22/178
f 1889/22/178 1891/22/178 1973/22/178 1974/22/178
f 1886/22/178 1889/22/178 1974/22/178 1975/22/178
f 1975/22/178 1976/22/178 1884/22/178 1886/22/178
f 1882/22/178 1884/22/178 1976/22/178 1977/22/178
f 1977/22/178 1978/22/178 1880/22/178 1882/22/178
f 1978/22/178 1979/22/178 1878/22/178 1880/22/178
f 1980/22/178 1876/22/178 1878/22/178 1979/22/178
f 1661/22/179 1660/22/180 1858/22/180 1859/22/179
f 1771/22/181 1772/22/182 1970/22/182 1969/22/181
f 1758/22/183 1759/22/184 1957/22/184 1956/22/183
f 1662/22/185 1661/22/179 1859/22/179 1860/22/185
f 1772/22/182 1773/22/186 1971/22/186 1970/22/182
f 1605/22/187 1597/22/188 1795/22/188 1803/22/187
f 1759/22/184 1760/22/189 1958/22/189 1957/22/184
f 1663/22/190 1662/22/185 1860/22/185 1861/22/190
f 1606/22/191 1605/22/187 1803/22/187 1804/22/191
f 1586/22/192 1585/22/193 1783/22/193 1784/22/192
f 1773/22/186 1774/22/194 1972/22/194 1971/22/186
f 1607/22/195 1606/22/191 1804/22/191 1805/22/195
f 1760/22/189 1761/22/196 1959/22/196 1958/22/189
f 1585/22/197 1587/22/197 1785/22/197 1783/22/197
f 1627/22/198 1619/22/199 1817/22/199 1825/22/198
f 1774/22/194 1775/22/200 1973/22/200 1972/22/194
f 1608/22/201 1607/22/195 1805/22/195 1806/22/201
f 1761/22/196 1762/22/202 1960/22/202 1959/22/196
f 1628/22/203 1627/22/198 1825/22/198 1826/22/203
f 1629/22/204 1628/22/203 1826/22/203 1827/22/204
f 1775/22/200 1776/22/205 1974/22/205 1973/22/200
f 1762/22/202 1763/22/206 1961/22/206 1960/22/202
f 1588/22/197 1748/22/197 1946/22/197 1786/22/197
f 1649/22/207 1641/22/208 1839/22/208 1847/22/207
f 1630/22/209 1629/22/204 1827/22/204 1828/22/209
f 1776/22/205 1777/22/210 1975/22/210 1974/22/205
f 1763/22/206 1764/22/211 1962/22/211 1961/22/206
f 1749/22/197 1750/22/197 1948/22/197 1947/22/197
f 1650/22/212 1649/22/207 1847/22/207 1848/22/212
f 1750/22/213 1751/22/214 1949/22/214 1948/22/213
f 1651/22/215 1650/22/212 1848/22/212 1849/22/215
f 1777/22/210 1778/22/216 1976/22/216 1975/22/210
f 1764/22/211 1765/22/217 1963/22/217 1962/22/211
f 1751/22/214 1752/22/218 1950/22/218 1949/22/214
f 1594/22/219 1586/22/192 1784/22/192 1792/22/219
f 1671/22/220 1663/22/190 1861/22/190 1869/22/220
f 1652/22/221 1651/22/215 1849/22/215 1850/22/221
f 1778/22/216 1779/22/222 1977/22/222 1976/22/216
f 1765/22/217 1766/22/223 1964/22/223 1963/22/217
f 1595/22/224 1594/22/219 1792/22/219 1793/22/224
f 1672/22/225 1671/22/220 1869/22/220 1870/22/225
f 1752/22/218 1753/22/226 1951/22/226 1950/22/218
f 1596/22/227 1595/22/224 1793/22/224 1794/22/227
f 1673/22/228 1672/22/225 1870/22/225 1871/22/228
f 1779/22/222 1780/22/229 1978/22/229 1977/22/222
f 1766/22/223 1767/22/230 1965/22/230 1964/22/223
f 1753/22/226 1754/22/231 1952/22/231 1951/22/226
f 1616/22/232 1608/22/201 1806/22/201 1814/22/232
f 1597/22/188 1596/22/227 1794/22/227 1795/22/188
f 1674/22/233 1673/22/233 1871/22/233 1872/22/233
f 1780/22/229 1781/22/234 1979/22/234 1978/22/229
f 1617/22/235 1616/22/232 1814/22/232 1815/22/235
f 1767/22/230 1768/22/236 1966/22/236 1965/22/230
f 1754/22/231 1755/22/237 1953/22/237 1952/22/231
f 1618/22/238 1617/22/235 1815/22/235 1816/22/238
f 1781/22/234 1782/22/239 1980/22/239 1979/22/234
f 1768/22/236 1769/22/240 1967/22/240 1966/22/236
f 1755/22/237 1756/22/241 1954/22/241 1953/22/237
f 1638/22/242 1630/22/209 1828/22/209 1836/22/242
f 1619/22/199 1618/22/238 1816/22/238 1817/22/199
f 1677/22/233 1675/22/233 1873/22/233 1875/22/233
f 1639/22/243 1638/22/242 1836/22/242 1837/22/243
f 1782/22/233 1678/22/233 1876/22/233 1980/22/233
f 1769/22/240 1770/22/244 1968/22/244 1967/22/240
f 1756/22/241 1757/22/245 1955/22/245 1954/22/241
f 1640/22/246 1639/22/243 1837/22/243 1838/22/246
f 1770/22/244 1771/22/181 1969/22/181 1968/22/244
f 1757/22/245 1758/22/183 1956/22/183 1955/22/245
f 1660/22/180 1652/22/221 1850/22/221 1858/22/180
f 1641/22/208 1640/22/246 1838/22/246 1839/22/208
f 1981/22/177 1982/22/177 1985/22/177 1983/22/177
f 1982/22/177 1990/22/177 1987/22/177 1985/22/177
f 1990/22/177 1991/22/177 1989/22/177 1987/22/177
f 1989/22/177 1991/22/177 1992/22/177 1994/22/177
f 1993/22/177 1996/22/177 1994/22/177 1992/22/177
f 1998/22/177 1996/22/177 1993/22/177 2001/22/177
f 2000/22/177 1998/22/177 2001/22/177 2002/22/177
f 2003/22/177 2005/22/177 2000/22/177 2002/22/177
f 2003/22/177 2004/22/177 2007/22/177 2005/22/177
f 2012/22/177 2009/22/177 2007/22/177 2004/22/177
f 2013/22/177 2011/22/177 2009/22/177 2012/22/177
f 2011/22/177 2013/22/177 2014/22/177 2016/22/177
f 2014/22/177 2015/22/177 2018/22/177 2016/22/177
f 2023/22/177 2020/22/177 2018/22/177 2015/22/177
f 2024/22/177 2022/22/177 2020/22/177 2023/22/177
f 2022/22/177 2024/22/177 2025/22/177 2027/22/177
f 2025/22/177 2026/22/177 2029/22/177 2027/22/177
f 2034/22/177 2031/22/177 2029/22/177 2026/22/177
f 2035/22/177 2033/22/177 2031/22/177 2034/22/177
f 2033/22/177 2035/22/177 2036/22/177 2038/22/177
f 2037/22/177 2040/22/177 2038/22/177 2036/22/177
f 2042/22/177 2040/22/177 2037/22/177 2045/22/177
f 2044/22/177 2042/22/177 2045/22/177 2046/22/177
f 2047/22/177 2049/22/177 2044/22/177 2046/22/177
f 2047/22/177 2048/22/177 2051/22/177 2049/22/177
f 2056/22/177 2053/22/177 2051/22/177 2048/22/177
f 2057/22/177 2055/22/177 2053/22/177 2056/22/177
f 2055/22/177 2057/22/177 2058/22/177 2060/22/177
f 2059/22/177 2062/22/177 2060/22/177 2058/22/177
f 2062/22/177 2059/22/177 2067/22/177 2064/22/177
f 2064/22/177 2067/22/177 2068/22/177 2065/22/177
f 2070/22/177 2065/22/177 2068/22/177 2069/22/177
f 2073/22/177 2075/22/177 2072/22/177 2071/22/177
f 2077/22/177 2066/22/177 2072/22/177 2075/22/177
f 2079/22/177 2063/22/177 2066/22/177 2077/22/177
f 2063/22/177 2079/22/177 2081/22/177 2061/22/177
f 2083/22/177 2086/22/177 2061/22/177 2081/22/177
f 2086/22/177 2083/22/177 2085/22/177 2054/22/177
f 2054/22/177 2085/22/177 2088/22/177 2052/22/177
f 2050/22/177 2052/22/177 2088/22/177 2090/22/177
f 2050/22/177 2090/22/177 2092/22/177 2095/22/177
f 2092/22/177 2094/22/177 2043/22/177 2095/22/177
f 2094/22/177 2097/22/177 2041/22/177 2043/22/177
f 2041/22/177 2097/22/177 2099/22/177 2039/22/177
f 2101/22/177 2104/22/177 2039/22/177 2099/22/177
f 2104/22/177 2101/22/177 2103/22/177 2032/22/177
f 2032/22/177 2103/22/177 2106/22/177 2030/22/177
f 2028/22/177 2030/22/177 2106/22/177 2108/22/177
f 2110/22/177 2113/22/177 2028/22/177 2108/22/177
f 2113/22/177 2110/22/177 2112/22/177 2021/22/177
f 2021/22/177 2112/22/177 2115/22/177 2019/22/177
f 2017/22/177 2019/22/177 2115/22/177 2117/22/177
f 2119/22/177 2122/22/177 2017/22/177 2117/22/177
f 2122/22/177 2119/22/177 2121/22/177 2010/22/177
f 2010/22/177 2121/22/177 2124/22/177 2008/22/177
f 2006/22/177 2008/22/177 2124/22/177 2126/22/177
f 2006/22/177 2126/22/177 2128/22/177 2131/22/177
f 2128/22/177 2130/22/177 1999/22/177 2131/22/177
f 2130/22/177 2133/22/177 1997/22/177 1999/22/177
f 1997/22/177 2133/22/177 2135/22/177 1995/22/177
f 2137/22/177 2140/22/177 1995/22/177 2135/22/177
f 1988/22/177 2140/22/177 2137/22/177 2139/22/177
f 1986/22/177 1988/22/177 2139/22/177 2142/22/177
f 1984/22/177 1986/22/177 2142/22/177 2144/22/177
f 2145/22/177 2143/22/177 2147/22/177 2146/22/177
f 2143/22/177 2141/22/177 2148/22/177 2147/22/177
f 2141/22/177 2138/22/177 2149/22/177 2148/22/177
f 2149/22/177 2138/22/177 2136/22/177 2150/22/177
f 2134/22/177 2151/22/177 2150/22/177 2136/22/177
f 2152/22/177 2151/22/177 2134/22/177 2132/22/177
f 2153/22/177 2152/22/177 2132/22/177 2129/22/177
f 2127/22/177 2154/22/177 2153/22/177 2129/22/177
f 2127/22/177 2125/22/177 2155/22/177 2154/22/177
f 2123/22/177 2156/22/177 2155/22/177 2125/22/177
f 2120/22/177 2157/22/177 2156/22/177 2123/22/177
f 2157/22/177 2120/22/177 2118/22/177 2158/22/177
f 2118/22/177 2116/22/177 2159/22/177 2158/22/177
f 2114/22/177 2160/22/177 2159/22/177 2116/22/177
f 2111/22/177 2161/22/177 2160/22/177 2114/22/177
f 2161/22/177 2111/22/177 2109/22/177 2162/22/177
f 2109/22/177 2107/22/177 2163/22/177 2162/22/177
f 2105/22/177 2164/22/177 2163/22/177 2107/22/177
f 2102/22/177 2165/22/177 2164/22/177 2105/22/177
f 2165/22/177 2102/22/177 2100/22/177 2166/22/177
f 2098/22/177 2167/22/177 2166/22/177 2100/22/177
f 2168/22/177 2167/22/177 2098/22/177 2096/22/177
f 2169/22/177 2168/22/177 2096/22/177 2093/22/177
f 2091/22/177 2170/22/177 2169/22/177 2093/22/177
f 2091/22/177 2089/22/177 2171/22/177 2170/22/177
f 2087/22/177 2172/22/177 2171/22/177 2089/22/177
f 2084/22/177 2173/22/177 2172/22/177 2087/22/177
f 2173/22/177 2084/22/177 2082/22/177 2174/22/177
f 2080/22/177 2175/22/177 2174/22/177 2082/22/177
f 2175/22/177 2080/22/177 2078/22/177 2176/22/177
f 2176/22/177 2078/22/177 2076/22/177 2177/22/177
f 2178/22/177 2177/22/177 2076/22/177 2074/22/177
f 2179/22/178 2181/22/178 2183/22/178 2180/22/178
f 2180/22/178 2183/22/178 2185/22/178 2188/22/178
f 2188/22/178 2185/22/178 2187/22/178 2189/22/178
f 2187/22/178 2192/22/178 2190/22/178 2189/22/178
f 2191/22/178 2190/22/178 2192/22/178 2194/22/178
f 2196/22/178 2199/22/178 2191/22/178 2194/22/178
f 2198/22/178 2200/22/178 2199/22/178 2196/22/178
f 2201/22/178 2200/22/178 2198/22/178 2203/22/178
f 2201/22/178 2203/22/178 2205/22/178 2202/22/178
f 2210/22/178 2202/22/178 2205/22/178 2207/22/178
f 2211/22/178 2210/22/178 2207/22/178 2209/22/178
f 2209/22/178 2214/22/178 2212/22/178 2211/22/178
f 2212/22/178 2214/22/178 2216/22/178 2213/22/178
f 2221/22/178 2213/22/178 2216/22/178 2218/22/178
f 2222/22/178 2221/22/178 2218/22/178 2220/22/178
f 2220/22/178 2225/22/178 2223/22/178 2222/22/178
f 2223/22/178 2225/22/178 2227/22/178 2224/22/178
f 2232/22/178 2224/22/178 2227/22/178 2229/22/178
f 2233/22/178 2232/22/178 2229/22/178 2231/22/178
f 2231/22/178 2236/22/178 2234/22/178 2233/22/178
f 2235/22/178 2234/22/178 2236/22/178 2238/22/178
f 2240/22/178 2243/22/178 2235/22/178 2238/22/178
f 2242/22/178 2244/22/178 2243/22/178 2240/22/178
f 2245/22/178 2244/22/178 2242/22/178 2247/22/178
f 2245/22/178 2247/22/178 2249/22/178 2246/22/178
f 2254/22/178 2246/22/178 2249/22/178 2251/22/178
f 2255/22/178 2254/22/178 2251/22/178 2253/22/178
f 2253/22/178 2258/22/178 2256/22/178 2255/22/178
f 2257/22/178 2256/22/178 2258/22/178 2260/22/178
f 2260/22/178 2262/22/178 2265/22/178 2257/22/178
f 2262/22/178 2263/22/178 2266/22/178 2265/22/178
f 2268/22/178 2267/22/178 2266/22/178 2263/22/178
f 2271/22/178 2269/22/178 2270/22/178 2273/22/178
f 2275/22/178 2273/22/178 2270/22/178 2264/22/178
f 2277/22/178 2275/22/178 2264/22/178 2261/22/178
f 2261/22/178 2259/22/178 2279/22/178 2277/22/178
f 2281/22/178 2279/22/178 2259/22/178 2284/22/178
f 2284/22/178 2252/22/178 2283/22/178 2281/22/178
f 2252/22/178 2250/22/178 2286/22/178 2283/22/178
f 2248/22/178 2288/22/178 2286/22/178 2250/22/178
f 2248/22/178 2293/22/178 2290/22/178 2288/22/178
f 2290/22/178 2293/22/178 2241/22/178 2292/22/178
f 2292/22/178 2241/22/178 2239/22/178 2295/22/178
f 2239/22/178 2237/22/178 2297/22/178 2295/22/178
f 2299/22/178 2297/22/178 2237/22/178 2302/22/178
f 2302/22/178 2230/22/178 2301/22/178 2299/22/178
f 2230/22/178 2228/22/178 2304/22/178 2301/22/178
f 2226/22/178 2306/22/178 2304/22/178 2228/22/178
f 2308/22/178 2306/22/178 2226/22/178 2311/22/178
f 2311/22/178 2219/22/178 2310/22/178 2308/22/178
f 2219/22/178 2217/22/178 2313/22/178 2310/22/178
f 2215/22/178 2315/22/178 2313/22/178 2217/22/178
f 2317/22/178 2315/22/178 2215/22/178 2320/22/178
f 2320/22/178 2208/22/178 2319/22/178 2317/22/178
f 2208/22/178 2206/22/178 2322/22/178 2319/22/178
f 2204/22/178 2324/22/178 2322/22/178 2206/22/178
f 2204/22/178 2329/22/178 2326/22/178 2324/22/178
f 2326/22/178 2329/22/178 2197/22/178 2328/22/178
f 2328/22/178 2197/22/178 2195/22/178 2331/22/178
f 2195/22/178 2193/22/178 2333/22/178 2331/22/178
f 2335/22/178 2333/22/178 2193/22/178 2338/22/178
f 2186/22/178 2337/22/178 2335/22/178 2338/22/178
f 2184/22/178 2340/22/178 2337/22/178 2186/22/178
f 2182/22/178 2342/22/178 2340/22/178 2184/22/178
f 2343/22/178 2344/22/178 2345/22/178 2341/22/178
f 2341/22/178 2345/22/178 2346/22/178 2339/22/178
f 2339/22/178 2346/22/178 2347/22/178 2336/22/178
f 2347/22/178 2348/22/178 2334/22/178 2336/22/178
f 2332/22/178 2334/22/178 2348/22/178 2349/22/178
f 2350/22/178 2330/22/178 2332/22/178 2349/22/178
f 2351/22/178 2327/22/178 2330/22/178 2350/22/178
f 2325/22/178 2327/22/178 2351/22/178 2352/22/178
f 2325/22/178 2352/22/178 2353/22/178 2323/22/178
f 2321/22/178 2323/22/178 2353/22/178 2354/22/178
f 2318/22/178 2321/22/178 2354/22/178 2355/22/178
f 2355/22/178 2356/22/178 2316/22/178 2318/22/178
f 2316/22/178 2356/22/178 2357/22/178 2314/22/178
f 2312/22/178 2314/22/178 2357/22/178 2358/22/178
f 2309/22/178 2312/22/178 2358/22/178 2359/22/178
f 2359/22/178 2360/22/178 2307/22/178 2309/22/178
f 2307/22/178 2360/22/178 2361/22/178 2305/22/178
f 2303/22/178 2305/22/178 2361/22/178 2362/22/178
f 2300/22/178 2303/22/178 2362/22/178 2363/22/178
f 2363/22/178 2364/22/178 2298/22/178 2300/22/178
f 2296/22/178 2298/22/178 2364/22/178 2365/22/178
f 2366/22/178 2294/22/178 2296/22/178 2365/22/178
f 2367/22/178 2291/22/178 2294/22/178 2366/22/178
f 2289/22/178 2291/22/178 2367/22/178 2368/22/178
f 2289/22/178 2368/22/178 2369/22/178 2287/22/178
f 2285/22/178 2287/22/178 2369/22/178 2370/22/178
f 2282/22/178 2285/22/178 2370/22/178 2371/22/178
f 2371/22/178 2372/22/178 2280/22/178 2282/22/178
f 2278/22/178 2280/22/178 2372/22/178 2373/22/178
f 2373/22/178 2374/22/178 2276/22/178 2278/22/178
f 2374/22/178 2375/22/178 2274/22/178 2276/22/178
f 2376/22/178 2272/22/178 2274/22/178 2375/22/178
f 2057/22/247 2056/22/248 2254/22/248 2255/22/247
f 2167/22/249 2168/22/250 2366/22/250 2365/22/249
f 2154/22/251 2155/22/252 2353/22/252 2352/22/251
f 2058/22/253 2057/22/247 2255/22/247 2256/22/253
f 2168/22/250 2169/22/254 2367/22/254 2366/22/250
f 2001/22/255 1993/22/256 2191/22/256 2199/22/255
f 2155/22/252 2156/22/257 2354/22/257 2353/22/252
f 2059/22/258 2058/22/253 2256/22/253 2257/22/258
f 2002/22/259 2001/22/255 2199/22/255 2200/22/259
f 1982/22/260 1981/22/261 2179/22/261 2180/22/260
f 2169/22/254 2170/22/262 2368/22/262 2367/22/254
f 2003/22/263 2002/22/259 2200/22/259 2201/22/263
f 2156/22/257 2157/22/264 2355/22/264 2354/22/257
f 1981/22/265 1983/22/265 2181/22/265 2179/22/265
f 2023/22/266 2015/22/267 2213/22/267 2221/22/266
f 2170/22/262 2171/22/268 2369/22/268 2368/22/262
f 2004/22/269 2003/22/263 2201/22/263 2202/22/269
f 2157/22/264 2158/22/270 2356/22/270 2355/22/264
f 2024/22/271 2023/22/266 2221/22/266 2222/22/271
f 2025/22/272 2024/22/271 2222/22/271 2223/22/272
f 2171/22/268 2172/22/273 2370/22/273 2369/22/268
f 2158/22/270 2159/22/274 2357/22/274 2356/22/270
f 1984/22/265 2144/22/265 2342/22/265 2182/22/265
f 2045/22/275 2037/22/276 2235/22/276 2243/22/275
f 2026/22/277 2025/22/272 2223/22/272 2224/22/277
f 2172/22/273 2173/22/278 2371/22/278 2370/22/273
f 2159/22/274 2160/22/279 2358/22/279 2357/22/274
f 2145/22/265 2146/22/265 2344/22/265 2343/22/265
f 2046/22/280 2045/22/275 2243/22/275 2244/22/280
f 2146/22/281 2147/22/282 2345/22/282 2344/22/281
f 2047/22/283 2046/22/280 2244/22/280 2245/22/283
f 2173/22/278 2174/22/284 2372/22/284 2371/22/278
f 2160/22/279 2161/22/285 2359/22/285 2358/22/279
f 2147/22/282 2148/22/286 2346/22/286 2345/22/282
f 1990/22/287 1982/22/260 2180/22/260 2188/22/287
f 2067/22/288 2059/22/258 2257/22/258 2265/22/288
f 2048/22/289 2047/22/283 2245/22/283 2246/22/289
f 2174/22/284 2175/22/290 2373/22/290 2372/22/284
f 2161/22/285 2162/22/291 2360/22/291 2359/22/285
f 1991/22/292 1990/22/287 2188/22/287 2189/22/292
f 2068/22/293 2067/22/288 2265/22/288 2266/22/293
f 2148/22/286 2149/22/294 2347/22/294 2346/22/286
f 1992/22/295 1991/22/292 2189/22/292 2190/22/295
f 2069/22/296 2068/22/293 2266/22/293 2267/22/296
f 2175/22/290 2176/22/297 2374/22/297 2373/22/290
f 2162/22/291 2163/22/298 2361/22/298 2360/22/291
f 2149/22/294 2150/22/299 2348/22/299 2347/22/294
f 2012/22/300 2004/22/269 2202/22/269 2210/22/300
f 1993/22/256 1992/22/295 2190/22/295 2191/22/256
f 2070/22/197 2069/22/197 2267/22/197 2268/22/197
f 2176/22/297 2177/22/301 2375/22/301 2374/22/297
f 2013/22/302 2012/22/300 2210/22/300 2211/22/302
f 2163/22/298 2164/22/303 2362/22/303 2361/22/298
f 2150/22/299 2151/22/304 2349/22/304 2348/22/299
f 2014/22/305 2013/22/302 2211/22/302 2212/22/305
f 2177/22/301 2178/22/306 2376/22/306 2375/22/301
f 2164/22/303 2165/22/307 2363/22/307 2362/22/303
f 2151/22/304 2152/22/308 2350/22/308 2349/22/304
f 2034/22/309 2026/22/277 2224/22/277 2232/22/309
f 2015/22/267 2014/22/305 2212/22/305 2213/22/267
f 2073/22/197 2071/22/197 2269/22/197 2271/22/197
f 2035/22/310 2034/22/309 2232/22/309 2233/22/310
f 2178/22/197 2074/22/197 2272/22/197 2376/22/197
f 2165/22/307 2166/22/311 2364/22/311 2363/22/307
f 2152/22/308 2153/22/312 2351/22/312 2350/22/308
f 2036/22/313 2035/22/310 2233/22/310 2234/22/313
f 2166/22/311 2167/22/249 2365/22/249 2364/22/311
f 2153/22/312 2154/22/251 2352/22/251 2351/22/312
f 2056/22/248 2048/22/289 2246/22/289 2254/22/248
f 2037/22/276 2036/22/313 2234/22/313 2235/22/276
f 2459/22/336 2460/22/337 2738/22/338 2737/22/339
f 2472/22/340 2473/22/340 2751/22/341 2750/22/342
f 2486/22/343 2485/22/344 2763/22/345 2764/22/345
f 2429/22/346 2430/22/347 2657/22/348 2656/22/348
f 2383/22/349 2382/22/350 2579/22/351 2580/22/352
f 2458/22/353 2459/22/336 2737/22/339 2736/22/354
f 2429/22/355 2428/22/355 2655/22/355 2656/22/355
f 2382/22/350 2381/22/356 2578/22/357 2579/22/351
f 2472/22/358 2471/22/359 2749/22/360 2750/22/361
f 2484/22/362 2485/22/362 2763/22/362 2762/22/362
f 2415/22/363 2414/22/363 2635/22/363 2636/22/363
f 2423/22/364 2428/22/365 2655/22/366 2647/22/366
f 2381/22/356 2378/22/367 2570/22/368 2578/22/357
f 2457/22/369 2458/22/353 2736/22/354 2735/22/370
f 2470/22/371 2471/22/371 2749/22/372 2748/22/373
f 2484/22/321 2483/22/320 2761/22/374 2762/22/374
f 2413/22/324 2414/22/323 2635/22/375 2634/22/375
f 2456/22/376 2457/22/369 2735/22/370 2734/22/376
f 2413/22/377 2412/22/377 2633/22/377 2634/22/377
f 2455/22/378 2456/22/378 2734/22/378 2733/22/378
f 2470/22/379 2469/22/327 2747/22/380 2748/22/381
f 2482/22/382 2483/22/382 2761/22/382 2760/22/382
f 2399/22/383 2398/22/383 2613/22/383 2614/22/383
f 2407/22/384 2412/22/385 2633/22/386 2625/22/386
f 2380/22/378 2454/22/378 2732/22/378 2572/22/378
f 2468/22/387 2469/22/388 2747/22/389 2746/22/390
f 2482/22/391 2481/22/392 2759/22/393 2760/22/393
f 2397/22/394 2398/22/331 2613/22/395 2612/22/395
f 2454/22/378 2455/22/378 2733/22/378 2732/22/378
f 2397/22/396 2396/22/396 2611/22/396 2612/22/396
f 2467/22/397 2468/22/387 2746/22/390 2745/22/398
f 2388/22/399 2387/22/400 2591/22/401 2592/22/402
f 2480/22/403 2481/22/403 2759/22/403 2758/22/403
f 2392/22/404 2396/22/405 2611/22/406 2603/22/406
f 2379/22/407 2380/22/378 2572/22/378 2571/22/407
f 2377/22/407 2379/22/407 2571/22/407 2569/22/407
f 2466/22/408 2467/22/397 2745/22/398 2744/22/409
f 2387/22/400 2386/22/410 2590/22/411 2591/22/401
f 2480/22/412 2479/22/413 2757/22/414 2758/22/415
f 2378/22/367 2377/22/416 2569/22/416 2570/22/368
f 2386/22/410 2385/22/417 2589/22/418 2590/22/411
f 2423/22/419 2422/22/419 2646/22/419 2647/22/419
f 2465/22/420 2466/22/408 2744/22/409 2743/22/421
f 2385/22/417 2384/22/422 2581/22/423 2589/22/418
f 2478/22/424 2479/22/424 2757/22/425 2756/22/426
f 2421/22/428 2422/22/429 2646/22/430 2645/22/430
f 2464/22/432 2465/22/420 2743/22/421 2742/22/433
f 2478/22/435 2477/22/436 2755/22/437 2756/22/438
f 2421/22/440 2420/22/440 2644/22/440 2645/22/440
f 2407/22/444 2406/22/444 2624/22/444 2625/22/444
f 2415/22/448 2420/22/449 2644/22/450 2636/22/450
f 2463/22/452 2464/22/432 2742/22/433 2741/22/453
f 2476/22/455 2477/22/455 2755/22/456 2754/22/457
f 2405/22/459 2406/22/460 2624/22/461 2623/22/461
f 2462/22/508 2463/22/452 2741/22/453 2740/22/509
f 2434/22/510 2433/22/510 2661/22/510 2662/22/510
f 2476/22/491 2475/22/490 2753/22/511 2754/22/512
f 2434/22/476 2488/22/476 2766/22/513 2662/22/513
f 2405/22/514 2404/22/514 2622/22/514 2623/22/514
f 2433/22/510 2432/22/510 2659/22/510 2661/22/510
f 2392/22/515 2391/22/516 2602/22/517 2603/22/515
f 2399/22/489 2404/22/484 2622/22/518 2614/22/518
f 2461/22/519 2462/22/508 2740/22/509 2739/22/520
f 2474/22/521 2475/22/521 2753/22/522 2752/22/523
f 2488/22/486 2487/22/485 2765/22/524 2766/22/524
f 2391/22/516 2390/22/525 2601/22/526 2602/22/517
f 2460/22/337 2461/22/519 2739/22/520 2738/22/338
f 2432/22/510 2431/22/510 2658/22/510 2659/22/510
f 2474/22/480 2473/22/479 2751/22/527 2752/22/528
f 2390/22/525 2389/22/529 2600/22/530 2601/22/526
f 2486/22/531 2487/22/531 2765/22/531 2764/22/531
f 2430/22/476 2431/22/476 2658/22/513 2657/22/513
f 2384/22/422 2383/22/349 2580/22/352 2581/22/423
f 2389/22/529 2388/22/399 2592/22/402 2600/22/530
f 2569/22/177 2571/22/177 2573/22/532 2570/22/533
f 2570/22/533 2573/22/532 2575/22/535 2578/22/535
f 2578/22/535 2575/22/535 2577/22/537 2579/22/538
f 2577/22/537 2582/22/539 2580/22/540 2579/22/538
f 2581/22/541 2580/22/540 2582/22/539 2584/22/542
f 2586/22/545 2589/22/547 2581/22/541 2584/22/542
f 2588/22/548 2590/22/550 2589/22/547 2586/22/545
f 2591/22/551 2590/22/550 2588/22/548 2593/22/552
f 2591/22/551 2593/22/552 2595/22/553 2592/22/554
f 2600/22/559 2592/22/554 2595/22/553 2597/22/558
f 2601/22/562 2600/22/559 2597/22/558 2599/22/561
f 2599/22/561 2604/22/563 2602/22/564 2601/22/562
f 2602/22/564 2604/22/563 2606/22/565 2603/22/566
f 2612/22/573 2611/22/573 2608/22/570 2610/22/572
f 2613/22/574 2615/22/575 2617/22/576 2614/22/574
f 2623/22/583 2622/22/583 2619/22/580 2621/22/582
f 2625/22/584 2624/22/584 2626/22/585 2628/22/586
f 2632/22/591 2634/22/593 2633/22/593 2630/22/589
f 2635/22/594 2637/22/595 2639/22/596 2636/22/594
f 2645/22/603 2644/22/603 2641/22/600 2643/22/602
f 2647/22/604 2646/22/604 2648/22/605 2650/22/606
f 2652/22/609 2653/22/611 2656/22/613 2655/22/613
f 2661/22/616 2659/22/615 2660/22/612 2663/22/617
f 2665/22/620 2663/22/617 2660/22/612 2654/22/610
f 2667/22/622 2665/22/620 2654/22/610 2651/22/608
f 2651/22/608 2649/22/607 2669/22/625 2667/22/622
f 2671/22/626 2669/22/625 2649/22/607 2674/22/601
f 2674/22/601 2642/22/599 2673/22/629 2671/22/626
f 2642/22/599 2640/22/598 2676/22/631 2673/22/629
f 2638/22/597 2678/22/633 2676/22/631 2640/22/598
f 2638/22/597 2683/22/592 2680/22/635 2678/22/633
f 2680/22/635 2683/22/592 2631/22/590 2682/22/636
f 2682/22/636 2631/22/590 2629/22/588 2685/22/638
f 2629/22/588 2627/22/587 2687/22/641 2685/22/638
f 2689/22/642 2687/22/641 2627/22/587 2692/22/581
f 2692/22/581 2620/22/579 2691/22/645 2689/22/642
f 2620/22/579 2618/22/578 2694/22/647 2691/22/645
f 2616/22/577 2696/22/649 2694/22/647 2618/22/578
f 2698/22/650 2696/22/649 2616/22/577 2701/22/571
f 2701/22/571 2609/22/569 2700/22/653 2698/22/650
f 2609/22/569 2607/22/568 2703/22/655 2700/22/653
f 2605/22/567 2705/22/657 2703/22/655 2607/22/568
f 2707/22/658 2705/22/657 2605/22/567 2710/22/560
f 2710/22/560 2598/22/557 2709/22/661 2707/22/658
f 2598/22/557 2596/22/556 2712/22/663 2709/22/661
f 2594/22/555 2714/22/665 2712/22/663 2596/22/556
f 2594/22/555 2719/22/549 2716/22/667 2714/22/665
f 2716/22/667 2719/22/549 2587/22/546 2718/22/668
f 2718/22/668 2587/22/546 2585/22/544 2721/22/670
f 2585/22/544 2583/22/543 2723/22/673 2721/22/670
f 2725/22/674 2723/22/673 2583/22/543 2728/22/536
f 2576/22/534 2727/22/677 2725/22/674 2728/22/536
f 2574/22/532 2730/22/679 2727/22/677 2576/22/534
f 2572/22/177 2732/22/680 2730/22/679 2574/22/532
f 2733/22/680 2734/22/680 2735/22/681 2731/22/678
f 2731/22/678 2735/22/681 2736/22/682 2729/22/676
f 2729/22/676 2736/22/682 2737/22/683 2726/22/675
f 2737/22/683 2738/22/684 2724/22/672 2726/22/675
f 2722/22/671 2724/22/672 2738/22/684 2739/22/685
f 2740/22/686 2720/22/669 2722/22/671 2739/22/685
f 2741/22/687 2717/22/666 2720/22/669 2740/22/686
f 2715/22/664 2717/22/666 2741/22/687 2742/22/688
f 2715/22/664 2742/22/688 2743/22/689 2713/22/662
f 2711/22/660 2713/22/662 2743/22/689 2744/22/690
f 2708/22/659 2711/22/660 2744/22/690 2745/22/398
f 2745/22/398 2746/22/390 2706/22/656 2708/22/659
f 2706/22/656 2746/22/390 2747/22/389 2704/22/654
f 2699/22/651 2702/22/652 2748/22/373 2749/22/372
f 2697/22/648 2750/22/342 2751/22/341 2695/22/646
f 2690/22/643 2693/22/644 2752/22/523 2753/22/522
f 2686/22/639 2688/22/640 2754/22/457 2755/22/456
f 2757/22/425 2681/22/634 2684/22/637 2756/22/426
f 2679/22/632 2758/22/691 2759/22/691 2677/22/630
f 2672/22/627 2675/22/628 2760/22/692 2761/22/692
f 2668/22/623 2670/22/624 2762/22/693 2763/22/693
f 2764/22/694 2765/22/694 2664/22/618 2666/22/621
f 2749/22/360 2699/22/695 2697/22/695 2750/22/361
f 2704/22/696 2702/22/696 2748/22/381 2747/22/380
f 2603/22/697 2611/22/697 2608/22/697 2606/22/697
f 2613/22/698 2615/22/698 2610/22/698 2612/22/698
f 2622/22/699 2619/22/699 2617/22/699 2614/22/699
f 2693/22/700 2752/22/528 2751/22/527 2695/22/700
f 2626/22/701 2621/22/701 2623/22/701 2624/22/701
f 2754/22/512 2753/22/511 2690/22/702 2688/22/702
f 2756/22/438 2755/22/437 2686/22/703 2684/22/703
f 2630/22/704 2628/22/704 2625/22/704 2633/22/704
f 2637/22/705 2632/22/705 2634/22/705 2635/22/705
f 2758/22/415 2757/22/414 2681/22/706 2679/22/706
f 2641/22/707 2639/22/707 2636/22/707 2644/22/707
f 2760/22/708 2759/22/708 2677/22/708 2675/22/708
f 2762/22/709 2761/22/709 2672/22/709 2670/22/709
f 2648/22/710 2643/22/710 2645/22/710 2646/22/710
f 2652/22/711 2650/22/711 2647/22/711 2655/22/711
f 2656/22/712 2657/22/712 2658/22/712 2653/22/712
f 2664/22/713 2662/22/713 2766/22/713 2765/22/713
f 2764/22/714 2763/22/714 2668/22/714 2666/22/714
f 2877/22/178 2878/22/178 3028/22/178 3027/22/178
f 2781/22/178 2780/22/178 2968/22/178 2969/22/178
f 2850/22/178 2851/22/178 3001/22/178 3000/22/178
f 2823/22/178 2822/22/178 2990/22/178 2991/22/178
f 2863/22/178 2864/22/178 3014/22/178 3013/22/178
f 2780/22/178 2779/22/178 2967/22/178 2968/22/178
f 2822/22/178 2821/22/178 2989/22/178 2990/22/178
f 2774/22/178 2773/22/178 2961/22/178 2962/22/178
f 2779/22/178 2778/22/178 2966/22/178 2967/22/178
f 2849/22/178 2850/22/178 3000/22/178 2999/22/178
f 2875/22/178 2876/22/178 3026/22/178 3025/22/178
f 2821/22/178 2820/22/178 2988/22/178 2989/22/178
f 2773/22/178 2772/22/178 2960/22/178 2961/22/178
f 2848/22/178 2849/22/178 2999/22/178 2998/22/178
f 2772/22/178 2771/22/178 2959/22/178 2960/22/178
f 2861/22/178 2862/22/178 3012/22/178 3011/22/178
f 2819/22/178 2814/22/178 2986/22/178 2987/22/178
f 2771/22/178 2768/22/178 2956/22/178 2959/22/178
f 2847/22/178 2848/22/178 2998/22/178 2997/22/178
f 2873/22/178 2874/22/178 3024/22/178 3023/22/178
f 2805/22/178 2804/22/178 2980/22/178 2981/22/178
f 2846/22/178 2847/22/178 2997/22/178 2996/22/178
f 2845/22/178 2846/22/178 2996/22/178 2995/22/178
f 2859/22/178 2860/22/178 3010/22/178 3009/22/178
f 2803/22/178 2798/22/178 2978/22/178 2979/22/178
f 2770/22/178 2844/22/178 2994/22/178 2958/22/178
f 2858/22/178 2859/22/178 3009/22/178 3008/22/178
f 2871/22/178 2872/22/178 3022/22/178 3021/22/178
f 2789/22/178 2788/22/178 2972/22/178 2973/22/178
f 2844/22/178 2845/22/178 2995/22/178 2994/22/178
f 2857/22/178 2858/22/178 3008/22/178 3007/22/178
f 2778/22/178 2777/22/178 2965/22/178 2966/22/178
f 2787/22/178 2782/22/178 2970/22/178 2971/22/178
f 2769/22/178 2770/22/178 2958/22/178 2957/22/178
f 2767/22/178 2769/22/178 2957/22/178 2955/22/178
f 2856/22/178 2857/22/178 3007/22/178 3006/22/178
f 2777/22/178 2776/22/178 2964/22/178 2965/22/178
f 2869/22/178 2870/22/178 3020/22/178 3019/22/178
f 2768/22/178 2767/22/178 2955/22/178 2956/22/178
f 2776/22/178 2775/22/178 2963/22/178 2964/22/178
f 2855/22/178 2856/22/178 3006/22/178 3005/22/178
f 2775/22/178 2774/22/178 2962/22/178 2963/22/178
f 2813/22/178 2812/22/178 2984/22/178 2985/22/178
f 2854/22/178 2855/22/178 3005/22/178 3004/22/178
f 2867/22/178 2868/22/178 3018/22/178 3017/22/178
f 2811/22/178 2806/22/178 2982/22/178 2983/22/178
f 2853/22/178 2854/22/178 3004/22/178 3003/22/178
f 2797/22/178 2796/22/178 2976/22/178 2977/22/178
f 2852/22/178 2853/22/178 3003/22/178 3002/22/178
f 2825/22/178 2824/22/178 2992/22/178 2993/22/178
f 2865/22/178 2866/22/178 3016/22/178 3015/22/178
f 2878/22/178 2825/22/178 2993/22/178 3028/22/178
f 2824/22/178 2823/22/178 2991/22/178 2992/22/178
f 2795/22/178 2790/22/178 2974/22/178 2975/22/178
f 2851/22/178 2852/22/178 3002/22/178 3001/22/178
f 2977/22/763 2976/22/763 3083/22/763 3084/22/763
f 2993/22/764 2992/22/764 3121/22/764 3122/22/764
f 3002/22/765 3003/22/766 3201/22/767 3200/22/768
f 3015/22/769 3016/22/769 3214/22/769 3213/22/769
f 3028/22/764 2993/22/764 3122/22/764 3226/22/764
f 2975/22/770 2976/22/770 3083/22/770 3082/22/770
f 2992/22/764 2991/22/764 3119/22/764 3121/22/764
f 2969/22/771 2970/22/771 3063/22/771 3062/22/771
f 2975/22/772 2974/22/772 3074/22/772 3082/22/772
f 3001/22/773 3002/22/765 3200/22/768 3199/22/774
f 3015/22/775 3014/22/775 3212/22/775 3213/22/775
f 3027/22/776 3028/22/776 3226/22/776 3225/22/776
f 2969/22/777 2968/22/778 3061/22/779 3062/22/777
f 3000/22/780 3001/22/773 3199/22/774 3198/22/781
f 2991/22/764 2990/22/764 3118/22/764 3119/22/764
f 3013/22/782 3014/22/782 3212/22/782 3211/22/782
f 2968/22/778 2967/22/783 3060/22/784 3061/22/779
f 3027/22/785 3026/22/785 3224/22/785 3225/22/785
f 2990/22/764 2989/22/764 3117/22/764 3118/22/764
f 2962/22/786 2961/22/787 3040/22/788 3041/22/789
f 2967/22/783 2966/22/790 3052/22/791 3060/22/784
f 2999/22/792 3000/22/780 3198/22/781 3197/22/793
f 3013/22/794 3012/22/794 3210/22/794 3211/22/794
f 3025/22/795 3026/22/795 3224/22/795 3223/22/795
f 2989/22/796 2988/22/796 3116/22/796 3117/22/796
f 2961/22/787 2960/22/797 3039/22/797 3040/22/788
f 2998/22/798 2999/22/792 3197/22/793 3196/22/799
f 2987/22/800 2988/22/800 3116/22/800 3115/22/800
f 2960/22/797 2959/22/801 3038/22/802 3039/22/797
f 3011/22/803 3012/22/803 3210/22/803 3209/22/803
f 3025/22/804 3024/22/804 3222/22/804 3223/22/804
f 2981/22/805 2982/22/805 3096/22/805 3095/22/805
f 2987/22/806 2986/22/806 3107/22/806 3115/22/806
f 2959/22/801 2956/22/807 3030/22/808 3038/22/802
f 2997/22/809 2998/22/798 3196/22/799 3195/22/810
f 3011/22/811 3010/22/811 3208/22/811 3209/22/811
f 3023/22/812 3024/22/812 3222/22/812 3221/22/812
f 2981/22/813 2980/22/813 3094/22/813 3095/22/813
f 2996/22/814 2997/22/809 3195/22/810 3194/22/814
f 2979/22/815 2980/22/815 3094/22/815 3093/22/815
f 2995/22/816 2996/22/816 3194/22/816 3193/22/816
f 3009/22/817 3010/22/818 3208/22/818 3207/22/819
f 3023/22/820 3022/22/820 3220/22/820 3221/22/820
f 2973/22/821 2974/22/821 3074/22/821 3073/22/821
f 2979/22/822 2978/22/822 3085/22/822 3093/22/822
f 2958/22/816 2994/22/816 3192/22/816 3032/22/816
f 3008/22/823 3009/22/817 3207/22/819 3206/22/824
f 3021/22/825 3022/22/825 3220/22/825 3219/22/825
f 2973/22/826 2972/22/826 3072/22/826 3073/22/826
f 2994/22/816 2995/22/816 3193/22/816 3192/22/816
f 2971/22/827 2972/22/827 3072/22/827 3071/22/827
f 3007/22/828 3008/22/823 3206/22/824 3205/22/829
f 2966/22/790 2965/22/830 3051/22/831 3052/22/791
f 3021/22/832 3020/22/832 3218/22/832 3219/22/832
f 2971/22/833 2970/22/833 3063/22/833 3071/22/833
f 2957/22/816 2958/22/816 3032/22/816 3031/22/816
f 2955/22/816 2957/22/816 3031/22/816 3029/22/816
f 3006/22/834 3007/22/828 3205/22/829 3204/22/835
f 2965/22/830 2964/22/836 3050/22/837 3051/22/831
f 3019/22/838 3020/22/838 3218/22/838 3217/22/838
f 2956/22/807 2955/22/839 3029/22/839 3030/22/808
f 2964/22/836 2963/22/840 3049/22/841 3050/22/837
f 2985/22/842 2986/22/842 3107/22/842 3106/22/842
f 3005/22/843 3006/22/834 3204/22/835 3203/22/844
f 2963/22/840 2962/22/786 3041/22/789 3049/22/841
f 3019/22/845 3018/22/845 3216/22/845 3217/22/845
f 2985/22/846 2984/22/846 3105/22/846 3106/22/846
f 3004/22/847 3005/22/843 3203/22/844 3202/22/848
f 3017/22/849 3018/22/849 3216/22/849 3215/22/849
f 2983/22/850 2984/22/850 3105/22/850 3104/22/850
f 2977/22/851 2978/22/851 3085/22/851 3084/22/851
f 2983/22/852 2982/22/852 3096/22/852 3104/22/852
f 3003/22/766 3004/22/847 3202/22/848 3201/22/767
f 3017/22/853 3016/22/853 3214/22/853 3215/22/853
f 3029/22/854 3031/22/854 3033/22/855 3030/22/856
f 3030/22/856 3033/22/855 3035/22/859 3038/22/860
f 3038/22/860 3035/22/859 3037/22/862 3039/22/863
f 3037/22/862 3042/22/864 3040/22/865 3039/22/863
f 3041/22/866 3040/22/865 3042/22/864 3044/22/867
f 3046/22/870 3049/22/872 3041/22/866 3044/22/867
f 3048/22/873 3050/22/875 3049/22/872 3046/22/870
f 3051/22/876 3050/22/875 3048/22/873 3053/22/877
f 3051/22/876 3053/22/877 3055/22/878 3052/22/879
f 3060/22/884 3052/22/879 3055/22/878 3057/22/883
f 3061/22/887 3060/22/884 3057/22/883 3059/22/886
f 3059/22/886 3064/22/888 3062/22/889 3061/22/887
f 3071/22/895 3063/22/895 3066/22/892 3068/22/894
f 3070/22/897 3075/22/898 3073/22/899 3072/22/899
f 3082/22/905 3074/22/905 3077/22/902 3079/22/904
f 3081/22/907 3086/22/908 3084/22/909 3083/22/909
f 3090/22/913 3093/22/915 3085/22/915 3088/22/912
f 3095/22/918 3094/22/918 3092/22/916 3097/22/919
f 3104/22/925 3096/22/925 3099/22/922 3101/22/924
f 3103/22/927 3108/22/928 3106/22/929 3105/22/929
f 3110/22/932 3112/22/933 3115/22/935 3107/22/935
f 3118/22/938 3117/22/939 3116/22/939 3113/22/936
f 3121/22/941 3119/22/940 3120/22/937 3123/22/942
f 3125/22/945 3123/22/942 3120/22/937 3114/22/934
f 3127/22/947 3125/22/945 3114/22/934 3111/22/931
f 3111/22/931 3109/22/930 3129/22/950 3127/22/947
f 3131/22/951 3129/22/950 3109/22/930 3134/22/926
f 3134/22/926 3102/22/923 3133/22/954 3131/22/951
f 3102/22/923 3100/22/921 3136/22/956 3133/22/954
f 3098/22/920 3138/22/958 3136/22/956 3100/22/921
f 3098/22/920 3143/22/917 3140/22/960 3138/22/958
f 3140/22/960 3143/22/917 3091/22/914 3142/22/961
f 3142/22/961 3091/22/914 3089/22/911 3145/22/963
f 3089/22/911 3087/22/910 3147/22/966 3145/22/963
f 3149/22/967 3147/22/966 3087/22/910 3152/22/906
f 3152/22/906 3080/22/903 3151/22/970 3149/22/967
f 3080/22/903 3078/22/901 3154/22/972 3151/22/970
f 3076/22/900 3156/22/974 3154/22/972 3078/22/901
f 3158/22/975 3156/22/974 3076/22/900 3161/22/896
f 3161/22/896 3069/22/893 3160/22/978 3158/22/975
f 3069/22/893 3067/22/891 3163/22/980 3160/22/978
f 3065/22/890 3165/22/982 3163/22/980 3067/22/891
f 3167/22/983 3165/22/982 3065/22/890 3170/22/885
f 3170/22/885 3058/22/882 3169/22/986 3167/22/983
f 3058/22/882 3056/22/881 3172/22/988 3169/22/986
f 3054/22/880 3174/22/990 3172/22/988 3056/22/881
f 3054/22/880 3179/22/874 3176/22/992 3174/22/990
f 3176/22/992 3179/22/874 3047/22/871 3178/22/993
f 3178/22/993 3047/22/871 3045/22/869 3181/22/995
f 3045/22/869 3043/22/868 3183/22/998 3181/22/995
f 3185/22/999 3183/22/998 3043/22/868 3188/22/861
f 3036/22/858 3187/22/1002 3185/22/999 3188/22/861
f 3034/22/857 3190/22/1004 3187/22/1002 3036/22/858
f 3032/22/178 3192/22/1006 3190/22/1004 3034/22/857
f 3193/22/1005 3194/22/1005 3195/22/1007 3191/22/1003
f 3191/22/1003 3195/22/1007 3196/22/1008 3189/22/1001
f 3189/22/1001 3196/22/1008 3197/22/1009 3186/22/1000
f 3197/22/1009 3198/22/1010 3184/22/997 3186/22/1000
f 3182/22/996 3184/22/997 3198/22/1010 3199/22/1011
f 3200/22/1012 3180/22/994 3182/22/996 3199/22/1011
f 3201/22/1013 3177/22/991 3180/22/994 3200/22/1012
f 3175/22/989 3177/22/991 3201/22/1013 3202/22/1014
f 3175/22/989 3202/22/1014 3203/22/1015 3173/22/987
f 3171/22/985 3173/22/987 3203/22/1015 3204/22/1016
f 3168/22/984 3171/22/985 3204/22/1016 3205/22/1017
f 3205/22/1017 3206/22/1018 3166/22/981 3168/22/984
f 3166/22/981 3206/22/1018 3207/22/1019 3164/22/979
f 3162/22/977 3164/22/979 3207/22/1019 3208/22/1020
f 3209/22/1021 3210/22/1021 3157/22/973 3159/22/976
f 3153/22/969 3155/22/971 3211/22/1022 3212/22/1022
f 3213/22/1023 3214/22/1023 3148/22/965 3150/22/968
f 3216/22/1024 3144/22/962 3146/22/964 3215/22/1024
f 3139/22/957 3141/22/959 3217/22/1025 3218/22/1025
f 3135/22/953 3137/22/955 3219/22/1026 3220/22/1026
f 3221/22/1027 3222/22/1027 3130/22/949 3132/22/952
f 3223/22/1028 3224/22/1028 3126/22/946 3128/22/948
f 3226/22/1029 3122/22/944 3124/22/943 3225/22/1029
f 3225/22/1030 3224/22/1030 3126/22/1030 3124/22/1030
f 3223/22/1031 3222/22/1031 3130/22/1031 3128/22/1031
f 3221/22/1032 3220/22/1032 3135/22/1032 3132/22/1032
f 3219/22/1033 3218/22/1033 3139/22/1033 3137/22/1033
f 3217/22/1034 3216/22/1034 3144/22/1034 3141/22/1034
f 3215/22/1035 3214/22/1035 3148/22/1035 3146/22/1035
f 3213/22/1036 3212/22/1036 3153/22/1036 3150/22/1036
f 3155/22/1037 3211/22/1037 3210/22/1037 3157/22/1037
f 3162/22/1038 3159/22/1038 3209/22/1038 3208/22/1038
f 3062/22/1039 3063/22/1039 3066/22/1039 3064/22/1039
f 3071/22/1040 3072/22/1040 3070/22/1040 3068/22/1040
f 3074/22/1041 3077/22/1041 3075/22/1041 3073/22/1041
f 3081/22/1042 3079/22/1042 3082/22/1042 3083/22/1042
f 3088/22/1043 3086/22/1043 3084/22/1043 3085/22/1043
f 3092/22/1044 3090/22/1044 3093/22/1044 3094/22/1044
f 3099/22/1045 3097/22/1045 3095/22/1045 3096/22/1045
f 3103/22/1046 3101/22/1046 3104/22/1046 3105/22/1046
f 3110/22/1047 3108/22/1047 3106/22/1047 3107/22/1047
f 3113/22/1048 3112/22/1048 3115/22/1048 3116/22/1048
f 3309/22/1065 3310/22/1066 3588/22/1067 3587/22/1068
f 3322/22/1069 3323/22/1069 3601/22/1069 3600/22/1069
f 3336/22/1070 3335/22/1071 3613/22/1072 3614/22/1072
f 3279/22/1073 3280/22/1074 3507/22/1075 3506/22/1075
f 3233/22/1076 3232/22/1077 3429/22/1078 3430/22/1079
f 3308/22/1080 3309/22/1065 3587/22/1068 3586/22/1081
f 3279/22/1082 3278/22/1082 3505/22/1082 3506/22/1082
f 3232/22/1077 3231/22/1083 3428/22/1084 3429/22/1078
f 3322/22/1085 3321/22/1086 3599/22/1087 3600/22/1087
f 3334/22/1088 3335/22/1088 3613/22/1088 3612/22/1088
f 3265/22/1089 3264/22/1089 3485/22/1089 3486/22/1089
f 3273/22/1090 3278/22/1091 3505/22/1092 3497/22/1092
f 3231/22/1083 3228/22/1093 3420/22/1094 3428/22/1084
f 3307/22/1095 3308/22/1080 3586/22/1081 3585/22/1096
f 3320/22/1097 3321/22/1097 3599/22/1097 3598/22/1097
f 3334/22/1053 3333/22/1052 3611/22/1098 3612/22/1098
f 3263/22/1056 3264/22/1055 3485/22/1099 3484/22/1099
f 3306/22/1100 3307/22/1095 3585/22/1096 3584/22/1100
f 3263/22/1101 3262/22/1101 3483/22/1101 3484/22/1101
f 3305/22/1102 3306/22/1102 3584/22/1102 3583/22/1102
f 3320/22/1103 3319/22/1104 3597/22/1105 3598/22/1105
f 3332/22/1106 3333/22/1106 3611/22/1106 3610/22/1106
f 3249/22/1107 3248/22/1107 3463/22/1107 3464/22/1107
f 3257/22/1108 3262/22/1109 3483/22/1110 3475/22/1110
f 3230/22/1102 3304/22/1102 3582/22/1102 3422/22/1102
f 3318/22/1111 3319/22/1112 3597/22/1112 3596/22/1113
f 3332/22/1114 3331/22/1115 3609/22/1116 3610/22/1116
f 3247/22/1117 3248/22/1118 3463/22/1119 3462/22/1119
f 3304/22/1102 3305/22/1102 3583/22/1102 3582/22/1102
f 3247/22/1120 3246/22/1120 3461/22/1120 3462/22/1120
f 3317/22/1121 3318/22/1111 3596/22/1113 3595/22/1122
f 3238/22/1123 3237/22/1124 3441/22/1125 3442/22/1126
f 3330/22/1127 3331/22/1127 3609/22/1127 3608/22/1127
f 3242/22/1128 3246/22/1129 3461/22/1130 3453/22/1130
f 3229/22/1102 3230/22/1102 3422/22/1102 3421/22/1102
f 3227/22/1102 3229/22/1102 3421/22/1102 3419/22/1102
f 3316/22/1131 3317/22/1121 3595/22/1122 3594/22/1132
f 3237/22/1124 3236/22/1133 3440/22/1134 3441/22/1125
f 3330/22/1135 3329/22/1136 3607/22/1137 3608/22/1137
f 3228/22/1093 3227/22/1138 3419/22/1138 3420/22/1094
f 3236/22/1133 3235/22/1139 3439/22/1140 3440/22/1134
f 3273/22/1141 3272/22/1141 3496/22/1141 3497/22/1141
f 3315/22/1142 3316/22/1131 3594/22/1132 3593/22/1143
f 3235/22/1139 3234/22/1144 3431/22/1145 3439/22/1140
f 3328/22/1146 3329/22/1146 3607/22/1146 3606/22/1146
f 3271/22/1149 3272/22/1150 3496/22/1151 3495/22/1151
f 3314/22/1153 3315/22/1142 3593/22/1143 3592/22/1154
f 3328/22/1155 3327/22/1156 3605/22/1157 3606/22/1157
f 3271/22/1158 3270/22/1158 3494/22/1158 3495/22/1158
f 3257/22/1159 3256/22/1159 3474/22/1159 3475/22/1159
f 3265/22/1161 3270/22/1162 3494/22/1163 3486/22/1163
f 3313/22/1164 3314/22/1153 3592/22/1154 3591/22/1165
f 3326/22/1167 3327/22/1167 3605/22/1167 3604/22/1167
f 3255/22/1169 3256/22/1170 3474/22/1171 3473/22/1171
f 3312/22/1207 3313/22/1164 3591/22/1165 3590/22/1208
f 3284/22/1209 3283/22/1209 3511/22/1209 3512/22/1209
f 3326/22/1195 3325/22/1194 3603/22/1210 3604/22/1210
f 3284/22/1193 3338/22/1182 3616/22/1211 3512/22/1211
f 3255/22/1212 3254/22/1212 3472/22/1212 3473/22/1212
f 3283/22/1209 3282/22/1209 3509/22/1209 3511/22/1209
f 3242/22/1213 3241/22/1214 3452/22/1215 3453/22/1213
f 3249/22/1181 3254/22/1192 3472/22/1216 3464/22/1216
f 3311/22/1217 3312/22/1207 3590/22/1208 3589/22/1218
f 3324/22/1219 3325/22/1219 3603/22/1219 3602/22/1219
f 3338/22/1189 3337/22/1188 3615/22/1220 3616/22/1220
f 3241/22/1214 3240/22/1221 3451/22/1222 3452/22/1215
f 3310/22/1066 3311/22/1217 3589/22/1218 3588/22/1067
f 3282/22/1209 3281/22/1209 3508/22/1209 3509/22/1209
f 3324/22/1185 3323/22/1184 3601/22/1223 3602/22/1223
f 3240/22/1221 3239/22/1224 3450/22/1225 3451/22/1222
f 3336/22/1226 3337/22/1226 3615/22/1226 3614/22/1226
f 3280/22/1182 3281/22/1182 3508/22/1211 3507/22/1211
f 3234/22/1144 3233/22/1076 3430/22/1079 3431/22/1145
f 3239/22/1224 3238/22/1123 3442/22/1126 3450/22/1225
f 3419/22/178 3421/22/178 3423/22/1227 3420/22/1228
f 3420/22/1228 3423/22/1227 3425/22/1231 3428/22/1232
f 3428/22/1232 3425/22/1231 3427/22/1234 3429/22/1235
f 3427/22/1234 3432/22/1236 3430/22/1237 3429/22/1235
f 3431/22/1238 3430/22/1237 3432/22/1236 3434/22/1239
f 3436/22/1242 3439/22/1244 3431/22/1238 3434/22/1239
f 3438/22/1245 3440/22/1247 3439/22/1244 3436/22/1242
f 3441/22/1248 3440/22/1247 3438/22/1245 3443/22/1249
f 3441/22/1248 3443/22/1249 3445/22/1250 3442/22/1251
f 3450/22/1256 3442/22/1251 3445/22/1250 3447/22/1255
f 3451/22/1259 3450/22/1256 3447/22/1255 3449/22/1258
f 3449/22/1258 3454/22/1260 3452/22/1261 3451/22/1259
f 3452/22/1261 3454/22/1260 3456/22/1262 3453/22/1263
f 3462/22/1270 3461/22/1270 3458/22/1267 3460/22/1269
f 3463/22/1271 3465/22/1272 3467/22/1273 3464/22/1271
f 3473/22/1280 3472/22/1280 3469/22/1277 3471/22/1279
f 3475/22/1281 3474/22/1281 3476/22/1282 3478/22/1283
f 3482/22/1288 3484/22/1290 3483/22/1290 3480/22/1286
f 3485/22/1291 3487/22/1292 3489/22/1293 3486/22/1291
f 3495/22/1300 3494/22/1300 3491/22/1297 3493/22/1299
f 3497/22/1301 3496/22/1301 3498/22/1302 3500/22/1303
f 3502/22/1306 3503/22/1308 3506/22/1310 3505/22/1310
f 3511/22/1314 3509/22/1313 3510/22/1312 3513/22/1315
f 3515/22/1318 3513/22/1317 3510/22/1309 3504/22/1307
f 3517/22/1321 3515/22/1318 3504/22/1307 3501/22/1305
f 3501/22/1305 3499/22/1304 3519/22/1324 3517/22/1321
f 3521/22/1325 3519/22/1324 3499/22/1304 3524/22/1298
f 3524/22/1298 3492/22/1296 3523/22/1328 3521/22/1325
f 3492/22/1296 3490/22/1295 3526/22/1330 3523/22/1328
f 3488/22/1294 3528/22/1332 3526/22/1330 3490/22/1295
f 3488/22/1294 3533/22/1289 3530/22/1334 3528/22/1332
f 3530/22/1334 3533/22/1289 3481/22/1287 3532/22/1335
f 3532/22/1335 3481/22/1287 3479/22/1285 3535/22/1337
f 3479/22/1285 3477/22/1284 3537/22/1340 3535/22/1337
f 3539/22/1341 3537/22/1340 3477/22/1284 3542/22/1278
f 3542/22/1278 3470/22/1276 3541/22/1344 3539/22/1341
f 3470/22/1276 3468/22/1275 3544/22/1346 3541/22/1344
f 3466/22/1274 3546/22/1348 3544/22/1346 3468/22/1275
f 3548/22/1349 3546/22/1348 3466/22/1274 3551/22/1268
f 3551/22/1268 3459/22/1266 3550/22/1352 3548/22/1349
f 3459/22/1266 3457/22/1265 3553/22/1354 3550/22/1352
f 3455/22/1264 3555/22/1356 3553/22/1354 3457/22/1265
f 3557/22/1357 3555/22/1356 3455/22/1264 3560/22/1257
f 3560/22/1257 3448/22/1254 3559/22/1360 3557/22/1357
f 3448/22/1254 3446/22/1253 3562/22/1362 3559/22/1360
f 3444/22/1252 3564/22/1364 3562/22/1362 3446/22/1253
f 3444/22/1252 3569/22/1246 3566/22/1366 3564/22/1364
f 3566/22/1366 3569/22/1246 3437/22/1243 3568/22/1367
f 3568/22/1367 3437/22/1243 3435/22/1241 3571/22/1369
f 3435/22/1241 3433/22/1240 3573/22/1372 3571/22/1369
f 3575/22/1373 3573/22/1372 3433/22/1240 3578/22/1233
f 3426/22/1230 3577/22/1376 3575/22/1373 3578/22/1233
f 3424/22/1229 3580/22/1378 3577/22/1376 3426/22/1230
f 3422/22/178 3582/22/854 3580/22/1378 3424/22/1229
f 3583/22/854 3584/22/854 3585/22/1377 3581/22/1377
f 3581/22/1377 3585/22/1377 3586/22/1379 3579/22/1375
f 3579/22/1375 3586/22/1379 3587/22/1380 3576/22/1374
f 3587/22/1380 3588/22/1381 3574/22/1371 3576/22/1374
f 3572/22/1370 3574/22/1371 3588/22/1381 3589/22/1382
f 3590/22/1383 3570/22/1368 3572/22/1370 3589/22/1382
f 3591/22/1384 3567/22/1365 3570/22/1368 3590/22/1383
f 3565/22/1363 3567/22/1365 3591/22/1384 3592/22/1385
f 3565/22/1363 3592/22/1385 3593/22/1386 3563/22/1361
f 3561/22/1359 3563/22/1361 3593/22/1386 3594/22/1387
f 3558/22/1358 3561/22/1359 3594/22/1387 3595/22/1388
f 3595/22/1388 3596/22/1389 3556/22/1355 3558/22/1358
f 3556/22/1355 3596/22/1389 3597/22/1390 3554/22/1353
f 3549/22/1350 3552/22/1351 3598/22/1391 3599/22/1391
f 3547/22/1347 3600/22/1392 3601/22/1392 3545/22/1345
f 3540/22/1342 3543/22/1343 3602/22/1393 3603/22/1393
f 3536/22/1338 3538/22/1339 3604/22/1394 3605/22/1394
f 3607/22/1395 3531/22/1333 3534/22/1336 3606/22/1395
f 3529/22/1331 3608/22/1396 3609/22/1396 3527/22/1329
f 3522/22/1326 3525/22/1327 3610/22/1397 3611/22/1397
f 3518/22/1322 3520/22/1323 3612/22/1398 3613/22/1398
f 3614/22/1399 3615/22/1399 3514/22/1320 3516/22/1319
f 3599/22/1400 3549/22/1400 3547/22/1400 3600/22/1400
f 3554/22/1401 3552/22/1401 3598/22/1401 3597/22/1401
f 3453/22/1402 3461/22/1402 3458/22/1402 3456/22/1402
f 3463/22/1403 3465/22/1403 3460/22/1403 3462/22/1403
f 3472/22/1404 3469/22/1404 3467/22/1404 3464/22/1404
f 3543/22/1405 3602/22/1405 3601/22/1405 3545/22/1405
f 3476/22/1406 3471/22/1406 3473/22/1406 3474/22/1406
f 3604/22/1407 3603/22/1407 3540/22/1407 3538/22/1407
f 3606/22/1408 3605/22/1408 3536/22/1408 3534/22/1408
f 3480/22/1409 3478/22/1409 3475/22/1409 3483/22/1409
f 3487/22/1410 3482/22/1410 3484/22/1410 3485/22/1410
f 3608/22/1411 3607/22/1411 3531/22/1411 3529/22/1411
f 3491/22/1412 3489/22/1412 3486/22/1412 3494/22/1412
f 3610/22/1413 3609/22/1413 3527/22/1413 3525/22/1413
f 3612/22/1414 3611/22/1414 3522/22/1414 3520/22/1414
f 3498/22/1415 3493/22/1415 3495/22/1415 3496/22/1415
f 3502/22/1416 3500/22/1416 3497/22/1416 3505/22/1416
f 3506/22/1417 3507/22/1417 3508/22/1417 3503/22/1417
f 3514/22/1418 3512/22/1418 3616/22/1418 3615/22/1418
f 3614/22/1419 3613/22/1419 3518/22/1419 3516/22/1419
f 3727/22/178 3728/22/178 3878/22/178 3877/22/178
f 3631/22/178 3630/22/178 3818/22/178 3819/22/178
f 3700/22/178 3701/22/178 3851/22/178 3850/22/178
f 3673/22/178 3672/22/178 3840/22/178 3841/22/178
f 3713/22/178 3714/22/178 3864/22/178 3863/22/178
f 3630/22/178 3629/22/178 3817/22/178 3818/22/178
f 3672/22/178 3671/22/178 3839/22/178 3840/22/178
f 3624/22/178 3623/22/178 3811/22/178 3812/22/178
f 3629/22/178 3628/22/178 3816/22/178 3817/22/178
f 3699/22/178 3700/22/178 3850/22/178 3849/22/178
f 3725/22/178 3726/22/178 3876/22/178 3875/22/178
f 3671/22/178 3670/22/178 3838/22/178 3839/22/178
f 3623/22/178 3622/22/178 3810/22/178 3811/22/178
f 3698/22/178 3699/22/178 3849/22/178 3848/22/178
f 3622/22/178 3621/22/178 3809/22/178 3810/22/178
f 3711/22/178 3712/22/178 3862/22/178 3861/22/178
f 3669/22/178 3664/22/178 3836/22/178 3837/22/178
f 3621/22/178 3618/22/178 3806/22/178 3809/22/178
f 3697/22/178 3698/22/178 3848/22/178 3847/22/178
f 3723/22/178 3724/22/178 3874/22/178 3873/22/178
f 3655/22/178 3654/22/178 3830/22/178 3831/22/178
f 3696/22/178 3697/22/178 3847/22/178 3846/22/178
f 3695/22/178 3696/22/178 3846/22/178 3845/22/178
f 3709/22/178 3710/22/178 3860/22/178 3859/22/178
f 3653/22/178 3648/22/178 3828/22/178 3829/22/178
f 3620/22/178 3694/22/178 3844/22/178 3808/22/178
f 3708/22/178 3709/22/178 3859/22/178 3858/22/178
f 3721/22/178 3722/22/178 3872/22/178 3871/22/178
f 3639/22/178 3638/22/178 3822/22/178 3823/22/178
f 3694/22/178 3695/22/178 3845/22/178 3844/22/178
f 3707/22/178 3708/22/178 3858/22/178 3857/22/178
f 3628/22/178 3627/22/178 3815/22/178 3816/22/178
f 3637/22/178 3632/22/178 3820/22/178 3821/22/178
f 3619/22/178 3620/22/178 3808/22/178 3807/22/178
f 3617/22/178 3619/22/178 3807/22/178 3805/22/178
f 3706/22/178 3707/22/178 3857/22/178 3856/22/178
f 3627/22/178 3626/22/178 3814/22/178 3815/22/178
f 3719/22/178 3720/22/178 3870/22/178 3869/22/178
f 3618/22/178 3617/22/178 3805/22/178 3806/22/178
f 3626/22/178 3625/22/178 3813/22/178 3814/22/178
f 3705/22/178 3706/22/178 3856/22/178 3855/22/178
f 3625/22/178 3624/22/178 3812/22/178 3813/22/178
f 3663/22/178 3662/22/178 3834/22/178 3835/22/178
f 3704/22/178 3705/22/178 3855/22/178 3854/22/178
f 3717/22/178 3718/22/178 3868/22/178 3867/22/178
f 3661/22/178 3656/22/178 3832/22/178 3833/22/178
f 3703/22/178 3704/22/178 3854/22/178 3853/22/178
f 3647/22/178 3646/22/178 3826/22/178 3827/22/178
f 3702/22/178 3703/22/178 3853/22/178 3852/22/178
f 3675/22/178 3674/22/178 3842/22/178 3843/22/178
f 3715/22/178 3716/22/178 3866/22/178 3865/22/178
f 3728/22/178 3675/22/178 3843/22/178 3878/22/178
f 3674/22/178 3673/22/178 3841/22/178 3842/22/178
f 3645/22/178 3640/22/178 3824/22/178 3825/22/178
f 3701/22/178 3702/22/178 3852/22/178 3851/22/178
f 3827/22/1454 3826/22/1454 3933/22/1454 3934/22/1454
f 3843/22/1455 3842/22/1455 3971/22/1455 3972/22/1455
f 3852/22/1456 3853/22/1457 4051/22/1458 4050/22/1459
f 3865/22/1460 3866/22/1460 4064/22/1461 4063/22/1462
f 3878/22/1455 3843/22/1455 3972/22/1455 4076/22/1455
f 3825/22/1463 3826/22/1463 3933/22/1463 3932/22/1463
f 3842/22/1455 3841/22/1455 3969/22/1455 3971/22/1455
f 3819/22/1464 3820/22/1464 3913/22/1464 3912/22/1464
f 3825/22/1465 3824/22/1465 3924/22/1465 3932/22/1465
f 3851/22/1466 3852/22/1456 4050/22/1459 4049/22/1467
f 3865/22/1468 3864/22/1468 4062/22/1469 4063/22/1470
f 3877/22/1471 3878/22/1471 4076/22/1471 4075/22/1471
f 3819/22/1472 3818/22/1473 3911/22/1474 3912/22/1472
f 3850/22/1475 3851/22/1466 4049/22/1467 4048/22/1476
f 3841/22/1455 3840/22/1455 3968/22/1455 3969/22/1455
f 3863/22/1477 3864/22/1477 4062/22/1478 4061/22/1479
f 3818/22/1473 3817/22/1480 3910/22/1481 3911/22/1474
f 3877/22/1482 3876/22/1482 4074/22/1482 4075/22/1482
f 3840/22/1455 3839/22/1455 3967/22/1455 3968/22/1455
f 3812/22/1483 3811/22/1484 3890/22/1485 3891/22/1486
f 3817/22/1480 3816/22/1487 3902/22/1488 3910/22/1481
f 3849/22/1489 3850/22/1475 4048/22/1476 4047/22/1490
f 3863/22/1491 3862/22/1491 4060/22/1492 4061/22/1493
f 3875/22/1494 3876/22/1494 4074/22/1494 4073/22/1494
f 3839/22/1495 3838/22/1495 3966/22/1495 3967/22/1495
f 3811/22/1484 3810/22/1496 3889/22/1497 3890/22/1485
f 3848/22/1498 3849/22/1489 4047/22/1490 4046/22/1499
f 3837/22/1500 3838/22/1500 3966/22/1500 3965/22/1500
f 3810/22/1496 3809/22/1501 3888/22/1502 3889/22/1497
f 3861/22/1503 3862/22/1503 4060/22/1504 4059/22/1505
f 3875/22/1506 3874/22/1506 4072/22/1506 4073/22/1506
f 3831/22/1507 3832/22/1507 3946/22/1507 3945/22/1507
f 3837/22/1508 3836/22/1508 3957/22/1508 3965/22/1508
f 3809/22/1501 3806/22/1509 3880/22/1509 3888/22/1502
f 3847/22/1510 3848/22/1498 4046/22/1499 4045/22/1511
f 3861/22/1512 3860/22/1512 4058/22/1513 4059/22/1514
f 3873/22/1515 3874/22/1515 4072/22/1515 4071/22/1515
f 3831/22/1516 3830/22/1516 3944/22/1516 3945/22/1516
f 3846/22/1517 3847/22/1510 4045/22/1511 4044/22/1517
f 3829/22/1518 3830/22/1518 3944/22/1518 3943/22/1518
f 3845/22/1519 3846/22/1519 4044/22/1519 4043/22/1519
f 3859/22/1520 3860/22/1521 4058/22/1522 4057/22/1523
f 3873/22/1524 3872/22/1524 4070/22/1524 4071/22/1524
f 3823/22/1525 3824/22/1525 3924/22/1525 3923/22/1525
f 3829/22/1526 3828/22/1526 3935/22/1526 3943/22/1526
f 3808/22/1519 3844/22/1519 4042/22/1519 3882/22/1519
f 3858/22/1527 3859/22/1520 4057/22/1523 4056/22/1528
f 3871/22/1529 3872/22/1529 4070/22/1529 4069/22/1529
f 3823/22/1530 3822/22/1530 3922/22/1530 3923/22/1530
f 3844/22/1519 3845/22/1519 4043/22/1519 4042/22/1519
f 3821/22/1531 3822/22/1531 3922/22/1531 3921/22/1531
f 3857/22/1532 3858/22/1527 4056/22/1528 4055/22/1533
f 3816/22/1487 3815/22/1534 3901/22/1535 3902/22/1488
f 3871/22/1536 3870/22/1536 4068/22/1536 4069/22/1536
f 3821/22/1537 3820/22/1537 3913/22/1537 3921/22/1537
f 3807/22/1519 3808/22/1519 3882/22/1519 3881/22/1519
f 3805/22/1519 3807/22/1519 3881/22/1519 3879/22/1519
f 3856/22/1538 3857/22/1532 4055/22/1533 4054/22/1539
f 3815/22/1534 3814/22/1540 3900/22/1541 3901/22/1535
f 3869/22/1542 3870/22/1542 4068/22/1543 4067/22/1544
f 3806/22/1509 3805/22/1545 3879/22/1545 3880/22/1509
f 3814/22/1540 3813/22/1546 3899/22/1547 3900/22/1541
f 3835/22/1548 3836/22/1548 3957/22/1548 3956/22/1548
f 3855/22/1549 3856/22/1538 4054/22/1539 4053/22/1550
f 3813/22/1546 3812/22/1483 3891/22/1486 3899/22/1547
f 3869/22/1551 3868/22/1551 4066/22/1552 4067/22/1553
f 3835/22/1554 3834/22/1554 3955/22/1554 3956/22/1554
f 3854/22/1555 3855/22/1549 4053/22/1550 4052/22/1556
f 3867/22/1557 3868/22/1557 4066/22/1558 4065/22/1559
f 3833/22/1560 3834/22/1560 3955/22/1560 3954/22/1560
f 3827/22/1561 3828/22/1561 3935/22/1561 3934/22/1561
f 3833/22/1562 3832/22/1562 3946/22/1562 3954/22/1562
f 3853/22/1457 3854/22/1555 4052/22/1556 4051/22/1458
f 3867/22/1563 3866/22/1563 4064/22/1564 4065/22/1565
f 3879/22/680 3881/22/680 3883/22/1566 3880/22/1567
f 3880/22/1567 3883/22/1566 3885/22/1570 3888/22/1571
f 3888/22/1571 3885/22/1570 3887/22/1573 3889/22/1574
f 3887/22/1573 3892/22/1575 3890/22/1576 3889/22/1574
f 3891/22/1577 3890/22/1576 3892/22/1575 3894/22/1578
f 3896/22/1581 3899/22/1583 3891/22/1577 3894/22/1578
f 3898/22/1584 3900/22/1586 3899/22/1583 3896/22/1581
f 3901/22/1587 3900/22/1586 3898/22/1584 3903/22/1588
f 3901/22/1587 3903/22/1588 3905/22/1589 3902/22/1590
f 3910/22/1595 3902/22/1590 3905/22/1589 3907/22/1594
f 3911/22/1598 3910/22/1595 3907/22/1594 3909/22/1597
f 3909/22/1597 3914/22/1599 3912/22/1600 3911/22/1598
f 3921/22/1606 3913/22/1606 3916/22/1603 3918/22/1605
f 3920/22/1608 3925/22/1609 3923/22/1610 3922/22/1610
f 3932/22/1616 3924/22/1616 3927/22/1613 3929/22/1615
f 3931/22/1618 3936/22/1619 3934/22/1620 3933/22/1620
f 3940/22/1624 3943/22/1626 3935/22/1626 3938/22/1623
f 3945/22/1629 3944/22/1629 3942/22/1627 3947/22/1630
f 3954/22/1636 3946/22/1636 3949/22/1633 3951/22/1635
f 3953/22/1638 3958/22/1639 3956/22/1640 3955/22/1640
f 3960/22/1643 3962/22/1644 3965/22/1646 3957/22/1646
f 3968/22/1649 3967/22/1650 3966/22/1650 3963/22/1647
f 3971/22/1652 3969/22/1651 3970/22/1648 3973/22/1653
f 3975/22/1656 3973/22/1653 3970/22/1648 3964/22/1645
f 3977/22/1658 3975/22/1656 3964/22/1645 3961/22/1642
f 3961/22/1642 3959/22/1641 3979/22/1661 3977/22/1658
f 3981/22/1662 3979/22/1661 3959/22/1641 3984/22/1637
f 3984/22/1637 3952/22/1634 3983/22/1665 3981/22/1662
f 3952/22/1634 3950/22/1632 3986/22/1667 3983/22/1665
f 3948/22/1631 3988/22/1669 3986/22/1667 3950/22/1632
f 3948/22/1631 3993/22/1628 3990/22/1671 3988/22/1669
f 3990/22/1671 3993/22/1628 3941/22/1625 3992/22/1672
f 3992/22/1672 3941/22/1625 3939/22/1622 3995/22/1674
f 3939/22/1622 3937/22/1621 3997/22/1677 3995/22/1674
f 3999/22/1678 3997/22/1677 3937/22/1621 4002/22/1617
f 4002/22/1617 3930/22/1614 4001/22/1681 3999/22/1678
f 3930/22/1614 3928/22/1612 4004/22/1683 4001/22/1681
f 3926/22/1611 4006/22/1685 4004/22/1683 3928/22/1612
f 4008/22/1686 4006/22/1685 3926/22/1611 4011/22/1607
f 4011/22/1607 3919/22/1604 4010/22/1689 4008/22/1686
f 3919/22/1604 3917/22/1602 4013/22/1691 4010/22/1689
f 3915/22/1601 4015/22/1693 4013/22/1691 3917/22/1602
f 4017/22/1694 4015/22/1693 3915/22/1601 4020/22/1596
f 4020/22/1596 3908/22/1593 4019/22/1697 4017/22/1694
f 3908/22/1593 3906/22/1592 4022/22/1699 4019/22/1697
f 3904/22/1591 4024/22/1701 4022/22/1699 3906/22/1592
f 3904/22/1591 4029/22/1585 4026/22/1704 4024/22/1701
f 4026/22/1704 4029/22/1585 3897/22/1582 4028/22/1705
f 4028/22/1705 3897/22/1582 3895/22/1580 4031/22/1707
f 3895/22/1580 3893/22/1579 4033/22/1710 4031/22/1707
f 4035/22/1711 4033/22/1710 3893/22/1579 4038/22/1572
f 3886/22/1569 4037/22/1714 4035/22/1711 4038/22/1572
f 3884/22/1568 4040/22/1716 4037/22/1714 3886/22/1569
f 3882/22/177 4042/22/1718 4040/22/1716 3884/22/1568
f 4043/22/1717 4044/22/1717 4045/22/1719 4041/22/1715
f 4041/22/1715 4045/22/1719 4046/22/1720 4039/22/1713
f 4039/22/1713 4046/22/1720 4047/22/1721 4036/22/1712
f 4047/22/1721 4048/22/1722 4034/22/1709 4036/22/1712
f 4032/22/1708 4034/22/1709 4048/22/1722 4049/22/1723
f 4050/22/1724 4030/22/1706 4032/22/1708 4049/22/1723
f 4051/22/1725 4027/22/1702 4030/22/1706 4050/22/1724
f 4025/22/1700 4027/22/1702 4051/22/1725 4052/22/1726
f 4025/22/1700 4052/22/1726 4053/22/1727 4023/22/1698
f 4021/22/1696 4023/22/1698 4053/22/1727 4054/22/1539
f 4018/22/1695 4021/22/1696 4054/22/1539 4055/22/1533
f 4055/22/1533 4056/22/1528 4016/22/1692 4018/22/1695
f 4016/22/1692 4056/22/1528 4057/22/1523 4014/22/1690
f 4012/22/1688 4014/22/1690 4057/22/1523 4058/22/1522
f 4059/22/1505 4060/22/1504 4007/22/1684 4009/22/1687
f 4003/22/1680 4005/22/1682 4061/22/1479 4062/22/1478
f 4063/22/1462 4064/22/1461 3998/22/1676 4000/22/1679
f 4066/22/1558 3994/22/1673 3996/22/1675 4065/22/1559
f 3989/22/1668 3991/22/1670 4067/22/1544 4068/22/1543
f 3985/22/1664 3987/22/1666 4069/22/1728 4070/22/1728
f 4071/22/1729 4072/22/1729 3980/22/1660 3982/22/1663
f 4073/22/1730 4074/22/1730 3976/22/1657 3978/22/1659
f 4076/22/1731 3972/22/1655 3974/22/1654 4075/22/1731
f 4075/22/1732 4074/22/1732 3976/22/1732 3974/22/1732
f 4073/22/1733 4072/22/1733 3980/22/1733 3978/22/1733
f 4071/22/1734 4070/22/1734 3985/22/1734 3982/22/1734
f 4069/22/1735 4068/22/1735 3989/22/1735 3987/22/1735
f 4067/22/1553 4066/22/1552 3994/22/1736 3991/22/1736
f 4065/22/1565 4064/22/1564 3998/22/1737 3996/22/1737
f 4063/22/1470 4062/22/1469 4003/22/1738 4000/22/1738
f 4005/22/1739 4061/22/1493 4060/22/1492 4007/22/1739
f 4012/22/1740 4009/22/1740 4059/22/1514 4058/22/1513
f 3912/22/1741 3913/22/1741 3916/22/1741 3914/22/1741
f 3921/22/1742 3922/22/1742 3920/22/1742 3918/22/1742
f 3924/22/1743 3927/22/1743 3925/22/1743 3923/22/1743
f 3931/22/1744 3929/22/1744 3932/22/1744 3933/22/1744
f 3938/22/1745 3936/22/1745 3934/22/1745 3935/22/1745
f 3942/22/1746 3940/22/1746 3943/22/1746 3944/22/1746
f 3949/22/1747 3947/22/1747 3945/22/1747 3946/22/1747
f 3953/22/1748 3951/22/1748 3954/22/1748 3955/22/1748
f 3960/22/1749 3958/22/1749 3956/22/1749 3957/22/1749
f 3963/22/1750 3962/22/1750 3965/22/1750 3966/22/1750
f 4077/22/177 4078/22/177 4081/22/177 4079/22/177
f 4078/22/177 4086/22/177 4083/22/177 4081/22/177
f 4086/22/177 4087/22/177 4085/22/177 4083/22/177
f 4085/22/177 4087/22/177 4088/22/177 4090/22/177
f 4089/22/177 4092/22/177 4090/22/177 4088/22/177
f 4094/22/177 4092/22/177 4089/22/177 4097/22/177
f 4096/22/177 4094/22/177 4097/22/177 4098/22/177
f 4099/22/177 4101/22/177 4096/22/177 4098/22/177
f 4099/22/177 4100/22/177 4103/22/177 4101/22/177
f 4108/22/177 4105/22/177 4103/22/177 4100/22/177
f 4109/22/177 4107/22/177 4105/22/177 4108/22/177
f 4107/22/177 4109/22/177 4110/22/177 4112/22/177
f 4110/22/177 4111/22/177 4114/22/177 4112/22/177
f 4119/22/177 4116/22/177 4114/22/177 4111/22/177
f 4120/22/177 4118/22/177 4116/22/177 4119/22/177
f 4118/22/177 4120/22/177 4121/22/177 4123/22/177
f 4121/22/177 4122/22/177 4125/22/177 4123/22/177
f 4130/22/177 4127/22/177 4125/22/177 4122/22/177
f 4131/22/177 4129/22/177 4127/22/177 4130/22/177
f 4129/22/177 4131/22/177 4132/22/177 4134/22/177
f 4133/22/177 4136/22/177 4134/22/177 4132/22/177
f 4138/22/177 4136/22/177 4133/22/177 4141/22/177
f 4140/22/177 4138/22/177 4141/22/177 4142/22/177
f 4143/22/177 4145/22/177 4140/22/177 4142/22/177
f 4143/22/177 4144/22/177 4147/22/177 4145/22/177
f 4152/22/177 4149/22/177 4147/22/177 4144/22/177
f 4153/22/177 4151/22/177 4149/22/177 4152/22/177
f 4151/22/177 4153/22/177 4154/22/177 4156/22/177
f 4155/22/177 4158/22/177 4156/22/177 4154/22/177
f 4158/22/177 4155/22/177 4163/22/177 4160/22/177
f 4160/22/177 4163/22/177 4164/22/177 4161/22/177
f 4166/22/177 4161/22/177 4164/22/177 4165/22/177
f 4169/22/177 4171/22/177 4168/22/177 4167/22/177
f 4173/22/177 4162/22/177 4168/22/177 4171/22/177
f 4175/22/177 4159/22/177 4162/22/177 4173/22/177
f 4159/22/177 4175/22/177 4177/22/177 4157/22/177
f 4179/22/177 4182/22/177 4157/22/177 4177/22/177
f 4182/22/177 4179/22/177 4181/22/177 4150/22/177
f 4150/22/177 4181/22/177 4184/22/177 4148/22/177
f 4146/22/177 4148/22/177 4184/22/177 4186/22/177
f 4146/22/177 4186/22/177 4188/22/177 4191/22/177
f 4188/22/177 4190/22/177 4139/22/177 4191/22/177
f 4190/22/177 4193/22/177 4137/22/177 4139/22/177
f 4137/22/177 4193/22/177 4195/22/177 4135/22/177
f 4197/22/177 4200/22/177 4135/22/177 4195/22/177
f 4200/22/177 4197/22/177 4199/22/177 4128/22/177
f 4128/22/177 4199/22/177 4202/22/177 4126/22/177
f 4124/22/177 4126/22/177 4202/22/177 4204/22/177
f 4206/22/177 4209/22/177 4124/22/177 4204/22/177
f 4209/22/177 4206/22/177 4208/22/177 4117/22/177
f 4117/22/177 4208/22/177 4211/22/177 4115/22/177
f 4113/22/177 4115/22/177 4211/22/177 4213/22/177
f 4215/22/177 4218/22/177 4113/22/177 4213/22/177
f 4218/22/177 4215/22/177 4217/22/177 4106/22/177
f 4106/22/177 4217/22/177 4220/22/177 4104/22/177
f 4102/22/177 4104/22/177 4220/22/177 4222/22/177
f 4102/22/177 4222/22/177 4224/22/177 4227/22/177
f 4224/22/177 4226/22/177 4095/22/177 4227/22/177
f 4226/22/177 4229/22/177 4093/22/177 4095/22/177
f 4093/22/177 4229/22/177 4231/22/177 4091/22/177
f 4233/22/177 4236/22/177 4091/22/177 4231/22/177
f 4084/22/177 4236/22/177 4233/22/177 4235/22/177
f 4082/22/177 4084/22/177 4235/22/177 4238/22/177
f 4080/22/177 4082/22/177 4238/22/177 4240/22/177
f 4241/22/177 4239/22/177 4243/22/177 4242/22/177
f 4239/22/177 4237/22/177 4244/22/177 4243/22/177
f 4237/22/177 4234/22/177 4245/22/177 4244/22/177
f 4245/22/177 4234/22/177 4232/22/177 4246/22/177
f 4230/22/177 4247/22/177 4246/22/177 4232/22/177
f 4248/22/177 4247/22/177 4230/22/177 4228/22/177
f 4249/22/177 4248/22/177 4228/22/177 4225/22/177
f 4223/22/177 4250/22/177 4249/22/177 4225/22/177
f 4223/22/177 4221/22/177 4251/22/177 4250/22/177
f 4219/22/177 4252/22/177 4251/22/177 4221/22/177
f 4216/22/177 4253/22/177 4252/22/177 4219/22/177
f 4253/22/177 4216/22/177 4214/22/177 4254/22/177
f 4214/22/177 4212/22/177 4255/22/177 4254/22/177
f 4210/22/177 4256/22/177 4255/22/177 4212/22/177
f 4207/22/177 4257/22/177 4256/22/177 4210/22/177
f 4257/22/177 4207/22/177 4205/22/177 4258/22/177
f 4205/22/177 4203/22/177 4259/22/177 4258/22/177
f 4201/22/177 4260/22/177 4259/22/177 4203/22/177
f 4198/22/177 4261/22/177 4260/22/177 4201/22/177
f 4261/22/177 4198/22/177 4196/22/177 4262/22/177
f 4194/22/177 4263/22/177 4262/22/177 4196/22/177
f 4264/22/177 4263/22/177 4194/22/177 4192/22/177
f 4265/22/177 4264/22/177 4192/22/177 4189/22/177
f 4187/22/177 4266/22/177 4265/22/177 4189/22/177
f 4187/22/177 4185/22/177 4267/22/177 4266/22/177
f 4183/22/177 4268/22/177 4267/22/177 4185/22/177
f 4180/22/177 4269/22/177 4268/22/177 4183/22/177
f 4269/22/177 4180/22/177 4178/22/177 4270/22/177
f 4176/22/177 4271/22/177 4270/22/177 4178/22/177
f 4271/22/177 4176/22/177 4174/22/177 4272/22/177
f 4272/22/177 4174/22/177 4172/22/177 4273/22/177
f 4274/22/177 4273/22/177 4172/22/177 4170/22/177
f 4275/22/178 4277/22/178 4279/22/178 4276/22/178
f 4276/22/178 4279/22/178 4281/22/178 4284/22/178
f 4284/22/178 4281/22/178 4283/22/178 4285/22/178
f 4283/22/178 4288/22/178 4286/22/178 4285/22/178
f 4287/22/178 4286/22/178 4288/22/178 4290/22/178
f 4292/22/178 4295/22/178 4287/22/178 4290/22/178
f 4294/22/178 4296/22/178 4295/22/178 4292/22/178
f 4297/22/178 4296/22/178 4294/22/178 4299/22/178
f 4297/22/178 4299/22/178 4301/22/178 4298/22/178
f 4306/22/178 4298/22/178 4301/22/178 4303/22/178
f 4307/22/178 4306/22/178 4303/22/178 4305/22/178
f 4305/22/178 4310/22/178 4308/22/178 4307/22/178
f 4308/22/178 4310/22/178 4312/22/178 4309/22/178
f 4317/22/178 4309/22/178 4312/22/178 4314/22/178
f 4318/22/178 4317/22/178 4314/22/178 4316/22/178
f 4316/22/178 4321/22/178 4319/22/178 4318/22/178
f 4319/22/178 4321/22/178 4323/22/178 4320/22/178
f 4328/22/178 4320/22/178 4323/22/178 4325/22/178
f 4329/22/178 4328/22/178 4325/22/178 4327/22/178
f 4327/22/178 4332/22/178 4330/22/178 4329/22/178
f 4331/22/178 4330/22/178 4332/22/178 4334/22/178
f 4336/22/178 4339/22/178 4331/22/178 4334/22/178
f 4338/22/178 4340/22/178 4339/22/178 4336/22/178
f 4341/22/178 4340/22/178 4338/22/178 4343/22/178
f 4341/22/178 4343/22/178 4345/22/178 4342/22/178
f 4350/22/178 4342/22/178 4345/22/178 4347/22/178
f 4351/22/178 4350/22/178 4347/22/178 4349/22/178
f 4349/22/178 4354/22/178 4352/22/178 4351/22/178
f 4353/22/178 4352/22/178 4354/22/178 4356/22/178
f 4356/22/178 4358/22/178 4361/22/178 4353/22/178
f 4358/22/178 4359/22/178 4362/22/178 4361/22/178
f 4364/22/178 4363/22/178 4362/22/178 4359/22/178
f 4367/22/178 4365/22/178 4366/22/178 4369/22/178
f 4371/22/178 4369/22/178 4366/22/178 4360/22/178
f 4373/22/178 4371/22/178 4360/22/178 4357/22/178
f 4357/22/178 4355/22/178 4375/22/178 4373/22/178
f 4377/22/178 4375/22/178 4355/22/178 4380/22/178
f 4380/22/178 4348/22/178 4379/22/178 4377/22/178
f 4348/22/178 4346/22/178 4382/22/178 4379/22/178
f 4344/22/178 4384/22/178 4382/22/178 4346/22/178
f 4344/22/178 4389/22/178 4386/22/178 4384/22/178
f 4386/22/178 4389/22/178 4337/22/178 4388/22/178
f 4388/22/178 4337/22/178 4335/22/178 4391/22/178
f 4335/22/178 4333/22/178 4393/22/178 4391/22/178
f 4395/22/178 4393/22/178 4333/22/178 4398/22/178
f 4398/22/178 4326/22/178 4397/22/178 4395/22/178
f 4326/22/178 4324/22/178 4400/22/178 4397/22/178
f 4322/22/178 4402/22/178 4400/22/178 4324/22/178
f 4404/22/178 4402/22/178 4322/22/178 4407/22/178
f 4407/22/178 4315/22/178 4406/22/178 4404/22/178
f 4315/22/178 4313/22/178 4409/22/178 4406/22/178
f 4311/22/178 4411/22/178 4409/22/178 4313/22/178
f 4413/22/178 4411/22/178 4311/22/178 4416/22/178
f 4416/22/178 4304/22/178 4415/22/178 4413/22/178
f 4304/22/178 4302/22/178 4418/22/178 4415/22/178
f 4300/22/178 4420/22/178 4418/22/178 4302/22/178
f 4300/22/178 4425/22/178 4422/22/178 4420/22/178
f 4422/22/178 4425/22/178 4293/22/178 4424/22/178
f 4424/22/178 4293/22/178 4291/22/178 4427/22/178
f 4291/22/178 4289/22/178 4429/22/178 4427/22/178
f 4431/22/178 4429/22/178 4289/22/178 4434/22/178
f 4282/22/178 4433/22/178 4431/22/178 4434/22/178
f 4280/22/178 4436/22/178 4433/22/178 4282/22/178
f 4278/22/178 4438/22/178 4436/22/178 4280/22/178
f 4439/22/178 4440/22/178 4441/22/178 4437/22/178
f 4437/22/178 4441/22/178 4442/22/178 4435/22/178
f 4435/22/178 4442/22/178 4443/22/178 4432/22/178
f 4443/22/178 4444/22/178 4430/22/178 4432/22/178
f 4428/22/178 4430/22/178 4444/22/178 4445/22/178
f 4446/22/178 4426/22/178 4428/22/178 4445/22/178
f 4447/22/178 4423/22/178 4426/22/178 4446/22/178
f 4421/22/178 4423/22/178 4447/22/178 4448/22/178
f 4421/22/178 4448/22/178 4449/22/178 4419/22/178
f 4417/22/178 4419/22/178 4449/22/178 4450/22/178
f 4414/22/178 4417/22/178 4450/22/178 4451/22/178
f 4451/22/178 4452/22/178 4412/22/178 4414/22/178
f 4412/22/178 4452/22/178 4453/22/178 4410/22/178
f 4408/22/178 4410/22/178 4453/22/178 4454/22/178
f 4405/22/178 4408/22/178 4454/22/178 4455/22/178
f 4455/22/178 4456/22/178 4403/22/178 4405/22/178
f 4403/22/178 4456/22/178 4457/22/178 4401/22/178
f 4399/22/178 4401/22/178 4457/22/178 4458/22/178
f 4396/22/178 4399/22/178 4458/22/178 4459/22/178
f 4459/22/178 4460/22/178 4394/22/178 4396/22/178
f 4392/22/178 4394/22/178 4460/22/178 4461/22/178
f 4462/22/178 4390/22/178 4392/22/178 4461/22/178
f 4463/22/178 4387/22/178 4390/22/178 4462/22/178
f 4385/22/178 4387/22/178 4463/22/178 4464/22/178
f 4385/22/178 4464/22/178 4465/22/178 4383/22/178
f 4381/22/178 4383/22/178 4465/22/178 4466/22/178
f 4378/22/178 4381/22/178 4466/22/178 4467/22/178
f 4467/22/178 4468/22/178 4376/22/178 4378/22/178
f 4374/22/178 4376/22/178 4468/22/178 4469/22/178
f 4469/22/178 4470/22/178 4372/22/178 4374/22/178
f 4470/22/178 4471/22/178 4370/22/178 4372/22/178
f 4472/22/178 4368/22/178 4370/22/178 4471/22/178
f 4153/22/1751 4152/22/1752 4350/22/1752 4351/22/1751
f 4263/22/208 4264/22/207 4462/22/207 4461/22/208
f 4250/22/195 4251/22/201 4449/22/201 4448/22/195
f 4154/22/1753 4153/22/1751 4351/22/1751 4352/22/1753
f 4264/22/207 4265/22/212 4463/22/212 4462/22/207
f 4097/22/241 4089/22/237 4287/22/237 4295/22/241
f 4251/22/201 4252/22/232 4450/22/232 4449/22/201
f 4155/22/1754 4154/22/1753 4352/22/1753 4353/22/1754
f 4098/22/245 4097/22/241 4295/22/241 4296/22/245
f 4078/22/214 4077/22/213 4275/22/213 4276/22/214
f 4265/22/212 4266/22/1755 4464/22/1755 4463/22/212
f 4099/22/183 4098/22/245 4296/22/245 4297/22/183
f 4252/22/232 4253/22/235 4451/22/235 4450/22/232
f 4077/22/477 4079/22/477 4277/22/477 4275/22/477
f 4119/22/211 4111/22/206 4309/22/206 4317/22/211
f 4266/22/1755 4267/22/1756 4465/22/1756 4464/22/1755
f 4100/22/184 4099/22/183 4297/22/183 4298/22/184
f 4253/22/235 4254/22/238 4452/22/238 4451/22/235
f 4120/22/1757 4119/22/211 4317/22/211 4318/22/1757
f 4121/22/223 4120/22/1757 4318/22/1757 4319/22/223
f 4267/22/1756 4268/22/1758 4466/22/1758 4465/22/1756
f 4254/22/238 4255/22/199 4453/22/199 4452/22/238
f 4080/22/477 4240/22/477 4438/22/477 4278/22/477
f 4141/22/182 4133/22/181 4331/22/181 4339/22/182
f 4122/22/230 4121/22/223 4319/22/223 4320/22/230
f 4268/22/1758 4269/22/1759 4467/22/1759 4466/22/1758
f 4255/22/199 4256/22/198 4454/22/198 4453/22/199
f 4241/22/477 4242/22/477 4440/22/477 4439/22/477
f 4142/22/186 4141/22/182 4339/22/182 4340/22/186
f 4242/22/193 4243/22/192 4441/22/192 4440/22/193
f 4143/22/1760 4142/22/186 4340/22/186 4341/22/1760
f 4269/22/1759 4270/22/1761 4468/22/1761 4467/22/1759
f 4256/22/198 4257/22/203 4455/22/203 4454/22/198
f 4243/22/192 4244/22/219 4442/22/219 4441/22/192
f 4086/22/218 4078/22/214 4276/22/214 4284/22/218
f 4163/22/1762 4155/22/1754 4353/22/1754 4361/22/1762
f 4144/22/1763 4143/22/1760 4341/22/1760 4342/22/1763
f 4270/22/1761 4271/22/1764 4469/22/1764 4468/22/1761
f 4257/22/203 4258/22/204 4456/22/204 4455/22/203
f 4087/22/226 4086/22/218 4284/22/218 4285/22/226
f 4164/22/1765 4163/22/1762 4361/22/1762 4362/22/1765
f 4244/22/219 4245/22/224 4443/22/224 4442/22/219
f 4088/22/231 4087/22/226 4285/22/226 4286/22/231
f 4165/22/1766 4164/22/1765 4362/22/1765 4363/22/1766
f 4271/22/1764 4272/22/1767 4470/22/1767 4469/22/1764
f 4258/22/204 4259/22/209 4457/22/209 4456/22/204
f 4245/22/224 4246/22/227 4444/22/227 4443/22/224
f 4108/22/189 4100/22/184 4298/22/184 4306/22/189
f 4089/22/237 4088/22/231 4286/22/231 4287/22/237
f 4166/22/265 4165/22/265 4363/22/265 4364/22/265
f 4272/22/1767 4273/22/1768 4471/22/1768 4470/22/1767
f 4109/22/196 4108/22/189 4306/22/189 4307/22/196
f 4259/22/209 4260/22/242 4458/22/242 4457/22/209
f 4246/22/227 4247/22/188 4445/22/188 4444/22/227
f 4110/22/202 4109/22/196 4307/22/196 4308/22/202
f 4273/22/1768 4274/22/1769 4472/22/1769 4471/22/1768
f 4260/22/242 4261/22/243 4459/22/243 4458/22/242
f 4247/22/188 4248/22/187 4446/22/187 4445/22/188
f 4130/22/236 4122/22/230 4320/22/230 4328/22/236
f 4111/22/206 4110/22/202 4308/22/202 4309/22/206
f 4169/22/265 4167/22/265 4365/22/265 4367/22/265
f 4131/22/240 4130/22/236 4328/22/236 4329/22/240
f 4274/22/265 4170/22/265 4368/22/265 4472/22/265
f 4261/22/243 4262/22/246 4460/22/246 4459/22/243
f 4248/22/187 4249/22/191 4447/22/191 4446/22/187
f 4132/22/244 4131/22/240 4329/22/240 4330/22/244
f 4262/22/246 4263/22/208 4461/22/208 4460/22/246
f 4249/22/191 4250/22/195 4448/22/195 4447/22/191
f 4152/22/1752 4144/22/1763 4342/22/1763 4350/22/1752
f 4133/22/181 4132/22/244 4330/22/244 4331/22/181
f 4473/22/177 4474/22/177 4477/22/177 4475/22/177
f 4474/22/177 4482/22/177 4479/22/177 4477/22/177
f 4482/22/177 4483/22/177 4481/22/177 4479/22/177
f 4481/22/177 4483/22/177 4484/22/177 4486/22/177
f 4485/22/177 4488/22/177 4486/22/177 4484/22/177
f 4490/22/177 4488/22/177 4485/22/177 4493/22/177
f 4492/22/177 4490/22/177 4493/22/177 4494/22/177
f 4495/22/177 4497/22/177 4492/22/177 4494/22/177
f 4495/22/177 4496/22/177 4499/22/177 4497/22/177
f 4504/22/177 4501/22/177 4499/22/177 4496/22/177
f 4505/22/177 4503/22/177 4501/22/177 4504/22/177
f 4503/22/177 4505/22/177 4506/22/177 4508/22/177
f 4506/22/177 4507/22/177 4510/22/177 4508/22/177
f 4515/22/177 4512/22/177 4510/22/177 4507/22/177
f 4516/22/177 4514/22/177 4512/22/177 4515/22/177
f 4514/22/177 4516/22/177 4517/22/177 4519/22/177
f 4517/22/177 4518/22/177 4521/22/177 4519/22/177
f 4526/22/177 4523/22/177 4521/22/177 4518/22/177
f 4527/22/177 4525/22/177 4523/22/177 4526/22/177
f 4525/22/177 4527/22/177 4528/22/177 4530/22/177
f 4529/22/177 4532/22/177 4530/22/177 4528/22/177
f 4534/22/177 4532/22/177 4529/22/177 4537/22/177
f 4536/22/177 4534/22/177 4537/22/177 4538/22/177
f 4539/22/177 4541/22/177 4536/22/177 4538/22/177
f 4539/22/177 4540/22/177 4543/22/177 4541/22/177
f 4548/22/177 4545/22/177 4543/22/177 4540/22/177
f 4549/22/177 4547/22/177 4545/22/177 4548/22/177
f 4547/22/177 4549/22/177 4550/22/177 4552/22/177
f 4551/22/177 4554/22/177 4552/22/177 4550/22/177
f 4554/22/177 4551/22/177 4559/22/177 4556/22/177
f 4556/22/177 4559/22/177 4560/22/177 4557/22/177
f 4562/22/177 4557/22/177 4560/22/177 4561/22/177
f 4565/22/177 4567/22/177 4564/22/177 4563/22/177
f 4569/22/177 4558/22/177 4564/22/177 4567/22/177
f 4571/22/177 4555/22/177 4558/22/177 4569/22/177
f 4555/22/177 4571/22/177 4573/22/177 4553/22/177
f 4575/22/177 4578/22/177 4553/22/177 4573/22/177
f 4578/22/177 4575/22/177 4577/22/177 4546/22/177
f 4546/22/177 4577/22/177 4580/22/177 4544/22/177
f 4542/22/177 4544/22/177 4580/22/177 4582/22/177
f 4542/22/177 4582/22/177 4584/22/177 4587/22/177
f 4584/22/177 4586/22/177 4535/22/177 4587/22/177
f 4586/22/177 4589/22/177 4533/22/177 4535/22/177
f 4533/22/177 4589/22/177 4591/22/177 4531/22/177
f 4593/22/177 4596/22/177 4531/22/177 4591/22/177
f 4596/22/177 4593/22/177 4595/22/177 4524/22/177
f 4524/22/177 4595/22/177 4598/22/177 4522/22/177
f 4520/22/177 4522/22/177 4598/22/177 4600/22/177
f 4602/22/177 4605/22/177 4520/22/177 4600/22/177
f 4605/22/177 4602/22/177 4604/22/177 4513/22/177
f 4513/22/177 4604/22/177 4607/22/177 4511/22/177
f 4509/22/177 4511/22/177 4607/22/177 4609/22/177
f 4611/22/177 4614/22/177 4509/22/177 4609/22/177
f 4614/22/177 4611/22/177 4613/22/177 4502/22/177
f 4502/22/177 4613/22/177 4616/22/177 4500/22/177
f 4498/22/177 4500/22/177 4616/22/177 4618/22/177
f 4498/22/177 4618/22/177 4620/22/177 4623/22/177
f 4620/22/177 4622/22/177 4491/22/177 4623/22/177
f 4622/22/177 4625/22/177 4489/22/177 4491/22/177
f 4489/22/177 4625/22/177 4627/22/177 4487/22/177
f 4629/22/177 4632/22/177 4487/22/177 4627/22/177
f 4480/22/177 4632/22/177 4629/22/177 4631/22/177
f 4478/22/177 4480/22/177 4631/22/177 4634/22/177
f 4476/22/177 4478/22/177 4634/22/177 4636/22/177
f 4637/22/177 4635/22/177 4639/22/177 4638/22/177
f 4635/22/177 4633/22/177 4640/22/177 4639/22/177
f 4633/22/177 4630/22/177 4641/22/177 4640/22/177
f 4641/22/177 4630/22/177 4628/22/177 4642/22/177
f 4626/22/177 4643/22/177 4642/22/177 4628/22/177
f 4644/22/177 4643/22/177 4626/22/177 4624/22/177
f 4645/22/177 4644/22/177 4624/22/177 4621/22/177
f 4619/22/177 4646/22/177 4645/22/177 4621/22/177
f 4619/22/177 4617/22/177 4647/22/177 4646/22/177
f 4615/22/177 4648/22/177 4647/22/177 4617/22/177
f 4612/22/177 4649/22/177 4648/22/177 4615/22/177
f 4649/22/177 4612/22/177 4610/22/177 4650/22/177
f 4610/22/177 4608/22/177 4651/22/177 4650/22/177
f 4606/22/177 4652/22/177 4651/22/177 4608/22/177
f 4603/22/177 4653/22/177 4652/22/177 4606/22/177
f 4653/22/177 4603/22/177 4601/22/177 4654/22/177
f 4601/22/177 4599/22/177 4655/22/177 4654/22/177
f 4597/22/177 4656/22/177 4655/22/177 4599/22/177
f 4594/22/177 4657/22/177 4656/22/177 4597/22/177
f 4657/22/177 4594/22/177 4592/22/177 4658/22/177
f 4590/22/177 4659/22/177 4658/22/177 4592/22/177
f 4660/22/177 4659/22/177 4590/22/177 4588/22/177
f 4661/22/177 4660/22/177 4588/22/177 4585/22/177
f 4583/22/177 4662/22/177 4661/22/177 4585/22/177
f 4583/22/177 4581/22/177 4663/22/177 4662/22/177
f 4579/22/177 4664/22/177 4663/22/177 4581/22/177
f 4576/22/177 4665/22/177 4664/22/177 4579/22/177
f 4665/22/177 4576/22/177 4574/22/177 4666/22/177
f 4572/22/177 4667/22/177 4666/22/177 4574/22/177
f 4667/22/177 4572/22/177 4570/22/177 4668/22/177
f 4668/22/177 4570/22/177 4568/22/177 4669/22/177
f 4670/22/177 4669/22/177 4568/22/177 4566/22/177
f 4671/22/178 4673/22/178 4675/22/178 4672/22/178
f 4672/22/178 4675/22/178 4677/22/178 4680/22/178
f 4680/22/178 4677/22/178 4679/22/178 4681/22/178
f 4679/22/178 4684/22/178 4682/22/178 4681/22/178
f 4683/22/178 4682/22/178 4684/22/178 4686/22/178
f 4688/22/178 4691/22/178 4683/22/178 4686/22/178
f 4690/22/178 4692/22/178 4691/22/178 4688/22/178
f 4693/22/178 4692/22/178 4690/22/178 4695/22/178
f 4693/22/178 4695/22/178 4697/22/178 4694/22/178
f 4702/22/178 4694/22/178 4697/22/178 4699/22/178
f 4703/22/178 4702/22/178 4699/22/178 4701/22/178
f 4701/22/178 4706/22/178 4704/22/178 4703/22/178
f 4704/22/178 4706/22/178 4708/22/178 4705/22/178
f 4713/22/178 4705/22/178 4708/22/178 4710/22/178
f 4714/22/178 4713/22/178 4710/22/178 4712/22/178
f 4712/22/178 4717/22/178 4715/22/178 4714/22/178
f 4715/22/178 4717/22/178 4719/22/178 4716/22/178
f 4724/22/178 4716/22/178 4719/22/178 4721/22/178
f 4725/22/178 4724/22/178 4721/22/178 4723/22/178
f 4723/22/178 4728/22/178 4726/22/178 4725/22/178
f 4727/22/178 4726/22/178 4728/22/178 4730/22/178
f 4732/22/178 4735/22/178 4727/22/178 4730/22/178
f 4734/22/178 4736/22/178 4735/22/178 4732/22/178
f 4737/22/178 4736/22/178 4734/22/178 4739/22/178
f 4737/22/178 4739/22/178 4741/22/178 4738/22/178
f 4746/22/178 4738/22/178 4741/22/178 4743/22/178
f 4747/22/178 4746/22/178 4743/22/178 4745/22/178
f 4745/22/178 4750/22/178 4748/22/178 4747/22/178
f 4749/22/178 4748/22/178 4750/22/178 4752/22/178
f 4752/22/178 4754/22/178 4757/22/178 4749/22/178
f 4754/22/178 4755/22/178 4758/22/178 4757/22/178
f 4760/22/178 4759/22/178 4758/22/178 4755/22/178
f 4763/22/178 4761/22/178 4762/22/178 4765/22/178
f 4767/22/178 4765/22/178 4762/22/178 4756/22/178
f 4769/22/178 4767/22/178 4756/22/178 4753/22/178
f 4753/22/178 4751/22/178 4771/22/178 4769/22/178
f 4773/22/178 4771/22/178 4751/22/178 4776/22/178
f 4776/22/178 4744/22/178 4775/22/178 4773/22/178
f 4744/22/178 4742/22/178 4778/22/178 4775/22/178
f 4740/22/178 4780/22/178 4778/22/178 4742/22/178
f 4740/22/178 4785/22/178 4782/22/178 4780/22/178
f 4782/22/178 4785/22/178 4733/22/178 4784/22/178
f 4784/22/178 4733/22/178 4731/22/178 4787/22/178
f 4731/22/178 4729/22/178 4789/22/178 4787/22/178
f 4791/22/178 4789/22/178 4729/22/178 4794/22/178
f 4794/22/178 4722/22/178 4793/22/178 4791/22/178
f 4722/22/178 4720/22/178 4796/22/178 4793/22/178
f 4718/22/178 4798/22/178 4796/22/178 4720/22/178
f 4800/22/178 4798/22/178 4718/22/178 4803/22/178
f 4803/22/178 4711/22/178 4802/22/178 4800/22/178
f 4711/22/178 4709/22/178 4805/22/178 4802/22/178
f 4707/22/178 4807/22/178 4805/22/178 4709/22/178
f 4809/22/178 4807/22/178 4707/22/178 4812/22/178
f 4812/22/178 4700/22/178 4811/22/178 4809/22/178
f 4700/22/178 4698/22/178 4814/22/178 4811/22/178
f 4696/22/178 4816/22/178 4814/22/178 4698/22/178
f 4696/22/178 4821/22/178 4818/22/178 4816/22/178
f 4818/22/178 4821/22/178 4689/22/178 4820/22/178
f 4820/22/178 4689/22/178 4687/22/178 4823/22/178
f 4687/22/178 4685/22/178 4825/22/178 4823/22/178
f 4827/22/178 4825/22/178 4685/22/178 4830/22/178
f 4678/22/178 4829/22/178 4827/22/178 4830/22/178
f 4676/22/178 4832/22/178 4829/22/178 4678/22/178
f 4674/22/178 4834/22/178 4832/22/178 4676/22/178
f 4835/22/178 4836/22/178 4837/22/178 4833/22/178
f 4833/22/178 4837/22/178 4838/22/178 4831/22/178
f 4831/22/178 4838/22/178 4839/22/178 4828/22/178
f 4839/22/178 4840/22/178 4826/22/178 4828/22/178
f 4824/22/178 4826/22/178 4840/22/178 4841/22/178
f 4842/22/178 4822/22/178 4824/22/178 4841/22/178
f 4843/22/178 4819/22/178 4822/22/178 4842/22/178
f 4817/22/178 4819/22/178 4843/22/178 4844/22/178
f 4817/22/178 4844/22/178 4845/22/178 4815/22/178
f 4813/22/178 4815/22/178 4845/22/178 4846/22/178
f 4810/22/178 4813/22/178 4846/22/178 4847/22/178
f 4847/22/178 4848/22/178 4808/22/178 4810/22/178
f 4808/22/178 4848/22/178 4849/22/178 4806/22/178
f 4804/22/178 4806/22/178 4849/22/178 4850/22/178
f 4801/22/178 4804/22/178 4850/22/178 4851/22/178
f 4851/22/178 4852/22/178 4799/22/178 4801/22/178
f 4799/22/178 4852/22/178 4853/22/178 4797/22/178
f 4795/22/178 4797/22/178 4853/22/178 4854/22/178
f 4792/22/178 4795/22/178 4854/22/178 4855/22/178
f 4855/22/178 4856/22/178 4790/22/178 4792/22/178
f 4788/22/178 4790/22/178 4856/22/178 4857/22/178
f 4858/22/178 4786/22/178 4788/22/178 4857/22/178
f 4859/22/178 4783/22/178 4786/22/178 4858/22/178
f 4781/22/178 4783/22/178 4859/22/178 4860/22/178
f 4781/22/178 4860/22/178 4861/22/178 4779/22/178
f 4777/22/178 4779/22/178 4861/22/178 4862/22/178
f 4774/22/178 4777/22/178 4862/22/178 4863/22/178
f 4863/22/178 4864/22/178 4772/22/178 4774/22/178
f 4770/22/178 4772/22/178 4864/22/178 4865/22/178
f 4865/22/178 4866/22/178 4768/22/178 4770/22/178
f 4866/22/178 4867/22/178 4766/22/178 4768/22/178
f 4868/22/178 4764/22/178 4766/22/178 4867/22/178
f 4549/22/1770 4548/22/1771 4746/22/1771 4747/22/1770
f 4659/22/276 4660/22/275 4858/22/275 4857/22/276
f 4646/22/263 4647/22/1772 4845/22/1772 4844/22/263
f 4550/22/1773 4549/22/1770 4747/22/1770 4748/22/1773
f 4660/22/275 4661/22/280 4859/22/280 4858/22/275
f 4493/22/308 4485/22/304 4683/22/304 4691/22/308
f 4647/22/1772 4648/22/300 4846/22/300 4845/22/1772
f 4551/22/1774 4550/22/1773 4748/22/1773 4749/22/1774
f 4494/22/312 4493/22/308 4691/22/308 4692/22/312
f 4474/22/282 4473/22/281 4671/22/281 4672/22/282
f 4661/22/280 4662/22/283 4860/22/283 4859/22/280
f 4495/22/251 4494/22/312 4692/22/312 4693/22/251
f 4648/22/300 4649/22/302 4847/22/302 4846/22/300
f 4473/22/233 4475/22/233 4673/22/233 4671/22/233
f 4515/22/279 4507/22/274 4705/22/274 4713/22/279
f 4662/22/283 4663/22/1775 4861/22/1775 4860/22/283
f 4496/22/252 4495/22/251 4693/22/251 4694/22/252
f 4649/22/302 4650/22/1776 4848/22/1776 4847/22/302
f 4516/22/285 4515/22/279 4713/22/279 4714/22/285
f 4517/22/291 4516/22/285 4714/22/285 4715/22/291
f 4663/22/1775 4664/22/1777 4862/22/1777 4861/22/1775
f 4650/22/1776 4651/22/267 4849/22/267 4848/22/1776
f 4476/22/233 4636/22/233 4834/22/233 4674/22/233
f 4537/22/250 4529/22/249 4727/22/249 4735/22/250
f 4518/22/1778 4517/22/291 4715/22/291 4716/22/1778
f 4664/22/1777 4665/22/1779 4863/22/1779 4862/22/1777
f 4651/22/267 4652/22/266 4850/22/266 4849/22/267
f 4637/22/233 4638/22/233 4836/22/233 4835/22/233
f 4538/22/254 4537/22/250 4735/22/250 4736/22/254
f 4638/22/261 4639/22/260 4837/22/260 4836/22/261
f 4539/22/262 4538/22/254 4736/22/254 4737/22/262
f 4665/22/1779 4666/22/1780 4864/22/1780 4863/22/1779
f 4652/22/266 4653/22/271 4851/22/271 4850/22/266
f 4639/22/260 4640/22/287 4838/22/287 4837/22/260
f 4482/22/286 4474/22/282 4672/22/282 4680/22/286
f 4559/22/1781 4551/22/1774 4749/22/1774 4757/22/1781
f 4540/22/1782 4539/22/262 4737/22/262 4738/22/1782
f 4666/22/1780 4667/22/1783 4865/22/1783 4864/22/1780
f 4653/22/271 4654/22/272 4852/22/272 4851/22/271
f 4483/22/294 4482/22/286 4680/22/286 4681/22/294
f 4560/22/1784 4559/22/1781 4757/22/1781 4758/22/1784
f 4640/22/287 4641/22/292 4839/22/292 4838/22/287
f 4484/22/299 4483/22/294 4681/22/294 4682/22/299
f 4561/22/1785 4560/22/1784 4758/22/1784 4759/22/1785
f 4667/22/1783 4668/22/1786 4866/22/1786 4865/22/1783
f 4654/22/272 4655/22/1787 4853/22/1787 4852/22/272
f 4641/22/292 4642/22/295 4840/22/295 4839/22/292
f 4504/22/257 4496/22/252 4694/22/252 4702/22/257
f 4485/22/304 4484/22/299 4682/22/299 4683/22/304
f 4562/22/477 4561/22/477 4759/22/477 4760/22/477
f 4668/22/1786 4669/22/1788 4867/22/1788 4866/22/1786
f 4505/22/264 4504/22/257 4702/22/257 4703/22/264
f 4655/22/1787 4656/22/309 4854/22/309 4853/22/1787
f 4642/22/295 4643/22/256 4841/22/256 4840/22/295
f 4506/22/270 4505/22/264 4703/22/264 4704/22/270
f 4669/22/1788 4670/22/1789 4868/22/1789 4867/22/1788
f 4656/22/309 4657/22/310 4855/22/310 4854/22/309
f 4643/22/256 4644/22/255 4842/22/255 4841/22/256
f 4526/22/303 4518/22/1778 4716/22/1778 4724/22/303
f 4507/22/274 4506/22/270 4704/22/270 4705/22/274
f 4565/22/477 4563/22/477 4761/22/477 4763/22/477
f 4527/22/307 4526/22/303 4724/22/303 4725/22/307
f 4670/22/477 4566/22/477 4764/22/477 4868/22/477
f 4657/22/310 4658/22/313 4856/22/313 4855/22/310
f 4644/22/255 4645/22/259 4843/22/259 4842/22/255
f 4528/22/311 4527/22/307 4725/22/307 4726/22/311
f 4658/22/313 4659/22/276 4857/22/276 4856/22/313
f 4645/22/259 4646/22/263 4844/22/263 4843/22/259
f 4548/22/1771 4540/22/1782 4738/22/1782 4746/22/1771
f 4529/22/249 4528/22/311 4726/22/311 4727/22/249
usemtl White
f 1590/22/177 1589/22/177 1591/22/177 1592/22/177
f 1598/22/177 1599/22/177 1744/22/177 1593/22/177
f 1602/22/177 1603/22/177 1601/22/177 1600/22/177
f 1735/22/177 1604/22/177 1609/22/177 1610/22/177
f 1612/22/177 1611/22/177 1613/22/177 1614/22/177
f 1620/22/177 1621/22/177 1726/22/177 1615/22/177
f 1623/22/177 1622/22/177 1624/22/177 1625/22/177
f 1631/22/177 1632/22/177 1717/22/177 1626/22/177
f 1634/22/177 1633/22/177 1635/22/177 1636/22/177
f 1642/22/177 1643/22/177 1708/22/177 1637/22/177
f 1646/22/177 1647/22/177 1645/22/177 1644/22/177
f 1699/22/177 1648/22/177 1653/22/177 1654/22/177
f 1656/22/177 1655/22/177 1657/22/177 1658/22/177
f 1664/22/177 1665/22/177 1690/22/177 1659/22/177
f 1668/22/177 1670/22/177 1667/22/177 1666/22/177
f 1674/22/177 1675/22/177 1676/22/177 1669/22/177
f 1677/22/177 1678/22/177 1680/22/177 1679/22/177
f 1679/22/177 1680/22/177 1682/22/177 1681/22/177
f 1681/22/177 1682/22/177 1684/22/177 1683/22/177
f 1686/22/177 1685/22/177 1683/22/177 1684/22/177
f 1685/22/177 1686/22/177 1688/22/177 1687/22/177
f 1691/22/177 1689/22/177 1687/22/177 1688/22/177
f 1693/22/177 1692/22/177 1689/22/177 1691/22/177
f 1695/22/177 1694/22/177 1692/22/177 1693/22/177
f 1697/22/177 1696/22/177 1694/22/177 1695/22/177
f 1696/22/177 1697/22/177 1700/22/177 1698/22/177
f 1698/22/177 1700/22/177 1702/22/177 1701/22/177
f 1704/22/177 1703/22/177 1701/22/177 1702/22/177
f 1703/22/177 1704/22/177 1706/22/177 1705/22/177
f 1709/22/177 1707/22/177 1705/22/177 1706/22/177
f 1711/22/177 1710/22/177 1707/22/177 1709/22/177
f 1713/22/177 1712/22/177 1710/22/177 1711/22/177
f 1712/22/177 1713/22/177 1715/22/177 1714/22/177
f 1718/22/177 1716/22/177 1714/22/177 1715/22/177
f 1720/22/177 1719/22/177 1716/22/177 1718/22/177
f 1722/22/177 1721/22/177 1719/22/177 1720/22/177
f 1721/22/177 1722/22/177 1724/22/177 1723/22/177
f 1727/22/177 1725/22/177 1723/22/177 1724/22/177
f 1729/22/177 1728/22/177 1725/22/177 1727/22/177
f 1731/22/177 1730/22/177 1728/22/177 1729/22/177
f 1733/22/177 1732/22/177 1730/22/177 1731/22/177
f 1732/22/177 1733/22/177 1736/22/177 1734/22/177
f 1734/22/177 1736/22/177 1738/22/177 1737/22/177
f 1740/22/177 1739/22/177 1737/22/177 1738/22/177
f 1739/22/177 1740/22/177 1742/22/177 1741/22/177
f 1745/22/177 1743/22/177 1741/22/177 1742/22/177
f 1747/22/177 1746/22/177 1743/22/177 1745/22/177
f 1749/22/177 1748/22/177 1746/22/177 1747/22/177
f 1788/22/178 1790/22/178 1789/22/178 1787/22/178
f 1796/22/178 1791/22/178 1942/22/178 1797/22/178
f 1800/22/178 1798/22/178 1799/22/178 1801/22/178
f 1933/22/178 1808/22/178 1807/22/178 1802/22/178
f 1810/22/178 1812/22/178 1811/22/178 1809/22/178
f 1818/22/178 1813/22/178 1924/22/178 1819/22/178
f 1821/22/178 1823/22/178 1822/22/178 1820/22/178
f 1829/22/178 1824/22/178 1915/22/178 1830/22/178
f 1832/22/178 1834/22/178 1833/22/178 1831/22/178
f 1840/22/178 1835/22/178 1906/22/178 1841/22/178
f 1844/22/178 1842/22/178 1843/22/178 1845/22/178
f 1897/22/178 1852/22/178 1851/22/178 1846/22/178
f 1854/22/178 1856/22/178 1855/22/178 1853/22/178
f 1862/22/178 1857/22/178 1888/22/178 1863/22/178
f 1866/22/178 1864/22/178 1865/22/178 1868/22/178
f 1872/22/178 1867/22/178 1874/22/178 1873/22/178
f 1875/22/178 1877/22/178 1878/22/178 1876/22/178
f 1877/22/178 1879/22/178 1880/22/178 1878/22/178
f 1879/22/178 1881/22/178 1882/22/178 1880/22/178
f 1884/22/178 1882/22/178 1881/22/178 1883/22/178
f 1883/22/178 1885/22/178 1886/22/178 1884/22/178
f 1889/22/178 1886/22/178 1885/22/178 1887/22/178
f 1891/22/178 1889/22/178 1887/22/178 1890/22/178
f 1893/22/178 1891/22/178 1890/22/178 1892/22/178
f 1895/22/178 1893/22/178 1892/22/178 1894/22/178
f 1894/22/178 1896/22/178 1898/22/178 1895/22/178
f 1896/22/178 1899/22/178 1900/22/178 1898/22/178
f 1902/22/178 1900/22/178 1899/22/178 1901/22/178
f 1901/22/178 1903/22/178 1904/22/178 1902/22/178
f 1907/22/178 1904/22/178 1903/22/178 1905/22/178
f 1909/22/178 1907/22/178 1905/22/178 1908/22/178
f 1911/22/178 1909/22/178 1908/22/178 1910/22/178
f 1910/22/178 1912/22/178 1913/22/178 1911/22/178
f 1916/22/178 1913/22/178 1912/22/178 1914/22/178
f 1918/22/178 1916/22/178 1914/22/178 1917/22/178
f 1920/22/178 1918/22/178 1917/22/178 1919/22/178
f 1919/22/178 1921/22/178 1922/22/178 1920/22/178
f 1925/22/178 1922/22/178 1921/22/178 1923/22/178
f 1927/22/178 1925/22/178 1923/22/178 1926/22/178
f 1929/22/178 1927/22/178 1926/22/178 1928/22/178
f 1931/22/178 1929/22/178 1928/22/178 1930/22/178
f 1930/22/178 1932/22/178 1934/22/178 1931/22/178
f 1932/22/178 1935/22/178 1936/22/178 1934/22/178
f 1938/22/178 1936/22/178 1935/22/178 1937/22/178
f 1937/22/178 1939/22/178 1940/22/178 1938/22/178
f 1943/22/178 1940/22/178 1939/22/178 1941/22/178
f 1945/22/178 1943/22/178 1941/22/178 1944/22/178
f 1947/22/178 1945/22/178 1944/22/178 1946/22/178
f 1748/22/197 1749/22/197 1947/22/197 1946/22/197
f 1675/22/233 1674/22/233 1872/22/233 1873/22/233
f 1678/22/233 1677/22/233 1875/22/233 1876/22/233
f 1986/22/177 1985/22/177 1987/22/177 1988/22/177
f 1994/22/177 1995/22/177 2140/22/177 1989/22/177
f 1998/22/177 1999/22/177 1997/22/177 1996/22/177
f 2131/22/177 2000/22/177 2005/22/177 2006/22/177
f 2008/22/177 2007/22/177 2009/22/177 2010/22/177
f 2016/22/177 2017/22/177 2122/22/177 2011/22/177
f 2019/22/177 2018/22/177 2020/22/177 2021/22/177
f 2027/22/177 2028/22/177 2113/22/177 2022/22/177
f 2030/22/177 2029/22/177 2031/22/177 2032/22/177
f 2038/22/177 2039/22/177 2104/22/177 2033/22/177
f 2042/22/177 2043/22/177 2041/22/177 2040/22/177
f 2095/22/177 2044/22/177 2049/22/177 2050/22/177
f 2052/22/177 2051/22/177 2053/22/177 2054/22/177
f 2060/22/177 2061/22/177 2086/22/177 2055/22/177
f 2064/22/177 2066/22/177 2063/22/177 2062/22/177
f 2070/22/177 2071/22/177 2072/22/177 2065/22/177
f 2073/22/177 2074/22/177 2076/22/177 2075/22/177
f 2075/22/177 2076/22/177 2078/22/177 2077/22/177
f 2077/22/177 2078/22/177 2080/22/177 2079/22/177
f 2082/22/177 2081/22/177 2079/22/177 2080/22/177
f 2081/22/177 2082/22/177 2084/22/177 2083/22/177
f 2087/22/177 2085/22/177 2083/22/177 2084/22/177
f 2089/22/177 2088/22/177 2085/22/177 2087/22/177
f 2091/22/177 2090/22/177 2088/22/177 2089/22/177
f 2093/22/177 2092/22/177 2090/22/177 2091/22/177
f 2092/22/177 2093/22/177 2096/22/177 2094/22/177
f 2094/22/177 2096/22/177 2098/22/177 2097/22/177
f 2100/22/177 2099/22/177 2097/22/177 2098/22/177
f 2099/22/177 2100/22/177 2102/22/177 2101/22/177
f 2105/22/177 2103/22/177 2101/22/177 2102/22/177
f 2107/22/177 2106/22/177 2103/22/177 2105/22/177
f 2109/22/177 2108/22/177 2106/22/177 2107/22/177
f 2108/22/177 2109/22/177 2111/22/177 2110/22/177
f 2114/22/177 2112/22/177 2110/22/177 2111/22/177
f 2116/22/177 2115/22/177 2112/22/177 2114/22/177
f 2118/22/177 2117/22/177 2115/22/177 2116/22/177
f 2117/22/177 2118/22/177 2120/22/177 2119/22/177
f 2123/22/177 2121/22/177 2119/22/177 2120/22/177
f 2125/22/177 2124/22/177 2121/22/177 2123/22/177
f 2127/22/177 2126/22/177 2124/22/177 2125/22/177
f 2129/22/177 2128/22/177 2126/22/177 2127/22/177
f 2128/22/177 2129/22/177 2132/22/177 2130/22/177
f 2130/22/177 2132/22/177 2134/22/177 2133/22/177
f 2136/22/177 2135/22/177 2133/22/177 2134/22/177
f 2135/22/177 2136/22/177 2138/22/177 2137/22/177
f 2141/22/177 2139/22/177 2137/22/177 2138/22/177
f 2143/22/177 2142/22/177 2139/22/177 2141/22/177
f 2145/22/177 2144/22/177 2142/22/177 2143/22/177
f 2184/22/178 2186/22/178 2185/22/178 2183/22/178
f 2192/22/178 2187/22/178 2338/22/178 2193/22/178
f 2196/22/178 2194/22/178 2195/22/178 2197/22/178
f 2329/22/178 2204/22/178 2203/22/178 2198/22/178
f 2206/22/178 2208/22/178 2207/22/178 2205/22/178
f 2214/22/178 2209/22/178 2320/22/178 2215/22/178
f 2217/22/178 2219/22/178 2218/22/178 2216/22/178
f 2225/22/178 2220/22/178 2311/22/178 2226/22/178
f 2228/22/178 2230/22/178 2229/22/178 2227/22/178
f 2236/22/178 2231/22/178 2302/22/178 2237/22/178
f 2240/22/178 2238/22/178 2239/22/178 2241/22/178
f 2293/22/178 2248/22/178 2247/22/178 2242/22/178
f 2250/22/178 2252/22/178 2251/22/178 2249/22/178
f 2258/22/178 2253/22/178 2284/22/178 2259/22/178
f 2262/22/178 2260/22/178 2261/22/178 2264/22/178
f 2268/22/178 2263/22/178 2270/22/178 2269/22/178
f 2271/22/178 2273/22/178 2274/22/178 2272/22/178
f 2273/22/178 2275/22/178 2276/22/178 2274/22/178
f 2275/22/178 2277/22/178 2278/22/178 2276/22/178
f 2280/22/178 2278/22/178 2277/22/178 2279/22/178
f 2279/22/178 2281/22/178 2282/22/178 2280/22/178
f 2285/22/178 2282/22/178 2281/22/178 2283/22/178
f 2287/22/178 2285/22/178 2283/22/178 2286/22/178
f 2289/22/178 2287/22/178 2286/22/178 2288/22/178
f 2291/22/178 2289/22/178 2288/22/178 2290/22/178
f 2290/22/178 2292/22/178 2294/22/178 2291/22/178
f 2292/22/178 2295/22/178 2296/22/178 2294/22/178
f 2298/22/178 2296/22/178 2295/22/178 2297/22/178
f 2297/22/178 2299/22/178 2300/22/178 2298/22/178
f 2303/22/178 2300/22/178 2299/22/178 2301/22/178
f 2305/22/178 2303/22/178 2301/22/178 2304/22/178
f 2307/22/178 2305/22/178 2304/22/178 2306/22/178
f 2306/22/178 2308/22/178 2309/22/178 2307/22/178
f 2312/22/178 2309/22/178 2308/22/178 2310/22/178
f 2314/22/178 2312/22/178 2310/22/178 2313/22/178
f 2316/22/178 2314/22/178 2313/22/178 2315/22/178
f 2315/22/178 2317/22/178 2318/22/178 2316/22/178
f 2321/22/178 2318/22/178 2317/22/178 2319/22/178
f 2323/22/178 2321/22/178 2319/22/178 2322/22/178
f 2325/22/178 2323/22/178 2322/22/178 2324/22/178
f 2327/22/178 2325/22/178 2324/22/178 2326/22/178
f 2326/22/178 2328/22/178 2330/22/178 2327/22/178
f 2328/22/178 2331/22/178 2332/22/178 2330/22/178
f 2334/22/178 2332/22/178 2331/22/178 2333/22/178
f 2333/22/178 2335/22/178 2336/22/178 2334/22/178
f 2339/22/178 2336/22/178 2335/22/178 2337/22/178
f 2341/22/178 2339/22/178 2337/22/178 2340/22/178
f 2343/22/178 2341/22/178 2340/22/178 2342/22/178
f 2144/22/265 2145/22/265 2343/22/265 2342/22/265
f 2071/22/197 2070/22/197 2268/22/197 2269/22/197
f 2074/22/197 2073/22/197 2271/22/197 2272/22/197
f 2572/22/177 2574/22/532 2573/22/532 2571/22/177
f 2576/22/534 2728/22/536 2577/22/537 2575/22/535
f 2583/22/543 2585/22/544 2584/22/542 2582/22/539
f 2588/22/548 2586/22/545 2587/22/546 2719/22/549
f 2594/22/555 2596/22/556 2595/22/553 2593/22/552
f 2598/22/557 2710/22/560 2599/22/561 2597/22/558
f 2605/22/567 2607/22/568 2606/22/565 2604/22/563
f 2609/22/569 2701/22/571 2610/22/572 2608/22/570
f 2616/22/577 2618/22/578 2617/22/576 2615/22/575
f 2620/22/579 2692/22/581 2621/22/582 2619/22/580
f 2627/22/587 2629/22/588 2628/22/586 2626/22/585
f 2632/22/591 2630/22/589 2631/22/590 2683/22/592
f 2638/22/597 2640/22/598 2639/22/596 2637/22/595
f 2642/22/599 2674/22/601 2643/22/602 2641/22/600
f 2649/22/607 2651/22/608 2650/22/606 2648/22/605
f 2653/22/611 2652/22/609 2654/22/610 2660/22/612
f 2661/22/616 2663/22/617 2664/22/618 2662/22/619
f 2663/22/617 2665/22/620 2666/22/621 2664/22/618
f 2665/22/620 2667/22/622 2668/22/623 2666/22/621
f 2670/22/624 2668/22/623 2667/22/622 2669/22/625
f 2669/22/625 2671/22/626 2672/22/627 2670/22/624
f 2675/22/628 2672/22/627 2671/22/626 2673/22/629
f 2677/22/630 2675/22/628 2673/22/629 2676/22/631
f 2679/22/632 2677/22/630 2676/22/631 2678/22/633
f 2681/22/634 2679/22/632 2678/22/633 2680/22/635
f 2680/22/635 2682/22/636 2684/22/637 2681/22/634
f 2682/22/636 2685/22/638 2686/22/639 2684/22/637
f 2688/22/640 2686/22/639 2685/22/638 2687/22/641
f 2687/22/641 2689/22/642 2690/22/643 2688/22/640
f 2693/22/644 2690/22/643 2689/22/642 2691/22/645
f 2695/22/646 2693/22/644 2691/22/645 2694/22/647
f 2697/22/648 2695/22/646 2694/22/647 2696/22/649
f 2696/22/649 2698/22/650 2699/22/651 2697/22/648
f 2702/22/652 2699/22/651 2698/22/650 2700/22/653
f 2704/22/654 2702/22/652 2700/22/653 2703/22/655
f 2706/22/656 2704/22/654 2703/22/655 2705/22/657
f 2705/22/657 2707/22/658 2708/22/659 2706/22/656
f 2711/22/660 2708/22/659 2707/22/658 2709/22/661
f 2713/22/662 2711/22/660 2709/22/661 2712/22/663
f 2715/22/664 2713/22/662 2712/22/663 2714/22/665
f 2717/22/666 2715/22/664 2714/22/665 2716/22/667
f 2716/22/667 2718/22/668 2720/22/669 2717/22/666
f 2718/22/668 2721/22/670 2722/22/671 2720/22/669
f 2724/22/672 2722/22/671 2721/22/670 2723/22/673
f 2723/22/673 2725/22/674 2726/22/675 2724/22/672
f 2729/22/676 2726/22/675 2725/22/674 2727/22/677
f 2731/22/678 2729/22/676 2727/22/677 2730/22/679
f 2733/22/680 2731/22/678 2730/22/679 2732/22/680
f 3032/22/178 3034/22/857 3033/22/855 3031/22/854
f 3036/22/858 3188/22/861 3037/22/862 3035/22/859
f 3043/22/868 3045/22/869 3044/22/867 3042/22/864
f 3048/22/873 3046/22/870 3047/22/871 3179/22/874
f 3054/22/880 3056/22/881 3055/22/878 3053/22/877
f 3058/22/882 3170/22/885 3059/22/886 3057/22/883
f 3065/22/890 3067/22/891 3066/22/892 3064/22/888
f 3069/22/893 3161/22/896 3070/22/897 3068/22/894
f 3076/22/900 3078/22/901 3077/22/902 3075/22/898
f 3080/22/903 3152/22/906 3081/22/907 3079/22/904
f 3087/22/910 3089/22/911 3088/22/912 3086/22/908
f 3092/22/916 3090/22/913 3091/22/914 3143/22/917
f 3098/22/920 3100/22/921 3099/22/922 3097/22/919
f 3102/22/923 3134/22/926 3103/22/927 3101/22/924
f 3109/22/930 3111/22/931 3110/22/932 3108/22/928
f 3113/22/936 3112/22/933 3114/22/934 3120/22/937
f 3121/22/941 3123/22/942 3124/22/943 3122/22/944
f 3123/22/942 3125/22/945 3126/22/946 3124/22/943
f 3125/22/945 3127/22/947 3128/22/948 3126/22/946
f 3130/22/949 3128/22/948 3127/22/947 3129/22/950
f 3129/22/950 3131/22/951 3132/22/952 3130/22/949
f 3135/22/953 3132/22/952 3131/22/951 3133/22/954
f 3137/22/955 3135/22/953 3133/22/954 3136/22/956
f 3139/22/957 3137/22/955 3136/22/956 3138/22/958
f 3141/22/959 3139/22/957 3138/22/958 3140/22/960
f 3140/22/960 3142/22/961 3144/22/962 3141/22/959
f 3142/22/961 3145/22/963 3146/22/964 3144/22/962
f 3148/22/965 3146/22/964 3145/22/963 3147/22/966
f 3147/22/966 3149/22/967 3150/22/968 3148/22/965
f 3153/22/969 3150/22/968 3149/22/967 3151/22/970
f 3155/22/971 3153/22/969 3151/22/970 3154/22/972
f 3157/22/973 3155/22/971 3154/22/972 3156/22/974
f 3156/22/974 3158/22/975 3159/22/976 3157/22/973
f 3162/22/977 3159/22/976 3158/22/975 3160/22/978
f 3164/22/979 3162/22/977 3160/22/978 3163/22/980
f 3166/22/981 3164/22/979 3163/22/980 3165/22/982
f 3165/22/982 3167/22/983 3168/22/984 3166/22/981
f 3171/22/985 3168/22/984 3167/22/983 3169/22/986
f 3173/22/987 3171/22/985 3169/22/986 3172/22/988
f 3175/22/989 3173/22/987 3172/22/988 3174/22/990
f 3177/22/991 3175/22/989 3174/22/990 3176/22/992
f 3176/22/992 3178/22/993 3180/22/994 3177/22/991
f 3178/22/993 3181/22/995 3182/22/996 3180/22/994
f 3184/22/997 3182/22/996 3181/22/995 3183/22/998
f 3183/22/998 3185/22/999 3186/22/1000 3184/22/997
f 3189/22/1001 3186/22/1000 3185/22/999 3187/22/1002
f 3191/22/1003 3189/22/1001 3187/22/1002 3190/22/1004
f 3193/22/1005 3191/22/1003 3190/22/1004 3192/22/1006
f 3422/22/178 3424/22/1229 3423/22/1227 3421/22/178
f 3426/22/1230 3578/22/1233 3427/22/1234 3425/22/1231
f 3433/22/1240 3435/22/1241 3434/22/1239 3432/22/1236
f 3438/22/1245 3436/22/1242 3437/22/1243 3569/22/1246
f 3444/22/1252 3446/22/1253 3445/22/1250 3443/22/1249
f 3448/22/1254 3560/22/1257 3449/22/1258 3447/22/1255
f 3455/22/1264 3457/22/1265 3456/22/1262 3454/22/1260
f 3459/22/1266 3551/22/1268 3460/22/1269 3458/22/1267
f 3466/22/1274 3468/22/1275 3467/22/1273 3465/22/1272
f 3470/22/1276 3542/22/1278 3471/22/1279 3469/22/1277
f 3477/22/1284 3479/22/1285 3478/22/1283 3476/22/1282
f 3482/22/1288 3480/22/1286 3481/22/1287 3533/22/1289
f 3488/22/1294 3490/22/1295 3489/22/1293 3487/22/1292
f 3492/22/1296 3524/22/1298 3493/22/1299 3491/22/1297
f 3499/22/1304 3501/22/1305 3500/22/1303 3498/22/1302
f 3503/22/1308 3502/22/1306 3504/22/1307 3510/22/1309
f 3511/22/1314 3513/22/1315 3514/22/1316 3512/22/1316
f 3513/22/1317 3515/22/1318 3516/22/1319 3514/22/1320
f 3515/22/1318 3517/22/1321 3518/22/1322 3516/22/1319
f 3520/22/1323 3518/22/1322 3517/22/1321 3519/22/1324
f 3519/22/1324 3521/22/1325 3522/22/1326 3520/22/1323
f 3525/22/1327 3522/22/1326 3521/22/1325 3523/22/1328
f 3527/22/1329 3525/22/1327 3523/22/1328 3526/22/1330
f 3529/22/1331 3527/22/1329 3526/22/1330 3528/22/1332
f 3531/22/1333 3529/22/1331 3528/22/1332 3530/22/1334
f 3530/22/1334 3532/22/1335 3534/22/1336 3531/22/1333
f 3532/22/1335 3535/22/1337 3536/22/1338 3534/22/1336
f 3538/22/1339 3536/22/1338 3535/22/1337 3537/22/1340
f 3537/22/1340 3539/22/1341 3540/22/1342 3538/22/1339
f 3543/22/1343 3540/22/1342 3539/22/1341 3541/22/1344
f 3545/22/1345 3543/22/1343 3541/22/1344 3544/22/1346
f 3547/22/1347 3545/22/1345 3544/22/1346 3546/22/1348
f 3546/22/1348 3548/22/1349 3549/22/1350 3547/22/1347
f 3552/22/1351 3549/22/1350 3548/22/1349 3550/22/1352
f 3554/22/1353 3552/22/1351 3550/22/1352 3553/22/1354
f 3556/22/1355 3554/22/1353 3553/22/1354 3555/22/1356
f 3555/22/1356 3557/22/1357 3558/22/1358 3556/22/1355
f 3561/22/1359 3558/22/1358 3557/22/1357 3559/22/1360
f 3563/22/1361 3561/22/1359 3559/22/1360 3562/22/1362
f 3565/22/1363 3563/22/1361 3562/22/1362 3564/22/1364
f 3567/22/1365 3565/22/1363 3564/22/1364 3566/22/1366
f 3566/22/1366 3568/22/1367 3570/22/1368 3567/22/1365
f 3568/22/1367 3571/22/1369 3572/22/1370 3570/22/1368
f 3574/22/1371 3572/22/1370 3571/22/1369 3573/22/1372
f 3573/22/1372 3575/22/1373 3576/22/1374 3574/22/1371
f 3579/22/1375 3576/22/1374 3575/22/1373 3577/22/1376
f 3581/22/1377 3579/22/1375 3577/22/1376 3580/22/1378
f 3583/22/854 3581/22/1377 3580/22/1378 3582/22/854
f 3882/22/177 3884/22/1568 3883/22/1566 3881/22/680
f 3886/22/1569 4038/22/1572 3887/22/1573 3885/22/1570
f 3893/22/1579 3895/22/1580 3894/22/1578 3892/22/1575
f 3898/22/1584 3896/22/1581 3897/22/1582 4029/22/1585
f 3904/22/1591 3906/22/1592 3905/22/1589 3903/22/1588
f 3908/22/1593 4020/22/1596 3909/22/1597 3907/22/1594
f 3915/22/1601 3917/22/1602 3916/22/1603 3914/22/1599
f 3919/22/1604 4011/22/1607 3920/22/1608 3918/22/1605
f 3926/22/1611 3928/22/1612 3927/22/1613 3925/22/1609
f 3930/22/1614 4002/22/1617 3931/22/1618 3929/22/1615
f 3937/22/1621 3939/22/1622 3938/22/1623 3936/22/1619
f 3942/22/1627 3940/22/1624 3941/22/1625 3993/22/1628
f 3948/22/1631 3950/22/1632 3949/22/1633 3947/22/1630
f 3952/22/1634 3984/22/1637 3953/22/1638 3951/22/1635
f 3959/22/1641 3961/22/1642 3960/22/1643 3958/22/1639
f 3963/22/1647 3962/22/1644 3964/22/1645 3970/22/1648
f 3971/22/1652 3973/22/1653 3974/22/1654 3972/22/1655
f 3973/22/1653 3975/22/1656 3976/22/1657 3974/22/1654
f 3975/22/1656 3977/22/1658 3978/22/1659 3976/22/1657
f 3980/22/1660 3978/22/1659 3977/22/1658 3979/22/1661
f 3979/22/1661 3981/22/1662 3982/22/1663 3980/22/1660
f 3985/22/1664 3982/22/1663 3981/22/1662 3983/22/1665
f 3987/22/1666 3985/22/1664 3983/22/1665 3986/22/1667
f 3989/22/1668 3987/22/1666 3986/22/1667 3988/22/1669
f 3991/22/1670 3989/22/1668 3988/22/1669 3990/22/1671
f 3990/22/1671 3992/22/1672 3994/22/1673 3991/22/1670
f 3992/22/1672 3995/22/1674 3996/22/1675 3994/22/1673
f 3998/22/1676 3996/22/1675 3995/22/1674 3997/22/1677
f 3997/22/1677 3999/22/1678 4000/22/1679 3998/22/1676
f 4003/22/1680 4000/22/1679 3999/22/1678 4001/22/1681
f 4005/22/1682 4003/22/1680 4001/22/1681 4004/22/1683
f 4007/22/1684 4005/22/1682 4004/22/1683 4006/22/1685
f 4006/22/1685 4008/22/1686 4009/22/1687 4007/22/1684
f 4012/22/1688 4009/22/1687 4008/22/1686 4010/22/1689
f 4014/22/1690 4012/22/1688 4010/22/1689 4013/22/1691
f 4016/22/1692 4014/22/1690 4013/22/1691 4015/22/1693
f 4015/22/1693 4017/22/1694 4018/22/1695 4016/22/1692
f 4021/22/1696 4018/22/1695 4017/22/1694 4019/22/1697
f 4023/22/1698 4021/22/1696 4019/22/1697 4022/22/1699
f 4025/22/1700 4023/22/1698 4022/22/1699 4024/22/1701
f 4027/22/1702 4025/22/1700 4024/22/1701 4026/22/1703
f 4026/22/1703 4028/22/1705 4030/22/1706 4027/22/1702
f 4028/22/1705 4031/22/1707 4032/22/1708 4030/22/1706
f 4034/22/1709 4032/22/1708 4031/22/1707 4033/22/1710
f 4033/22/1710 4035/22/1711 4036/22/1712 4034/22/1709
f 4039/22/1713 4036/22/1712 4035/22/1711 4037/22/1714
f 4041/22/1715 4039/22/1713 4037/22/1714 4040/22/1716
f 4043/22/1717 4041/22/1715 4040/22/1716 4042/22/1718
f 4082/22/177 4081/22/177 4083/22/177 4084/22/177
f 4090/22/177 4091/22/177 4236/22/177 4085/22/177
f 4094/22/177 4095/22/177 4093/22/177 4092/22/177
f 4227/22/177 4096/22/177 4101/22/177 4102/22/177
f 4104/22/177 4103/22/177 4105/22/177 4106/22/177
f 4112/22/177 4113/22/177 4218/22/177 4107/22/177
f 4115/22/177 4114/22/177 4116/22/177 4117/22/177
f 4123/22/177 4124/22/177 4209/22/177 4118/22/177
f 4126/22/177 4125/22/177 4127/22/177 4128/22/177
f 4134/22/177 4135/22/177 4200/22/177 4129/22/177
f 4138/22/177 4139/22/177 4137/22/177 4136/22/177
f 4191/22/177 4140/22/177 4145/22/177 4146/22/177
f 4148/22/177 4147/22/177 4149/22/177 4150/22/177
f 4156/22/177 4157/22/177 4182/22/177 4151/22/177
f 4160/22/177 4162/22/177 4159/22/177 4158/22/177
f 4166/22/177 4167/22/177 4168/22/177 4161/22/177
f 4169/22/177 4170/22/177 4172/22/177 4171/22/177
f 4171/22/177 4172/22/177 4174/22/177 4173/22/177
f 4173/22/177 4174/22/177 4176/22/177 4175/22/177
f 4178/22/177 4177/22/177 4175/22/177 4176/22/177
f 4177/22/177 4178/22/177 4180/22/177 4179/22/177
f 4183/22/177 4181/22/177 4179/22/177 4180/22/177
f 4185/22/177 4184/22/177 4181/22/177 4183/22/177
f 4187/22/177 4186/22/177 4184/22/177 4185/22/177
f 4189/22/177 4188/22/177 4186/22/177 4187/22/177
f 4188/22/177 4189/22/177 4192/22/177 4190/22/177
f 4190/22/177 4192/22/177 4194/22/177 4193/22/177
f 4196/22/177 4195/22/177 4193/22/177 4194/22/177
f 4195/22/177 4196/22/177 4198/22/177 4197/22/177
f 4201/22/177 4199/22/177 4197/22/177 4198/22/177
f 4203/22/177 4202/22/177 4199/22/177 4201/22/177
f 4205/22/177 4204/22/177 4202/22/177 4203/22/177
f 4204/22/177 4205/22/177 4207/22/177 4206/22/177
f 4210/22/177 4208/22/177 4206/22/177 4207/22/177
f 4212/22/177 4211/22/177 4208/22/177 4210/22/177
f 4214/22/177 4213/22/177 4211/22/177 4212/22/177
f 4213/22/177 4214/22/177 4216/22/177 4215/22/177
f 4219/22/177 4217/22/177 4215/22/177 4216/22/177
f 4221/22/177 4220/22/177 4217/22/177 4219/22/177
f 4223/22/177 4222/22/177 4220/22/177 4221/22/177
f 4225/22/177 4224/22/177 4222/22/177 4223/22/177
f 4224/22/177 4225/22/177 4228/22/177 4226/22/177
f 4226/22/177 4228/22/177 4230/22/177 4229/22/177
f 4232/22/177 4231/22/177 4229/22/177 4230/22/177
f 4231/22/177 4232/22/177 4234/22/177 4233/22/177
f 4237/22/177 4235/22/177 4233/22/177 4234/22/177
f 4239/22/177 4238/22/177 4235/22/177 4237/22/177
f 4241/22/177 4240/22/177 4238/22/177 4239/22/177
f 4280/22/178 4282/22/178 4281/22/178 4279/22/178
f 4288/22/178 4283/22/178 4434/22/178 4289/22/178
f 4292/22/178 4290/22/178 4291/22/178 4293/22/178
f 4425/22/178 4300/22/178 4299/22/178 4294/22/178
f 4302/22/178 4304/22/178 4303/22/178 4301/22/178
f 4310/22/178 4305/22/178 4416/22/178 4311/22/178
f 4313/22/178 4315/22/178 4314/22/178 4312/22/178
f 4321/22/178 4316/22/178 4407/22/178 4322/22/178
f 4324/22/178 4326/22/178 4325/22/178 4323/22/178
f 4332/22/178 4327/22/178 4398/22/178 4333/22/178
f 4336/22/178 4334/22/178 4335/22/178 4337/22/178
f 4389/22/178 4344/22/178 4343/22/178 4338/22/178
f 4346/22/178 4348/22/178 4347/22/178 4345/22/178
f 4354/22/178 4349/22/178 4380/22/178 4355/22/178
f 4358/22/178 4356/22/178 4357/22/178 4360/22/178
f 4364/22/178 4359/22/178 4366/22/178 4365/22/178
f 4367/22/178 4369/22/178 4370/22/178 4368/22/178
f 4369/22/178 4371/22/178 4372/22/178 4370/22/178
f 4371/22/178 4373/22/178 4374/22/178 4372/22/178
f 4376/22/178 4374/22/178 4373/22/178 4375/22/178
f 4375/22/178 4377/22/178 4378/22/178 4376/22/178
f 4381/22/178 4378/22/178 4377/22/178 4379/22/178
f 4383/22/178 4381/22/178 4379/22/178 4382/22/178
f 4385/22/178 4383/22/178 4382/22/178 4384/22/178
f 4387/22/178 4385/22/178 4384/22/178 4386/22/178
f 4386/22/178 4388/22/178 4390/22/178 4387/22/178
f 4388/22/178 4391/22/178 4392/22/178 4390/22/178
f 4394/22/178 4392/22/178 4391/22/178 4393/22/178
f 4393/22/178 4395/22/178 4396/22/178 4394/22/178
f 4399/22/178 4396/22/178 4395/22/178 4397/22/178
f 4401/22/178 4399/22/178 4397/22/178 4400/22/178
f 4403/22/178 4401/22/178 4400/22/178 4402/22/178
f 4402/22/178 4404/22/178 4405/22/178 4403/22/178
f 4408/22/178 4405/22/178 4404/22/178 4406/22/178
f 4410/22/178 4408/22/178 4406/22/178 4409/22/178
f 4412/22/178 4410/22/178 4409/22/178 4411/22/178
f 4411/22/178 4413/22/178 4414/22/178 4412/22/178
f 4417/22/178 4414/22/178 4413/22/178 4415/22/178
f 4419/22/178 4417/22/178 4415/22/178 4418/22/178
f 4421/22/178 4419/22/178 4418/22/178 4420/22/178
f 4423/22/178 4421/22/178 4420/22/178 4422/22/178
f 4422/22/178 4424/22/178 4426/22/178 4423/22/178
f 4424/22/178 4427/22/178 4428/22/178 4426/22/178
f 4430/22/178 4428/22/178 4427/22/178 4429/22/178
f 4429/22/178 4431/22/178 4432/22/178 4430/22/178
f 4435/22/178 4432/22/178 4431/22/178 4433/22/178
f 4437/22/178 4435/22/178 4433/22/178 4436/22/178
f 4439/22/178 4437/22/178 4436/22/178 4438/22/178
f 4240/22/477 4241/22/477 4439/22/477 4438/22/477
f 4167/22/265 4166/22/265 4364/22/265 4365/22/265
f 4170/22/265 4169/22/265 4367/22/265 4368/22/265
f 4478/22/177 4477/22/177 4479/22/177 4480/22/177
f 4486/22/177 4487/22/177 4632/22/177 4481/22/177
f 4490/22/177 4491/22/177 4489/22/177 4488/22/177
f 4623/22/177 4492/22/177 4497/22/177 4498/22/177
f 4500/22/177 4499/22/177 4501/22/177 4502/22/177
f 4508/22/177 4509/22/177 4614/22/177 4503/22/177
f 4511/22/177 4510/22/177 4512/22/177 4513/22/177
f 4519/22/177 4520/22/177 4605/22/177 4514/22/177
f 4522/22/177 4521/22/177 4523/22/177 4524/22/177
f 4530/22/177 4531/22/177 4596/22/177 4525/22/177
f 4534/22/177 4535/22/177 4533/22/177 4532/22/177
f 4587/22/177 4536/22/177 4541/22/177 4542/22/177
f 4544/22/177 4543/22/177 4545/22/177 4546/22/177
f 4552/22/177 4553/22/177 4578/22/177 4547/22/177
f 4556/22/177 4558/22/177 4555/22/177 4554/22/177
f 4562/22/177 4563/22/177 4564/22/177 4557/22/177
f 4565/22/177 4566/22/177 4568/22/177 4567/22/177
f 4567/22/177 4568/22/177 4570/22/177 4569/22/177
f 4569/22/177 4570/22/177 4572/22/177 4571/22/177
f 4574/22/177 4573/22/177 4571/22/177 4572/22/177
f 4573/22/177 4574/22/177 4576/22/177 4575/22/177
f 4579/22/177 4577/22/177 4575/22/177 4576/22/177
f 4581/22/177 4580/22/177 4577/22/177 4579/22/177
f 4583/22/177 4582/22/177 4580/22/177 4581/22/177
f 4585/22/177 4584/22/177 4582/22/177 4583/22/177
f 4584/22/177 4585/22/177 4588/22/177 4586/22/177
f 4586/22/177 4588/22/177 4590/22/177 4589/22/177
f 4592/22/177 4591/22/177 4589/22/177 4590/22/177
f 4591/22/177 4592/22/177 4594/22/177 4593/22/177
f 4597/22/177 4595/22/177 4593/22/177 4594/22/177
f 4599/22/177 4598/22/177 4595/22/177 4597/22/177
f 4601/22/177 4600/22/177 4598/22/177 4599/22/177
f 4600/22/177 4601/22/177 4603/22/177 4602/22/177
f 4606/22/177 4604/22/177 4602/22/177 4603/22/177
f 4608/22/177 4607/22/177 4604/22/177 4606/22/177
f 4610/22/177 4609/22/177 4607/22/177 4608/22/177
f 4609/22/177 4610/22/177 4612/22/177 4611/22/177
f 4615/22/177 4613/22/177 4611/22/177 4612/22/177
f 4617/22/177 4616/22/177 4613/22/177 4615/22/177
f 4619/22/177 4618/22/177 4616/22/177 4617/22/177
f 4621/22/177 4620/22/177 4618/22/177 4619/22/177
f 4620/22/177 4621/22/177 4624/22/177 4622/22/177
f 4622/22/177 4624/22/177 4626/22/177 4625/22/177
f 4628/22/177 4627/22/177 4625/22/177 4626/22/177
f 4627/22/177 4628/22/177 4630/22/177 4629/22/177
f 4633/22/177 4631/22/177 4629/22/177 4630/22/177
f 4635/22/177 4634/22/177 4631/22/177 4633/22/177
f 4637/22/177 4636/22/177 4634/22/177 4635/22/177
f 4676/22/178 4678/22/178 4677/22/178 4675/22/178
f 4684/22/178 4679/22/178 4830/22/178 4685/22/178
f 4688/22/178 4686/22/178 4687/22/178 4689/22/178
f 4821/22/178 4696/22/178 4695/22/178 4690/22/178
f 4698/22/178 4700/22/178 4699/22/178 4697/22/178
f 4706/22/178 4701/22/178 4812/22/178 4707/22/178
f 4709/22/178 4711/22/178 4710/22/178 4708/22/178
f 4717/22/178 4712/22/178 4803/22/178 4718/22/178
f 4720/22/178 4722/22/178 4721/22/178 4719/22/178
f 4728/22/178 4723/22/178 4794/22/178 4729/22/178
f 4732/22/178 4730/22/178 4731/22/178 4733/22/178
f 4785/22/178 4740/22/178 4739/22/178 4734/22/178
f 4742/22/178 4744/22/178 4743/22/178 4741/22/178
f 4750/22/178 4745/22/178 4776/22/178 4751/22/178
f 4754/22/178 4752/22/178 4753/22/178 4756/22/178
f 4760/22/178 4755/22/178 4762/22/178 4761/22/178
f 4763/22/178 4765/22/178 4766/22/178 4764/22/178
f 4765/22/178 4767/22/178 4768/22/178 4766/22/178
f 4767/22/178 4769/22/178 4770/22/178 4768/22/178
f 4772/22/178 4770/22/178 4769/22/178 4771/22/178
f 4771/22/178 4773/22/178 4774/22/178 4772/22/178
f 4777/22/178 4774/22/178 4773/22/178 4775/22/178
f 4779/22/178 4777/22/178 4775/22/178 4778/22/178
f 4781/22/178 4779/22/178 4778/22/178 4780/22/178
f 4783/22/178 4781/22/178 4780/22/178 4782/22/178
f 4782/22/178 4784/22/178 4786/22/178 4783/22/178
f 4784/22/178 4787/22/178 4788/22/178 4786/22/178
f 4790/22/178 4788/22/178 4787/22/178 4789/22/178
f 4789/22/178 4791/22/178 4792/22/178 4790/22/178
f 4795/22/178 4792/22/178 4791/22/178 4793/22/178
f 4797/22/178 4795/22/178 4793/22/178 4796/22/178
f 4799/22/178 4797/22/178 4796/22/178 4798/22/178
f 4798/22/178 4800/22/178 4801/22/178 4799/22/178
f 4804/22/178 4801/22/178 4800/22/178 4802/22/178
f 4806/22/178 4804/22/178 4802/22/178 4805/22/178
f 4808/22/178 4806/22/178 4805/22/178 4807/22/178
f 4807/22/178 4809/22/178 4810/22/178 4808/22/178
f 4813/22/178 4810/22/178 4809/22/178 4811/22/178
f 4815/22/178 4813/22/178 4811/22/178 4814/22/178
f 4817/22/178 4815/22/178 4814/22/178 4816/22/178
f 4819/22/178 4817/22/178 4816/22/178 4818/22/178
f 4818/22/178 4820/22/178 4822/22/178 4819/22/178
f 4820/22/178 4823/22/178 4824/22/178 4822/22/178
f 4826/22/178 4824/22/178 4823/22/178 4825/22/178
f 4825/22/178 4827/22/178 4828/22/178 4826/22/178
f 4831/22/178 4828/22/178 4827/22/178 4829/22/178
f 4833/22/178 4831/22/178 4829/22/178 4832/22/178
f 4835/22/178 4833/22/178 4832/22/178 4834/22/178
f 4636/22/233 4637/22/233 4835/22/233 4834/22/233
f 4563/22/477 4562/22/477 4760/22/477 4761/22/477
f 4566/22/477 4565/22/477 4763/22/477 4764/22/477
usemtl Red
f 1588/22/177 1587/22/177 1589/22/177 1590/22/177
f 1592/22/177 1591/22/177 1593/22/177 1744/22/177
f 1599/22/177 1598/22/177 1600/22/177 1601/22/177
f 1604/22/177 1735/22/177 1603/22/177 1602/22/177
f 1610/22/177 1609/22/177 1611/22/177 1612/22/177
f 1614/22/177 1613/22/177 1615/22/177 1726/22/177
f 1621/22/177 1620/22/177 1622/22/177 1623/22/177
f 1625/22/177 1624/22/177 1626/22/177 1717/22/177
f 1632/22/177 1631/22/177 1633/22/177 1634/22/177
f 1636/22/177 1635/22/177 1637/22/177 1708/22/177
f 1643/22/177 1642/22/177 1644/22/177 1645/22/177
f 1648/22/177 1699/22/177 1647/22/177 1646/22/177
f 1654/22/177 1653/22/177 1655/22/177 1656/22/177
f 1658/22/177 1657/22/177 1659/22/177 1690/22/177
f 1665/22/177 1664/22/177 1666/22/177 1667/22/177
f 1669/22/177 1676/22/177 1670/22/177 1668/22/177
f 1786/22/178 1788/22/178 1787/22/178 1785/22/178
f 1790/22/178 1942/22/178 1791/22/178 1789/22/178
f 1797/22/178 1799/22/178 1798/22/178 1796/22/178
f 1802/22/178 1800/22/178 1801/22/178 1933/22/178
f 1808/22/178 1810/22/178 1809/22/178 1807/22/178
f 1812/22/178 1924/22/178 1813/22/178 1811/22/178
f 1819/22/178 1821/22/178 1820/22/178 1818/22/178
f 1823/22/178 1915/22/178 1824/22/178 1822/22/178
f 1830/22/178 1832/22/178 1831/22/178 1829/22/178
f 1834/22/178 1906/22/178 1835/22/178 1833/22/178
f 1841/22/178 1843/22/178 1842/22/178 1840/22/178
f 1846/22/178 1844/22/178 1845/22/178 1897/22/178
f 1852/22/178 1854/22/178 1853/22/178 1851/22/178
f 1856/22/178 1888/22/178 1857/22/178 1855/22/178
f 1863/22/178 1865/22/178 1864/22/178 1862/22/178
f 1867/22/178 1866/22/178 1868/22/178 1874/22/178
f 1587/22/197 1588/22/197 1786/22/197 1785/22/197
f 1984/22/177 1983/22/177 1985/22/177 1986/22/177
f 1988/22/177 1987/22/177 1989/22/177 2140/22/177
f 1995/22/177 1994/22/177 1996/22/177 1997/22/177
f 2000/22/177 2131/22/177 1999/22/177 1998/22/177
f 2006/22/177 2005/22/177 2007/22/177 2008/22/177
f 2010/22/177 2009/22/177 2011/22/177 2122/22/177
f 2017/22/177 2016/22/177 2018/22/177 2019/22/177
f 2021/22/177 2020/22/177 2022/22/177 2113/22/177
f 2028/22/177 2027/22/177 2029/22/177 2030/22/177
f 2032/22/177 2031/22/177 2033/22/177 2104/22/177
f 2039/22/177 2038/22/177 2040/22/177 2041/22/177
f 2044/22/177 2095/22/177 2043/22/177 2042/22/177
f 2050/22/177 2049/22/177 2051/22/177 2052/22/177
f 2054/22/177 2053/22/177 2055/22/177 2086/22/177
f 2061/22/177 2060/22/177 2062/22/177 2063/22/177
f 2065/22/177 2072/22/177 2066/22/177 2064/22/177
f 2182/22/178 2184/22/178 2183/22/178 2181/22/178
f 2186/22/178 2338/22/178 2187/22/178 2185/22/178
f 2193/22/178 2195/22/178 2194/22/178 2192/22/178
f 2198/22/178 2196/22/178 2197/22/178 2329/22/178
f 2204/22/178 2206/22/178 2205/22/178 2203/22/178
f 2208/22/178 2320/22/178 2209/22/178 2207/22/178
f 2215/22/178 2217/22/178 2216/22/178 2214/22/178
f 2219/22/178 2311/22/178 2220/22/178 2218/22/178
f 2226/22/178 2228/22/178 2227/22/178 2225/22/178
f 2230/22/178 2302/22/178 2231/22/178 2229/22/178
f 2237/22/178 2239/22/178 2238/22/178 2236/22/178
f 2242/22/178 2240/22/178 2241/22/178 2293/22/178
f 2248/22/178 2250/22/178 2249/22/178 2247/22/178
f 2252/22/178 2284/22/178 2253/22/178 2251/22/178
f 2259/22/178 2261/22/178 2260/22/178 2258/22/178
f 2263/22/178 2262/22/178 2264/22/178 2270/22/178
f 1983/22/265 1984/22/265 2182/22/265 2181/22/265
f 2574/22/532 2576/22/534 2575/22/535 2573/22/532
f 2582/22/539 2577/22/537 2728/22/536 2583/22/543
f 2586/22/545 2584/22/542 2585/22/544 2587/22/546
f 2719/22/549 2594/22/555 2593/22/552 2588/22/548
f 2596/22/556 2598/22/557 2597/22/558 2595/22/553
f 2604/22/563 2599/22/561 2710/22/560 2605/22/567
f 2607/22/568 2609/22/569 2608/22/570 2606/22/565
f 2615/22/575 2610/22/572 2701/22/571 2616/22/577
f 2618/22/578 2620/22/579 2619/22/580 2617/22/576
f 2626/22/585 2621/22/582 2692/22/581 2627/22/587
f 2630/22/589 2628/22/586 2629/22/588 2631/22/590
f 2683/22/592 2638/22/597 2637/22/595 2632/22/591
f 2640/22/598 2642/22/599 2641/22/600 2639/22/596
f 2648/22/605 2643/22/602 2674/22/601 2649/22/607
f 2652/22/609 2650/22/606 2651/22/608 2654/22/610
f 2658/22/614 2653/22/611 2660/22/612 2659/22/615
f 3034/22/857 3036/22/858 3035/22/859 3033/22/855
f 3042/22/864 3037/22/862 3188/22/861 3043/22/868
f 3046/22/870 3044/22/867 3045/22/869 3047/22/871
f 3179/22/874 3054/22/880 3053/22/877 3048/22/873
f 3056/22/881 3058/22/882 3057/22/883 3055/22/878
f 3064/22/888 3059/22/886 3170/22/885 3065/22/890
f 3067/22/891 3069/22/893 3068/22/894 3066/22/892
f 3075/22/898 3070/22/897 3161/22/896 3076/22/900
f 3078/22/901 3080/22/903 3079/22/904 3077/22/902
f 3086/22/908 3081/22/907 3152/22/906 3087/22/910
f 3090/22/913 3088/22/912 3089/22/911 3091/22/914
f 3143/22/917 3098/22/920 3097/22/919 3092/22/916
f 3100/22/921 3102/22/923 3101/22/924 3099/22/922
f 3108/22/928 3103/22/927 3134/22/926 3109/22/930
f 3112/22/933 3110/22/932 3111/22/931 3114/22/934
f 3118/22/938 3113/22/936 3120/22/937 3119/22/940
f 3424/22/1229 3426/22/1230 3425/22/1231 3423/22/1227
f 3432/22/1236 3427/22/1234 3578/22/1233 3433/22/1240
f 3436/22/1242 3434/22/1239 3435/22/1241 3437/22/1243
f 3569/22/1246 3444/22/1252 3443/22/1249 3438/22/1245
f 3446/22/1253 3448/22/1254 3447/22/1255 3445/22/1250
f 3454/22/1260 3449/22/1258 3560/22/1257 3455/22/1264
f 3457/22/1265 3459/22/1266 3458/22/1267 3456/22/1262
f 3465/22/1272 3460/22/1269 3551/22/1268 3466/22/1274
f 3468/22/1275 3470/22/1276 3469/22/1277 3467/22/1273
f 3476/22/1282 3471/22/1279 3542/22/1278 3477/22/1284
f 3480/22/1286 3478/22/1283 3479/22/1285 3481/22/1287
f 3533/22/1289 3488/22/1294 3487/22/1292 3482/22/1288
f 3490/22/1295 3492/22/1296 3491/22/1297 3489/22/1293
f 3498/22/1302 3493/22/1299 3524/22/1298 3499/22/1304
f 3502/22/1306 3500/22/1303 3501/22/1305 3504/22/1307
f 3508/22/1311 3503/22/1311 3510/22/1312 3509/22/1313
f 3884/22/1568 3886/22/1569 3885/22/1570 3883/22/1566
f 3892/22/1575 3887/22/1573 4038/22/1572 3893/22/1579
f 3896/22/1581 3894/22/1578 3895/22/1580 3897/22/1582
f 4029/22/1585 3904/22/1591 3903/22/1588 3898/22/1584
f 3906/22/1592 3908/22/1593 3907/22/1594 3905/22/1589
f 3914/22/1599 3909/22/1597 4020/22/1596 3915/22/1601
f 3917/22/1602 3919/22/1604 3918/22/1605 3916/22/1603
f 3925/22/1609 3920/22/1608 4011/22/1607 3926/22/1611
f 3928/22/1612 3930/22/1614 3929/22/1615 3927/22/1613
f 3936/22/1619 3931/22/1618 4002/22/1617 3937/22/1621
f 3940/22/1624 3938/22/1623 3939/22/1622 3941/22/1625
f 3993/22/1628 3948/22/1631 3947/22/1630 3942/22/1627
f 3950/22/1632 3952/22/1634 3951/22/1635 3949/22/1633
f 3958/22/1639 3953/22/1638 3984/22/1637 3959/22/1641
f 3962/22/1644 3960/22/1643 3961/22/1642 3964/22/1645
f 3968/22/1649 3963/22/1647 3970/22/1648 3969/22/1651
f 4080/22/177 4079/22/177 4081/22/177 4082/22/177
f 4084/22/177 4083/22/177 4085/22/177 4236/22/177
f 4091/22/177 4090/22/177 4092/22/177 4093/22/177
f 4096/22/177 4227/22/177 4095/22/177 4094/22/177
f 4102/22/177 4101/22/177 4103/22/177 4104/22/177
f 4106/22/177 4105/22/177 4107/22/177 4218/22/177
f 4113/22/177 4112/22/177 4114/22/177 4115/22/177
f 4117/22/177 4116/22/177 4118/22/177 4209/22/177
f 4124/22/177 4123/22/177 4125/22/177 4126/22/177
f 4128/22/177 4127/22/177 4129/22/177 4200/22/177
f 4135/22/177 4134/22/177 4136/22/177 4137/22/177
f 4140/22/177 4191/22/177 4139/22/177 4138/22/177
f 4146/22/177 4145/22/177 4147/22/177 4148/22/177
f 4150/22/177 4149/22/177 4151/22/177 4182/22/177
f 4157/22/177 4156/22/177 4158/22/177 4159/22/177
f 4161/22/177 4168/22/177 4162/22/177 4160/22/177
f 4278/22/178 4280/22/178 4279/22/178 4277/22/178
f 4282/22/178 4434/22/178 4283/22/178 4281/22/178
f 4289/22/178 4291/22/178 4290/22/178 4288/22/178
f 4294/22/178 4292/22/178 4293/22/178 4425/22/178
f 4300/22/178 4302/22/178 4301/22/178 4299/22/178
f 4304/22/178 4416/22/178 4305/22/178 4303/22/178
f 4311/22/178 4313/22/178 4312/22/178 4310/22/178
f 4315/22/178 4407/22/178 4316/22/178 4314/22/178
f 4322/22/178 4324/22/178 4323/22/178 4321/22/178
f 4326/22/178 4398/22/178 4327/22/178 4325/22/178
f 4333/22/178 4335/22/178 4334/22/178 4332/22/178
f 4338/22/178 4336/22/178 4337/22/178 4389/22/178
f 4344/22/178 4346/22/178 4345/22/178 4343/22/178
f 4348/22/178 4380/22/178 4349/22/178 4347/22/178
f 4355/22/178 4357/22/178 4356/22/178 4354/22/178
f 4359/22/178 4358/22/178 4360/22/178 4366/22/178
f 4079/22/477 4080/22/477 4278/22/477 4277/22/477
f 4476/22/177 4475/22/177 4477/22/177 4478/22/177
f 4480/22/177 4479/22/177 4481/22/177 4632/22/177
f 4487/22/177 4486/22/177 4488/22/177 4489/22/177
f 4492/22/177 4623/22/177 4491/22/177 4490/22/177
f 4498/22/177 4497/22/177 4499/22/177 4500/22/177
f 4502/22/177 4501/22/177 4503/22/177 4614/22/177
f 4509/22/177 4508/22/177 4510/22/177 4511/22/177
f 4513/22/177 4512/22/177 4514/22/177 4605/22/177
f 4520/22/177 4519/22/177 4521/22/177 4522/22/177
f 4524/22/177 4523/22/177 4525/22/177 4596/22/177
f 4531/22/177 4530/22/177 4532/22/177 4533/22/177
f 4536/22/177 4587/22/177 4535/22/177 4534/22/177
f 4542/22/177 4541/22/177 4543/22/177 4544/22/177
f 4546/22/177 4545/22/177 4547/22/177 4578/22/177
f 4553/22/177 4552/22/177 4554/22/177 4555/22/177
f 4557/22/177 4564/22/177 4558/22/177 4556/22/177
f 4674/22/178 4676/22/178 4675/22/178 4673/22/178
f 4678/22/178 4830/22/178 4679/22/178 4677/22/178
f 4685/22/178 4687/22/178 4686/22/178 4684/22/178
f 4690/22/178 4688/22/178 4689/22/178 4821/22/178
f 4696/22/178 4698/22/178 4697/22/178 4695/22/178
f 4700/22/178 4812/22/178 4701/22/178 4699/22/178
f 4707/22/178 4709/22/178 4708/22/178 4706/22/178
f 4711/22/178 4803/22/178 4712/22/178 4710/22/178
f 4718/22/178 4720/22/178 4719/22/178 4717/22/178
f 4722/22/178 4794/22/178 4723/22/178 4721/22/178
f 4729/22/178 4731/22/178 4730/22/178 4728/22/178
f 4734/22/178 4732/22/178 4733/22/178 4785/22/178
f 4740/22/178 4742/22/178 4741/22/178 4739/22/178
f 4744/22/178 4776/22/178 4745/22/178 4743/22/178
f 4751/22/178 4753/22/178 4752/22/178 4750/22/178
f 4755/22/178 4754/22/178 4756/22/178 4762/22/178
f 4475/22/233 4476/22/233 4674/22/233 4673/22/233
usemtl Slats
f 2439/22/314 2483/22/314 2557/22/314 2559/22/314
f 2448/22/315 2449/22/316 2539/22/316 2540/22/317
f 2413/22/318 2411/22/318 2511/22/318 2509/22/318
f 2426/22/319 2428/22/319 2524/22/319 2521/22/319
f 2483/22/320 2484/22/321 2558/22/322 2557/22/322
f 2414/22/323 2413/22/324 2509/22/325 2510/22/325
f 2453/22/326 2469/22/327 2529/22/328 2531/22/326
f 2482/22/329 2440/22/329 2556/22/329 2554/22/329
f 2400/22/330 2398/22/331 2494/22/332 2496/22/330
f 2450/22/333 2451/22/334 2535/22/334 2536/22/335
f 2469/22/327 2470/22/379 2530/22/427 2529/22/328
f 2412/22/385 2407/22/384 2507/22/431 2508/22/431
f 2423/22/434 2425/22/434 2522/22/434 2523/22/434
f 2441/22/439 2481/22/439 2553/22/439 2555/22/439
f 2397/22/441 2395/22/442 2495/22/443 2493/22/441
f 2452/22/445 2453/22/446 2531/22/446 2532/22/447
f 2410/22/451 2412/22/451 2508/22/451 2505/22/451
f 2425/22/454 2426/22/454 2521/22/454 2522/22/454
f 2481/22/392 2482/22/391 2554/22/458 2553/22/458
f 2398/22/331 2397/22/394 2493/22/334 2494/22/332
f 2492/22/177 2491/22/177 2490/22/177 2489/22/177
f 2495/22/177 2496/22/177 2494/22/177 2493/22/177
f 2500/22/177 2499/22/177 2498/22/177 2497/22/177
f 2503/22/177 2504/22/177 2502/22/177 2501/22/177
f 2505/22/177 2508/22/177 2507/22/177 2506/22/177
f 2510/22/177 2509/22/177 2511/22/177 2512/22/177
f 2516/22/177 2515/22/177 2514/22/177 2513/22/177
f 2519/22/177 2520/22/177 2518/22/177 2517/22/177
f 2522/22/177 2521/22/177 2524/22/177 2523/22/177
f 2528/22/177 2526/22/177 2525/22/177 2527/22/177
f 2532/22/177 2531/22/177 2529/22/177 2530/22/177
f 2533/22/177 2534/22/177 2536/22/177 2535/22/177
f 2540/22/177 2539/22/177 2537/22/177 2538/22/177
f 2541/22/177 2542/22/177 2544/22/177 2543/22/177
f 2546/22/177 2548/22/177 2547/22/177 2545/22/177
f 2552/22/177 2551/22/177 2549/22/177 2550/22/177
f 2556/22/177 2555/22/177 2553/22/177 2554/22/177
f 2557/22/177 2558/22/177 2560/22/177 2559/22/177
f 2561/22/177 2562/22/177 2564/22/177 2563/22/177
f 2566/22/177 2568/22/177 2567/22/177 2565/22/177
f 2470/22/462 2452/22/445 2532/22/447 2530/22/462
f 2428/22/365 2423/22/364 2523/22/463 2524/22/463
f 2395/22/442 2400/22/464 2496/22/464 2495/22/443
f 2471/22/359 2472/22/358 2534/22/464 2533/22/443
f 2416/22/465 2414/22/465 2510/22/465 2512/22/465
f 2446/22/466 2447/22/466 2543/22/466 2544/22/466
f 2484/22/467 2438/22/467 2560/22/467 2558/22/467
f 2451/22/468 2471/22/359 2533/22/443 2535/22/468
f 2430/22/347 2429/22/346 2525/22/469 2526/22/469
f 2401/22/470 2402/22/471 2497/22/471 2498/22/472
f 2485/22/344 2486/22/343 2562/22/473 2561/22/473
f 2429/22/474 2427/22/474 2527/22/474 2525/22/474
f 2444/22/431 2445/22/431 2547/22/431 2548/22/431
f 2399/22/475 2401/22/470 2498/22/472 2499/22/475
f 2437/22/434 2485/22/434 2561/22/434 2563/22/434
f 2472/22/330 2450/22/333 2536/22/335 2534/22/330
f 2431/22/476 2430/22/476 2526/22/477 2528/22/477
f 2411/22/478 2416/22/478 2512/22/478 2511/22/478
f 2473/22/479 2474/22/480 2538/22/471 2537/22/472
f 2442/22/325 2443/22/325 2551/22/325 2552/22/325
f 2486/22/319 2436/22/319 2564/22/319 2562/22/319
f 2449/22/475 2473/22/479 2537/22/472 2539/22/475
f 2427/22/481 2431/22/481 2528/22/481 2527/22/481
f 2417/22/482 2418/22/482 2513/22/482 2514/22/482
f 2402/22/483 2404/22/484 2500/22/317 2497/22/483
f 2487/22/485 2488/22/486 2566/22/487 2565/22/487
f 2415/22/439 2417/22/439 2514/22/439 2515/22/439
f 2440/22/488 2441/22/488 2555/22/488 2556/22/488
f 2404/22/484 2399/22/489 2499/22/316 2500/22/317
f 2435/22/474 2487/22/474 2565/22/474 2567/22/474
f 2474/22/483 2448/22/315 2540/22/317 2538/22/483
f 2488/22/476 2434/22/476 2568/22/477 2566/22/477
f 2475/22/490 2476/22/491 2542/22/492 2541/22/493
f 2438/22/494 2439/22/494 2559/22/494 2560/22/494
f 2406/22/460 2405/22/459 2501/22/466 2502/22/466
f 2447/22/495 2475/22/490 2541/22/493 2543/22/495
f 2418/22/329 2420/22/329 2516/22/329 2513/22/329
f 2405/22/495 2403/22/496 2503/22/493 2501/22/495
f 2420/22/449 2415/22/448 2515/22/497 2516/22/497
f 2436/22/498 2437/22/498 2563/22/498 2564/22/498
f 2476/22/499 2446/22/499 2544/22/499 2542/22/499
f 2408/22/499 2406/22/499 2502/22/499 2504/22/499
f 2477/22/436 2478/22/435 2546/22/500 2545/22/500
f 2422/22/429 2421/22/428 2517/22/501 2518/22/501
f 2434/22/502 2435/22/502 2567/22/502 2568/22/502
f 2393/22/503 2394/22/427 2489/22/427 2490/22/328
f 2445/22/504 2477/22/504 2545/22/504 2547/22/504
f 2421/22/314 2419/22/314 2519/22/314 2517/22/314
f 2392/22/326 2393/22/503 2490/22/328 2491/22/326
f 2403/22/496 2408/22/492 2504/22/492 2503/22/493
f 2478/22/451 2444/22/451 2548/22/451 2546/22/451
f 2424/22/505 2422/22/505 2518/22/505 2520/22/505
f 2479/22/413 2480/22/412 2550/22/478 2549/22/478
f 2409/22/500 2410/22/500 2505/22/500 2506/22/500
f 2394/22/462 2396/22/405 2492/22/447 2489/22/462
f 2443/22/506 2479/22/506 2549/22/506 2551/22/506
f 2419/22/507 2424/22/507 2520/22/507 2519/22/507
f 2407/22/504 2409/22/504 2506/22/504 2507/22/504
f 2396/22/405 2392/22/404 2491/22/446 2492/22/447
f 2480/22/465 2442/22/465 2552/22/465 2550/22/465
f 2835/22/715 2868/22/715 2935/22/715 2937/22/715
f 2814/22/716 2813/22/716 2911/22/716 2912/22/716
f 2868/22/717 2869/22/717 2936/22/717 2935/22/717
f 2784/22/718 2782/22/495 2880/22/495 2882/22/493
f 2799/22/719 2800/22/719 2898/22/719 2897/22/719
f 2810/22/720 2812/22/720 2910/22/720 2907/22/720
f 2867/22/721 2836/22/721 2934/22/721 2932/22/721
f 2797/22/722 2799/22/722 2897/22/722 2895/22/722
f 2826/22/723 2827/22/723 2953/22/723 2954/22/723
f 2812/22/724 2811/22/724 2909/22/724 2910/22/724
f 2877/22/178 2876/22/178 3026/22/178 3027/22/178
f 2863/22/178 2862/22/178 3012/22/178 3013/22/178
f 2819/22/178 2820/22/178 2988/22/178 2987/22/178
f 2875/22/178 2874/22/178 3024/22/178 3025/22/178
f 2805/22/178 2806/22/178 2982/22/178 2981/22/178
f 2861/22/178 2860/22/178 3010/22/178 3011/22/178
f 2803/22/178 2804/22/178 2980/22/178 2979/22/178
f 2873/22/178 2872/22/178 3022/22/178 3023/22/178
f 2789/22/178 2790/22/178 2974/22/178 2973/22/178
f 2787/22/178 2788/22/178 2972/22/178 2971/22/178
f 2871/22/178 2870/22/178 3020/22/178 3021/22/178
f 2837/22/722 2866/22/722 2931/22/722 2933/22/722
f 2798/22/725 2797/22/725 2895/22/725 2896/22/725
f 2866/22/719 2867/22/719 2932/22/719 2931/22/719
f 2783/22/492 2784/22/718 2882/22/493 2881/22/492
f 2794/22/726 2796/22/326 2894/22/326 2891/22/328
f 2828/22/727 2829/22/727 2949/22/727 2950/22/727
f 2813/22/178 2814/22/178 2986/22/178 2985/22/178
f 2811/22/728 2809/22/728 2908/22/728 2909/22/728
f 2865/22/729 2838/22/326 2930/22/326 2928/22/328
f 2809/22/730 2810/22/730 2907/22/730 2908/22/730
f 2869/22/178 2868/22/178 3018/22/178 3019/22/178
f 2879/22/178 2881/22/178 2882/22/178 2880/22/178
f 2886/22/178 2885/22/178 2884/22/178 2883/22/178
f 2887/22/178 2889/22/178 2890/22/178 2888/22/178
f 2894/22/178 2893/22/178 2892/22/178 2891/22/178
f 2896/22/178 2895/22/178 2897/22/178 2898/22/178
f 2899/22/178 2902/22/178 2901/22/178 2900/22/178
f 2903/22/178 2905/22/178 2906/22/178 2904/22/178
f 2910/22/178 2909/22/178 2908/22/178 2907/22/178
f 2912/22/178 2911/22/178 2913/22/178 2914/22/178
f 2916/22/178 2915/22/178 2918/22/178 2917/22/178
f 2922/22/178 2921/22/178 2919/22/178 2920/22/178
f 2925/22/178 2923/22/178 2924/22/178 2926/22/178
f 2930/22/178 2929/22/178 2927/22/178 2928/22/178
f 2934/22/178 2933/22/178 2931/22/178 2932/22/178
f 2936/22/178 2938/22/178 2937/22/178 2935/22/178
f 2941/22/178 2939/22/178 2940/22/178 2942/22/178
f 2946/22/178 2945/22/178 2943/22/178 2944/22/178
f 2950/22/178 2949/22/178 2947/22/178 2948/22/178
f 2951/22/178 2952/22/178 2954/22/178 2953/22/178
f 2813/22/731 2815/22/731 2913/22/731 2911/22/731
f 2785/22/471 2786/22/732 2883/22/472 2884/22/471
f 2787/22/733 2785/22/483 2884/22/483 2885/22/317
f 2869/22/734 2834/22/734 2938/22/734 2936/22/734
f 2800/22/721 2798/22/721 2896/22/721 2898/22/721
f 2870/22/735 2871/22/735 2940/22/735 2939/22/735
f 2815/22/736 2816/22/736 2914/22/736 2913/22/736
f 2788/22/316 2787/22/733 2885/22/317 2886/22/316
f 2833/22/737 2870/22/737 2939/22/737 2941/22/737
f 2801/22/717 2802/22/717 2899/22/717 2900/22/717
f 2803/22/715 2801/22/715 2900/22/715 2901/22/715
f 2786/22/732 2788/22/738 2886/22/738 2883/22/472
f 2871/22/739 2832/22/739 2942/22/739 2940/22/739
f 2816/22/740 2814/22/740 2912/22/740 2914/22/740
f 2842/22/316 2843/22/741 2921/22/742 2922/22/316
f 2790/22/334 2789/22/743 2887/22/335 2888/22/334
f 2872/22/744 2873/22/744 2944/22/744 2943/22/744
f 2817/22/745 2818/22/745 2915/22/745 2916/22/745
f 2804/22/746 2803/22/746 2901/22/746 2902/22/746
f 2789/22/743 2791/22/330 2889/22/330 2887/22/335
f 2831/22/728 2872/22/728 2943/22/728 2945/22/728
f 2840/22/334 2841/22/747 2925/22/335 2926/22/334
f 2860/22/471 2861/22/748 2920/22/472 2919/22/471
f 2819/22/749 2817/22/749 2916/22/749 2917/22/749
f 2802/22/750 2804/22/750 2902/22/750 2899/22/750
f 2791/22/464 2792/22/751 2890/22/443 2889/22/464
f 2873/22/720 2830/22/720 2946/22/720 2944/22/720
f 2843/22/741 2860/22/483 2919/22/483 2921/22/742
f 2806/22/752 2805/22/752 2903/22/752 2904/22/752
f 2838/22/446 2839/22/753 2929/22/447 2930/22/446
f 2874/22/754 2875/22/754 2948/22/754 2947/22/754
f 2820/22/755 2819/22/755 2917/22/755 2918/22/755
f 2805/22/737 2807/22/737 2905/22/737 2903/22/737
f 2829/22/731 2874/22/731 2947/22/731 2949/22/731
f 2861/22/748 2842/22/738 2922/22/738 2920/22/472
f 2836/22/725 2837/22/725 2933/22/725 2934/22/725
f 2862/22/464 2863/22/756 2924/22/443 2923/22/464
f 2818/22/757 2820/22/757 2918/22/757 2915/22/757
f 2807/22/735 2808/22/735 2906/22/735 2905/22/735
f 2792/22/751 2790/22/758 2888/22/758 2890/22/443
f 2875/22/740 2828/22/740 2950/22/740 2948/22/740
f 2841/22/747 2862/22/330 2923/22/330 2925/22/335
f 2834/22/746 2835/22/746 2937/22/746 2938/22/746
f 2876/22/759 2877/22/759 2952/22/759 2951/22/759
f 2793/22/427 2794/22/726 2891/22/328 2892/22/427
f 2827/22/749 2876/22/749 2951/22/749 2953/22/749
f 2863/22/756 2840/22/758 2926/22/758 2924/22/443
f 2832/22/752 2833/22/752 2941/22/752 2942/22/752
f 2795/22/760 2793/22/462 2892/22/462 2893/22/761
f 2864/22/427 2865/22/729 2928/22/328 2927/22/427
f 2808/22/739 2806/22/739 2904/22/739 2906/22/739
f 2877/22/757 2826/22/757 2954/22/757 2952/22/757
f 2782/22/466 2781/22/466 2879/22/466 2880/22/466
f 2839/22/753 2864/22/462 2927/22/462 2929/22/447
f 2830/22/762 2831/22/762 2945/22/762 2946/22/762
f 2796/22/446 2795/22/760 2893/22/761 2894/22/446
f 2781/22/499 2783/22/499 2881/22/499 2879/22/499
f 2811/22/178 2812/22/178 2984/22/178 2983/22/178
f 2797/22/178 2798/22/178 2978/22/178 2977/22/178
f 2867/22/178 2866/22/178 3016/22/178 3017/22/178
f 2795/22/178 2796/22/178 2976/22/178 2975/22/178
f 2781/22/178 2782/22/178 2970/22/178 2969/22/178
f 2865/22/178 2864/22/178 3014/22/178 3015/22/178
f 3289/22/720 3333/22/720 3407/22/720 3409/22/720
f 3298/22/1049 3299/22/1050 3389/22/1051 3390/22/1049
f 3263/22/734 3261/22/734 3361/22/734 3359/22/734
f 3276/22/749 3278/22/749 3374/22/749 3371/22/749
f 3333/22/1052 3334/22/1053 3408/22/1054 3407/22/1054
f 3264/22/1055 3263/22/1056 3359/22/1057 3360/22/1057
f 3303/22/1058 3319/22/495 3379/22/495 3381/22/1059
f 3332/22/728 3290/22/728 3406/22/728 3404/22/728
f 3250/22/1060 3248/22/330 3344/22/330 3346/22/1061
f 3300/22/1062 3301/22/1063 3385/22/1064 3386/22/1062
f 3319/22/1104 3320/22/1103 3380/22/1147 3379/22/1148
f 3262/22/1109 3257/22/1108 3357/22/1152 3358/22/1152
f 3273/22/740 3275/22/740 3372/22/740 3373/22/740
f 3291/22/739 3331/22/739 3403/22/739 3405/22/739
f 3247/22/1117 3245/22/738 3345/22/738 3343/22/1064
f 3302/22/1160 3303/22/1058 3381/22/1059 3382/22/1160
f 3260/22/715 3262/22/715 3358/22/715 3355/22/715
f 3275/22/1166 3276/22/1166 3371/22/1166 3372/22/1166
f 3331/22/1115 3332/22/1114 3404/22/1168 3403/22/1168
f 3248/22/1118 3247/22/1117 3343/22/1064 3344/22/1062
f 3342/22/178 3341/22/178 3340/22/178 3339/22/178
f 3345/22/178 3346/22/178 3344/22/178 3343/22/178
f 3350/22/178 3349/22/178 3348/22/178 3347/22/178
f 3353/22/178 3354/22/178 3352/22/178 3351/22/178
f 3355/22/178 3358/22/178 3357/22/178 3356/22/178
f 3360/22/178 3359/22/178 3361/22/178 3362/22/178
f 3366/22/178 3365/22/178 3364/22/178 3363/22/178
f 3369/22/178 3370/22/178 3368/22/178 3367/22/178
f 3372/22/178 3371/22/178 3374/22/178 3373/22/178
f 3378/22/178 3376/22/178 3375/22/178 3377/22/178
f 3382/22/178 3381/22/178 3379/22/178 3380/22/178
f 3383/22/178 3384/22/178 3386/22/178 3385/22/178
f 3390/22/178 3389/22/178 3387/22/178 3388/22/178
f 3391/22/178 3392/22/178 3394/22/178 3393/22/178
f 3396/22/178 3398/22/178 3397/22/178 3395/22/178
f 3402/22/178 3401/22/178 3399/22/178 3400/22/178
f 3406/22/178 3405/22/178 3403/22/178 3404/22/178
f 3407/22/178 3408/22/178 3410/22/178 3409/22/178
f 3411/22/178 3412/22/178 3414/22/178 3413/22/178
f 3416/22/178 3418/22/178 3417/22/178 3415/22/178
f 3320/22/1103 3302/22/483 3382/22/483 3380/22/1147
f 3278/22/1091 3273/22/1090 3373/22/1172 3374/22/1172
f 3245/22/1173 3250/22/1060 3346/22/1061 3345/22/1173
f 3321/22/1086 3322/22/1085 3384/22/1061 3383/22/1173
f 3266/22/737 3264/22/737 3360/22/737 3362/22/737
f 3296/22/1174 3297/22/1174 3393/22/1174 3394/22/1174
f 3334/22/1175 3288/22/1175 3410/22/1175 3408/22/1175
f 3301/22/1063 3321/22/475 3383/22/475 3385/22/1064
f 3280/22/1074 3279/22/1073 3375/22/1176 3376/22/1176
f 3251/22/1177 3252/22/1178 3347/22/1179 3348/22/1177
f 3335/22/1071 3336/22/1070 3412/22/1180 3411/22/1180
f 3279/22/757 3277/22/757 3377/22/757 3375/22/757
f 3294/22/1152 3295/22/1152 3397/22/1152 3398/22/1152
f 3249/22/1181 3251/22/758 3348/22/758 3349/22/1051
f 3287/22/740 3335/22/740 3411/22/740 3413/22/740
f 3322/22/1085 3300/22/330 3386/22/330 3384/22/1061
f 3281/22/1182 3280/22/1182 3376/22/233 3378/22/233
f 3261/22/1183 3266/22/1183 3362/22/1183 3361/22/1183
f 3323/22/1184 3324/22/1185 3388/22/1179 3387/22/1177
f 3292/22/1057 3293/22/1057 3401/22/1057 3402/22/1057
f 3336/22/749 3286/22/749 3414/22/749 3412/22/749
f 3299/22/1050 3323/22/468 3387/22/468 3389/22/1051
f 3277/22/1186 3281/22/1186 3378/22/1186 3377/22/1186
f 3267/22/1187 3268/22/1187 3363/22/1187 3364/22/1187
f 3252/22/1178 3254/22/462 3350/22/462 3347/22/1179
f 3337/22/1188 3338/22/1189 3416/22/1190 3415/22/1190
f 3265/22/739 3267/22/739 3364/22/739 3365/22/739
f 3290/22/1191 3291/22/1191 3405/22/1191 3406/22/1191
f 3254/22/1192 3249/22/1181 3349/22/1051 3350/22/1049
f 3285/22/757 3337/22/757 3415/22/757 3417/22/757
f 3324/22/1185 3298/22/462 3390/22/462 3388/22/1179
f 3338/22/1182 3284/22/1193 3418/22/233 3416/22/233
f 3325/22/1194 3326/22/1195 3392/22/1196 3391/22/1197
f 3288/22/1198 3289/22/1198 3409/22/1198 3410/22/1198
f 3256/22/1170 3255/22/1169 3351/22/1174 3352/22/1174
f 3297/22/326 3325/22/326 3391/22/326 3393/22/326
f 3268/22/728 3270/22/728 3366/22/728 3363/22/728
f 3255/22/326 3253/22/326 3353/22/326 3351/22/326
f 3270/22/1162 3265/22/1161 3365/22/1199 3366/22/1199
f 3286/22/1200 3287/22/1200 3413/22/1200 3414/22/1200
f 3326/22/1195 3296/22/722 3394/22/722 3392/22/1196
f 3258/22/1201 3256/22/722 3352/22/722 3354/22/1196
f 3327/22/1156 3328/22/1155 3396/22/1202 3395/22/1202
f 3272/22/1150 3271/22/1149 3367/22/1203 3368/22/1203
f 3284/22/1204 3285/22/1204 3417/22/1204 3418/22/1204
f 3243/22/1148 3244/22/1205 3339/22/1147 3340/22/1148
f 3295/22/721 3327/22/721 3395/22/721 3397/22/721
f 3271/22/720 3269/22/720 3369/22/720 3367/22/720
f 3242/22/1128 3243/22/495 3340/22/495 3341/22/1059
f 3253/22/1197 3258/22/1201 3354/22/1196 3353/22/1197
f 3328/22/715 3294/22/715 3398/22/715 3396/22/715
f 3274/22/1175 3272/22/1175 3368/22/1175 3370/22/1175
f 3329/22/1136 3330/22/1135 3400/22/1183 3399/22/1183
f 3259/22/1202 3260/22/1202 3355/22/1202 3356/22/1202
f 3244/22/1205 3246/22/483 3342/22/483 3339/22/1147
f 3293/22/734 3329/22/734 3399/22/734 3401/22/734
f 3269/22/1206 3274/22/1206 3370/22/1206 3369/22/1206
f 3257/22/721 3259/22/721 3356/22/721 3357/22/721
f 3246/22/1129 3242/22/1128 3341/22/1059 3342/22/1160
f 3330/22/737 3292/22/737 3402/22/737 3400/22/737
f 3685/22/451 3718/22/451 3785/22/451 3787/22/451
f 3664/22/1420 3663/22/1420 3761/22/1420 3762/22/1420
f 3718/22/1421 3719/22/1421 3786/22/1421 3785/22/1421
f 3634/22/326 3632/22/326 3730/22/326 3732/22/326
f 3649/22/1422 3650/22/1423 3748/22/1423 3747/22/1424
f 3660/22/314 3662/22/314 3760/22/314 3757/22/314
f 3717/22/504 3686/22/504 3784/22/504 3782/22/504
f 3647/22/499 3649/22/1422 3747/22/1424 3745/22/499
f 3676/22/1425 3677/22/1425 3803/22/1425 3804/22/1425
f 3662/22/1426 3661/22/1426 3759/22/1426 3760/22/1426
f 3727/22/178 3726/22/178 3876/22/178 3877/22/178
f 3713/22/178 3712/22/178 3862/22/178 3863/22/178
f 3669/22/178 3670/22/178 3838/22/178 3837/22/178
f 3725/22/178 3724/22/178 3874/22/178 3875/22/178
f 3655/22/178 3656/22/178 3832/22/178 3831/22/178
f 3711/22/178 3710/22/178 3860/22/178 3861/22/178
f 3653/22/178 3654/22/178 3830/22/178 3829/22/178
f 3723/22/178 3722/22/178 3872/22/178 3873/22/178
f 3639/22/178 3640/22/178 3824/22/178 3823/22/178
f 3637/22/178 3638/22/178 3822/22/178 3821/22/178
f 3721/22/178 3720/22/178 3870/22/178 3871/22/178
f 3687/22/499 3716/22/1427 3781/22/1424 3783/22/499
f 3648/22/1428 3647/22/1428 3745/22/1428 3746/22/1428
f 3716/22/1427 3717/22/1423 3782/22/1423 3781/22/1424
f 3633/22/1429 3634/22/1197 3732/22/1197 3731/22/1196
f 3644/22/495 3646/22/1430 3744/22/1059 3741/22/495
f 3678/22/1431 3679/22/1431 3799/22/1431 3800/22/1431
f 3663/22/178 3664/22/178 3836/22/178 3835/22/178
f 3661/22/329 3659/22/329 3758/22/329 3759/22/329
f 3715/22/495 3688/22/1432 3780/22/1059 3778/22/495
f 3659/22/1433 3660/22/1433 3757/22/1433 3758/22/1433
f 3719/22/178 3718/22/178 3868/22/178 3869/22/178
f 3729/22/177 3731/22/177 3732/22/177 3730/22/177
f 3736/22/177 3735/22/177 3734/22/177 3733/22/177
f 3737/22/177 3739/22/177 3740/22/177 3738/22/177
f 3744/22/177 3743/22/177 3742/22/177 3741/22/177
f 3746/22/177 3745/22/177 3747/22/177 3748/22/177
f 3749/22/177 3752/22/177 3751/22/177 3750/22/177
f 3753/22/177 3755/22/177 3756/22/177 3754/22/177
f 3760/22/177 3759/22/177 3758/22/177 3757/22/177
f 3762/22/177 3761/22/177 3763/22/177 3764/22/177
f 3766/22/177 3765/22/177 3768/22/177 3767/22/177
f 3772/22/177 3771/22/177 3769/22/177 3770/22/177
f 3775/22/177 3773/22/177 3774/22/177 3776/22/177
f 3780/22/177 3779/22/177 3777/22/177 3778/22/177
f 3784/22/177 3783/22/177 3781/22/177 3782/22/177
f 3786/22/177 3788/22/177 3787/22/177 3785/22/177
f 3791/22/177 3789/22/177 3790/22/177 3792/22/177
f 3796/22/177 3795/22/177 3793/22/177 3794/22/177
f 3800/22/177 3799/22/177 3797/22/177 3798/22/177
f 3801/22/177 3802/22/177 3804/22/177 3803/22/177
f 3663/22/505 3665/22/505 3763/22/505 3761/22/505
f 3635/22/1434 3636/22/1177 3733/22/1177 3734/22/1179
f 3637/22/462 3635/22/1434 3734/22/1179 3735/22/462
f 3719/22/506 3684/22/506 3788/22/506 3786/22/506
f 3650/22/504 3648/22/504 3746/22/504 3748/22/504
f 3720/22/1435 3721/22/1435 3790/22/1435 3789/22/1435
f 3665/22/1436 3666/22/1436 3764/22/1436 3763/22/1436
f 3638/22/1437 3637/22/1049 3735/22/1049 3736/22/1051
f 3683/22/465 3720/22/465 3789/22/465 3791/22/465
f 3651/22/1421 3652/22/1421 3749/22/1421 3750/22/1421
f 3653/22/451 3651/22/451 3750/22/451 3751/22/451
f 3636/22/468 3638/22/1437 3736/22/1051 3733/22/468
f 3721/22/439 3682/22/439 3792/22/439 3790/22/439
f 3666/22/434 3664/22/434 3762/22/434 3764/22/434
f 3692/22/1438 3693/22/1049 3771/22/1049 3772/22/1051
f 3640/22/1439 3639/22/1062 3737/22/1062 3738/22/1064
f 3722/22/1440 3723/22/1440 3794/22/1440 3793/22/1440
f 3667/22/1441 3668/22/1441 3765/22/1441 3766/22/1441
f 3654/22/1442 3653/22/1442 3751/22/1442 3752/22/1442
f 3639/22/330 3641/22/1443 3739/22/1061 3737/22/330
f 3681/22/329 3722/22/329 3793/22/329 3795/22/329
f 3690/22/1444 3691/22/1062 3775/22/1062 3776/22/1064
f 3710/22/1445 3711/22/1177 3770/22/1177 3769/22/1179
f 3669/22/319 3667/22/319 3766/22/319 3767/22/319
f 3652/22/506 3654/22/506 3752/22/506 3749/22/506
f 3641/22/1443 3642/22/1173 3740/22/1173 3739/22/1061
f 3723/22/314 3680/22/314 3796/22/314 3794/22/314
f 3693/22/462 3710/22/1445 3769/22/1179 3771/22/462
f 3656/22/1446 3655/22/1446 3753/22/1446 3754/22/1446
f 3688/22/1432 3689/22/1160 3779/22/1160 3780/22/1059
f 3724/22/1447 3725/22/1447 3798/22/1447 3797/22/1447
f 3670/22/1448 3669/22/1448 3767/22/1448 3768/22/1448
f 3655/22/465 3657/22/465 3755/22/465 3753/22/465
f 3679/22/467 3724/22/467 3797/22/467 3799/22/467
f 3711/22/758 3692/22/1438 3772/22/1051 3770/22/758
f 3686/22/1428 3687/22/1428 3783/22/1428 3784/22/1428
f 3712/22/1449 3713/22/1173 3774/22/1173 3773/22/1061
f 3668/22/474 3670/22/474 3768/22/474 3765/22/474
f 3657/22/1435 3658/22/1435 3756/22/1435 3755/22/1435
f 3642/22/475 3640/22/1439 3738/22/1064 3740/22/475
f 3725/22/434 3678/22/434 3800/22/434 3798/22/434
f 3691/22/330 3712/22/1449 3773/22/1061 3775/22/330
f 3684/22/1442 3685/22/1442 3787/22/1442 3788/22/1442
f 3726/22/1450 3727/22/1450 3802/22/1450 3801/22/1450
f 3643/22/1451 3644/22/1148 3741/22/1148 3742/22/1147
f 3677/22/319 3726/22/319 3801/22/319 3803/22/319
f 3713/22/475 3690/22/1444 3776/22/1064 3774/22/475
f 3682/22/1446 3683/22/1446 3791/22/1446 3792/22/1446
f 3645/22/483 3643/22/1451 3742/22/1147 3743/22/483
f 3714/22/1452 3715/22/1148 3778/22/1148 3777/22/1147
f 3658/22/439 3656/22/439 3754/22/439 3756/22/439
f 3727/22/474 3676/22/474 3804/22/474 3802/22/474
f 3632/22/1174 3631/22/1174 3729/22/1174 3730/22/1174
f 3689/22/483 3714/22/1452 3777/22/1147 3779/22/483
f 3680/22/1453 3681/22/1453 3795/22/1453 3796/22/1453
f 3646/22/1430 3645/22/1160 3743/22/1160 3744/22/1059
f 3631/22/722 3633/22/1429 3731/22/1196 3729/22/722
f 3661/22/178 3662/22/178 3834/22/178 3833/22/178
f 3647/22/178 3648/22/178 3828/22/178 3827/22/178
f 3717/22/178 3716/22/178 3866/22/178 3867/22/178
f 3645/22/178 3646/22/178 3826/22/178 3825/22/178
f 3631/22/178 3632/22/178 3820/22/178 3819/22/178
f 3715/22/178 3714/22/178 3864/22/178 3865/22/178
